{"props": {"pageProps": {"username": "0xbf46bffa4d12d2dd9a998a9b8d0d1f6647720d84", "user": {"userIndex": 14549, "publicKey": "0xBf46BfFa4d12D2dD9a998a9b8D0d1f6647720d84", "username": "otostopcu", "profileImageUrl": "https://f8n-production.s3.amazonaws.com/creators/profile/8fya7hkme-edit-jpg-5ya7sm.jpg", "coverImageUrl": "https://f8n-production.s3.amazonaws.com/creators/profile/8al1tght3-cover-jpg-pud78x.jpg", "name": "Berk Tarakcioglu", "bio": "I am a 3D Illustrator and Designer from Istanbul. \nMy art revolves around blending ordinary feelings with extraordinary imagery.", "isApprovedCreator": true, "moderationStatus": "ACTIVE", "joinedWaitlistAt": null, "createdAt": "2021-03-13T17:03:31.970986", "migratedToUser": null, "isApprovedForMigrationAt": null, "firstName": null, "lastName": null, "isAdmin": false, "links": {"tiktok": {"handle": "", "platform": "tiktok"}, "twitch": {"handle": "", "platform": "twitch"}, "discord": {"handle": "Bergamot#0007", "platform": "discord"}, "twitter": {"handle": "Berkgasm", "platform": "twitter"}, "website": {"handle": "hotfixcreative.uk/", "platform": "website"}, "youtube": {"handle": "", "platform": "youtube"}, "facebook": {"handle": "", "platform": "facebook"}, "snapchat": {"handle": "", "platform": "snapchat"}, "instagram": {"handle": "otostopcu", "platform": "instagram"}}, "acceptedInvite": {"senderPublicKey": "0x0862aba79e2449DCFC91cD27A9fb14E905246069", "redeemerPublicKey": "0xBf46BfFa4d12D2dD9a998a9b8D0d1f6647720d84", "redeemedAt": "2021-03-18T20:29:55.149"}, "twitSocialVerifs": [{"id": "a4466421-4a50-433f-87da-f54162e1ac9c", "user": "0xBf46BfFa4d12D2dD9a998a9b8D0d1f6647720d84", "createdAt": "2021-03-16T18:37:17.04251", "updatedAt": "2021-03-16T18:37:19.140802", "lastCheckedAt": "2021-03-16T18:37:19.107", "socialVerificationURL": "https://twitter.com/Berkgasm/status/1371893315088564229", "verificationText": "I\u2019m on @withFND \ud83c\udf10\n\n0xBf46BfFa4d12D2dD9a998a9b8D0d1f6647720d84\n\nhttps://t.co/yTdjqefQjp", "userId": "84947145", "username": "Berkgasm", "isValid": true, "service": "TWITTER", "failedReason": null, "status": null}], "instaSocialVerifs": [{"id": "4ff94026-3407-49c7-be54-dc0795c133b0", "user": "0xBf46BfFa4d12D2dD9a998a9b8D0d1f6647720d84", "createdAt": "2021-04-20T11:47:49.923764", "updatedAt": "2021-04-20T11:47:49.923764", "lastCheckedAt": "2021-04-20T11:47:49.9", "socialVerificationURL": null, "verificationText": null, "userId": "17841401855037615", "username": "otostopcu", "isValid": true, "service": "INSTAGRAM", "failedReason": null, "status": null}]}, "profileExists": true, "collectors": [{"userIndex": 27744, "publicKey": "0xf3083c149FE40EE1dD90556A483CCE57A0B368bA", "username": "wy6403593", "profileImageUrl": "", "coverImageUrl": "", "name": "Dark Blues", "bio": "", "isApprovedCreator": false, "moderationStatus": "ACTIVE", "joinedWaitlistAt": null, "createdAt": "2021-03-26T08:40:14.137734", "migratedToUser": null, "isApprovedForMigrationAt": null, "follows": [], "highestBidAuctions": [{"endsAt": "2021-03-27T17:36:24"}], "highestBidAuctions_aggregate": {"aggregate": {"count": 1}}}], "createdCount": 0}, "__N_SSG": true}, "page": "/[username]", "query": {"username": "0xbf46bffa4d12d2dd9a998a9b8d0d1f6647720d84"}, "buildId": "fPHzAE9c9nph2AUK0K_6u", "isFallback": false, "dynamicIds": [33196, 55458, 54746], "gsp": true, "scriptLoader": []}