{"props": {"pageProps": {"username": "0xd8a5398c3807752829a059e8fd8a15a33ea40359", "user": {"userIndex": 42097, "publicKey": "0xD8a5398C3807752829a059e8Fd8a15a33Ea40359", "username": "EnjoyDenial", "profileImageUrl": "https://f8n-production.s3.amazonaws.com/creators/profile/yalriw8wa-me-gif-gif-aw63dj.gif", "coverImageUrl": "https://f8n-production.s3.amazonaws.com/creators/profile/4x7kw1szo-warning-gif-gif-rmbkus.gif", "name": "Daniel Bombardier", "bio": "Paint. Travel. Party. Repeat.", "isApprovedCreator": true, "moderationStatus": "ACTIVE", "joinedWaitlistAt": null, "createdAt": "2021-04-09T15:38:56.416623", "migratedToUser": null, "isApprovedForMigrationAt": null, "firstName": null, "lastName": null, "isAdmin": false, "links": {"tiktok": {"handle": "", "platform": "tiktok"}, "twitch": {"handle": "", "platform": "twitch"}, "discord": {"handle": "", "platform": "discord"}, "twitter": {"handle": "", "platform": "twitter"}, "website": {"handle": "www.enjoydenial.com", "platform": "website"}, "youtube": {"handle": "https://www.youtube.com/channel/UClAOE196THfU543iEceSt5g", "platform": "youtube"}, "facebook": {"handle": "EnjoyDenial", "platform": "facebook"}, "snapchat": {"handle": "", "platform": "snapchat"}, "instagram": {"handle": "denialart", "platform": "instagram"}}, "acceptedInvite": {"senderPublicKey": "0xc83e83677dD95618686aC9aF2cd48972F1B72c22", "redeemerPublicKey": "0xD8a5398C3807752829a059e8Fd8a15a33Ea40359", "redeemedAt": "2021-04-09T15:39:05.302"}, "twitSocialVerifs": [{"id": "24b5b914-0c32-42d5-bd7d-65294d1422a0", "user": "0xD8a5398C3807752829a059e8Fd8a15a33Ea40359", "createdAt": "2021-04-09T15:41:29.898255", "updatedAt": "2021-04-09T15:41:35.795674", "lastCheckedAt": "2021-04-09T15:41:35.778", "socialVerificationURL": "https://twitter.com/EnjoyDenial/status/1380546358000693255", "verificationText": "I\u2019m on @withFND \ud83c\udf10\n\n0xD8a5398C3807752829a059e8Fd8a15a33Ea40359\n\nhttps://t.co/hTmof5wC4C", "userId": "1034120879171661824", "username": "EnjoyDenial", "isValid": true, "service": "TWITTER", "failedReason": null, "status": null}], "instaSocialVerifs": [{"id": "4bb87940-01e0-4a75-8a3a-73dded5438ce", "user": "0xD8a5398C3807752829a059e8Fd8a15a33Ea40359", "createdAt": "2021-04-22T15:26:44.293675", "updatedAt": "2021-04-22T15:26:44.293675", "lastCheckedAt": "2021-04-22T15:26:44.267", "socialVerificationURL": null, "verificationText": null, "userId": "17841400505592909", "username": "enjoydenial", "isValid": true, "service": "INSTAGRAM", "failedReason": null, "status": null}]}, "profileExists": true, "collectors": [{"userIndex": 15381, "publicKey": "0x068565c1F5bDe10D4230A8157Da12a4C0A825613", "username": "Galloire", "profileImageUrl": "https://f8n-production.s3.amazonaws.com/creators/profile/p7gd28khi-g-only-logo-png-tglgs7.png", "coverImageUrl": "https://f8n-production.s3.amazonaws.com/creators/profile/3xhnoai9h-edubfinalhr4-test-jpg-cztbn7.jpg", "name": "Galloire", "bio": "Galloire is a leading contemporary art platform. Via our Galloire X programme,  our in-house studio collaborates with major artists to drop exclusive releases in the physical and digital realms.", "isApprovedCreator": true, "moderationStatus": "ACTIVE", "joinedWaitlistAt": "2021-05-01T09:32:28.431", "createdAt": "2021-03-03T13:16:43.63689", "migratedToUser": null, "isApprovedForMigrationAt": null, "follows": [], "highestBidAuctions": [{"endsAt": "2021-05-02T10:22:03"}], "highestBidAuctions_aggregate": {"aggregate": {"count": 1}}}, {"userIndex": 56833, "publicKey": "0x0764a96aa0478032d2A3EA69e5216a6b1e8249AE", "username": "ELK1", "profileImageUrl": "https://f8n-production.s3.amazonaws.com/creators/profile/bz5q50qjq-elk-logo-mono-png-817k65.png", "coverImageUrl": "https://f8n-production.s3.amazonaws.com/creators/profile/xlaxj1axp-dsc2745-jpg-sry58s.jpg", "name": "ELK", "bio": "Australian stencil artist, dog parent, looking for something casual.", "isApprovedCreator": false, "moderationStatus": "ACTIVE", "joinedWaitlistAt": "2021-05-09T11:22:25.607", "createdAt": "2021-04-28T07:39:19.023538", "migratedToUser": null, "isApprovedForMigrationAt": null, "follows": [], "highestBidAuctions": [{"endsAt": "2021-06-14T02:11:01"}], "highestBidAuctions_aggregate": {"aggregate": {"count": 1}}}, {"userIndex": 60824, "publicKey": "0x0d0Ec585E3B3C82010e2192c4176FafC9D33E528", "username": "elysiumtrader", "profileImageUrl": "https://f8n-production.s3.amazonaws.com/creators/profile/sf0eeejcl-brimstone-x-3-png-cq8ptc.png", "coverImageUrl": "https://f8n-production.s3.amazonaws.com/creators/profile/tldmp5t3c-chase-contemporary-png-7onr72.png", "name": "Ely Trader", "bio": "May the Force Be With You!!!", "isApprovedCreator": false, "moderationStatus": "ACTIVE", "joinedWaitlistAt": null, "createdAt": "2021-03-31T15:31:32.103399", "migratedToUser": null, "isApprovedForMigrationAt": null, "follows": [], "highestBidAuctions": [{"endsAt": "2021-05-10T18:56:30"}], "highestBidAuctions_aggregate": {"aggregate": {"count": 2}}}, {"userIndex": null, "publicKey": "0x0E91f1BF71D176052a127b6dD680B333b4284B89", "username": null, "profileImageUrl": null, "coverImageUrl": null, "name": null, "bio": null, "isApprovedCreator": false, "moderationStatus": "ACTIVE", "joinedWaitlistAt": null, "createdAt": "2021-02-28T15:33:09.913924", "migratedToUser": null, "isApprovedForMigrationAt": null, "follows": [], "highestBidAuctions": [{"endsAt": "2021-05-16T08:09:06"}], "highestBidAuctions_aggregate": {"aggregate": {"count": 1}}}, {"userIndex": 60513, "publicKey": "0x100f2f0A6f2495b37815d088F9ced99Ff3Ae223a", "username": "DEECE", "profileImageUrl": "https://f8n-production.s3.amazonaws.com/creators/profile/2e8m84sxb-ig-smokey-portraitartboard-3-png-vy19g9.png", "coverImageUrl": "https://f8n-production.s3.amazonaws.com/creators/profile/o30dfns8p-no-shame-banner-flickr-png-tciur0.png", "name": "DEECE", "bio": "I\u2019m a digital artist, blurring the line between the physical and digital world through combining existing and emerging mediums. My topics of interest circle around sex, technology, and pop culture.", "isApprovedCreator": false, "moderationStatus": "ACTIVE", "joinedWaitlistAt": "2021-05-03T16:15:33.384", "createdAt": "2021-04-20T15:53:38.606424", "migratedToUser": null, "isApprovedForMigrationAt": null, "follows": [], "highestBidAuctions": [{"endsAt": "2021-05-04T10:19:40"}], "highestBidAuctions_aggregate": {"aggregate": {"count": 1}}}, {"userIndex": 22824, "publicKey": "0x1E10E5F61e3B00A8F239caB4bA60a9425E9d45D9", "username": "couh", "profileImageUrl": "https://f8n-production.s3.amazonaws.com/creators/profile/izmnxdvbu-000020-jpeg-4vxg4q.jpeg", "coverImageUrl": "https://f8n-production.s3.amazonaws.com/creators/profile/z4irknzaj-000027-jpeg-ic4ca1.jpeg", "name": "couh", "bio": "oahu, hawaii\n\nhalf of \nnobody does everything", "isApprovedCreator": true, "moderationStatus": "ACTIVE", "joinedWaitlistAt": "2021-03-23T06:24:27.684", "createdAt": "2021-02-27T02:41:29.406817", "migratedToUser": null, "isApprovedForMigrationAt": null, "follows": [], "highestBidAuctions": [{"endsAt": "2021-05-11T04:52:18"}], "highestBidAuctions_aggregate": {"aggregate": {"count": 1}}}, {"userIndex": null, "publicKey": "0x2b3F9c0A2d0Ecd565CaF1A208727a7419506FA98", "username": null, "profileImageUrl": null, "coverImageUrl": null, "name": null, "bio": null, "isApprovedCreator": false, "moderationStatus": "ACTIVE", "joinedWaitlistAt": null, "createdAt": "2021-04-30T15:31:09.696003", "migratedToUser": null, "isApprovedForMigrationAt": null, "follows": [], "highestBidAuctions": [{"endsAt": "2021-05-01T02:20:04"}], "highestBidAuctions_aggregate": {"aggregate": {"count": 1}}}, {"userIndex": null, "publicKey": "0x44eB2C08D57d3766FA28ebCa58f83E8aF0e24e85", "username": null, "profileImageUrl": null, "coverImageUrl": null, "name": null, "bio": null, "isApprovedCreator": false, "moderationStatus": "ACTIVE", "joinedWaitlistAt": null, "createdAt": "2021-05-02T19:29:50.127955", "migratedToUser": null, "isApprovedForMigrationAt": null, "follows": [], "highestBidAuctions": [{"endsAt": "2021-05-04T16:07:54"}], "highestBidAuctions_aggregate": {"aggregate": {"count": 1}}}, {"userIndex": null, "publicKey": "0x840712AB6303602ed03e04c8550101D49a6FB125", "username": null, "profileImageUrl": null, "coverImageUrl": null, "name": null, "bio": null, "isApprovedCreator": false, "moderationStatus": "ACTIVE", "joinedWaitlistAt": null, "createdAt": "2021-02-10T21:35:39.286796", "migratedToUser": null, "isApprovedForMigrationAt": null, "follows": [], "highestBidAuctions": [{"endsAt": "2021-05-03T03:18:15"}], "highestBidAuctions_aggregate": {"aggregate": {"count": 1}}}, {"userIndex": null, "publicKey": "0x9baB7d4E2B2443667017A0FE4E18b662d10EdDa7", "username": null, "profileImageUrl": null, "coverImageUrl": null, "name": null, "bio": null, "isApprovedCreator": false, "moderationStatus": "ACTIVE", "joinedWaitlistAt": null, "createdAt": "2021-05-03T06:34:00.041703", "migratedToUser": null, "isApprovedForMigrationAt": null, "follows": [], "highestBidAuctions": [{"endsAt": "2021-05-04T09:45:58"}], "highestBidAuctions_aggregate": {"aggregate": {"count": 1}}}, {"userIndex": null, "publicKey": "0xAbBF83845eABb128587eeCBFE98C1A50a7057E1b", "username": null, "profileImageUrl": null, "coverImageUrl": null, "name": null, "bio": null, "isApprovedCreator": false, "moderationStatus": "ACTIVE", "joinedWaitlistAt": null, "createdAt": "2021-05-01T20:35:48.212204", "migratedToUser": null, "isApprovedForMigrationAt": null, "follows": [], "highestBidAuctions": [{"endsAt": "2021-05-02T02:58:01"}], "highestBidAuctions_aggregate": {"aggregate": {"count": 1}}}, {"userIndex": 20481, "publicKey": "0xc2521Db7fc8160ad24eEB34B2468aE86B318e9e1", "username": "dotstar", "profileImageUrl": "", "coverImageUrl": "", "name": "Dotstar", "bio": "NFT Evangelist", "isApprovedCreator": false, "moderationStatus": "ACTIVE", "joinedWaitlistAt": null, "createdAt": "2021-03-19T09:07:54.704146", "migratedToUser": null, "isApprovedForMigrationAt": null, "follows": [], "highestBidAuctions": [{"endsAt": "2021-05-06T07:09:30"}], "highestBidAuctions_aggregate": {"aggregate": {"count": 1}}}, {"userIndex": 59487, "publicKey": "0xd2cBc46C28D7C57f1695A4E8207120AF9667D43F", "username": "ReturnTheCoast", "profileImageUrl": "https://f8n-production.s3.amazonaws.com/creators/profile/n5t41tjv7-nasa-worm-logo-animated-jpg-7k6bfo.jpg", "coverImageUrl": "https://f8n-production.s3.amazonaws.com/creators/profile/ymlxl08th-desert-jpeg-v5mf96.jpeg", "name": "Kai", "bio": "Makes music. Likes art.", "isApprovedCreator": false, "moderationStatus": "ACTIVE", "joinedWaitlistAt": null, "createdAt": "2021-04-30T00:47:26.630542", "migratedToUser": null, "isApprovedForMigrationAt": null, "follows": [], "highestBidAuctions": [{"endsAt": "2021-05-05T04:35:54"}], "highestBidAuctions_aggregate": {"aggregate": {"count": 1}}}, {"userIndex": 43106, "publicKey": "0xF74323baDD0b59421Fc3ca1B374A38622a0fCcA3", "username": "hypnopizza", "profileImageUrl": "https://f8n-production.s3.amazonaws.com/creators/profile/iph8euyd0-xc-skant-jpg-small-jpg-5kzy9x.jpg", "coverImageUrl": "", "name": "HypnoPizza", "bio": "", "isApprovedCreator": true, "moderationStatus": "ACTIVE", "joinedWaitlistAt": null, "createdAt": "2021-04-10T17:59:58.61374", "migratedToUser": null, "isApprovedForMigrationAt": null, "follows": [], "highestBidAuctions": [{"endsAt": "2021-05-06T09:30:04"}], "highestBidAuctions_aggregate": {"aggregate": {"count": 2}}}, {"userIndex": 15095, "publicKey": "0xFB2337f4FeF5682283565A156AEC1d25d8c4AA31", "username": "arumakan", "profileImageUrl": "", "coverImageUrl": "", "name": "", "bio": "", "isApprovedCreator": false, "moderationStatus": "ACTIVE", "joinedWaitlistAt": null, "createdAt": "2021-03-14T02:33:22.96913", "migratedToUser": null, "isApprovedForMigrationAt": null, "follows": [], "highestBidAuctions": [{"endsAt": "2021-05-03T19:34:40"}], "highestBidAuctions_aggregate": {"aggregate": {"count": 1}}}], "createdCount": 0}, "__N_SSG": true}, "page": "/[username]", "query": {"username": "0xd8a5398c3807752829a059e8fd8a15a33ea40359"}, "buildId": "fPHzAE9c9nph2AUK0K_6u", "isFallback": false, "dynamicIds": [33196, 55458, 54746], "gsp": true, "scriptLoader": []}