{"props": {"pageProps": {"username": "0xb5df1ec0459fba603dd6c9117e1389b323076020", "user": {"userIndex": 81647, "publicKey": "0xb5DF1Ec0459fba603Dd6c9117E1389b323076020", "username": "hyperseas", "profileImageUrl": "https://f8n-production.s3.amazonaws.com/creators/profile/x5gsdvazk-pm-dawn-jpg-dprywe.jpg", "coverImageUrl": "https://f8n-production.s3.amazonaws.com/creators/profile/1z7gldfhb-when-someone-you-love-is-toxic-how-to-let-go-of-toxic-people-without-guilt-png-a34q1f.png", "name": "Sasha Gransjean", "bio": "Artst best known for:\n\nTrashy Selfies\n \nIs This Meme Art?\n\nViews", "isApprovedCreator": false, "moderationStatus": "ACTIVE", "joinedWaitlistAt": "2021-07-01T01:18:57.914", "createdAt": "2021-07-01T00:48:45.33968", "migratedToUser": null, "isApprovedForMigrationAt": null, "firstName": null, "lastName": null, "isAdmin": false, "links": {"tiktok": {"handle": "", "platform": "tiktok"}, "twitch": {"handle": "", "platform": "twitch"}, "discord": {"handle": "", "platform": "discord"}, "twitter": {"handle": "", "platform": "twitter"}, "website": {"handle": "", "platform": "website"}, "youtube": {"handle": "", "platform": "youtube"}, "facebook": {"handle": "", "platform": "facebook"}, "snapchat": {"handle": "", "platform": "snapchat"}, "instagram": {"handle": "", "platform": "instagram"}}, "acceptedInvite": null, "twitSocialVerifs": [{"id": "c57a5363-a1ce-409c-8fa7-d05d3dd6d388", "user": "0xb5DF1Ec0459fba603Dd6c9117E1389b323076020", "createdAt": "2021-07-01T01:27:01.019625", "updatedAt": "2021-07-01T01:27:04.539665", "lastCheckedAt": "2021-07-01T01:27:04.528", "socialVerificationURL": "https://twitter.com/hyperseas/status/1410409447109783555", "verificationText": "I\u2019m on @withFND \ud83c\udf10\n\n0xb5DF1Ec0459fba603Dd6c9117E1389b323076020\n\nhttps://t.co/a2QVWFSFid", "userId": "27369161", "username": "hyperseas", "isValid": true, "service": "TWITTER", "failedReason": null, "status": null}], "instaSocialVerifs": [{"id": "ab870636-cd6e-4619-848b-499349fd0c12", "user": "0xb5DF1Ec0459fba603Dd6c9117E1389b323076020", "createdAt": "2021-07-01T01:18:19.524581", "updatedAt": "2021-07-01T01:18:34.683421", "lastCheckedAt": "2021-07-01T01:18:19.461", "socialVerificationURL": null, "verificationText": null, "userId": "17841401502760619", "username": "_hyperseas", "isValid": true, "service": "INSTAGRAM", "failedReason": null, "status": null}]}, "profileExists": true, "collectors": [], "createdCount": 0}, "__N_SSG": true}, "page": "/[username]", "query": {"username": "0xb5df1ec0459fba603dd6c9117e1389b323076020"}, "buildId": "fPHzAE9c9nph2AUK0K_6u", "isFallback": false, "dynamicIds": [33196, 55458, 54746], "gsp": true, "scriptLoader": []}