{"props": {"pageProps": {"username": "0xf1365dd9a7396aa60ad9979a4a00acf2d05b9002", "user": {"userIndex": 4662, "publicKey": "0xF1365dD9A7396aA60aD9979a4A00aCF2D05b9002", "username": "Miky_4k", "profileImageUrl": "https://f8n-production.s3.amazonaws.com/creators/profile/1wpfoc6qa-astro-chaser-series-002b-jpg-zzvqoj.jpg", "coverImageUrl": "https://f8n-production.s3.amazonaws.com/creators/profile/hrnbrsqr0-top-inspired-001-jpg-rbto26.jpg", "name": "Miky.4K", "bio": "Miky.4K\n\ud83d\udcbb\ud83d\udcf1\ud83c\udfa5\ud83d\udcf8\ud83d\udcc3\u270f\ud83d\udd8c\n2D & 3D \u2022\nGraphic Designer \u2022\n3D Specialist \u2022\nVideomaker \u2022 Animation & Motion Graphics \u2022\nCreative \u2022", "isApprovedCreator": true, "moderationStatus": "ACTIVE", "joinedWaitlistAt": null, "createdAt": "2021-02-24T17:56:03.210203", "migratedToUser": null, "isApprovedForMigrationAt": null, "firstName": null, "lastName": null, "isAdmin": false, "links": {"tiktok": {"handle": "", "platform": "tiktok"}, "twitch": {"handle": "", "platform": "twitch"}, "discord": {"handle": "miky.4k#4621", "platform": "discord"}, "twitter": {"handle": "4kMiky", "platform": "twitter"}, "website": {"handle": "", "platform": "website"}, "youtube": {"handle": "", "platform": "youtube"}, "facebook": {"handle": "Miky.4K", "platform": "facebook"}, "snapchat": {"handle": "", "platform": "snapchat"}, "instagram": {"handle": "miky.4k", "platform": "instagram"}}, "acceptedInvite": {"senderPublicKey": "0x4C7B3a9e2FdD680AfEAe181719AFCcCaA893B0f8", "redeemerPublicKey": "0xF1365dD9A7396aA60aD9979a4A00aCF2D05b9002", "redeemedAt": "2021-04-09T10:24:20.865"}, "twitSocialVerifs": [{"id": "34c06549-2ddf-4d4f-8369-39f036b5cbb7", "user": "0xF1365dD9A7396aA60aD9979a4A00aCF2D05b9002", "createdAt": "2021-04-09T10:25:25.46058", "updatedAt": "2021-04-09T10:25:30.186933", "lastCheckedAt": "2021-04-09T10:25:30.163", "socialVerificationURL": "https://twitter.com/4kMiky/status/1380466801063104513", "verificationText": "I\u2019m on @withFND \ud83c\udf10\n\n0xF1365dD9A7396aA60aD9979a4A00aCF2D05b9002\n\nhttps://t.co/lQycRf1YGU", "userId": "1365288984709124099", "username": "4kMiky", "isValid": true, "service": "TWITTER", "failedReason": null, "status": null}], "instaSocialVerifs": [{"id": "77b3875f-2b27-4ab4-8120-5542d77eac3a", "user": "0xF1365dD9A7396aA60aD9979a4A00aCF2D05b9002", "createdAt": "2021-04-22T14:38:29.567815", "updatedAt": "2021-04-22T14:38:29.567815", "lastCheckedAt": "2021-04-22T14:38:29.565", "socialVerificationURL": null, "verificationText": null, "userId": "17841401839422747", "username": "michele1594", "isValid": true, "service": "INSTAGRAM", "failedReason": null, "status": null}]}, "profileExists": true, "collectors": [], "createdCount": 0}, "__N_SSG": true}, "page": "/[username]", "query": {"username": "0xf1365dd9a7396aa60ad9979a4a00acf2d05b9002"}, "buildId": "fPHzAE9c9nph2AUK0K_6u", "isFallback": false, "dynamicIds": [33196, 55458, 54746], "gsp": true, "scriptLoader": []}