{"props": {"pageProps": {"username": "0x65fc07ebade4d56751b0d12ba49cb2425493e339", "user": {"userIndex": 30, "publicKey": "0x65Fc07EBADe4D56751b0D12BA49cB2425493E339", "username": "blakekathryn", "profileImageUrl": "https://f8n-production.s3.amazonaws.com/creators/profile/5l3cqpx32-pp-jpg-jjz2y5.jpg", "coverImageUrl": "https://f8n-production.s3.amazonaws.com/creators/profile/tf8xuk70v-cover-jpg-ye2umy.jpg", "name": "Blake Kathryn", "bio": "Blake Kathryn is a LA based visual artist with a surreal futurist aesthetic. Her work fuses vibrant palettes with ethereal undertones, creating dreamlike experiences across various forms of media.", "isApprovedCreator": true, "moderationStatus": "ACTIVE", "joinedWaitlistAt": null, "createdAt": "2020-10-19T19:14:38.071233", "migratedToUser": null, "isApprovedForMigrationAt": null, "firstName": "Blake", "lastName": "Kathryn", "isAdmin": false, "links": {"tiktok": {"handle": "blakekathryn", "platform": "tiktok"}, "twitch": {"handle": "blakekathryn", "platform": "twitch"}, "discord": {"handle": "", "platform": "discord"}, "twitter": {"handle": "blakekathryn", "platform": "twitter"}, "website": {"handle": "blakekathryn.com", "platform": "website"}, "youtube": {"handle": "youtube.com/blakekathryn", "platform": "youtube"}, "facebook": {"handle": "", "platform": "facebook"}, "snapchat": {"handle": "", "platform": "snapchat"}, "instagram": {"handle": "blakekathryn", "platform": "instagram"}}, "acceptedInvite": null, "twitSocialVerifs": [], "instaSocialVerifs": [{"id": "7526bb19-e72e-4954-a443-9e219ee7b9ef", "user": "0x65Fc07EBADe4D56751b0D12BA49cB2425493E339", "createdAt": "2021-05-23T22:51:59.201688", "updatedAt": "2021-05-23T22:51:59.201688", "lastCheckedAt": "2021-05-23T22:51:59.161", "socialVerificationURL": null, "verificationText": null, "userId": "17841401814880841", "username": "blakekathryn", "isValid": true, "service": "INSTAGRAM", "failedReason": null, "status": null}]}, "profileExists": true, "collectors": [{"userIndex": 4045, "publicKey": "0xc991fD20ffd2eE620A73EA7DaDD051FE86d39B15", "username": "Spacecowboy", "profileImageUrl": "https://f8n-production.s3.amazonaws.com/creators/profile/h6lk3rsje-spacecowboy-foundation-jpg-30ck6h.jpg", "coverImageUrl": "", "name": "Spacecowboy", "bio": "I am centralized. ", "isApprovedCreator": false, "moderationStatus": "ACTIVE", "joinedWaitlistAt": null, "createdAt": "2021-02-25T06:08:03.152807", "migratedToUser": null, "isApprovedForMigrationAt": null, "follows": [], "highestBidAuctions": [{"endsAt": "2021-02-26T07:11:50"}], "highestBidAuctions_aggregate": {"aggregate": {"count": 1}}}, {"userIndex": 2827, "publicKey": "0xD63C58C506bdB16ea25523879e846008152C9bf3", "username": "writ", "profileImageUrl": "https://f8n-production.s3.amazonaws.com/creators/profile/ozyo9magg-img-4944-jpg-wfvere.JPG", "coverImageUrl": "https://f8n-production.s3.amazonaws.com/creators/profile/7t67co89a-yggdrasil-hyperion-jpg-849emd.jpg", "name": "writ in water", "bio": "life holds value because it is exquisitely rare", "isApprovedCreator": false, "moderationStatus": "ACTIVE", "joinedWaitlistAt": null, "createdAt": "2021-02-22T18:22:49.669526", "migratedToUser": null, "isApprovedForMigrationAt": null, "follows": [], "highestBidAuctions": [{"endsAt": "2021-02-23T08:41:49"}], "highestBidAuctions_aggregate": {"aggregate": {"count": 1}}}, {"userIndex": 1665, "publicKey": "0xf305F90B19CF66fC2D038f92a26440B66cF858F6", "username": "y_kymin", "profileImageUrl": "https://f8n-production.s3.amazonaws.com/creators/profile/worfmo50p-snoop-jpg-ifpguq.jpg", "coverImageUrl": "", "name": "Matt", "bio": "Here for a good time, collecting on the way.", "isApprovedCreator": false, "moderationStatus": "ACTIVE", "joinedWaitlistAt": null, "createdAt": "2021-02-17T06:33:27.426447", "migratedToUser": null, "isApprovedForMigrationAt": null, "follows": [], "highestBidAuctions": [{"endsAt": "2021-02-20T18:52:08"}], "highestBidAuctions_aggregate": {"aggregate": {"count": 1}}}], "createdCount": 0}, "__N_SSG": true}, "page": "/[username]", "query": {"username": "0x65fc07ebade4d56751b0d12ba49cb2425493e339"}, "buildId": "fPHzAE9c9nph2AUK0K_6u", "isFallback": false, "dynamicIds": [33196, 55458, 54746], "gsp": true, "scriptLoader": []}