{"props": {"pageProps": {"username": "0x006c85e48bd52916390978bf002103d793c8a11d", "user": {"userIndex": 6959, "publicKey": "0x006C85e48bD52916390978Bf002103D793c8a11D", "username": "joelehuquet", "profileImageUrl": "https://f8n-production.s3.amazonaws.com/creators/profile/upsnu1eg7-jlh-profile-png-4gtfi2.png", "coverImageUrl": "", "name": "Joe Le Huquet", "bio": "Animator | Illustrator\n\nCreating art with my phone, tablet or computer for your phone, tablet or computer", "isApprovedCreator": true, "moderationStatus": "ACTIVE", "joinedWaitlistAt": null, "createdAt": "2021-03-04T09:49:39.914885", "migratedToUser": null, "isApprovedForMigrationAt": null, "firstName": null, "lastName": null, "isAdmin": false, "links": {"tiktok": {"handle": "", "platform": "tiktok"}, "twitch": {"handle": "", "platform": "twitch"}, "discord": {"handle": "", "platform": "discord"}, "twitter": {"handle": "joelehuquet", "platform": "twitter"}, "website": {"handle": "joelehuquet.com", "platform": "website"}, "youtube": {"handle": "", "platform": "youtube"}, "facebook": {"handle": "", "platform": "facebook"}, "snapchat": {"handle": "", "platform": "snapchat"}, "instagram": {"handle": "joelehuquet", "platform": "instagram"}}, "acceptedInvite": {"senderPublicKey": "0xea6c038c7aE9f57A0c467D32B47f39366dD5700E", "redeemerPublicKey": "0x006C85e48bD52916390978Bf002103D793c8a11D", "redeemedAt": "2021-03-04T09:49:46.183"}, "twitSocialVerifs": [], "instaSocialVerifs": []}, "profileExists": true, "collectors": [], "createdCount": 0}, "__N_SSG": true}, "page": "/[username]", "query": {"username": "0x006c85e48bd52916390978bf002103d793c8a11d"}, "buildId": "fPHzAE9c9nph2AUK0K_6u", "isFallback": false, "dynamicIds": [33196, 55458, 54746], "gsp": true, "scriptLoader": []}