{"props": {"pageProps": {"username": "0x0ede0f511f9676ef6396238fe553121be29d7c27", "user": {"userIndex": 23937, "publicKey": "0x0EDE0f511f9676EF6396238fE553121bE29d7c27", "username": "emirovski", "profileImageUrl": "https://f8n-production.s3.amazonaws.com/creators/profile/n95zof43b-20200109-083826-jpg-jfu56e.jpg", "coverImageUrl": "https://f8n-production.s3.amazonaws.com/creators/profile/n3slf8mlt-intro-kare-png-1z5n65.png", "name": "At\u0131f Emir Benderlio\u011flu", "bio": "I am an actor in Turkey. I am also a professional digital artist and an animator. I want to be known by larger communuties all around the globe as a digital artist.", "isApprovedCreator": true, "moderationStatus": "ACTIVE", "joinedWaitlistAt": "2021-03-23T20:41:49.594", "createdAt": "2021-03-23T20:03:53.222325", "migratedToUser": null, "isApprovedForMigrationAt": null, "firstName": null, "lastName": null, "isAdmin": false, "links": {"tiktok": {"handle": "", "platform": "tiktok"}, "twitch": {"handle": "", "platform": "twitch"}, "discord": {"handle": "", "platform": "discord"}, "twitter": {"handle": "", "platform": "twitter"}, "website": {"handle": "", "platform": "website"}, "youtube": {"handle": "", "platform": "youtube"}, "facebook": {"handle": "", "platform": "facebook"}, "snapchat": {"handle": "", "platform": "snapchat"}, "instagram": {"handle": "emirbenderlioglu", "platform": "instagram"}}, "acceptedInvite": null, "twitSocialVerifs": [{"id": "a7d77c8b-9bca-4b63-9042-e62ff40a2812", "user": "0x0EDE0f511f9676EF6396238fE553121bE29d7c27", "createdAt": "2021-03-23T20:16:39.711616", "updatedAt": "2021-03-23T20:16:45.381179", "lastCheckedAt": "2021-03-23T20:16:45.313", "socialVerificationURL": "https://twitter.com/benderlioglu/status/1374454984331337734", "verificationText": "I\u2019m on @withFND \ud83c\udf10\n\n0x0EDE0f511f9676EF6396238fE553121bE29d7c27\n\nhttps://t.co/0PeWOXgNfL \nhaddi bakiiimmm", "userId": "40590136", "username": "benderlioglu", "isValid": true, "service": "TWITTER", "failedReason": null, "status": null}], "instaSocialVerifs": [{"id": "a9d6ed2b-4450-4d04-bd92-66a7e662a7b3", "user": "0x0EDE0f511f9676EF6396238fE553121bE29d7c27", "createdAt": "2021-06-01T15:29:41.718988", "updatedAt": "2021-06-01T15:29:41.718988", "lastCheckedAt": "2021-06-01T15:29:41.713", "socialVerificationURL": null, "verificationText": null, "userId": "17841400850074295", "username": "emirbenderlioglu", "isValid": true, "service": "INSTAGRAM", "failedReason": null, "status": null}]}, "profileExists": true, "collectors": [], "createdCount": 0}, "__N_SSG": true}, "page": "/[username]", "query": {"username": "0x0ede0f511f9676ef6396238fe553121be29d7c27"}, "buildId": "fPHzAE9c9nph2AUK0K_6u", "isFallback": false, "dynamicIds": [33196, 55458, 54746], "gsp": true, "scriptLoader": []}