{"props": {"pageProps": {"username": "0x815537cc9c4e54f232389e71c6413fef905515c9", "user": {"userIndex": 37791, "publicKey": "0x815537cC9c4E54F232389E71C6413FEF905515C9", "username": "rogueartist", "profileImageUrl": "https://f8n-production.s3.amazonaws.com/creators/profile/1yd7abyg6-screenshot-2021-04-05-at-12-00-21-pm-png-sdg81g.png", "coverImageUrl": "https://f8n-production.s3.amazonaws.com/creators/profile/195figcb0-screenshot-2021-04-05-at-11-58-47-am-png-kxn2pa.png", "name": "John", "bio": "We are a group of artists, designers, creators and writers collaborating for the beauty of art.", "isApprovedCreator": true, "moderationStatus": "ACTIVE", "joinedWaitlistAt": "2021-03-28T03:34:35.283", "createdAt": "2021-03-28T03:07:30.529677", "migratedToUser": null, "isApprovedForMigrationAt": null, "firstName": null, "lastName": null, "isAdmin": false, "links": {"tiktok": {"handle": "", "platform": "tiktok"}, "twitch": {"handle": "", "platform": "twitch"}, "discord": {"handle": "", "platform": "discord"}, "twitter": {"handle": "", "platform": "twitter"}, "website": {"handle": "https://nwabritish.medium.com", "platform": "website"}, "youtube": {"handle": "https://www.youtube.com/channel/UCC97Svi_znR2SyRA5VJMXFQ", "platform": "youtube"}, "facebook": {"handle": "", "platform": "facebook"}, "snapchat": {"handle": "", "platform": "snapchat"}, "instagram": {"handle": "cultureuncut", "platform": "instagram"}}, "acceptedInvite": {"senderPublicKey": "0x9952b5D1342F27C5E9eAE528550fA661c06a9eCF", "redeemerPublicKey": "0x815537cC9c4E54F232389E71C6413FEF905515C9", "redeemedAt": "2021-04-14T13:37:54.266"}, "twitSocialVerifs": [{"id": "5c44319f-6876-4d3e-a95c-e3bf6e2dd05f", "user": "0x815537cC9c4E54F232389E71C6413FEF905515C9", "createdAt": "2021-03-28T03:34:24.958231", "updatedAt": "2021-03-28T03:34:26.608176", "lastCheckedAt": "2021-03-28T03:34:26.535", "socialVerificationURL": "https://twitter.com/nwabritish/status/1376014667722620932", "verificationText": "I\u2019m on @withFND \ud83c\udf10\n\n0x815537cC9c4E54F232389E71C6413FEF905515C9\n\nhttps://t.co/3HRuGFkcg9 \n\nRogue artist.. Just joined https://t.co/Rl9A1YgAql", "userId": "719180294", "username": "nwabritish", "isValid": true, "service": "TWITTER", "failedReason": null, "status": null}], "instaSocialVerifs": [{"id": "ad57c24c-6e6e-42ea-9e5c-3d8cd79a81db", "user": "0x815537cC9c4E54F232389E71C6413FEF905515C9", "createdAt": "2021-04-21T07:51:30.064541", "updatedAt": "2021-04-21T07:51:30.064541", "lastCheckedAt": "2021-04-21T07:51:30.042", "socialVerificationURL": null, "verificationText": null, "userId": "17841412877052298", "username": "cultureuncuts", "isValid": true, "service": "INSTAGRAM", "failedReason": null, "status": null}]}, "profileExists": true, "collectors": [], "createdCount": 0}, "__N_SSG": true}, "page": "/[username]", "query": {"username": "0x815537cc9c4e54f232389e71c6413fef905515c9"}, "buildId": "fPHzAE9c9nph2AUK0K_6u", "isFallback": false, "dynamicIds": [33196, 55458, 54746], "gsp": true, "scriptLoader": []}