{"props": {"pageProps": {"username": "0xdea4d7700aae2f687cc10a78366eef306a1ea676", "user": {"userIndex": 52532, "publicKey": "0xdea4d7700aaE2f687cc10a78366EEF306A1ea676", "username": "Fliim", "profileImageUrl": "https://f8n-production.s3.amazonaws.com/creators/profile/830m2dw4v-cldk3643-png-8d9icv.PNG", "coverImageUrl": "", "name": "", "bio": "Fliim is a 3D artist based in Melbourne.  ", "isApprovedCreator": true, "moderationStatus": "ACTIVE", "joinedWaitlistAt": "2021-04-22T01:56:39.599", "createdAt": "2021-04-22T01:06:01.425231", "migratedToUser": null, "isApprovedForMigrationAt": null, "firstName": null, "lastName": null, "isAdmin": false, "links": {"tiktok": {"handle": "", "platform": "tiktok"}, "twitch": {"handle": "", "platform": "twitch"}, "discord": {"handle": "", "platform": "discord"}, "twitter": {"handle": "", "platform": "twitter"}, "website": {"handle": "fliim.com", "platform": "website"}, "youtube": {"handle": "", "platform": "youtube"}, "facebook": {"handle": "celebie", "platform": "facebook"}, "snapchat": {"handle": "", "platform": "snapchat"}, "instagram": {"handle": "", "platform": "instagram"}}, "acceptedInvite": {"senderPublicKey": "0xB1E21936A7Ae8A2aF4e9Ac99BD45ED71BA9c5782", "redeemerPublicKey": "0xdea4d7700aaE2f687cc10a78366EEF306A1ea676", "redeemedAt": "2021-05-28T06:10:20.256"}, "twitSocialVerifs": [{"id": "32e67451-82b4-414a-b6cf-c755d631f864", "user": "0xdea4d7700aaE2f687cc10a78366EEF306A1ea676", "createdAt": "2021-05-05T06:15:20.790414", "updatedAt": "2021-05-05T06:15:24.855792", "lastCheckedAt": "2021-05-05T06:15:24.838", "socialVerificationURL": "https://twitter.com/kdrec/status/1389825941262659588", "verificationText": "I\u2019m on @withFND \ud83c\udf10\n\n0xdea4d7700aaE2f687cc10a78366EEF306A1ea676\n\nhttps://t.co/LNEe8NoMY1", "userId": "1473521646", "username": "kdrec", "isValid": true, "service": "TWITTER", "failedReason": null, "status": null}], "instaSocialVerifs": [{"id": "4d884207-704d-41d4-a6c3-f21c9c7e42bb", "user": "0xdea4d7700aaE2f687cc10a78366EEF306A1ea676", "createdAt": "2021-04-22T01:06:32.109072", "updatedAt": "2021-04-22T01:06:32.109072", "lastCheckedAt": "2021-04-22T01:06:32.07", "socialVerificationURL": null, "verificationText": null, "userId": "17841401508640322", "username": "kudre7", "isValid": true, "service": "INSTAGRAM", "failedReason": null, "status": null}]}, "profileExists": true, "collectors": [], "createdCount": 0}, "__N_SSG": true}, "page": "/[username]", "query": {"username": "0xdea4d7700aae2f687cc10a78366eef306a1ea676"}, "buildId": "fPHzAE9c9nph2AUK0K_6u", "isFallback": false, "dynamicIds": [33196, 55458, 54746], "gsp": true, "scriptLoader": []}