{"props": {"pageProps": {"username": "0x01159a89baeafee49e8e0ef99b5d5d7fac236454", "user": {"userIndex": 6206, "publicKey": "0x01159a89BaeaFEE49E8E0EF99b5d5d7FAC236454", "username": "Dalek", "profileImageUrl": "https://f8n-production.s3.amazonaws.com/creators/profile/fklfssmqc-l2snx0rr-400x400-jpg-7lx7xl.jpg", "coverImageUrl": "", "name": "Dalek", "bio": "Artist, very much into 2000's aesthetics.", "isApprovedCreator": true, "moderationStatus": "ACTIVE", "joinedWaitlistAt": null, "createdAt": "2021-03-03T09:30:56.486173", "migratedToUser": null, "isApprovedForMigrationAt": null, "firstName": null, "lastName": null, "isAdmin": false, "links": {"tiktok": {"handle": "", "platform": "tiktok"}, "twitch": {"handle": "", "platform": "twitch"}, "discord": {"handle": "", "platform": "discord"}, "twitter": {"handle": "D8LEK", "platform": "twitter"}, "website": {"handle": "", "platform": "website"}, "youtube": {"handle": "", "platform": "youtube"}, "facebook": {"handle": "", "platform": "facebook"}, "snapchat": {"handle": "", "platform": "snapchat"}, "instagram": {"handle": "8DALEK", "platform": "instagram"}}, "acceptedInvite": {"senderPublicKey": "0xbac2138dB7DA43e9B505D5D309063f10f97C762b", "redeemerPublicKey": "0x01159a89BaeaFEE49E8E0EF99b5d5d7FAC236454", "redeemedAt": "2021-03-03T09:35:21.807"}, "twitSocialVerifs": [], "instaSocialVerifs": []}, "profileExists": true, "collectors": [], "createdCount": 0}, "__N_SSG": true}, "page": "/[username]", "query": {"username": "0x01159a89baeafee49e8e0ef99b5d5d7fac236454"}, "buildId": "fPHzAE9c9nph2AUK0K_6u", "isFallback": false, "dynamicIds": [33196, 55458, 54746], "gsp": true, "scriptLoader": []}