{"props": {"pageProps": {"username": "0x99c2b5ce0b4b8dbd50d49209020d10ffc4231049", "user": {"userIndex": 23818, "publicKey": "0x99C2b5cE0B4b8DbD50d49209020D10fFC4231049", "username": "MediumWellDone", "profileImageUrl": "https://f8n-production.s3.amazonaws.com/creators/profile/2nn06pjmd-pxl-ppl-circle-png-sgi1mi.png", "coverImageUrl": "https://f8n-production.s3.amazonaws.com/creators/profile/l4uzoq8wt-13-uneasy-pieces-resized-foundation-cover-image-jpg-ae8lvm.jpg", "name": "PXL PPL", "bio": "Creators and collectors of analog and digital art since 2006.", "isApprovedCreator": false, "moderationStatus": "ACTIVE", "joinedWaitlistAt": "2021-03-27T17:17:57.409", "createdAt": "2021-03-23T18:48:42.943678", "migratedToUser": null, "isApprovedForMigrationAt": null, "firstName": null, "lastName": null, "isAdmin": false, "links": {"tiktok": {"handle": "", "platform": "tiktok"}, "twitch": {"handle": "", "platform": "twitch"}, "discord": {"handle": "", "platform": "discord"}, "twitter": {"handle": "ppl_pxl", "platform": "twitter"}, "website": {"handle": "opensea.io/collection/pxlppl", "platform": "website"}, "youtube": {"handle": "", "platform": "youtube"}, "facebook": {"handle": "PXL-PPL-106812424832729", "platform": "facebook"}, "snapchat": {"handle": "", "platform": "snapchat"}, "instagram": {"handle": "pxl_ppl/", "platform": "instagram"}}, "acceptedInvite": null, "twitSocialVerifs": [{"id": "4ed0baa3-5042-411e-90a4-e75aad78978e", "user": "0x99C2b5cE0B4b8DbD50d49209020D10fFC4231049", "createdAt": "2021-03-23T22:25:48.504284", "updatedAt": "2021-03-23T22:25:50.478992", "lastCheckedAt": "2021-03-23T22:25:50.443", "socialVerificationURL": "https://twitter.com/ppl_pxl/status/1374487368632135682", "verificationText": "I\u2019m on @withFND \ud83c\udf10\n\n0x99C2b5cE0B4b8DbD50d49209020D10fFC4231049\n\nhttps://t.co/jccrfY77Yw", "userId": "1374475338793639944", "username": "ppl_pxl", "isValid": true, "service": "TWITTER", "failedReason": null, "status": null}], "instaSocialVerifs": []}, "profileExists": true, "collectors": [], "createdCount": 0}, "__N_SSG": true}, "page": "/[username]", "query": {"username": "0x99c2b5ce0b4b8dbd50d49209020d10ffc4231049"}, "buildId": "fPHzAE9c9nph2AUK0K_6u", "isFallback": false, "dynamicIds": [33196, 55458, 54746], "gsp": true, "scriptLoader": []}