{"props": {"pageProps": {"username": "0x0fef9c1fe6b5f8e849835a146d0c118eed274a01", "user": {"userIndex": 12080, "publicKey": "0x0FEF9c1FE6b5f8e849835A146d0C118eED274a01", "username": "kp", "profileImageUrl": "https://f8n-production.s3.amazonaws.com/creators/profile/tze0q2acu-screen-shot-2015-07-27-at-6-34-25-pm-png-n929fi.png", "coverImageUrl": "", "name": "Kornish Pig", "bio": "Kornish Pig aka Karol R. Pasternack is an audio / visual artist based out of FYC. He founded a neighborhood watch and holds a bronze swimming certificate. He regularly attends various sessions.", "isApprovedCreator": true, "moderationStatus": "ACTIVE", "joinedWaitlistAt": null, "createdAt": "2021-03-11T02:44:20.96037", "migratedToUser": null, "isApprovedForMigrationAt": null, "firstName": null, "lastName": null, "isAdmin": false, "links": {"tiktok": {"handle": "", "platform": "tiktok"}, "twitch": {"handle": "", "platform": "twitch"}, "discord": {"handle": "", "platform": "discord"}, "twitter": {"handle": "", "platform": "twitter"}, "website": {"handle": "", "platform": "website"}, "youtube": {"handle": "", "platform": "youtube"}, "facebook": {"handle": "", "platform": "facebook"}, "snapchat": {"handle": "", "platform": "snapchat"}, "instagram": {"handle": "", "platform": "instagram"}}, "acceptedInvite": {"senderPublicKey": "0x34F4C9D0aCeB6Cfee6E6B4dF8ad069Ea4a4BefB2", "redeemerPublicKey": "0x0FEF9c1FE6b5f8e849835A146d0C118eED274a01", "redeemedAt": "2021-03-11T02:46:00.788"}, "twitSocialVerifs": [], "instaSocialVerifs": []}, "profileExists": true, "collectors": [{"userIndex": 17460, "publicKey": "0xea7Cd7Dc0181EE87343BFB6525692adE3601f2F5", "username": "kowch", "profileImageUrl": "", "coverImageUrl": "", "name": "thekowch", "bio": "", "isApprovedCreator": false, "moderationStatus": "ACTIVE", "joinedWaitlistAt": null, "createdAt": "2021-03-12T02:34:00.548144", "migratedToUser": null, "isApprovedForMigrationAt": null, "follows": [], "highestBidAuctions": [{"endsAt": "2021-03-13T02:50:47"}], "highestBidAuctions_aggregate": {"aggregate": {"count": 1}}}], "createdCount": 0}, "__N_SSG": true}, "page": "/[username]", "query": {"username": "0x0fef9c1fe6b5f8e849835a146d0c118eed274a01"}, "buildId": "fPHzAE9c9nph2AUK0K_6u", "isFallback": false, "dynamicIds": [33196, 55458, 54746], "gsp": true, "scriptLoader": []}