{"props": {"pageProps": {"username": "0x98f67e262a346aa88a755d0a5868cc022fbe83ac", "user": {"userIndex": 42728, "publicKey": "0x98f67e262a346Aa88a755D0a5868cc022fbe83Ac", "username": "AbyssalWanderer", "profileImageUrl": "https://f8n-production.s3.amazonaws.com/creators/profile/cjxxc6hf5-20200221024424-1-jpg-4by4ev.jpg", "coverImageUrl": "https://f8n-production.s3.amazonaws.com/creators/profile/tcwuedqbb-20191130214905-1-jpg-jz9e0n.jpg", "name": "TwsitedHead", "bio": "A Gamer, An Animator, A Screen-archer addict, A day dream peasant......!\nI think i know how to hold a camera too...\n", "isApprovedCreator": true, "moderationStatus": "ACTIVE", "joinedWaitlistAt": "2021-04-10T11:29:31.691", "createdAt": "2021-04-10T11:27:12.501975", "migratedToUser": null, "isApprovedForMigrationAt": null, "firstName": null, "lastName": null, "isAdmin": false, "links": {"tiktok": {"handle": "", "platform": "tiktok"}, "twitch": {"handle": "", "platform": "twitch"}, "discord": {"handle": "TwistedHead#8261", "platform": "discord"}, "twitter": {"handle": "", "platform": "twitter"}, "website": {"handle": "", "platform": "website"}, "youtube": {"handle": "", "platform": "youtube"}, "facebook": {"handle": "https://www.facebook.com/AbyssWanderers/", "platform": "facebook"}, "snapchat": {"handle": "", "platform": "snapchat"}, "instagram": {"handle": "", "platform": "instagram"}}, "acceptedInvite": {"senderPublicKey": "0xF8928bbD7C7a46a9738F7da213E30bbfE8764388", "redeemerPublicKey": "0x98f67e262a346Aa88a755D0a5868cc022fbe83Ac", "redeemedAt": "2021-04-19T15:44:27.158"}, "twitSocialVerifs": [{"id": "fde9c7f3-b671-4516-ad85-d6729af89911", "user": "0x98f67e262a346Aa88a755D0a5868cc022fbe83Ac", "createdAt": "2021-04-10T11:29:19.878186", "updatedAt": "2021-04-10T11:29:21.470664", "lastCheckedAt": "2021-04-10T11:29:21.447", "socialVerificationURL": "https://twitter.com/LukeSan/status/1380845265100304386", "verificationText": "I\u2019m on @withFND \ud83c\udf10\n\n0x98f67e262a346Aa88a755D0a5868cc022fbe83Ac\n\nhttps://t.co/9NFU4KOrfs", "userId": "768109614386728960", "username": "LukeSan", "isValid": true, "service": "TWITTER", "failedReason": null, "status": null}], "instaSocialVerifs": [{"id": "1d76e50e-a8b1-4f92-9194-a2530aa16a02", "user": "0x98f67e262a346Aa88a755D0a5868cc022fbe83Ac", "createdAt": "2021-05-13T15:59:27.620843", "updatedAt": "2021-05-13T15:59:27.620843", "lastCheckedAt": "2021-05-13T15:59:27.619", "socialVerificationURL": null, "verificationText": null, "userId": "17841401123225991", "username": "twistedhead", "isValid": true, "service": "INSTAGRAM", "failedReason": null, "status": null}]}, "profileExists": true, "collectors": [], "createdCount": 0}, "__N_SSG": true}, "page": "/[username]", "query": {"username": "0x98f67e262a346aa88a755d0a5868cc022fbe83ac"}, "buildId": "fPHzAE9c9nph2AUK0K_6u", "isFallback": false, "dynamicIds": [33196, 55458, 54746], "gsp": true, "scriptLoader": []}