{"props": {"pageProps": {"username": "0x2578fedcecc0712a5f90e324779cf1c010f3a98d", "user": {"userIndex": 32577, "publicKey": "0x2578FedCEcc0712a5F90e324779CF1C010f3a98D", "username": "avalanches", "profileImageUrl": "https://f8n-production.s3.amazonaws.com/creators/profile/a5kps0qlp-a-glow3-jpg-gie9jh.jpg", "coverImageUrl": "https://f8n-production.s3.amazonaws.com/creators/profile/4mo2n0vd7-avalanches-jpg-yzfkxl.jpg", "name": "The Avalanches x Jonathan Zawada", "bio": "", "isApprovedCreator": true, "moderationStatus": "ACTIVE", "joinedWaitlistAt": null, "createdAt": "2021-03-30T23:24:20.618767", "migratedToUser": null, "isApprovedForMigrationAt": null, "firstName": null, "lastName": null, "isAdmin": false, "links": {"tiktok": {"handle": "", "platform": "tiktok"}, "twitch": {"handle": "", "platform": "twitch"}, "discord": {"handle": "", "platform": "discord"}, "twitter": {"handle": "", "platform": "twitter"}, "website": {"handle": "", "platform": "website"}, "youtube": {"handle": "", "platform": "youtube"}, "facebook": {"handle": "", "platform": "facebook"}, "snapchat": {"handle": "", "platform": "snapchat"}, "instagram": {"handle": "", "platform": "instagram"}}, "acceptedInvite": {"senderPublicKey": "0x414d207d4bc3DbB721A0bF8217c6B99A0A338d2B", "redeemerPublicKey": "0x2578FedCEcc0712a5F90e324779CF1C010f3a98D", "redeemedAt": "2021-03-30T23:24:26.239"}, "twitSocialVerifs": [{"id": "9890be87-d4a1-4153-b307-40cf2c65f88b", "user": "0x2578FedCEcc0712a5F90e324779CF1C010f3a98D", "createdAt": "2021-03-31T02:09:40.654332", "updatedAt": "2021-03-31T02:09:44.838963", "lastCheckedAt": "2021-03-31T02:09:44.833", "socialVerificationURL": "https://twitter.com/TheAvalanches/status/1377080367908233217", "verificationText": "I\u2019m on @withFND \ud83c\udf10\n\n0x2578FedCEcc0712a5F90e324779CF1C010f3a98D\n\nhttps://t.co/a9FiIxKtQ0", "userId": "16441489", "username": "TheAvalanches", "isValid": true, "service": "TWITTER", "failedReason": null, "status": null}], "instaSocialVerifs": []}, "profileExists": true, "collectors": [{"userIndex": 36546, "publicKey": "0x4cA4c3Da7a977D6B5865A96aD5125C4786019b97", "username": "goodluck", "profileImageUrl": "", "coverImageUrl": "", "name": "m", "bio": "", "isApprovedCreator": false, "moderationStatus": "ACTIVE", "joinedWaitlistAt": null, "createdAt": "2021-03-30T17:23:39.004294", "migratedToUser": null, "isApprovedForMigrationAt": null, "follows": [], "highestBidAuctions": [{"endsAt": "2021-04-04T10:28:48"}], "highestBidAuctions_aggregate": {"aggregate": {"count": 1}}}, {"userIndex": 19432, "publicKey": "0x92aBDcea581a0fc5Ce549191269EC9f7239f44Ac", "username": "BKrebington", "profileImageUrl": "https://f8n-production.s3.amazonaws.com/creators/profile/xdqdfhj3v-soulstone-jpg-oyndce.jpg", "coverImageUrl": "https://f8n-production.s3.amazonaws.com/creators/profile/a9bf7atzu-dejavu-jpg-8l14sm.jpg", "name": "Ben Krebs", "bio": "", "isApprovedCreator": false, "moderationStatus": "ACTIVE", "joinedWaitlistAt": null, "createdAt": "2021-03-17T22:53:12.422461", "migratedToUser": null, "isApprovedForMigrationAt": null, "follows": [], "highestBidAuctions": [{"endsAt": "2021-04-03T01:34:53"}], "highestBidAuctions_aggregate": {"aggregate": {"count": 1}}}], "createdCount": 0}, "__N_SSG": true}, "page": "/[username]", "query": {"username": "0x2578fedcecc0712a5f90e324779cf1c010f3a98d"}, "buildId": "fPHzAE9c9nph2AUK0K_6u", "isFallback": false, "dynamicIds": [33196, 55458, 54746], "gsp": true, "scriptLoader": []}