{"props": {"pageProps": {"username": "0x5fc0c96ff181be76fc6ca003864f54e964ab0816", "user": {"userIndex": 12680, "publicKey": "0x5FC0c96Ff181be76Fc6CA003864F54E964AB0816", "username": "gerato", "profileImageUrl": "https://f8n-production.s3.amazonaws.com/creators/profile/23vvdtk0j-76726-458996917966-1587838-n-jpg-jq8v0s.jpg", "coverImageUrl": "https://f8n-production.s3.amazonaws.com/creators/profile/stqkzjcod-hn-hell-variant-jpg-qbag5a.jpg", "name": "Gerato", "bio": "2D and 3D passionate, trying to put shapes together to decorate people life.", "isApprovedCreator": true, "moderationStatus": "ACTIVE", "joinedWaitlistAt": "2021-03-22T23:53:16.654", "createdAt": "2021-03-11T13:45:48.272517", "migratedToUser": null, "isApprovedForMigrationAt": null, "firstName": null, "lastName": null, "isAdmin": false, "links": {"tiktok": {"handle": "", "platform": "tiktok"}, "twitch": {"handle": "", "platform": "twitch"}, "discord": {"handle": "Gerato#6826 ", "platform": "discord"}, "twitter": {"handle": "", "platform": "twitter"}, "website": {"handle": "", "platform": "website"}, "youtube": {"handle": "", "platform": "youtube"}, "facebook": {"handle": "gerato87", "platform": "facebook"}, "snapchat": {"handle": "", "platform": "snapchat"}, "instagram": {"handle": "gerato_sketches", "platform": "instagram"}}, "acceptedInvite": {"senderPublicKey": "0x038D7Ab03429C8430631B2c0F945C68e020739Bb", "redeemerPublicKey": "0x5FC0c96Ff181be76Fc6CA003864F54E964AB0816", "redeemedAt": "2021-03-25T02:47:38.267"}, "twitSocialVerifs": [{"id": "7715f005-055d-4957-8cf2-6cbce508e918", "user": "0x5FC0c96Ff181be76Fc6CA003864F54E964AB0816", "createdAt": "2021-03-21T10:45:12.757316", "updatedAt": "2021-03-21T10:45:17.117472", "lastCheckedAt": "2021-03-21T10:45:17.082", "socialVerificationURL": "https://twitter.com/gerato87/status/1373586374922805250?s=20", "verificationText": "I\u2019m on @withFND \ud83c\udf10\n\n0x5FC0c96Ff181be76Fc6CA003864F54E964AB0816\n\nhttps://t.co/CXXyylkOJZ", "userId": "211617169", "username": "gerato87", "isValid": true, "service": "TWITTER", "failedReason": null, "status": null}], "instaSocialVerifs": [{"id": "c0b90666-c38e-4893-87f8-05c008576737", "user": "0x5FC0c96Ff181be76Fc6CA003864F54E964AB0816", "createdAt": "2021-04-20T10:42:54.773435", "updatedAt": "2021-04-20T10:42:54.773435", "lastCheckedAt": "2021-04-20T10:42:54.75", "socialVerificationURL": null, "verificationText": null, "userId": "17841405375826569", "username": "gerato_sketches", "isValid": true, "service": "INSTAGRAM", "failedReason": null, "status": null}]}, "profileExists": true, "collectors": [], "createdCount": 0}, "__N_SSG": true}, "page": "/[username]", "query": {"username": "0x5fc0c96ff181be76fc6ca003864f54e964ab0816"}, "buildId": "fPHzAE9c9nph2AUK0K_6u", "isFallback": false, "dynamicIds": [33196, 55458, 54746], "gsp": true, "scriptLoader": []}