{"props": {"pageProps": {"username": "0x636405cc38313f1f857ebf1223ccdceee0c424ed", "user": {"userIndex": 29712, "publicKey": "0x636405cc38313f1F857eBF1223cCDcEEE0c424ED", "username": "vbuntitled", "profileImageUrl": "https://f8n-production.s3.amazonaws.com/creators/profile/hj2zaikuq-screen-shot-2021-03-27-at-6-55-22-pm-png-sxksyp.png", "coverImageUrl": "", "name": "Vanessa Beecroft ", "bio": "Italian-born, Los Angeles based contemporary performance artist working across photography, film, sculpture, and painting. \n", "isApprovedCreator": true, "moderationStatus": "ACTIVE", "joinedWaitlistAt": null, "createdAt": "2021-03-26T20:48:45.471689", "migratedToUser": null, "isApprovedForMigrationAt": null, "firstName": null, "lastName": null, "isAdmin": false, "links": {"tiktok": {"handle": "", "platform": "tiktok"}, "twitch": {"handle": "", "platform": "twitch"}, "discord": {"handle": "", "platform": "discord"}, "twitter": {"handle": "", "platform": "twitter"}, "website": {"handle": "dev.vanessabeecroft.com", "platform": "website"}, "youtube": {"handle": "", "platform": "youtube"}, "facebook": {"handle": "", "platform": "facebook"}, "snapchat": {"handle": "", "platform": "snapchat"}, "instagram": {"handle": "vbuntitled", "platform": "instagram"}}, "acceptedInvite": {"senderPublicKey": "0x093D73E67A500d4C9eD7aEaC217Fd4D956032118", "redeemerPublicKey": "0x636405cc38313f1F857eBF1223cCDcEEE0c424ED", "redeemedAt": "2021-03-28T00:56:06.19"}, "twitSocialVerifs": [{"id": "4a0e40e2-a3a8-404e-8fe5-6b480e53b046", "user": "0x636405cc38313f1F857eBF1223cCDcEEE0c424ED", "createdAt": "2021-03-28T01:05:44.310133", "updatedAt": "2021-03-28T01:05:47.482952", "lastCheckedAt": "2021-03-28T01:05:47.469", "socialVerificationURL": "https://twitter.com/vanessabeecroft/status/1375975669549527043", "verificationText": "I\u2019m on @withFND \ud83c\udf10\n\n0x636405cc38313f1F857eBF1223cCDcEEE0c424ED\n\nhttps://t.co/XZrjefDO78", "userId": "209311217", "username": "vanessabeecroft", "isValid": true, "service": "TWITTER", "failedReason": null, "status": null}], "instaSocialVerifs": [{"id": "9f175ea0-5f5e-4e2a-9f9a-9c7436f11aac", "user": "0x636405cc38313f1F857eBF1223cCDcEEE0c424ED", "createdAt": "2021-05-08T15:02:40.261071", "updatedAt": "2021-05-08T15:02:40.261071", "lastCheckedAt": "2021-05-08T15:02:40.232", "socialVerificationURL": null, "verificationText": null, "userId": "17841401556130215", "username": "vbuntitled", "isValid": true, "service": "INSTAGRAM", "failedReason": null, "status": null}]}, "profileExists": true, "collectors": [], "createdCount": 0}, "__N_SSG": true}, "page": "/[username]", "query": {"username": "0x636405cc38313f1f857ebf1223ccdceee0c424ed"}, "buildId": "fPHzAE9c9nph2AUK0K_6u", "isFallback": false, "dynamicIds": [33196, 55458, 54746], "gsp": true, "scriptLoader": []}