{"props": {"pageProps": {"username": "0x4d16edf25371435c6f05594c109b7bcd4c0b181a", "user": {"userIndex": 2697, "publicKey": "0x4d16EDf25371435c6F05594c109b7bcD4c0B181A", "username": "oliversin", "profileImageUrl": "https://f8n-production.s3.amazonaws.com/creators/profile/l301ahwec-meface-jpg-mba6lu.jpg", "coverImageUrl": "https://f8n-production.s3.amazonaws.com/creators/profile/8qzjhnpyh-owakita-jpg-b0q2gy.jpg", "name": "Oliver Sin", "bio": "Oliver Sin aka Good Sin is an animator and illustrator based in the UK. Making some weird and wonderful things.", "isApprovedCreator": true, "moderationStatus": "ACTIVE", "joinedWaitlistAt": null, "createdAt": "2021-02-22T08:54:28.134897", "migratedToUser": null, "isApprovedForMigrationAt": null, "firstName": null, "lastName": null, "isAdmin": false, "links": {"tiktok": {"handle": "", "platform": "tiktok"}, "twitch": {"handle": "", "platform": "twitch"}, "discord": {"handle": "", "platform": "discord"}, "twitter": {"handle": "oliversin", "platform": "twitter"}, "website": {"handle": "oliversin.com", "platform": "website"}, "youtube": {"handle": "", "platform": "youtube"}, "facebook": {"handle": "", "platform": "facebook"}, "snapchat": {"handle": "", "platform": "snapchat"}, "instagram": {"handle": "oliversinyeah", "platform": "instagram"}}, "acceptedInvite": {"senderPublicKey": "0x48f0EfE12A93D43FbF81D1Fff7C22B4B0A06661e", "redeemerPublicKey": "0x4d16EDf25371435c6F05594c109b7bcD4c0B181A", "redeemedAt": "2021-02-24T14:06:55.673"}, "twitSocialVerifs": [{"id": "d7107c4b-39fb-4c9f-8aec-c1d3797ff80e", "user": "0x4d16EDf25371435c6F05594c109b7bcD4c0B181A", "createdAt": "2021-03-12T23:35:18.610694", "updatedAt": "2021-03-12T23:35:23.193057", "lastCheckedAt": "2021-03-12T23:35:23.055", "socialVerificationURL": "https://twitter.com/oliversin/status/1370518762215071744", "verificationText": "I\u2019m on @withFND \ud83c\udf10\n\n0x4d16EDf25371435c6F05594c109b7bcD4c0B181A\n\nhttps://t.co/wFz8ZBMhBy", "userId": "18654543", "username": "oliversin", "isValid": true, "service": "TWITTER", "failedReason": null, "status": null}], "instaSocialVerifs": [{"id": "f079c888-3ddf-4654-b30f-a7ce4a4af21a", "user": "0x4d16EDf25371435c6F05594c109b7bcD4c0B181A", "createdAt": "2021-07-19T08:48:22.676456", "updatedAt": "2021-07-19T08:48:22.676456", "lastCheckedAt": "2021-07-19T08:48:22.641", "socialVerificationURL": null, "verificationText": null, "userId": "17841400161414386", "username": "oliversinyeah", "isValid": true, "service": "INSTAGRAM", "failedReason": null, "status": null}]}, "profileExists": true, "collectors": [{"userIndex": 5284, "publicKey": "0x2181E98900060c19399212c7807cfA365A6a834E", "username": "willfortanbary", "profileImageUrl": "https://f8n-production.s3.amazonaws.com/creators/profile/ptdbgnik3-headshot-01-jpg-xcg2th.jpg", "coverImageUrl": "https://f8n-production.s3.amazonaws.com/creators/profile/w07jxdv2w-glass-ware-01-compedsmall2-jpg-k9v29o.jpg", "name": "Will Fortanbary", "bio": "Crypto Artist and Enthusiast", "isApprovedCreator": true, "moderationStatus": "ACTIVE", "joinedWaitlistAt": null, "createdAt": "2021-03-01T19:08:29.963538", "migratedToUser": null, "isApprovedForMigrationAt": null, "follows": [], "highestBidAuctions": [{"endsAt": "2021-03-02T21:23:57"}], "highestBidAuctions_aggregate": {"aggregate": {"count": 1}}}, {"userIndex": 2504, "publicKey": "0x7B640407513Bc16167ef3450FD6339803982e976", "username": "deekaymotion", "profileImageUrl": "https://f8n-production.s3.amazonaws.com/creators/profile/pyfj16lzw-deekay-avatar-2021-png-eclz9z.png", "coverImageUrl": "https://f8n-production.s3.amazonaws.com/creators/profile/i3hiw3v06-cover-image-6-f0000-1-png-p1ehk2.png", "name": "DeeKay", "bio": "Animator who likes to animate his doodles.\nI find happiness through making people smile with my goofy animations. Nothing heavy but friendly and relatable!", "isApprovedCreator": true, "moderationStatus": "ACTIVE", "joinedWaitlistAt": null, "createdAt": "2021-02-21T14:57:50.025556", "migratedToUser": null, "isApprovedForMigrationAt": null, "follows": [], "highestBidAuctions": [{"endsAt": "2021-03-13T08:29:44"}], "highestBidAuctions_aggregate": {"aggregate": {"count": 1}}}], "createdCount": 0}, "__N_SSG": true}, "page": "/[username]", "query": {"username": "0x4d16edf25371435c6f05594c109b7bcd4c0b181a"}, "buildId": "fPHzAE9c9nph2AUK0K_6u", "isFallback": false, "dynamicIds": [33196, 55458, 54746], "gsp": true, "scriptLoader": []}