{"props": {"pageProps": {"username": "0x21db94192456295dd4bd7136580f1877264faafd", "user": {"userIndex": 60183, "publicKey": "0x21dB94192456295Dd4Bd7136580f1877264FAAFd", "username": "SHED_MAN", "profileImageUrl": "https://f8n-production.s3.amazonaws.com/creators/profile/8k2maofdf-por-jpg-mmy7ea.JPG", "coverImageUrl": "https://f8n-production.s3.amazonaws.com/creators/profile/hdt7lh4oy-sansdv-jpg-8m76ps.JPG", "name": "SHED", "bio": "its me ", "isApprovedCreator": false, "moderationStatus": "ACTIVE", "joinedWaitlistAt": "2021-04-02T08:32:37.298", "createdAt": "2021-04-02T08:30:14.664396", "migratedToUser": null, "isApprovedForMigrationAt": null, "firstName": null, "lastName": null, "isAdmin": false, "links": {"tiktok": {"handle": "", "platform": "tiktok"}, "twitch": {"handle": "", "platform": "twitch"}, "discord": {"handle": "", "platform": "discord"}, "twitter": {"handle": "", "platform": "twitter"}, "website": {"handle": "", "platform": "website"}, "youtube": {"handle": "", "platform": "youtube"}, "facebook": {"handle": "", "platform": "facebook"}, "snapchat": {"handle": "", "platform": "snapchat"}, "instagram": {"handle": "", "platform": "instagram"}}, "acceptedInvite": null, "twitSocialVerifs": [{"id": "9790e027-d4d1-445e-b115-8e39187fcfb9", "user": "0x21dB94192456295Dd4Bd7136580f1877264FAAFd", "createdAt": "2021-04-02T08:31:35.569173", "updatedAt": "2021-04-02T08:31:37.776691", "lastCheckedAt": "2021-04-02T08:31:37.768", "socialVerificationURL": "https://twitter.com/SHED_MAN_/status/1377901429667454980?s=20", "verificationText": "I\u2019m on @withFND \ud83c\udf10\n\n0x21dB94192456295Dd4Bd7136580f1877264FAAFd\n\nhttps://t.co/Q5p75XHv0j \n\nis that chill?", "userId": "996503173190864896", "username": "SHED_MAN_", "isValid": true, "service": "TWITTER", "failedReason": null, "status": null}], "instaSocialVerifs": []}, "profileExists": true, "collectors": [], "createdCount": 0}, "__N_SSG": true}, "page": "/[username]", "query": {"username": "0x21db94192456295dd4bd7136580f1877264faafd"}, "buildId": "fPHzAE9c9nph2AUK0K_6u", "isFallback": false, "dynamicIds": [33196, 55458, 54746], "gsp": true, "scriptLoader": []}