{"props": {"pageProps": {"username": "0xb0659bc97ed61b37d6b140f3e12a41d471781714", "user": {"userIndex": 590, "publicKey": "0xB0659BC97eD61b37D6B140f3E12A41d471781714", "username": "panzer", "profileImageUrl": "https://f8n-production.s3.amazonaws.com/creators/profile/47u9u9r5y-3af36620-e9e3-492c-9044-198e94770b40-1-105-c-jpeg-sdpd2h.jpeg", "coverImageUrl": "https://f8n-production.s3.amazonaws.com/creators/profile/0gb0ti1zr-b733c2b8-3717-48ff-8d30-e95ff3866076-1-105-c-jpeg-ye0t74.jpeg", "name": "panzer", "bio": "Internet Person.\nI run TechCrunch.", "isApprovedCreator": true, "moderationStatus": "ACTIVE", "joinedWaitlistAt": null, "createdAt": "2021-02-04T16:44:41.863528", "migratedToUser": null, "isApprovedForMigrationAt": null, "firstName": null, "lastName": null, "isAdmin": false, "links": {"tiktok": {"handle": "", "platform": "tiktok"}, "twitch": {"handle": "panzerprime", "platform": "twitch"}, "discord": {"handle": "", "platform": "discord"}, "twitter": {"handle": "panzer", "platform": "twitter"}, "website": {"handle": "", "platform": "website"}, "youtube": {"handle": "", "platform": "youtube"}, "facebook": {"handle": "", "platform": "facebook"}, "snapchat": {"handle": "", "platform": "snapchat"}, "instagram": {"handle": "", "platform": "instagram"}}, "acceptedInvite": {"senderPublicKey": "0xDC0753F6B3Cc6034317b73C10413c19958d36ED1", "redeemerPublicKey": "0xB0659BC97eD61b37D6B140f3E12A41d471781714", "redeemedAt": "2021-03-13T19:28:38.352"}, "twitSocialVerifs": [{"id": "0f6e2aa8-4da7-41f6-8b47-1d43b6d9f7fe", "user": "0xB0659BC97eD61b37D6B140f3E12A41d471781714", "createdAt": "2021-03-13T19:31:03.576542", "updatedAt": "2021-03-13T19:31:07.725829", "lastCheckedAt": "2021-03-13T19:31:07.707", "socialVerificationURL": "https://twitter.com/panzer/status/1370819673915203585?s=20", "verificationText": "I\u2019m on @withFND \ud83c\udf10\n\n0xB0659BC97eD61b37D6B140f3E12A41d471781714\n\nhttps://t.co/gEj9KVn4OI", "userId": "19312115", "username": "panzer", "isValid": true, "service": "TWITTER", "failedReason": null, "status": null}], "instaSocialVerifs": []}, "profileExists": true, "collectors": [], "createdCount": 0}, "__N_SSG": true}, "page": "/[username]", "query": {"username": "0xb0659bc97ed61b37d6b140f3e12a41d471781714"}, "buildId": "fPHzAE9c9nph2AUK0K_6u", "isFallback": false, "dynamicIds": [33196, 55458, 54746], "gsp": true, "scriptLoader": []}