{"props": {"pageProps": {"username": "0xb7a70d8cb3f2de66fe11112c0f961a42b950388b", "user": {"userIndex": 38608, "publicKey": "0xb7A70d8Cb3F2de66Fe11112c0F961a42b950388B", "username": "HOLODECxBUREAUCOOL", "profileImageUrl": "https://f8n-production.s3.amazonaws.com/creators/profile/7f337pju5-h-bc-foundation-avatar-02-png-2rdbtl.png", "coverImageUrl": "https://f8n-production.s3.amazonaws.com/creators/profile/46c9qpqyx-h-bc-foundation-header-02-png-bl0v62.png", "name": "Holodec x BureauCool", "bio": "An ongoing collaboration between HOLODEC (music) and BUREAU COOL (visual)", "isApprovedCreator": true, "moderationStatus": "ACTIVE", "joinedWaitlistAt": null, "createdAt": "2021-04-05T22:26:21.48658", "migratedToUser": null, "isApprovedForMigrationAt": null, "firstName": null, "lastName": null, "isAdmin": false, "links": {"tiktok": {"handle": "", "platform": "tiktok"}, "twitch": {"handle": "", "platform": "twitch"}, "discord": {"handle": "holodecxbureaucool#5491", "platform": "discord"}, "twitter": {"handle": "", "platform": "twitter"}, "website": {"handle": "www.bureau.cool", "platform": "website"}, "youtube": {"handle": "", "platform": "youtube"}, "facebook": {"handle": "", "platform": "facebook"}, "snapchat": {"handle": "", "platform": "snapchat"}, "instagram": {"handle": "holodec_", "platform": "instagram"}}, "acceptedInvite": {"senderPublicKey": "0x27C6C1e95E5e4cC5d14b0D08E8b7FbEcd954921a", "redeemerPublicKey": "0xb7A70d8Cb3F2de66Fe11112c0F961a42b950388B", "redeemedAt": "2021-04-05T22:26:24.208"}, "twitSocialVerifs": [{"id": "1928b6b5-9f2d-4ef2-aa86-9a2fb5f724c9", "user": "0xb7A70d8Cb3F2de66Fe11112c0F961a42b950388B", "createdAt": "2021-04-07T06:42:22.471383", "updatedAt": "2021-04-07T06:42:25.806393", "lastCheckedAt": "2021-04-07T06:42:25.779", "socialVerificationURL": "https://twitter.com/BureauCool/status/1379685849873403904?s=20", "verificationText": "Coming soon: NFT in collaboration with @holodec_ on @withFND 0xb7A70d8Cb3F2de66Fe11112c0F961a42b950388B", "userId": "773545116871061504", "username": "BureauCool", "isValid": true, "service": "TWITTER", "failedReason": null, "status": null}], "instaSocialVerifs": [{"id": "e906f426-fe55-4c86-883f-76edeb44c6a7", "user": "0xb7A70d8Cb3F2de66Fe11112c0F961a42b950388B", "createdAt": "2021-05-17T23:50:31.135207", "updatedAt": "2021-05-17T23:50:31.135207", "lastCheckedAt": "2021-05-17T23:50:31.131", "socialVerificationURL": null, "verificationText": null, "userId": "17841402229970668", "username": "holodec_", "isValid": true, "service": "INSTAGRAM", "failedReason": null, "status": null}]}, "profileExists": true, "collectors": [], "createdCount": 0}, "__N_SSG": true}, "page": "/[username]", "query": {"username": "0xb7a70d8cb3f2de66fe11112c0f961a42b950388b"}, "buildId": "fPHzAE9c9nph2AUK0K_6u", "isFallback": false, "dynamicIds": [33196, 55458, 54746], "gsp": true, "scriptLoader": []}