{"props": {"pageProps": {"username": "0x45ad7825f60f4c1bb6ad7aca4f1462a40cae5a5e", "user": {"userIndex": 8637, "publicKey": "0x45aD7825f60F4c1bb6aD7aCa4F1462a40cAe5a5e", "username": "minguen", "profileImageUrl": "https://f8n-production.s3.amazonaws.com/creators/profile/6fbc2w6l6-157115847-1511319152537829-3575369440818058341-n-jpg-edibqq.jpg", "coverImageUrl": "https://f8n-production.s3.amazonaws.com/creators/profile/fl5fj6dpt-min-guen-min-rns-a-01-jpg-myxwhv.jpg", "name": "Min Guen", "bio": "I am a Concept and VR artist, and Metaverse creator. My work is inspired by the synergy between real and virtual worlds that open new creative possibilities once mashed together. ", "isApprovedCreator": true, "moderationStatus": "ACTIVE", "joinedWaitlistAt": null, "createdAt": "2021-03-05T17:22:05.004549", "migratedToUser": null, "isApprovedForMigrationAt": null, "firstName": null, "lastName": null, "isAdmin": false, "links": {"tiktok": {"handle": "", "platform": "tiktok"}, "twitch": {"handle": "", "platform": "twitch"}, "discord": {"handle": "MinGuen#7011", "platform": "discord"}, "twitter": {"handle": "MinGuenArt", "platform": "twitter"}, "website": {"handle": "artstation.com/min", "platform": "website"}, "youtube": {"handle": "https://www.youtube.com/c/MinNguen/videos", "platform": "youtube"}, "facebook": {"handle": "minguen.art", "platform": "facebook"}, "snapchat": {"handle": "", "platform": "snapchat"}, "instagram": {"handle": "minguen.art", "platform": "instagram"}}, "acceptedInvite": {"senderPublicKey": "0x9884AFF39d96b5F16839C39edDa7C70C4A031997", "redeemerPublicKey": "0x45aD7825f60F4c1bb6aD7aCa4F1462a40cAe5a5e", "redeemedAt": "2021-03-06T18:01:23.173"}, "twitSocialVerifs": [{"id": "6655e6ee-4783-4068-8c13-50b144e64edd", "user": "0x45aD7825f60F4c1bb6aD7aCa4F1462a40cAe5a5e", "createdAt": "2021-03-17T16:38:35.318604", "updatedAt": "2021-03-17T16:38:37.377621", "lastCheckedAt": "2021-03-17T16:38:37.353", "socialVerificationURL": "https://twitter.com/MinGuenArt/status/1372225627013533697", "verificationText": "I\u2019m on @withFND \ud83c\udf10\n\n0x45aD7825f60F4c1bb6aD7aCa4F1462a40cAe5a5e\n\nhttps://t.co/IcKqv97EAo", "userId": "3223480417", "username": "MinGuenArt", "isValid": true, "service": "TWITTER", "failedReason": null, "status": null}], "instaSocialVerifs": []}, "profileExists": true, "collectors": [{"userIndex": 20821, "publicKey": "0x75149A5884AD688234759D92497f25F9D0800d7e", "username": "hska", "profileImageUrl": "", "coverImageUrl": "", "name": "hska", "bio": "", "isApprovedCreator": false, "moderationStatus": "ACTIVE", "joinedWaitlistAt": null, "createdAt": "2021-03-19T20:45:01.993499", "migratedToUser": null, "isApprovedForMigrationAt": null, "follows": [], "highestBidAuctions": [{"endsAt": "2021-03-20T21:29:39"}], "highestBidAuctions_aggregate": {"aggregate": {"count": 1}}}], "createdCount": 0}, "__N_SSG": true}, "page": "/[username]", "query": {"username": "0x45ad7825f60f4c1bb6ad7aca4f1462a40cae5a5e"}, "buildId": "fPHzAE9c9nph2AUK0K_6u", "isFallback": false, "dynamicIds": [33196, 55458, 54746], "gsp": true, "scriptLoader": []}