{"props": {"pageProps": {"username": "0x3a7775fac10c3e8faced2d371d129624ba7443fe", "user": {"userIndex": 54946, "publicKey": "0x3A7775fAC10c3e8facED2d371D129624Ba7443Fe", "username": "MiloLombardi", "profileImageUrl": "https://f8n-production.s3.amazonaws.com/creators/profile/aku1m5g3r-milo-lombardi-profile-picture-square-jpg-336wok.jpg", "coverImageUrl": "https://f8n-production.s3.amazonaws.com/creators/profile/o4km2bgrx-milo-saxman12919crop-jpg-w9nky3.jpg", "name": "Milo Lombardi", "bio": "Performer, Producer and Composer from Italy.\nBased in Berlin (Germany).", "isApprovedCreator": true, "moderationStatus": "ACTIVE", "joinedWaitlistAt": null, "createdAt": "2021-04-25T15:02:53.690594", "migratedToUser": null, "isApprovedForMigrationAt": null, "firstName": null, "lastName": null, "isAdmin": false, "links": {"tiktok": {"handle": "", "platform": "tiktok"}, "twitch": {"handle": "", "platform": "twitch"}, "discord": {"handle": "", "platform": "discord"}, "twitter": {"handle": "", "platform": "twitter"}, "website": {"handle": "milolombardi.com", "platform": "website"}, "youtube": {"handle": "https://www.youtube.com/c/MiloLombardiJazz", "platform": "youtube"}, "facebook": {"handle": "", "platform": "facebook"}, "snapchat": {"handle": "", "platform": "snapchat"}, "instagram": {"handle": "", "platform": "instagram"}}, "acceptedInvite": {"senderPublicKey": "0x09E0B32A913D6Bd2b96cEc2FCcE52fDCd1DaB782", "redeemerPublicKey": "0x3A7775fAC10c3e8facED2d371D129624Ba7443Fe", "redeemedAt": "2021-04-25T15:03:02.883"}, "twitSocialVerifs": [{"id": "b85eeeaf-55c0-4271-b6bf-0819533a1a25", "user": "0x3A7775fAC10c3e8facED2d371D129624Ba7443Fe", "createdAt": "2021-04-25T15:16:22.295096", "updatedAt": "2021-04-25T15:16:27.794326", "lastCheckedAt": "2021-04-25T15:16:27.785", "socialVerificationURL": "https://twitter.com/MiloLombardi/status/1386337852309577735?s=19", "verificationText": "I'm verifying my @withFND profile.\nNews to come soon.. \ud83d\ude43\n\n0x3A7775fAC10c3e8facED2d371D129624Ba7443Fe", "userId": "756214868865351680", "username": "MiloLombardi", "isValid": true, "service": "TWITTER", "failedReason": null, "status": null}], "instaSocialVerifs": [{"id": "095c8321-1947-492a-8763-da43afb5ed83", "user": "0x3A7775fAC10c3e8facED2d371D129624Ba7443Fe", "createdAt": "2021-04-25T15:18:29.247349", "updatedAt": "2021-04-25T15:18:29.247349", "lastCheckedAt": "2021-04-25T15:18:29.221", "socialVerificationURL": null, "verificationText": null, "userId": "17841404308759794", "username": "milolombardi", "isValid": true, "service": "INSTAGRAM", "failedReason": null, "status": null}]}, "profileExists": true, "collectors": [], "createdCount": 0}, "__N_SSG": true}, "page": "/[username]", "query": {"username": "0x3a7775fac10c3e8faced2d371d129624ba7443fe"}, "buildId": "fPHzAE9c9nph2AUK0K_6u", "isFallback": false, "dynamicIds": [33196, 55458, 54746], "gsp": true, "scriptLoader": []}