{"props": {"pageProps": {"username": "0xe3a2c0727ba01c1e72d63613aca9720e8c5709d8", "user": {"userIndex": 48661, "publicKey": "0xE3A2c0727Ba01c1E72d63613aCa9720e8c5709D8", "username": "fredarthur", "profileImageUrl": "https://f8n-production.s3.amazonaws.com/creators/profile/ctok4qqu2-fredarthur-favicon-png-mamsut.png", "coverImageUrl": "", "name": "Fred Arthur", "bio": "not dead yet", "isApprovedCreator": false, "moderationStatus": "ACTIVE", "joinedWaitlistAt": null, "createdAt": "2021-04-17T09:40:46.566444", "migratedToUser": null, "isApprovedForMigrationAt": null, "firstName": null, "lastName": null, "isAdmin": false, "links": {"tiktok": {"handle": "", "platform": "tiktok"}, "twitch": {"handle": "", "platform": "twitch"}, "discord": {"handle": "", "platform": "discord"}, "twitter": {"handle": "", "platform": "twitter"}, "website": {"handle": "fredarthur.art", "platform": "website"}, "youtube": {"handle": "", "platform": "youtube"}, "facebook": {"handle": "", "platform": "facebook"}, "snapchat": {"handle": "", "platform": "snapchat"}, "instagram": {"handle": "fredarthur.art", "platform": "instagram"}}, "acceptedInvite": null, "twitSocialVerifs": [], "instaSocialVerifs": []}, "profileExists": true, "collectors": [], "createdCount": 0}, "__N_SSG": true}, "page": "/[username]", "query": {"username": "0xe3a2c0727ba01c1e72d63613aca9720e8c5709d8"}, "buildId": "fPHzAE9c9nph2AUK0K_6u", "isFallback": false, "dynamicIds": [33196, 55458, 54746], "gsp": true, "scriptLoader": []}