{"props": {"pageProps": {"username": "0xf4bfb703386b70c569d1b9936eaa62f12e7670b3", "user": {"userIndex": 76919, "publicKey": "0xF4BfB703386b70c569d1B9936eAa62f12e7670b3", "username": "redax", "profileImageUrl": "https://f8n-production.s3.amazonaws.com/creators/profile/t83fyh9gp-avatar-jpg-klnmoj.JPG", "coverImageUrl": "https://f8n-production.s3.amazonaws.com/creators/profile/ohoavct2x-img-1621-png-3tno82.PNG", "name": "Redax", "bio": "I turn my ideas into reality ", "isApprovedCreator": true, "moderationStatus": "ACTIVE", "joinedWaitlistAt": "2021-07-02T22:30:57.953", "createdAt": "2021-06-11T18:08:11.768859", "migratedToUser": null, "isApprovedForMigrationAt": null, "firstName": null, "lastName": null, "isAdmin": false, "links": {"tiktok": {"handle": "", "platform": "tiktok"}, "twitch": {"handle": "", "platform": "twitch"}, "discord": {"handle": "Redax#2663", "platform": "discord"}, "twitter": {"handle": "", "platform": "twitter"}, "website": {"handle": "", "platform": "website"}, "youtube": {"handle": "", "platform": "youtube"}, "facebook": {"handle": "", "platform": "facebook"}, "snapchat": {"handle": "", "platform": "snapchat"}, "instagram": {"handle": "", "platform": "instagram"}}, "acceptedInvite": {"senderPublicKey": "0x38b66c508abf9F10d35Caffc91e4754E9AFDa36d", "redeemerPublicKey": "0xF4BfB703386b70c569d1B9936eAa62f12e7670b3", "redeemedAt": "2021-07-03T20:50:11.45"}, "twitSocialVerifs": [{"id": "fdf2d0a6-4bc4-4fe8-abdd-1d81d1906a9e", "user": "0xF4BfB703386b70c569d1B9936eAa62f12e7670b3", "createdAt": "2021-06-11T18:12:57.859487", "updatedAt": "2021-06-11T18:13:01.707479", "lastCheckedAt": "2021-06-11T18:13:01.679", "socialVerificationURL": "https://twitter.com/_workDev/status/1403414393946263552", "verificationText": "I\u2019m on @withFND \ud83c\udf10\n\n0xF4BfB703386b70c569d1B9936eAa62f12e7670b3\n\nhttps://t.co/uDBe3PpROU", "userId": "1161618910778667008", "username": "_workDev", "isValid": true, "service": "TWITTER", "failedReason": null, "status": null}], "instaSocialVerifs": [{"id": "f6054104-49ac-445e-8a7c-0776b34668ce", "user": "0xF4BfB703386b70c569d1B9936eAa62f12e7670b3", "createdAt": "2021-06-11T18:19:43.169513", "updatedAt": "2021-06-11T18:19:43.169513", "lastCheckedAt": "2021-06-11T18:19:43.139", "socialVerificationURL": null, "verificationText": null, "userId": "17841407214601240", "username": "go_ln", "isValid": true, "service": "INSTAGRAM", "failedReason": null, "status": null}]}, "profileExists": true, "collectors": [], "createdCount": 0}, "__N_SSG": true}, "page": "/[username]", "query": {"username": "0xf4bfb703386b70c569d1b9936eaa62f12e7670b3"}, "buildId": "fPHzAE9c9nph2AUK0K_6u", "isFallback": false, "dynamicIds": [33196, 55458, 54746], "gsp": true, "scriptLoader": []}