{"props": {"pageProps": {"username": "0xd70340a14814c9a279145d4c2f1c3242ef70e530", "user": {"userIndex": 22407, "publicKey": "0xD70340a14814c9A279145D4c2f1C3242EF70E530", "username": "Samtoshi_F_Baby", "profileImageUrl": "https://f8n-production.s3.amazonaws.com/creators/profile/togpgyayh-hawaiian-shirt-joker-jpg-s84u29.jpg", "coverImageUrl": "https://f8n-production.s3.amazonaws.com/creators/profile/5y19dai6h-foundation-header-gif-gif-k8lhc6.gif", "name": "Sammy Flores", "bio": "Comic Book Artist \nCreator of Henry the Elf Comic and The Man of Bitcoin  \nAlways looking to collaborate! ", "isApprovedCreator": true, "moderationStatus": "ACTIVE", "joinedWaitlistAt": null, "createdAt": "2021-03-22T22:32:47.266107", "migratedToUser": null, "isApprovedForMigrationAt": null, "firstName": null, "lastName": null, "isAdmin": false, "links": {"tiktok": {"handle": "", "platform": "tiktok"}, "twitch": {"handle": "", "platform": "twitch"}, "discord": {"handle": "Samtoshi_F_Baby#6693", "platform": "discord"}, "twitter": {"handle": "", "platform": "twitter"}, "website": {"handle": "linktr.ee/Samtoshi_F_Baby", "platform": "website"}, "youtube": {"handle": "", "platform": "youtube"}, "facebook": {"handle": "", "platform": "facebook"}, "snapchat": {"handle": "", "platform": "snapchat"}, "instagram": {"handle": "Samtoshi_F_Baby", "platform": "instagram"}}, "acceptedInvite": {"senderPublicKey": "0x6e315531A3DEB793E12eB7aB197DF496dE994029", "redeemerPublicKey": "0xD70340a14814c9A279145D4c2f1C3242EF70E530", "redeemedAt": "2021-03-22T22:35:29.213"}, "twitSocialVerifs": [{"id": "f036363c-bf2f-47bd-bbbe-2937ea2b1b29", "user": "0xD70340a14814c9A279145D4c2f1C3242EF70E530", "createdAt": "2021-03-22T22:38:15.453928", "updatedAt": "2021-03-22T22:38:20.315123", "lastCheckedAt": "2021-03-22T22:38:20.301", "socialVerificationURL": "https://twitter.com/Samtoshi_F_Baby/status/1374128256971063296?s=20", "verificationText": "I\u2019m on @withFND \ud83c\udf10\n\n0xD70340a14814c9A279145D4c2f1C3242EF70E530\n\nhttps://t.co/IUCSxiH644", "userId": "1356310444894466055", "username": "Samtoshi_F_Baby", "isValid": true, "service": "TWITTER", "failedReason": null, "status": null}], "instaSocialVerifs": []}, "profileExists": true, "collectors": [], "createdCount": 0}, "__N_SSG": true}, "page": "/[username]", "query": {"username": "0xd70340a14814c9a279145d4c2f1c3242ef70e530"}, "buildId": "fPHzAE9c9nph2AUK0K_6u", "isFallback": false, "dynamicIds": [33196, 55458, 54746], "gsp": true, "scriptLoader": []}