{"props": {"pageProps": {"username": "0xa591dd53c7a103486e2873c5f19846252971338e", "user": {"userIndex": 16459, "publicKey": "0xa591dd53C7a103486E2873c5F19846252971338e", "username": "saintvines", "profileImageUrl": "https://f8n-production.s3.amazonaws.com/creators/profile/aua9mfbya-avatar-png-pgx475.png", "coverImageUrl": "https://f8n-production.s3.amazonaws.com/creators/profile/hvxtots7p-cover2-png-kekff7.png", "name": "Saint Vines", "bio": "\"yes, it\u2019s dreamy\"\n\nDigital Art  I  3D Art ", "isApprovedCreator": true, "moderationStatus": "ACTIVE", "joinedWaitlistAt": null, "createdAt": "2021-03-15T17:14:31.023925", "migratedToUser": null, "isApprovedForMigrationAt": null, "firstName": null, "lastName": null, "isAdmin": false, "links": {"tiktok": {"handle": "", "platform": "tiktok"}, "twitch": {"handle": "", "platform": "twitch"}, "discord": {"handle": "", "platform": "discord"}, "twitter": {"handle": "", "platform": "twitter"}, "website": {"handle": "https://lynkfire.com/saintvines", "platform": "website"}, "youtube": {"handle": "", "platform": "youtube"}, "facebook": {"handle": "", "platform": "facebook"}, "snapchat": {"handle": "", "platform": "snapchat"}, "instagram": {"handle": "https://www.instagram.com/saintvines/", "platform": "instagram"}}, "acceptedInvite": {"senderPublicKey": "0x8e548C4e7fd16EAecbD69020BaaD339aDBB09578", "redeemerPublicKey": "0xa591dd53C7a103486E2873c5F19846252971338e", "redeemedAt": "2021-03-15T17:14:38.716"}, "twitSocialVerifs": [{"id": "6d3b9b5f-a2bf-4cd6-b971-a1b8ed3b89c8", "user": "0xa591dd53C7a103486E2873c5F19846252971338e", "createdAt": "2021-05-04T12:26:31.6712", "updatedAt": "2021-05-04T12:26:34.504394", "lastCheckedAt": "2021-05-04T12:26:34.485", "socialVerificationURL": "https://twitter.com/SaintVines/status/1389556924845264898", "verificationText": "I\u2019m on @withFND \ud83c\udf10\n\n0xa591dd53C7a103486E2873c5F19846252971338e\n\nhttps://t.co/AqrSZSTjaa", "userId": "1389294571197186048", "username": "SaintVines", "isValid": true, "service": "TWITTER", "failedReason": null, "status": null}], "instaSocialVerifs": []}, "profileExists": true, "collectors": [], "createdCount": 0}, "__N_SSG": true}, "page": "/[username]", "query": {"username": "0xa591dd53c7a103486e2873c5f19846252971338e"}, "buildId": "fPHzAE9c9nph2AUK0K_6u", "isFallback": false, "dynamicIds": [33196, 55458, 54746], "gsp": true, "scriptLoader": []}