{"props": {"pageProps": {"username": "0x82e8955ad9f096be8b426dbd176f03e89b060d3f", "user": {"userIndex": 14029, "publicKey": "0x82E8955Ad9f096Be8b426dBD176F03e89b060d3f", "username": "heyo", "profileImageUrl": "https://f8n-production.s3.amazonaws.com/creators/profile/6z8mxxvmj-elxx0x-u-400x400-jpg-g3v8ru.jpg", "coverImageUrl": "", "name": "Helen", "bio": "", "isApprovedCreator": false, "moderationStatus": "ACTIVE", "joinedWaitlistAt": null, "createdAt": "2021-03-12T19:40:14.375341", "migratedToUser": null, "isApprovedForMigrationAt": null, "firstName": null, "lastName": null, "isAdmin": false, "links": {"tiktok": {"handle": "", "platform": "tiktok"}, "twitch": {"handle": "", "platform": "twitch"}, "discord": {"handle": "", "platform": "discord"}, "twitter": {"handle": "", "platform": "twitter"}, "website": {"handle": "", "platform": "website"}, "youtube": {"handle": "", "platform": "youtube"}, "facebook": {"handle": "", "platform": "facebook"}, "snapchat": {"handle": "", "platform": "snapchat"}, "instagram": {"handle": "", "platform": "instagram"}}, "acceptedInvite": null, "twitSocialVerifs": [], "instaSocialVerifs": []}, "profileExists": true, "collectors": [], "createdCount": 0}, "__N_SSG": true}, "page": "/[username]", "query": {"username": "0x82e8955ad9f096be8b426dbd176f03e89b060d3f"}, "buildId": "fPHzAE9c9nph2AUK0K_6u", "isFallback": false, "dynamicIds": [33196, 55458, 54746], "gsp": true, "scriptLoader": []}