{"props": {"pageProps": {"username": "0x477763c000408caa32e115942237f1c498e582aa", "user": {"userIndex": 71499, "publicKey": "0x477763c000408caA32E115942237f1C498e582aa", "username": "wordshrine", "profileImageUrl": "https://f8n-production.s3.amazonaws.com/creators/profile/unhyr010o-gvvmzqcm-400x400-jpeg-q9ysmv.jpeg", "coverImageUrl": "https://f8n-production.s3.amazonaws.com/creators/profile/193nqqvgg-83651813-220x218-jpeg-a9ksop.jpeg", "name": "Takumi Ohga", "bio": "I'm based in Japan.\nNow here. Nowhere.", "isApprovedCreator": true, "moderationStatus": "ACTIVE", "joinedWaitlistAt": "2021-05-27T13:39:43.752", "createdAt": "2021-05-27T13:37:48.906349", "migratedToUser": null, "isApprovedForMigrationAt": null, "firstName": null, "lastName": null, "isAdmin": false, "links": {"tiktok": {"handle": "", "platform": "tiktok"}, "twitch": {"handle": "", "platform": "twitch"}, "discord": {"handle": "", "platform": "discord"}, "twitter": {"handle": "", "platform": "twitter"}, "website": {"handle": "", "platform": "website"}, "youtube": {"handle": "", "platform": "youtube"}, "facebook": {"handle": "", "platform": "facebook"}, "snapchat": {"handle": "", "platform": "snapchat"}, "instagram": {"handle": "", "platform": "instagram"}}, "acceptedInvite": {"senderPublicKey": "0x312c732cF86477c3EFE35245595C59E75B038c43", "redeemerPublicKey": "0x477763c000408caA32E115942237f1C498e582aa", "redeemedAt": "2021-05-28T11:05:01.639"}, "twitSocialVerifs": [{"id": "b04e0548-23f6-4373-9490-41145bd7ba37", "user": "0x477763c000408caA32E115942237f1C498e582aa", "createdAt": "2021-05-27T13:39:26.304361", "updatedAt": "2021-05-27T13:39:29.096955", "lastCheckedAt": "2021-05-27T13:39:29.08", "socialVerificationURL": "https://twitter.com/wordshrine/status/1397910150007033859", "verificationText": "I\u2019m on @withFND \ud83c\udf10\n\n0x477763c000408caA32E115942237f1C498e582aa\n\nhttps://t.co/7sDd9HHwoU", "userId": "353506368", "username": "wordshrine", "isValid": true, "service": "TWITTER", "failedReason": null, "status": null}], "instaSocialVerifs": [{"id": "4b69ff8a-6ce9-4eef-9eba-7ad34937f13b", "user": "0x477763c000408caA32E115942237f1C498e582aa", "createdAt": "2021-05-27T13:40:10.242888", "updatedAt": "2021-05-27T13:40:10.242888", "lastCheckedAt": "2021-05-27T13:40:10.19", "socialVerificationURL": null, "verificationText": null, "userId": "17841404546010378", "username": "takumiohga", "isValid": true, "service": "INSTAGRAM", "failedReason": null, "status": null}]}, "profileExists": true, "collectors": [], "createdCount": 0}, "__N_SSG": true}, "page": "/[username]", "query": {"username": "0x477763c000408caa32e115942237f1c498e582aa"}, "buildId": "fPHzAE9c9nph2AUK0K_6u", "isFallback": false, "dynamicIds": [33196, 55458, 54746], "gsp": true, "scriptLoader": []}