{"props": {"pageProps": {"username": "0x36aeaf01b1e11753b25d05cbaa2254abbfc06419", "user": {"userIndex": 26872, "publicKey": "0x36AEaF01b1e11753b25d05Cbaa2254AbBfC06419", "username": "priscillatea", "profileImageUrl": "https://f8n-production.s3.amazonaws.com/creators/profile/wuqiklhb9-secondlife-postcard-4-jpg-7khai7.jpg", "coverImageUrl": "https://f8n-production.s3.amazonaws.com/creators/profile/6h8uvlfbx-secondlife-postcard-4-jpg-12ykvi.jpg", "name": "Priscilla Tea", "bio": "extracts from Second Life abandoned and deactivated worlds \n", "isApprovedCreator": true, "moderationStatus": "ACTIVE", "joinedWaitlistAt": null, "createdAt": "2021-03-25T17:43:16.421779", "migratedToUser": null, "isApprovedForMigrationAt": null, "firstName": null, "lastName": null, "isAdmin": false, "links": {"tiktok": {"handle": "", "platform": "tiktok"}, "twitch": {"handle": "", "platform": "twitch"}, "discord": {"handle": "", "platform": "discord"}, "twitter": {"handle": "", "platform": "twitter"}, "website": {"handle": "", "platform": "website"}, "youtube": {"handle": "", "platform": "youtube"}, "facebook": {"handle": "", "platform": "facebook"}, "snapchat": {"handle": "", "platform": "snapchat"}, "instagram": {"handle": "priscillateav", "platform": "instagram"}}, "acceptedInvite": {"senderPublicKey": "0x093D73E67A500d4C9eD7aEaC217Fd4D956032118", "redeemerPublicKey": "0x36AEaF01b1e11753b25d05Cbaa2254AbBfC06419", "redeemedAt": "2021-03-28T18:31:12.814"}, "twitSocialVerifs": [{"id": "fb929b61-0967-44f6-b025-7b6776e694a6", "user": "0x36AEaF01b1e11753b25d05Cbaa2254AbBfC06419", "createdAt": "2021-03-25T19:27:17.917837", "updatedAt": "2021-03-25T19:27:20.71594", "lastCheckedAt": "2021-03-25T19:27:20.496", "socialVerificationURL": "https://twitter.com/TeaPriscilla/status/1375166999257550852", "verificationText": "I\u2019m on @withFND \ud83c\udf10\n\n0x36AEaF01b1e11753b25d05Cbaa2254AbBfC06419\n\nhttps://t.co/OJS76AEhm3", "userId": "1375164667241304073", "username": "TeaPriscilla", "isValid": true, "service": "TWITTER", "failedReason": null, "status": null}], "instaSocialVerifs": [{"id": "07c2b41a-d182-451a-972e-a0d333be006e", "user": "0x36AEaF01b1e11753b25d05Cbaa2254AbBfC06419", "createdAt": "2021-04-24T20:14:23.508759", "updatedAt": "2021-04-24T20:14:23.508759", "lastCheckedAt": "2021-04-24T20:14:23.507", "socialVerificationURL": null, "verificationText": null, "userId": "17841401294300921", "username": "priscillateav", "isValid": true, "service": "INSTAGRAM", "failedReason": null, "status": null}]}, "profileExists": true, "collectors": [{"userIndex": 2050, "publicKey": "0x4CD6247Ea9bb0f1C004f34e7159efa88E30aABE4", "username": "saraludy", "profileImageUrl": "https://f8n-production.s3.amazonaws.com/creators/profile/po9wod2ay-disc-saraludy2-png-n3qk1l.png", "coverImageUrl": "https://f8n-production.s3.amazonaws.com/creators/profile/23ljsy5wk-cygnusfinal-jpg-myywsg.jpg", "name": "Sara Ludy", "bio": "New Mexico based interdisciplinary artist interested in the nature of immateriality and being. MCA Chicago, Whitney Museum of American Art, Vancouver Art Gallery. Represented by bitforms gallery.", "isApprovedCreator": true, "moderationStatus": "ACTIVE", "joinedWaitlistAt": null, "createdAt": "2021-02-19T17:54:51.667275", "migratedToUser": null, "isApprovedForMigrationAt": null, "follows": [], "highestBidAuctions": [{"endsAt": "2021-04-14T20:44:28"}], "highestBidAuctions_aggregate": {"aggregate": {"count": 1}}}], "createdCount": 0}, "__N_SSG": true}, "page": "/[username]", "query": {"username": "0x36aeaf01b1e11753b25d05cbaa2254abbfc06419"}, "buildId": "fPHzAE9c9nph2AUK0K_6u", "isFallback": false, "dynamicIds": [33196, 55458, 54746], "gsp": true, "scriptLoader": []}