{"props": {"pageProps": {"username": "0xdbc9af0b86644006df192eb7d2d29c6378024aed", "user": {"userIndex": null, "publicKey": "0xdBc9af0b86644006Df192EB7D2d29c6378024aed", "username": null, "profileImageUrl": null, "coverImageUrl": null, "name": null, "bio": null, "isApprovedCreator": false, "moderationStatus": "ACTIVE", "joinedWaitlistAt": null, "createdAt": "2021-05-04T15:29:45.368115", "migratedToUser": null, "isApprovedForMigrationAt": null, "firstName": null, "lastName": null, "isAdmin": false, "links": {}, "acceptedInvite": null, "twitSocialVerifs": [], "instaSocialVerifs": [{"id": "26763e33-25ec-4ef6-9c01-1c80f5243a83", "user": "0xdBc9af0b86644006Df192EB7D2d29c6378024aed", "createdAt": "2021-05-06T12:45:18.170243", "updatedAt": "2021-05-06T12:45:18.170243", "lastCheckedAt": "2021-05-06T12:45:18.169", "socialVerificationURL": null, "verificationText": null, "userId": "17841407515322763", "username": "leo_db1", "isValid": true, "service": "INSTAGRAM", "failedReason": null, "status": null}]}, "profileExists": true, "collectors": [], "createdCount": 0}, "__N_SSG": true}, "page": "/[username]", "query": {"username": "0xdbc9af0b86644006df192eb7d2d29c6378024aed"}, "buildId": "fPHzAE9c9nph2AUK0K_6u", "isFallback": false, "dynamicIds": [33196, 55458, 54746], "gsp": true, "scriptLoader": []}