{"props": {"pageProps": {"username": "0x60b1ba983db2d4e1b7f13329638f1a3d50a12885", "user": {"userIndex": 37517, "publicKey": "0x60b1bA983dB2d4E1b7F13329638F1a3D50A12885", "username": "polcovodec", "profileImageUrl": "https://f8n-production.s3.amazonaws.com/creators/profile/evuhx200g-img-6692-png-mwuctm.PNG", "coverImageUrl": "https://f8n-production.s3.amazonaws.com/creators/profile/pk429205t-img-6695-png-c2wq1v.PNG", "name": "Sofia Suvorova", "bio": "Artist.\nAfter each incident that happened with us, images remain from it, my goal is to let them through the prism of perception and launch them to the  further communication with the world.", "isApprovedCreator": true, "moderationStatus": "ACTIVE", "joinedWaitlistAt": null, "createdAt": "2021-04-04T19:38:23.430586", "migratedToUser": null, "isApprovedForMigrationAt": null, "firstName": null, "lastName": null, "isAdmin": false, "links": {"tiktok": {"handle": "", "platform": "tiktok"}, "twitch": {"handle": "", "platform": "twitch"}, "discord": {"handle": "", "platform": "discord"}, "twitter": {"handle": "", "platform": "twitter"}, "website": {"handle": "", "platform": "website"}, "youtube": {"handle": "", "platform": "youtube"}, "facebook": {"handle": "", "platform": "facebook"}, "snapchat": {"handle": "", "platform": "snapchat"}, "instagram": {"handle": "_polcovodec_?igshid=g5bu93t5gsx5", "platform": "instagram"}}, "acceptedInvite": {"senderPublicKey": "0xC6d5C15A33B44EfDf601E706A10DD2F2abABDE88", "redeemerPublicKey": "0x60b1bA983dB2d4E1b7F13329638F1a3D50A12885", "redeemedAt": "2021-04-04T19:38:45.329"}, "twitSocialVerifs": [{"id": "73b6ee2c-65c2-44f1-82f9-04c45dc129ea", "user": "0x60b1bA983dB2d4E1b7F13329638F1a3D50A12885", "createdAt": "2021-04-05T09:22:45.770533", "updatedAt": "2021-04-05T09:22:47.902971", "lastCheckedAt": "2021-04-05T09:22:47.787", "socialVerificationURL": "https://twitter.com/polcovodec/status/1379001371857457156?s=21", "verificationText": "0x60b1bA983dB2d4E1b7F13329638F1a3D50A12885", "userId": "1289123713754042368", "username": "polcovodec", "isValid": true, "service": "TWITTER", "failedReason": null, "status": null}], "instaSocialVerifs": []}, "profileExists": true, "collectors": [], "createdCount": 0}, "__N_SSG": true}, "page": "/[username]", "query": {"username": "0x60b1ba983db2d4e1b7f13329638f1a3d50a12885"}, "buildId": "fPHzAE9c9nph2AUK0K_6u", "isFallback": false, "dynamicIds": [33196, 55458, 54746], "gsp": true, "scriptLoader": []}