{"props": {"pageProps": {"username": "0x98258bd28ade46efddc820e06f2a7b13a7ed8ca4", "user": {"userIndex": 59646, "publicKey": "0x98258bD28Ade46EFddc820e06f2A7b13A7ED8ca4", "username": "tanstar", "profileImageUrl": "https://f8n-production.s3.amazonaws.com/creators/profile/4pkrtqfvu-trim-03b9016d-61f6-4f72-a508-e794fc140e69-gif-dtx0tt.gif", "coverImageUrl": "https://f8n-production.s3.amazonaws.com/creators/profile/onyy6qz7p-img-0821-gif-u7wgu3.GIF", "name": "Tan-staR", "bio": "Here is Tan-staR . Digital & Craft Artist\nIndependent Illustrator and Animator\npassioned by Digital painting, animation and craft things.\nBKK, Thailand.", "isApprovedCreator": true, "moderationStatus": "ACTIVE", "joinedWaitlistAt": null, "createdAt": "2021-05-02T11:09:58.841081", "migratedToUser": null, "isApprovedForMigrationAt": null, "firstName": null, "lastName": null, "isAdmin": false, "links": {"tiktok": {"handle": "", "platform": "tiktok"}, "twitch": {"handle": "", "platform": "twitch"}, "discord": {"handle": "", "platform": "discord"}, "twitter": {"handle": "", "platform": "twitter"}, "website": {"handle": "https://linktr.ee/TanstaR", "platform": "website"}, "youtube": {"handle": "https://www.youtube.com/TanstaRChannel", "platform": "youtube"}, "facebook": {"handle": "tanstar.artist", "platform": "facebook"}, "snapchat": {"handle": "", "platform": "snapchat"}, "instagram": {"handle": "", "platform": "instagram"}}, "acceptedInvite": {"senderPublicKey": "0x576F98239A71c53CF0a748E7b78240311D9629EE", "redeemerPublicKey": "0x98258bD28Ade46EFddc820e06f2A7b13A7ED8ca4", "redeemedAt": "2021-05-05T15:30:38.502"}, "twitSocialVerifs": [{"id": "c4275ca9-152b-4585-af90-7f09c83040dd", "user": "0x98258bD28Ade46EFddc820e06f2A7b13A7ED8ca4", "createdAt": "2021-05-03T03:58:25.588559", "updatedAt": "2021-05-03T03:58:27.88085", "lastCheckedAt": "2021-05-03T03:58:27.867", "socialVerificationURL": "https://twitter.com/TanStar_Artist/status/1389066758204493828", "verificationText": "I\u2019m on @withFND \ud83c\udf10\n\n0x98258bD28Ade46EFddc820e06f2A7b13A7ED8ca4\n\nhttps://t.co/tnZO9HoWGE", "userId": "3071818261", "username": "TanStar_Artist", "isValid": true, "service": "TWITTER", "failedReason": null, "status": null}], "instaSocialVerifs": [{"id": "4316c7f3-d7ba-445e-ba34-1fe007fb6cc8", "user": "0x98258bD28Ade46EFddc820e06f2A7b13A7ED8ca4", "createdAt": "2021-05-03T03:59:33.631023", "updatedAt": "2021-05-03T03:59:33.631023", "lastCheckedAt": "2021-05-03T03:59:33.607", "socialVerificationURL": null, "verificationText": null, "userId": "17841400204950912", "username": "tanstar.artist", "isValid": true, "service": "INSTAGRAM", "failedReason": null, "status": null}]}, "profileExists": true, "collectors": [{"userIndex": 80497, "publicKey": "0x0598620A3C6F8452D3ee3307ad031bdf30ACc745", "username": "prizepool", "profileImageUrl": "https://f8n-production.s3.amazonaws.com/creators/profile/46zcyt2jg-coolcat9903-png-clrn83.png", "coverImageUrl": "https://f8n-production.s3.amazonaws.com/creators/profile/w6dkqkdfn-pure-black-background-f82588d3-jpeg-l5yulp.jpeg", "name": "prizepool", "bio": "", "isApprovedCreator": false, "moderationStatus": "ACTIVE", "joinedWaitlistAt": null, "createdAt": "2021-06-05T03:20:49.202632", "migratedToUser": null, "isApprovedForMigrationAt": null, "follows": [], "highestBidAuctions": [{"endsAt": "2021-06-25T03:59:47"}], "highestBidAuctions_aggregate": {"aggregate": {"count": 1}}}, {"userIndex": null, "publicKey": "0x0607872835786Ec7E8C52292F505c64E9FbA62F4", "username": null, "profileImageUrl": null, "coverImageUrl": null, "name": null, "bio": null, "isApprovedCreator": false, "moderationStatus": "ACTIVE", "joinedWaitlistAt": null, "createdAt": "2021-07-11T16:24:34.07039", "migratedToUser": null, "isApprovedForMigrationAt": null, "follows": [], "highestBidAuctions": [{"endsAt": "2021-07-11T16:50:26"}], "highestBidAuctions_aggregate": {"aggregate": {"count": 1}}}, {"userIndex": 39731, "publicKey": "0x29Df79e64c43CcAF0F3bcB24a896fcb4Ed8c0058", "username": "bkvoxel", "profileImageUrl": "https://f8n-production.s3.amazonaws.com/creators/profile/oqupyu6l2-2-gif-uofdrg.gif", "coverImageUrl": "https://f8n-production.s3.amazonaws.com/creators/profile/y0c9mgpkq-snap2021-03-26-02-05-28-png-ahctp6.png", "name": "bkvoxel", "bio": "Voxel Artist;\n\nhold the lovely world in our hands.", "isApprovedCreator": true, "moderationStatus": "ACTIVE", "joinedWaitlistAt": null, "createdAt": "2021-03-16T16:49:13.188151", "migratedToUser": null, "isApprovedForMigrationAt": null, "follows": [], "highestBidAuctions": [{"endsAt": "2021-06-13T13:26:51"}], "highestBidAuctions_aggregate": {"aggregate": {"count": 1}}}, {"userIndex": 15697, "publicKey": "0x2Debdf4427CcBcfDbC7f29D63964499a0ec184F6", "username": "krybharat", "profileImageUrl": "https://f8n-production.s3.amazonaws.com/creators/profile/4hf80pzao-revolution-jpeg-4620f2.jpeg", "coverImageUrl": "", "name": "Bharat Krymo", "bio": "", "isApprovedCreator": false, "moderationStatus": "ACTIVE", "joinedWaitlistAt": null, "createdAt": "2021-03-13T13:07:45.934968", "migratedToUser": null, "isApprovedForMigrationAt": null, "follows": [], "highestBidAuctions": [{"endsAt": "2021-06-25T20:16:51"}], "highestBidAuctions_aggregate": {"aggregate": {"count": 1}}}, {"userIndex": 5397, "publicKey": "0x4cCc0AA065A37A3589e2Db6E165d2f8F522E9FA2", "username": "archannair", "profileImageUrl": "https://f8n-production.s3.amazonaws.com/creators/profile/8mbzidbpf-379-jpg-6x9kqn.jpg", "coverImageUrl": "https://f8n-production.s3.amazonaws.com/creators/profile/j1y21nfts-cover-jpg-i3ys12.jpg", "name": "Archan Nair", "bio": "Digital Artist / Illustrator based in Berlin, Germany. Moving through the symphony of this cosmical projection.", "isApprovedCreator": true, "moderationStatus": "ACTIVE", "joinedWaitlistAt": null, "createdAt": "2021-03-01T18:36:08.13535", "migratedToUser": null, "isApprovedForMigrationAt": null, "follows": [], "highestBidAuctions": [{"endsAt": "2021-06-12T09:18:47"}], "highestBidAuctions_aggregate": {"aggregate": {"count": 1}}}, {"userIndex": 80498, "publicKey": "0xF0Dcc90502e75B9cB0b694f71ABa77b0a1870124", "username": "SiDec", "profileImageUrl": "https://f8n-production.s3.amazonaws.com/creators/profile/t1i44wsix-dsc1935-1-blurb-w-1-1-jpg-lifsye.jpg", "coverImageUrl": "https://f8n-production.s3.amazonaws.com/creators/profile/v7015ys8o-dsc4143-jpg-tv5cu1.jpg", "name": "SiDec", "bio": "Digital Art Collector. Passionate Photographer/Videographer. ", "isApprovedCreator": true, "moderationStatus": "ACTIVE", "joinedWaitlistAt": "2021-06-26T22:35:48.436", "createdAt": "2021-06-24T17:48:10.011228", "migratedToUser": null, "isApprovedForMigrationAt": null, "follows": [], "highestBidAuctions": [{"endsAt": "2021-06-26T19:33:40"}], "highestBidAuctions_aggregate": {"aggregate": {"count": 1}}}], "createdCount": 0}, "__N_SSG": true}, "page": "/[username]", "query": {"username": "0x98258bd28ade46efddc820e06f2a7b13a7ed8ca4"}, "buildId": "fPHzAE9c9nph2AUK0K_6u", "isFallback": false, "dynamicIds": [33196, 55458, 54746], "gsp": true, "scriptLoader": []}