{"props": {"pageProps": {"username": "0x7c5db18fe5954a14715507c8a01faba69aa770d3", "user": {"userIndex": 20690, "publicKey": "0x7c5dB18Fe5954a14715507c8a01FabA69AA770D3", "username": "artoftheinfinite", "profileImageUrl": "https://f8n-production.s3.amazonaws.com/creators/profile/pdkuu8mfm-punk-909-png-uhk43z.png", "coverImageUrl": "https://f8n-production.s3.amazonaws.com/creators/profile/onb5ph6z7-openseacoverinfinite2-jpg-z1cxvz.jpg", "name": "Art of the Infinite", "bio": "", "isApprovedCreator": false, "moderationStatus": "ACTIVE", "joinedWaitlistAt": null, "createdAt": "2021-03-20T21:12:42.535967", "migratedToUser": null, "isApprovedForMigrationAt": null, "firstName": null, "lastName": null, "isAdmin": false, "links": {"tiktok": {"handle": "", "platform": "tiktok"}, "twitch": {"handle": "", "platform": "twitch"}, "discord": {"handle": "", "platform": "discord"}, "twitter": {"handle": "@artoftheinfinte", "platform": "twitter"}, "website": {"handle": "", "platform": "website"}, "youtube": {"handle": "", "platform": "youtube"}, "facebook": {"handle": "", "platform": "facebook"}, "snapchat": {"handle": "", "platform": "snapchat"}, "instagram": {"handle": "", "platform": "instagram"}}, "acceptedInvite": null, "twitSocialVerifs": [], "instaSocialVerifs": []}, "profileExists": true, "collectors": [], "createdCount": 0}, "__N_SSG": true}, "page": "/[username]", "query": {"username": "0x7c5db18fe5954a14715507c8a01faba69aa770d3"}, "buildId": "fPHzAE9c9nph2AUK0K_6u", "isFallback": false, "dynamicIds": [33196, 55458, 54746], "gsp": true, "scriptLoader": []}