{"props": {"pageProps": {"username": "0x01ba3fc513c31518cce697dabd6c5169c45485e9", "user": {"userIndex": 16086, "publicKey": "0x01BA3Fc513C31518cce697daBd6c5169C45485E9", "username": "JBG", "profileImageUrl": "https://f8n-production.s3.amazonaws.com/creators/profile/lqi9p6ofw-117653543-848239738916716-1738301633585028650-n-jpg-chtvd2.jpg", "coverImageUrl": "https://f8n-production.s3.amazonaws.com/creators/profile/pcvtkvuf2-triangle-jpg-1oham1.jpg", "name": "Joachim Br\u00fcel Gerber", "bio": "Started freelancing in 3D art around 12 years ago, after i spend most of my time self educating in 3D software. I started learning 3D because of my passion and everlasting love for games. ", "isApprovedCreator": true, "moderationStatus": "ACTIVE", "joinedWaitlistAt": "2021-03-22T23:15:04.663", "createdAt": "2021-03-15T08:27:48.776259", "migratedToUser": null, "isApprovedForMigrationAt": null, "firstName": null, "lastName": null, "isAdmin": false, "links": {"tiktok": {"handle": "", "platform": "tiktok"}, "twitch": {"handle": "", "platform": "twitch"}, "discord": {"handle": "JoachimGerber#9347", "platform": "discord"}, "twitter": {"handle": "JoachimGerber", "platform": "twitter"}, "website": {"handle": "", "platform": "website"}, "youtube": {"handle": "", "platform": "youtube"}, "facebook": {"handle": "", "platform": "facebook"}, "snapchat": {"handle": "", "platform": "snapchat"}, "instagram": {"handle": "jbgerber", "platform": "instagram"}}, "acceptedInvite": {"senderPublicKey": "0xEA022Fb4E581B13d571a38A9863cD55A61869eFe", "redeemerPublicKey": "0x01BA3Fc513C31518cce697daBd6c5169C45485E9", "redeemedAt": "2021-03-24T10:02:54.139"}, "twitSocialVerifs": [{"id": "a295c879-faff-4194-9e37-faed53670c52", "user": "0x01BA3Fc513C31518cce697daBd6c5169C45485E9", "createdAt": "2021-03-15T09:20:25.94992", "updatedAt": "2021-03-15T09:20:28.985865", "lastCheckedAt": "2021-03-15T09:20:28.947", "socialVerificationURL": "https://twitter.com/JoachimGerber/status/1371390715259916293", "verificationText": "I\u2019m on @withFND \ud83c\udf10\n\n0x01BA3Fc513C31518cce697daBd6c5169C45485E9\n\nhttps://t.co/yOVKn8nYPE", "userId": "294255460", "username": "JoachimGerber", "isValid": true, "service": "TWITTER", "failedReason": null, "status": null}], "instaSocialVerifs": []}, "profileExists": true, "collectors": [], "createdCount": 0}, "__N_SSG": true}, "page": "/[username]", "query": {"username": "0x01ba3fc513c31518cce697dabd6c5169c45485e9"}, "buildId": "fPHzAE9c9nph2AUK0K_6u", "isFallback": false, "dynamicIds": [33196, 55458, 54746], "gsp": true, "scriptLoader": []}