{"props": {"pageProps": {"username": "0x4b468644cbb3390a1a238beaa23131bfd28d8565", "user": {"userIndex": 59242, "publicKey": "0x4B468644Cbb3390a1A238bEAa23131bfd28d8565", "username": "Rufatm", "profileImageUrl": "https://f8n-production.s3.amazonaws.com/creators/profile/wysi3t1c1-rufat-melikov-2-jpg-s494u2.jpg", "coverImageUrl": "https://f8n-production.s3.amazonaws.com/creators/profile/ls43kyxu4-rufat-melikov-111111-jpg-89y3xu.jpg", "name": "Rufat Melikov", "bio": "I love creating art in 3D ! Love create something new to the world ! Wish you will like my art !", "isApprovedCreator": true, "moderationStatus": "ACTIVE", "joinedWaitlistAt": "2021-04-29T21:42:33.536", "createdAt": "2021-04-29T21:40:26.804254", "migratedToUser": null, "isApprovedForMigrationAt": null, "firstName": null, "lastName": null, "isAdmin": false, "links": {"tiktok": {"handle": "", "platform": "tiktok"}, "twitch": {"handle": "", "platform": "twitch"}, "discord": {"handle": "Rufatm#3310", "platform": "discord"}, "twitter": {"handle": "", "platform": "twitter"}, "website": {"handle": "", "platform": "website"}, "youtube": {"handle": "", "platform": "youtube"}, "facebook": {"handle": "https://www.facebook.com/rufat.melikov.758/", "platform": "facebook"}, "snapchat": {"handle": "", "platform": "snapchat"}, "instagram": {"handle": "", "platform": "instagram"}}, "acceptedInvite": {"senderPublicKey": "0xf34D62360a222966d088ff08aeDE5B957bda61Eb", "redeemerPublicKey": "0x4B468644Cbb3390a1A238bEAa23131bfd28d8565", "redeemedAt": "2021-05-04T19:11:10.002"}, "twitSocialVerifs": [{"id": "51c90baf-c0ff-4781-835a-9f5e8ed0aec9", "user": "0x4B468644Cbb3390a1A238bEAa23131bfd28d8565", "createdAt": "2021-05-01T17:31:25.984024", "updatedAt": "2021-05-01T17:31:29.199566", "lastCheckedAt": "2021-05-01T17:31:29.179", "socialVerificationURL": "https://twitter.com/rufatm1/status/1388546415979282438", "verificationText": "I\u2019m on @withFND \ud83c\udf10\n\n0x4B468644Cbb3390a1A238bEAa23131bfd28d8565\n\nhttps://t.co/qqMrkiSU4p", "userId": "2637775976", "username": "rufatm1", "isValid": true, "service": "TWITTER", "failedReason": null, "status": null}], "instaSocialVerifs": [{"id": "ae7e8270-d634-4518-a7ed-654ecc18f165", "user": "0x4B468644Cbb3390a1A238bEAa23131bfd28d8565", "createdAt": "2021-04-29T21:42:26.476685", "updatedAt": "2021-04-29T21:42:26.476685", "lastCheckedAt": "2021-04-29T21:42:26.444", "socialVerificationURL": null, "verificationText": null, "userId": "17841414305575435", "username": "rufatmelikov3d", "isValid": true, "service": "INSTAGRAM", "failedReason": null, "status": null}]}, "profileExists": true, "collectors": [], "createdCount": 0}, "__N_SSG": true}, "page": "/[username]", "query": {"username": "0x4b468644cbb3390a1a238beaa23131bfd28d8565"}, "buildId": "fPHzAE9c9nph2AUK0K_6u", "isFallback": false, "dynamicIds": [33196, 55458, 54746], "gsp": true, "scriptLoader": []}