{"props": {"pageProps": {"username": "0x5ea9cf0fda4acf0712841ea5923854b75efe5e80", "user": {"userIndex": 66896, "publicKey": "0x5EA9CF0FDA4aCF0712841Ea5923854B75EFe5E80", "username": "ad_strauss", "profileImageUrl": "https://f8n-production.s3.amazonaws.com/creators/profile/g1hovx9t0-studiostrauss-jpg-e2xsk2.jpg", "coverImageUrl": "https://f8n-production.s3.amazonaws.com/creators/profile/09q8k6dg0-studio-strauss-jpg-sk8exw.jpg", "name": "Andrew Strauss", "bio": "designer/artist \u2014 aiming to examine and portray the complexities of nature with brutal simplicity \u2014 #generativeart #graphicdesign and #printmaking.", "isApprovedCreator": true, "moderationStatus": "ACTIVE", "joinedWaitlistAt": null, "createdAt": "2021-05-15T05:10:39.213333", "migratedToUser": null, "isApprovedForMigrationAt": null, "firstName": null, "lastName": null, "isAdmin": false, "links": {"tiktok": {"handle": "", "platform": "tiktok"}, "twitch": {"handle": "", "platform": "twitch"}, "discord": {"handle": "", "platform": "discord"}, "twitter": {"handle": "", "platform": "twitter"}, "website": {"handle": "studiostrauss.com.au", "platform": "website"}, "youtube": {"handle": "", "platform": "youtube"}, "facebook": {"handle": "", "platform": "facebook"}, "snapchat": {"handle": "", "platform": "snapchat"}, "instagram": {"handle": "", "platform": "instagram"}}, "acceptedInvite": {"senderPublicKey": "0x37CCc07941E9601dbE904E623F0c45B6c9A25bac", "redeemerPublicKey": "0x5EA9CF0FDA4aCF0712841Ea5923854B75EFe5E80", "redeemedAt": "2021-05-15T05:10:48.458"}, "twitSocialVerifs": [], "instaSocialVerifs": [{"id": "e6694a4e-a9e7-4bfa-a68a-ed8376ee05b2", "user": "0x5EA9CF0FDA4aCF0712841Ea5923854B75EFe5E80", "createdAt": "2021-05-15T09:32:18.168518", "updatedAt": "2021-05-15T09:32:18.168518", "lastCheckedAt": "2021-05-15T09:32:18.166", "socialVerificationURL": null, "verificationText": null, "userId": "17841439736931914", "username": "ad_strauss", "isValid": true, "service": "INSTAGRAM", "failedReason": null, "status": null}]}, "profileExists": true, "collectors": [{"userIndex": 2295, "publicKey": "0x096FF32a5cbA0C28D4E494e6d880aCe38f9FD1De", "username": "msalisbu", "profileImageUrl": "https://f8n-production.s3.amazonaws.com/creators/profile/gzjfewkls-8jkfsbn2-400x400-jpg-wkzx23.jpg", "coverImageUrl": "https://f8n-production.s3.amazonaws.com/creators/profile/h5cgoepvh-ezgif-com-gif-maker-5-gif-jj02g1.gif", "name": "Michael Salisbury", "bio": "Photographer and DevOps director. Focusing on surrealism by using practical effects to create dystopian/futuristic city landscapes. Exploring the NFT space as a photographer.\n", "isApprovedCreator": true, "moderationStatus": "ACTIVE", "joinedWaitlistAt": "2021-03-23T02:08:39.71", "createdAt": "2021-02-20T15:21:05.532448", "migratedToUser": null, "isApprovedForMigrationAt": null, "follows": [], "highestBidAuctions": [{"endsAt": "2021-05-26T18:40:16"}], "highestBidAuctions_aggregate": {"aggregate": {"count": 1}}}, {"userIndex": 72645, "publicKey": "0x104c34793f0c74D8f19feCae23E549F74748f003", "username": "davidgale", "profileImageUrl": "https://f8n-production.s3.amazonaws.com/creators/profile/v0rmlknfu-21751817-10208119044008601-5572555274206941118-n-jpg-klx7e6.jpg", "coverImageUrl": "https://f8n-production.s3.amazonaws.com/creators/profile/ok1mjdrjg-cattle-auction-nebraska-jpg-sky2pc.jpg", "name": "David Gale", "bio": "", "isApprovedCreator": false, "moderationStatus": "ACTIVE", "joinedWaitlistAt": null, "createdAt": "2021-05-27T01:28:59.279343", "migratedToUser": null, "isApprovedForMigrationAt": null, "follows": [], "highestBidAuctions": [{"endsAt": "2021-05-28T03:28:45"}], "highestBidAuctions_aggregate": {"aggregate": {"count": 1}}}, {"userIndex": 65335, "publicKey": "0xC9e14871C4b572B893121c0d9078ac53c9f73b61", "username": "Art_trA", "profileImageUrl": "https://f8n-production.s3.amazonaws.com/creators/profile/2j4uu2dds-mr-30-0-jpg-yvj0r3.jpg", "coverImageUrl": "https://f8n-production.s3.amazonaws.com/creators/profile/2h8uo274j-unnamed-jpg-f6k1sp.jpg", "name": "Art_trA", "bio": "Art and NFT collector", "isApprovedCreator": false, "moderationStatus": "ACTIVE", "joinedWaitlistAt": null, "createdAt": "2021-05-11T10:16:02.429397", "migratedToUser": null, "isApprovedForMigrationAt": null, "follows": [], "highestBidAuctions": [{"endsAt": "2021-05-28T20:18:45"}], "highestBidAuctions_aggregate": {"aggregate": {"count": 1}}}, {"userIndex": 41662, "publicKey": "0xDf550DE6a4Bd8BEC2cf986f05668FA5178f755d6", "username": "what", "profileImageUrl": "https://f8n-production.s3.amazonaws.com/creators/profile/v5bcopruf-b27fbadb-850e-4162-9d17-9734100cb15e-jpeg-m7bolc.jpeg", "coverImageUrl": "", "name": "marc", "bio": "Lead Recruiter @ Foundation", "isApprovedCreator": true, "moderationStatus": "ACTIVE", "joinedWaitlistAt": null, "createdAt": "2021-04-09T00:48:17.232766", "migratedToUser": null, "isApprovedForMigrationAt": null, "follows": [], "highestBidAuctions": [{"endsAt": "2021-05-27T18:51:01"}], "highestBidAuctions_aggregate": {"aggregate": {"count": 1}}}], "createdCount": 0}, "__N_SSG": true}, "page": "/[username]", "query": {"username": "0x5ea9cf0fda4acf0712841ea5923854b75efe5e80"}, "buildId": "fPHzAE9c9nph2AUK0K_6u", "isFallback": false, "dynamicIds": [33196, 55458, 54746], "gsp": true, "scriptLoader": []}