{"props": {"pageProps": {"username": "0x736dde3e0f5c588ddc53ad7f0f65667c0cca2801", "user": {"userIndex": 32365, "publicKey": "0x736DdE3E0F5c588dDC53ad7f0F65667C0Cca2801", "username": "LTCrandog", "profileImageUrl": "", "coverImageUrl": "", "name": "LTCrandog", "bio": "", "isApprovedCreator": false, "moderationStatus": "ACTIVE", "joinedWaitlistAt": null, "createdAt": "2021-03-30T19:28:16.15251", "migratedToUser": null, "isApprovedForMigrationAt": null, "firstName": null, "lastName": null, "isAdmin": false, "links": {"tiktok": {"handle": "", "platform": "tiktok"}, "twitch": {"handle": "", "platform": "twitch"}, "discord": {"handle": "", "platform": "discord"}, "twitter": {"handle": "", "platform": "twitter"}, "website": {"handle": "", "platform": "website"}, "youtube": {"handle": "", "platform": "youtube"}, "facebook": {"handle": "", "platform": "facebook"}, "snapchat": {"handle": "", "platform": "snapchat"}, "instagram": {"handle": "", "platform": "instagram"}}, "acceptedInvite": null, "twitSocialVerifs": [{"id": "b23aa4da-5b13-4a41-930a-b187a8145329", "user": "0x736DdE3E0F5c588dDC53ad7f0F65667C0Cca2801", "createdAt": "2021-03-30T19:39:30.779513", "updatedAt": "2021-03-30T19:39:35.124448", "lastCheckedAt": "2021-03-30T19:39:35.067", "socialVerificationURL": "https://twitter.com/LtCrandog/status/1376982409674174465", "verificationText": "I\u2019m on @withFND \ud83c\udf10\n\n0x736DdE3E0F5c588dDC53ad7f0F65667C0Cca2801\n\nhttps://t.co/crh1kboNkc", "userId": "2858975001", "username": "LtCrandog", "isValid": true, "service": "TWITTER", "failedReason": null, "status": null}], "instaSocialVerifs": []}, "profileExists": true, "collectors": [], "createdCount": 0}, "__N_SSG": true}, "page": "/[username]", "query": {"username": "0x736dde3e0f5c588ddc53ad7f0f65667c0cca2801"}, "buildId": "fPHzAE9c9nph2AUK0K_6u", "isFallback": false, "dynamicIds": [33196, 55458, 54746], "gsp": true, "scriptLoader": []}