{"props": {"pageProps": {"username": "0x087d67b3782e849fe3dfdef4173501a1a0526ecf", "user": {"userIndex": 8624, "publicKey": "0x087D67b3782E849fE3DFdeF4173501a1A0526ECf", "username": "georgieyana", "profileImageUrl": "https://f8n-production.s3.amazonaws.com/creators/profile/psqufqp2y-georgie-yiannoullou-jpg-5ge7j3.jpg", "coverImageUrl": "https://f8n-production.s3.amazonaws.com/creators/profile/atgnhgcm5-artboard-1-jpg-nddnb0.jpg", "name": "Georgie Yana", "bio": "Motion Graphics Designer & Art Director based on the outskirts of London in Essex. I experiment with kinetic typography in both 2D & 3D forms. ", "isApprovedCreator": true, "moderationStatus": "ACTIVE", "joinedWaitlistAt": null, "createdAt": "2021-03-06T17:42:50.242129", "migratedToUser": null, "isApprovedForMigrationAt": null, "firstName": null, "lastName": null, "isAdmin": false, "links": {"tiktok": {"handle": "", "platform": "tiktok"}, "twitch": {"handle": "", "platform": "twitch"}, "discord": {"handle": "georgieyana#1405", "platform": "discord"}, "twitter": {"handle": "georgieyana", "platform": "twitter"}, "website": {"handle": "www.georgieyana.com", "platform": "website"}, "youtube": {"handle": "www.youtube.com/georgieyana", "platform": "youtube"}, "facebook": {"handle": "", "platform": "facebook"}, "snapchat": {"handle": "", "platform": "snapchat"}, "instagram": {"handle": "georgieyanadesign", "platform": "instagram"}}, "acceptedInvite": {"senderPublicKey": "0x294478413aF24Af91AA3E9645f3567C91C599184", "redeemerPublicKey": "0x087D67b3782E849fE3DFdeF4173501a1A0526ECf", "redeemedAt": "2021-03-06T17:42:55.049"}, "twitSocialVerifs": [{"id": "67c966b4-92e5-40c4-9f6d-ac83b95f08ef", "user": "0x087D67b3782E849fE3DFdeF4173501a1A0526ECf", "createdAt": "2021-03-22T14:25:25.306073", "updatedAt": "2021-03-22T14:25:26.437976", "lastCheckedAt": "2021-03-22T14:25:26.416", "socialVerificationURL": "https://twitter.com/georgieyana/status/1374004230596481025?s=20", "verificationText": "I\u2019m on @withFND \ud83c\udf10\n\n0x087D67b3782E849fE3DFdeF4173501a1A0526ECf\n\nhttps://t.co/BRWHQq6ZIU", "userId": "422051442", "username": "georgieyana", "isValid": true, "service": "TWITTER", "failedReason": null, "status": null}], "instaSocialVerifs": [{"id": "29453b0d-91de-43f5-896d-4e0415bdc809", "user": "0x087D67b3782E849fE3DFdeF4173501a1A0526ECf", "createdAt": "2021-04-20T11:10:08.788105", "updatedAt": "2021-04-20T11:10:08.788105", "lastCheckedAt": "2021-04-20T11:10:08.786", "socialVerificationURL": null, "verificationText": null, "userId": "17841400591321611", "username": "georgieyanadesign", "isValid": true, "service": "INSTAGRAM", "failedReason": null, "status": null}]}, "profileExists": true, "collectors": [{"userIndex": 9666, "publicKey": "0x007880443b595eb375ab6b6566ad9A52630659Ff", "username": "007", "profileImageUrl": "https://f8n-production.s3.amazonaws.com/creators/profile/g8250ettw-nftart007-png-j8p35g.png", "coverImageUrl": "https://f8n-production.s3.amazonaws.com/creators/profile/yiipqtmig-zaxxonarcade-gif-er0m96.gif", "name": "007", "bio": "OG NFT Collector", "isApprovedCreator": false, "moderationStatus": "ACTIVE", "joinedWaitlistAt": null, "createdAt": "2021-02-25T17:32:48.14447", "migratedToUser": null, "isApprovedForMigrationAt": null, "follows": [], "highestBidAuctions": [{"endsAt": "2021-03-09T09:35:08"}], "highestBidAuctions_aggregate": {"aggregate": {"count": 1}}}, {"userIndex": null, "publicKey": "0x6301Add4fb128de9778B8651a2a9278B86761423", "username": null, "profileImageUrl": null, "coverImageUrl": null, "name": null, "bio": null, "isApprovedCreator": false, "moderationStatus": "ACTIVE", "joinedWaitlistAt": null, "createdAt": "2021-02-15T19:29:49.569976", "migratedToUser": null, "isApprovedForMigrationAt": null, "follows": [], "highestBidAuctions": [{"endsAt": "2021-03-29T22:51:52"}], "highestBidAuctions_aggregate": {"aggregate": {"count": 1}}}, {"userIndex": 17130, "publicKey": "0xbE4f00Ec8416e1D20e62281BffaF1814A386CB3E", "username": "babbitt99", "profileImageUrl": "https://f8n-production.s3.amazonaws.com/creators/profile/cyhq665f9-2021-avatar-jpg-7sxkm1.JPG", "coverImageUrl": "", "name": "Helge", "bio": "Berlin", "isApprovedCreator": false, "moderationStatus": "ACTIVE", "joinedWaitlistAt": null, "createdAt": "2021-03-16T10:42:26.093804", "migratedToUser": null, "isApprovedForMigrationAt": null, "follows": [], "highestBidAuctions": [{"endsAt": "2021-04-17T22:12:51"}], "highestBidAuctions_aggregate": {"aggregate": {"count": 1}}}], "createdCount": 0}, "__N_SSG": true}, "page": "/[username]", "query": {"username": "0x087d67b3782e849fe3dfdef4173501a1a0526ecf"}, "buildId": "fPHzAE9c9nph2AUK0K_6u", "isFallback": false, "dynamicIds": [33196, 55458, 54746], "gsp": true, "scriptLoader": []}