{"props": {"pageProps": {"username": "0xe9f264cda8cfebe0e3765cf43317342ec0ea5bb2", "user": {"userIndex": 6268, "publicKey": "0xE9f264cDa8cFeBE0e3765CF43317342ec0eA5Bb2", "username": "OmarElshall", "profileImageUrl": "https://f8n-production.s3.amazonaws.com/creators/profile/nbdqfozsv-pink-pfp-png-likave.png", "coverImageUrl": "https://f8n-production.s3.amazonaws.com/creators/profile/9hiebf817-twitch-header-png-cngahw.png", "name": "Omar Elshall", "bio": "Hi, I'm Omar Elshall a graphic designer and pixel artist.", "isApprovedCreator": true, "moderationStatus": "ACTIVE", "joinedWaitlistAt": null, "createdAt": "2021-03-03T12:35:36.889879", "migratedToUser": null, "isApprovedForMigrationAt": null, "firstName": null, "lastName": null, "isAdmin": false, "links": {"tiktok": {"handle": "", "platform": "tiktok"}, "twitch": {"handle": "omarelshali", "platform": "twitch"}, "discord": {"handle": "Omar ElShall#4165", "platform": "discord"}, "twitter": {"handle": "DesignsByOmar", "platform": "twitter"}, "website": {"handle": "https://www.omarelshall.com/", "platform": "website"}, "youtube": {"handle": "https://www.youtube.com/channel/UCOEnwk1sbGqKCtvRtpQFQwQ", "platform": "youtube"}, "facebook": {"handle": "", "platform": "facebook"}, "snapchat": {"handle": "", "platform": "snapchat"}, "instagram": {"handle": "", "platform": "instagram"}}, "acceptedInvite": {"senderPublicKey": "0xAE4B19556b24157BE2dC459048A0E1DDBfd3B4C8", "redeemerPublicKey": "0xE9f264cDa8cFeBE0e3765CF43317342ec0eA5Bb2", "redeemedAt": "2021-03-06T21:45:58.083"}, "twitSocialVerifs": [{"id": "cbd5b0ba-be5c-4a53-bbe5-51b4b9518179", "user": "0xE9f264cDa8cFeBE0e3765CF43317342ec0eA5Bb2", "createdAt": "2021-03-11T17:23:35.43879", "updatedAt": "2021-03-11T17:23:40.576908", "lastCheckedAt": "2021-03-11T17:23:40.462", "socialVerificationURL": "https://twitter.com/DesignsByOmar/status/1370062831513530368", "verificationText": "I\u2019m on @withFND \ud83c\udf10\n\n0xE9f264cDa8cFeBE0e3765CF43317342ec0eA5Bb2\n\nhttps://t.co/1chaRJ4gBI", "userId": "1112013860674945024", "username": "DesignsByOmar", "isValid": true, "service": "TWITTER", "failedReason": null, "status": null}], "instaSocialVerifs": []}, "profileExists": true, "collectors": [], "createdCount": 0}, "__N_SSG": true}, "page": "/[username]", "query": {"username": "0xe9f264cda8cfebe0e3765cf43317342ec0ea5bb2"}, "buildId": "fPHzAE9c9nph2AUK0K_6u", "isFallback": false, "dynamicIds": [33196, 55458, 54746], "gsp": true, "scriptLoader": []}