{"props": {"pageProps": {"username": "0x01ace287f142b642acda8b19c6149575383f3083", "user": {"userIndex": 16601, "publicKey": "0x01ace287f142B642ACDA8B19C6149575383f3083", "username": "jonathan_benainous", "profileImageUrl": "https://f8n-production.s3.amazonaws.com/creators/profile/mljblv4rr-profile-picture-2019-jonathan-benainous-01-jpg-buj5k9.jpg", "coverImageUrl": "https://f8n-production.s3.amazonaws.com/creators/profile/g4okknyhc-banniere-artstation-foundation-2021-hd-jpg-i09ijn.jpg", "name": "Jonathan Benainous", "bio": "Senior Texture Artist & 3D Artist. 15+ years in the Video Game Industry. \nContributed to major critically acclaimed and award winning AAA Games.", "isApprovedCreator": true, "moderationStatus": "ACTIVE", "joinedWaitlistAt": null, "createdAt": "2021-03-15T19:09:56.929148", "migratedToUser": null, "isApprovedForMigrationAt": null, "firstName": null, "lastName": null, "isAdmin": false, "links": {"tiktok": {"handle": "", "platform": "tiktok"}, "twitch": {"handle": "", "platform": "twitch"}, "discord": {"handle": "Jonathan Benainous#3711", "platform": "discord"}, "twitter": {"handle": "JonathanBenaino", "platform": "twitter"}, "website": {"handle": "www.artstation.com/jonathan_benainous", "platform": "website"}, "youtube": {"handle": "https://www.youtube.com/channel/UCptTpc8QByCz_oLd-1XbJbA", "platform": "youtube"}, "facebook": {"handle": "jonathan.jeeby", "platform": "facebook"}, "snapchat": {"handle": "", "platform": "snapchat"}, "instagram": {"handle": "jonathan_benainous/", "platform": "instagram"}}, "acceptedInvite": {"senderPublicKey": "0xE3957fcE7Bdf8FAD00C031BA351a1744909e4ce4", "redeemerPublicKey": "0x01ace287f142B642ACDA8B19C6149575383f3083", "redeemedAt": "2021-03-15T19:10:01.937"}, "twitSocialVerifs": [{"id": "48f03db1-bc9a-4798-8732-64c8bb427943", "user": "0x01ace287f142B642ACDA8B19C6149575383f3083", "createdAt": "2021-03-23T05:38:35.462125", "updatedAt": "2021-03-23T05:38:37.998002", "lastCheckedAt": "2021-03-23T05:38:37.966", "socialVerificationURL": "https://twitter.com/JonathanBenaino/status/1374234006405873664?s=20", "verificationText": "I\u2019m on @withFND!\ud83c\udf10\ud83c\udfa8\n\n0x01ace287f142B642ACDA8B19C6149575383f3083\n\nhttps://t.co/oXy7HiCtKz\n\n#nft #eth #nftart #nfts #nftcommunity #cryptoart #ethereum #token #digitalart #cgi #3d #3dart #artist #art #digital #design #designer #creative #lighting #texture #zbrush #render #rendering", "userId": "4286371461", "username": "JonathanBenaino", "isValid": true, "service": "TWITTER", "failedReason": null, "status": null}], "instaSocialVerifs": [{"id": "5d05a106-49e3-47b3-8fe2-6b2a898d0cd6", "user": "0x01ace287f142B642ACDA8B19C6149575383f3083", "createdAt": "2021-04-20T20:01:59.381732", "updatedAt": "2021-04-20T20:01:59.381732", "lastCheckedAt": "2021-04-20T20:01:59.375", "socialVerificationURL": null, "verificationText": null, "userId": "17841408502864681", "username": "jonathan_benainous", "isValid": true, "service": "INSTAGRAM", "failedReason": null, "status": null}]}, "profileExists": true, "collectors": [{"userIndex": 22053, "publicKey": "0xC2c707B3795a17e497A4D86FD14437F12E371A39", "username": "jakeferguson", "profileImageUrl": "https://f8n-production.s3.amazonaws.com/creators/profile/d4twyquxi-norn-prof-jpg-j8nxsd.jpg", "coverImageUrl": "https://f8n-production.s3.amazonaws.com/creators/profile/icnsvohrx-forager-banner-jpg-4t38by.jpg", "name": "Jake Ferguson", "bio": "Emmy Award winning Senior Art Director / CG Lead focusing on title sequences and commercial work. Currently based in Los Angeles. ", "isApprovedCreator": true, "moderationStatus": "ACTIVE", "joinedWaitlistAt": null, "createdAt": "2021-03-22T16:22:29.463533", "migratedToUser": null, "isApprovedForMigrationAt": null, "follows": [], "highestBidAuctions": [{"endsAt": "2021-04-01T01:42:28"}], "highestBidAuctions_aggregate": {"aggregate": {"count": 1}}}], "createdCount": 0}, "__N_SSG": true}, "page": "/[username]", "query": {"username": "0x01ace287f142b642acda8b19c6149575383f3083"}, "buildId": "fPHzAE9c9nph2AUK0K_6u", "isFallback": false, "dynamicIds": [33196, 55458, 54746], "gsp": true, "scriptLoader": []}