{"props": {"pageProps": {"username": "0x5e453ce04a7f8fe62459cf99e09c968f1296a19f", "user": {"userIndex": 6024, "publicKey": "0x5E453ce04a7f8fe62459Cf99E09c968F1296a19F", "username": "motiongraphics_p", "profileImageUrl": "https://f8n-production.s3.amazonaws.com/creators/profile/eu5tb9wo2-60822927-1022556188133796-6478909864813789184-n-png-mcnj6u.png", "coverImageUrl": "https://f8n-production.s3.amazonaws.com/creators/profile/qxa9amrs0-mgp-jpg-8g6kb3.jpg", "name": "Motion Graphics Place", "bio": "", "isApprovedCreator": true, "moderationStatus": "ACTIVE", "joinedWaitlistAt": null, "createdAt": "2021-03-02T23:01:21.143094", "migratedToUser": null, "isApprovedForMigrationAt": null, "firstName": null, "lastName": null, "isAdmin": false, "links": {"tiktok": {"handle": "", "platform": "tiktok"}, "twitch": {"handle": "", "platform": "twitch"}, "discord": {"handle": "", "platform": "discord"}, "twitter": {"handle": "motiongraphic_p", "platform": "twitter"}, "website": {"handle": "", "platform": "website"}, "youtube": {"handle": "https://www.youtube.com/channel/UC9tbQUz8j_utpEuu6m17Wmw/videos", "platform": "youtube"}, "facebook": {"handle": "motiongraphicsplace", "platform": "facebook"}, "snapchat": {"handle": "", "platform": "snapchat"}, "instagram": {"handle": "motiongraphics_p", "platform": "instagram"}}, "acceptedInvite": {"senderPublicKey": "0x475Fd1f0146FB89351fcb92B637988dA1Bb5e1fD", "redeemerPublicKey": "0x5E453ce04a7f8fe62459Cf99E09c968F1296a19F", "redeemedAt": "2021-03-02T23:01:32.403"}, "twitSocialVerifs": [{"id": "e47803ef-079e-45a8-a8fe-7c331ca0174a", "user": "0x5E453ce04a7f8fe62459Cf99E09c968F1296a19F", "createdAt": "2021-03-23T08:41:27.822713", "updatedAt": "2021-03-23T08:41:29.220527", "lastCheckedAt": "2021-03-23T08:41:29.209", "socialVerificationURL": "https://twitter.com/motiongraphic_p/status/1374279975373840394", "verificationText": "I\u2019m on @withFND \ud83c\udf10\n\n0x5E453ce04a7f8fe62459Cf99E09c968F1296a19F\n\nhttps://t.co/IUNDoBsFii", "userId": "1051236774792622080", "username": "motiongraphic_p", "isValid": true, "service": "TWITTER", "failedReason": null, "status": null}], "instaSocialVerifs": []}, "profileExists": true, "collectors": [{"userIndex": 53567, "publicKey": "0x1E0194aAE9A7C75Ac0f45d2258b3431fFC6e5deA", "username": "NinaW", "profileImageUrl": "https://f8n-production.s3.amazonaws.com/creators/profile/o7nli1el3-img-8233-jpg-61r79w.JPG", "coverImageUrl": "", "name": "NinaW", "bio": "", "isApprovedCreator": false, "moderationStatus": "ACTIVE", "joinedWaitlistAt": "2021-04-26T11:14:53.242", "createdAt": "2021-04-23T10:06:49.976911", "migratedToUser": null, "isApprovedForMigrationAt": null, "follows": [], "highestBidAuctions": [{"endsAt": "2021-05-12T11:19:45"}], "highestBidAuctions_aggregate": {"aggregate": {"count": 1}}}, {"userIndex": 18639, "publicKey": "0x2b9324f66B7733202261777726D8f9720285cb8a", "username": "dicey_apple", "profileImageUrl": "https://f8n-production.s3.amazonaws.com/creators/profile/vawybqln9-unnamed-png-z5e40y.png", "coverImageUrl": "", "name": "", "bio": "", "isApprovedCreator": false, "moderationStatus": "ACTIVE", "joinedWaitlistAt": null, "createdAt": "2021-03-15T04:35:20.409397", "migratedToUser": null, "isApprovedForMigrationAt": null, "follows": [], "highestBidAuctions": [{"endsAt": "2021-05-26T05:19:34"}], "highestBidAuctions_aggregate": {"aggregate": {"count": 1}}}, {"userIndex": 3589, "publicKey": "0xA43ca1674d2e8ccf3A25Cf3419B5EBDFB16362EA", "username": "reuko", "profileImageUrl": "https://f8n-production.s3.amazonaws.com/creators/profile/kaqetdc04-img-1552-jpg-bjkrqy.jpg", "coverImageUrl": "https://f8n-production.s3.amazonaws.com/creators/profile/dlig36udr-screenshot-2021-03-17-at-23-50-39-png-25b367.png", "name": "rob milus", "bio": "Artist exploring serene abstract wind sculptures and ethereal narrative vignettes.", "isApprovedCreator": true, "moderationStatus": "ACTIVE", "joinedWaitlistAt": null, "createdAt": "2021-02-25T00:35:33.558878", "migratedToUser": null, "isApprovedForMigrationAt": null, "follows": [], "highestBidAuctions": [{"endsAt": "2021-04-22T07:26:52"}], "highestBidAuctions_aggregate": {"aggregate": {"count": 1}}}, {"userIndex": 20459, "publicKey": "0xfA807F31772D042C2536dE55Fbf2499F4161d31b", "username": "3dluce", "profileImageUrl": "https://f8n-production.s3.amazonaws.com/creators/profile/mfspcj770-3d-jpeg-bxhtvy.jpeg", "coverImageUrl": "", "name": "3D Luce", "bio": " ", "isApprovedCreator": false, "moderationStatus": "ACTIVE", "joinedWaitlistAt": null, "createdAt": "2021-03-01T19:57:53.940283", "migratedToUser": null, "isApprovedForMigrationAt": null, "follows": [], "highestBidAuctions": [{"endsAt": "2021-03-20T16:22:21"}], "highestBidAuctions_aggregate": {"aggregate": {"count": 1}}}], "createdCount": 0}, "__N_SSG": true}, "page": "/[username]", "query": {"username": "0x5e453ce04a7f8fe62459cf99e09c968f1296a19f"}, "buildId": "fPHzAE9c9nph2AUK0K_6u", "isFallback": false, "dynamicIds": [33196, 55458, 54746], "gsp": true, "scriptLoader": []}