{"props": {"pageProps": {"username": "0xfb1bb9d4a4c50457d339a686212a0716ea0adc80", "user": {"userIndex": 79142, "publicKey": "0xFb1bB9d4a4C50457D339A686212A0716EA0adC80", "username": "muhju_art", "profileImageUrl": "https://f8n-production.s3.amazonaws.com/creators/profile/myyd0uqcl-img-4855-png-oj0sd0.PNG", "coverImageUrl": "https://f8n-production.s3.amazonaws.com/creators/profile/tb2jp1wmi-muhju-art-banner-compr-jpg-47pnxa.jpg", "name": "Muhju Art", "bio": "Muhju Art is a Swiss architect and illustrator that creates surreal, dreamlike imagery and landscapes.\n\nAll NFTs come with a Hahnem\u00fchle fine art print for first-time buyers.", "isApprovedCreator": true, "moderationStatus": "ACTIVE", "joinedWaitlistAt": "2021-06-22T11:26:28.056", "createdAt": "2021-06-18T10:49:53.099218", "migratedToUser": null, "isApprovedForMigrationAt": null, "firstName": null, "lastName": null, "isAdmin": false, "links": {"tiktok": {"handle": "", "platform": "tiktok"}, "twitch": {"handle": "", "platform": "twitch"}, "discord": {"handle": "", "platform": "discord"}, "twitter": {"handle": "", "platform": "twitter"}, "website": {"handle": "", "platform": "website"}, "youtube": {"handle": "", "platform": "youtube"}, "facebook": {"handle": "", "platform": "facebook"}, "snapchat": {"handle": "", "platform": "snapchat"}, "instagram": {"handle": "", "platform": "instagram"}}, "acceptedInvite": {"senderPublicKey": "0x14c3681D58B4F1C17735b2C7F90a8463AA51eEc7", "redeemerPublicKey": "0xFb1bB9d4a4C50457D339A686212A0716EA0adC80", "redeemedAt": "2021-07-16T11:18:24.514"}, "twitSocialVerifs": [{"id": "80bbc3f1-a5a0-433b-b105-a08daa76aa74", "user": "0xFb1bB9d4a4C50457D339A686212A0716EA0adC80", "createdAt": "2021-06-18T10:52:37.356056", "updatedAt": "2021-06-18T10:52:46.898571", "lastCheckedAt": "2021-06-18T10:52:46.88", "socialVerificationURL": "https://twitter.com/MuhjuArt/status/1405840798885859330", "verificationText": "I\u2019m on @withFND \ud83c\udf10\n\n0xFb1bB9d4a4C50457D339A686212A0716EA0adC80\n\nhttps://t.co/OD0MWhbiZ7", "userId": "1404543916788027398", "username": "MuhjuArt", "isValid": true, "service": "TWITTER", "failedReason": null, "status": null}], "instaSocialVerifs": [{"id": "a485d54a-bdeb-4129-8c33-9196e820dcac", "user": "0xFb1bB9d4a4C50457D339A686212A0716EA0adC80", "createdAt": "2021-06-18T10:51:02.960525", "updatedAt": "2021-06-18T10:51:02.960525", "lastCheckedAt": "2021-06-18T10:51:02.937", "socialVerificationURL": null, "verificationText": null, "userId": "17841400179944399", "username": "muhju.art", "isValid": true, "service": "INSTAGRAM", "failedReason": null, "status": null}]}, "profileExists": true, "collectors": [], "createdCount": 0}, "__N_SSG": true}, "page": "/[username]", "query": {"username": "0xfb1bb9d4a4c50457d339a686212a0716ea0adc80"}, "buildId": "fPHzAE9c9nph2AUK0K_6u", "isFallback": false, "dynamicIds": [33196, 55458, 54746], "gsp": true, "scriptLoader": []}