{"props": {"pageProps": {"username": "0x63b2291ca4e197e4d0d8bb164201749e3cac86d0", "user": {"userIndex": 40137, "publicKey": "0x63b2291cA4E197e4D0d8bb164201749e3CaC86D0", "username": "BrooklynBBQ", "profileImageUrl": "https://f8n-production.s3.amazonaws.com/creators/profile/csf8dmrtl-brooklynbbq-jpg-dr9o47.jpg", "coverImageUrl": "https://f8n-production.s3.amazonaws.com/creators/profile/wkgauqhvs-brooklynbbq-jpg-18nl4m.jpg", "name": "Nicholas Gill", "bio": "Photographer of the infamous Brooklyn BBQ image.", "isApprovedCreator": true, "moderationStatus": "ACTIVE", "joinedWaitlistAt": "2021-04-07T15:12:06.178", "createdAt": "2021-04-07T15:07:32.617672", "migratedToUser": null, "isApprovedForMigrationAt": null, "firstName": null, "lastName": null, "isAdmin": false, "links": {"tiktok": {"handle": "", "platform": "tiktok"}, "twitch": {"handle": "", "platform": "twitch"}, "discord": {"handle": "", "platform": "discord"}, "twitter": {"handle": "", "platform": "twitter"}, "website": {"handle": "http://nicholas-gill.com/2021/07/22/the-story-of-how-brooklyn-bbq-took-over-the-world/", "platform": "website"}, "youtube": {"handle": "", "platform": "youtube"}, "facebook": {"handle": "", "platform": "facebook"}, "snapchat": {"handle": "", "platform": "snapchat"}, "instagram": {"handle": "nicholasgill2", "platform": "instagram"}}, "acceptedInvite": {"senderPublicKey": "0x38d20E0f6b38E497a9762D77c868ea073EB64116", "redeemerPublicKey": "0x63b2291cA4E197e4D0d8bb164201749e3CaC86D0", "redeemedAt": "2021-06-23T23:57:48.088"}, "twitSocialVerifs": [{"id": "51f9e1ff-1aaa-49b2-97c7-dda1a6f9640b", "user": "0x63b2291cA4E197e4D0d8bb164201749e3CaC86D0", "createdAt": "2021-04-07T15:08:47.329337", "updatedAt": "2021-04-07T15:08:50.994775", "lastCheckedAt": "2021-04-07T15:08:50.984", "socialVerificationURL": "https://twitter.com/Nicholasgill/status/1379813326964846596", "verificationText": "I\u2019m on @withFND \ud83c\udf10\n\n0x63b2291cA4E197e4D0d8bb164201749e3CaC86D0\n\nhttps://t.co/xHOmfmrkCB", "userId": "80590189", "username": "Nicholasgill", "isValid": true, "service": "TWITTER", "failedReason": null, "status": null}], "instaSocialVerifs": [{"id": "1b901d32-1a70-4d24-b529-44102af597c1", "user": "0x63b2291cA4E197e4D0d8bb164201749e3CaC86D0", "createdAt": "2021-06-07T17:38:02.359154", "updatedAt": "2021-06-07T17:38:02.359154", "lastCheckedAt": "2021-06-07T17:38:02.326", "socialVerificationURL": null, "verificationText": null, "userId": "17841400106178005", "username": "nicholasgill2", "isValid": true, "service": "INSTAGRAM", "failedReason": null, "status": null}]}, "profileExists": true, "collectors": [], "createdCount": 0}, "__N_SSG": true}, "page": "/[username]", "query": {"username": "0x63b2291ca4e197e4d0d8bb164201749e3cac86d0"}, "buildId": "fPHzAE9c9nph2AUK0K_6u", "isFallback": false, "dynamicIds": [33196, 55458, 54746], "gsp": true, "scriptLoader": []}