{"props": {"pageProps": {"username": "0xda21f63dcbb82c760e5426c630d35489c7d0560b", "user": {"userIndex": 61755, "publicKey": "0xDA21f63Dcbb82c760E5426c630D35489c7d0560b", "username": "SanidadDesign", "profileImageUrl": "https://f8n-production.s3.amazonaws.com/creators/profile/e6tfv8rij-red-official-png-av8ro8.png", "coverImageUrl": "https://f8n-production.s3.amazonaws.com/creators/profile/5or2ct6ri-creator-official-banner-png-9pwjsi.png", "name": "SanidadDesign", "bio": "A self-taught, Boston based digital artist and designer.\n", "isApprovedCreator": true, "moderationStatus": "ACTIVE", "joinedWaitlistAt": null, "createdAt": "2021-05-05T12:51:42.28194", "migratedToUser": null, "isApprovedForMigrationAt": null, "firstName": null, "lastName": null, "isAdmin": false, "links": {"tiktok": {"handle": "", "platform": "tiktok"}, "twitch": {"handle": "", "platform": "twitch"}, "discord": {"handle": "", "platform": "discord"}, "twitter": {"handle": "", "platform": "twitter"}, "website": {"handle": "linktr.ee/Sanidaddesign", "platform": "website"}, "youtube": {"handle": "", "platform": "youtube"}, "facebook": {"handle": "", "platform": "facebook"}, "snapchat": {"handle": "", "platform": "snapchat"}, "instagram": {"handle": "", "platform": "instagram"}}, "acceptedInvite": {"senderPublicKey": "0x203019c38E4890E81A5d8C9513b97aEc0fC2FC66", "redeemerPublicKey": "0xDA21f63Dcbb82c760E5426c630D35489c7d0560b", "redeemedAt": "2021-05-05T13:02:28.642"}, "twitSocialVerifs": [{"id": "9cc6068f-7908-497e-84ea-171c09fa1194", "user": "0xDA21f63Dcbb82c760E5426c630D35489c7d0560b", "createdAt": "2021-05-05T12:56:06.786481", "updatedAt": "2021-05-05T12:56:11.112585", "lastCheckedAt": "2021-05-05T12:56:11.1", "socialVerificationURL": "https://twitter.com/DesignSanidad/status/1389926805403054084?s=20", "verificationText": "I\u2019m on @withFND \ud83c\udf10\n\n0xDA21f63Dcbb82c760E5426c630D35489c7d0560b\n\nhttps://t.co/910i7OPtE2", "userId": "1381289774204473349", "username": "DesignSanidad", "isValid": true, "service": "TWITTER", "failedReason": null, "status": null}], "instaSocialVerifs": [{"id": "24e2de04-ba60-4e43-875a-46dededb8a36", "user": "0xDA21f63Dcbb82c760E5426c630D35489c7d0560b", "createdAt": "2021-05-05T13:18:25.473088", "updatedAt": "2021-05-05T13:18:25.473088", "lastCheckedAt": "2021-05-05T13:18:25.425", "socialVerificationURL": null, "verificationText": null, "userId": "17841425417520621", "username": "sanidaddesign", "isValid": true, "service": "INSTAGRAM", "failedReason": null, "status": null}]}, "profileExists": true, "collectors": [], "createdCount": 0}, "__N_SSG": true}, "page": "/[username]", "query": {"username": "0xda21f63dcbb82c760e5426c630d35489c7d0560b"}, "buildId": "fPHzAE9c9nph2AUK0K_6u", "isFallback": false, "dynamicIds": [33196, 55458, 54746], "gsp": true, "scriptLoader": []}