{"props": {"pageProps": {"username": "0xdc69fab2dc7b38c7435127747d93d87c983f9cb9", "user": {"userIndex": 13416, "publicKey": "0xDC69faB2dc7b38C7435127747D93D87c983F9cB9", "username": "rebeccabathory", "profileImageUrl": "https://f8n-production.s3.amazonaws.com/creators/profile/48h5lj205-ezgif-com-gif-maker-gif-8z1c9k.gif", "coverImageUrl": "https://f8n-production.s3.amazonaws.com/creators/profile/4n6q0u5gl-foundation-jpg-9t4tt0.jpg", "name": "Rebecca Bathory", "bio": "I find beauty in darkness, poetry and meaning in the forgotten and surreal, imaginary worlds amongst decay.", "isApprovedCreator": true, "moderationStatus": "ACTIVE", "joinedWaitlistAt": null, "createdAt": "2021-03-12T13:05:56.801062", "migratedToUser": null, "isApprovedForMigrationAt": null, "firstName": null, "lastName": null, "isAdmin": false, "links": {"tiktok": {"handle": "", "platform": "tiktok"}, "twitch": {"handle": "", "platform": "twitch"}, "discord": {"handle": "rebeccabathory#7928", "platform": "discord"}, "twitter": {"handle": "", "platform": "twitter"}, "website": {"handle": "https://lynkfire.com/rebeccabathory", "platform": "website"}, "youtube": {"handle": "https://www.youtube.com/channel/UCdr32tOtGq-zThNe3hxn1AA", "platform": "youtube"}, "facebook": {"handle": "rebeccabathoryphotography", "platform": "facebook"}, "snapchat": {"handle": "", "platform": "snapchat"}, "instagram": {"handle": "rebeccabathory", "platform": "instagram"}}, "acceptedInvite": {"senderPublicKey": "0xd1fBaA0c31FF10Ad82cdd5B5c528639461CE7EA6", "redeemerPublicKey": "0xDC69faB2dc7b38C7435127747D93D87c983F9cB9", "redeemedAt": "2021-03-12T18:24:26.047"}, "twitSocialVerifs": [{"id": "d982ec1a-f0b2-4d19-ae82-9c5f905c631b", "user": "0xDC69faB2dc7b38C7435127747D93D87c983F9cB9", "createdAt": "2021-05-22T11:18:33.645857", "updatedAt": "2021-05-22T11:18:35.854141", "lastCheckedAt": "2021-05-22T11:18:35.836", "socialVerificationURL": "https://twitter.com/rebeccabathory/status/1396062880873725964?s=20", "verificationText": "I\u2019m on @withFND \ud83c\udf10\n\n0xDC69faB2dc7b38C7435127747D93D87c983F9cB9\n\nhttps://t.co/7fB8jTaUEh", "userId": "1377193348935655425", "username": "rebeccabathory", "isValid": true, "service": "TWITTER", "failedReason": null, "status": null}], "instaSocialVerifs": [{"id": "0d442448-fb10-4c34-a06f-25157d71b048", "user": "0xDC69faB2dc7b38C7435127747D93D87c983F9cB9", "createdAt": "2021-04-20T13:30:00.806972", "updatedAt": "2021-04-20T13:30:00.806972", "lastCheckedAt": "2021-04-20T13:30:00.802", "socialVerificationURL": null, "verificationText": null, "userId": "17841402339106432", "username": "rebeccabathory", "isValid": true, "service": "INSTAGRAM", "failedReason": null, "status": null}]}, "profileExists": true, "collectors": [{"userIndex": 1563, "publicKey": "0x378BCce7235D53BBc3774BFf8559191F06E6818E", "username": "caktux", "profileImageUrl": "https://f8n-production.s3.amazonaws.com/creators/profile/fallmzs84-baloo-caktux-by-mbsjq-jpg-gc9ch1.jpg", "coverImageUrl": "https://f8n-production.s3.amazonaws.com/creators/profile/cxp6nlcoa-worldeaterswarm-header-jpeg-inep1u.jpeg", "name": "Vince", "bio": "", "isApprovedCreator": false, "moderationStatus": "ACTIVE", "joinedWaitlistAt": null, "createdAt": "2021-02-16T14:09:30.455424", "migratedToUser": null, "isApprovedForMigrationAt": null, "follows": [], "highestBidAuctions": [{"endsAt": "2021-05-23T14:46:09"}], "highestBidAuctions_aggregate": {"aggregate": {"count": 8}}}, {"userIndex": 1964, "publicKey": "0x73d97C30603b73CF4cCdE4934C6027A9599D861D", "username": "Weesh", "profileImageUrl": "https://f8n-production.s3.amazonaws.com/creators/profile/dquv6bgdx-91bb33f29c6ef068c73834af571aa01bhabibi-gold-png-44otod.png", "coverImageUrl": "https://f8n-production.s3.amazonaws.com/creators/profile/ozuwqabuv-nicki-crying-png-afesl7.png", "name": "Weesh", "bio": "Writer, Filmmaker, Collector. Exercise Your Mind.", "isApprovedCreator": true, "moderationStatus": "ACTIVE", "joinedWaitlistAt": null, "createdAt": "2021-02-19T02:20:34.711262", "migratedToUser": null, "isApprovedForMigrationAt": null, "follows": [], "highestBidAuctions": [{"endsAt": "2021-04-17T22:30:08"}], "highestBidAuctions_aggregate": {"aggregate": {"count": 1}}}, {"userIndex": null, "publicKey": "0xCC6809a195Cfb94872B846f1475Ce02A0b43B369", "username": null, "profileImageUrl": null, "coverImageUrl": null, "name": null, "bio": null, "isApprovedCreator": false, "moderationStatus": "ACTIVE", "joinedWaitlistAt": null, "createdAt": "2021-05-15T15:05:26.771799", "migratedToUser": null, "isApprovedForMigrationAt": null, "follows": [], "highestBidAuctions": [{"endsAt": "2021-05-30T18:49:10"}], "highestBidAuctions_aggregate": {"aggregate": {"count": 1}}}], "createdCount": 0}, "__N_SSG": true}, "page": "/[username]", "query": {"username": "0xdc69fab2dc7b38c7435127747d93d87c983f9cb9"}, "buildId": "fPHzAE9c9nph2AUK0K_6u", "isFallback": false, "dynamicIds": [33196, 55458, 54746], "gsp": true, "scriptLoader": []}