{"props": {"pageProps": {"username": "0x8b3414768587b0952d441e9cd34299b2bf5a23c1", "user": {"userIndex": 71636, "publicKey": "0x8B3414768587B0952d441e9cD34299b2bf5A23c1", "username": "arthur_archi", "profileImageUrl": "https://f8n-production.s3.amazonaws.com/creators/profile/nr2iwa5q6-e0da480d-a6e6-4715-97da-09d90b9f805e-jpeg-b8j04u.jpeg", "coverImageUrl": "", "name": "Arthur Avakyan", "bio": "Designer. Artist. I can\u2019t live without art\u270f\ufe0f\ud83e\udd0d", "isApprovedCreator": true, "moderationStatus": "ACTIVE", "joinedWaitlistAt": null, "createdAt": "2021-05-27T20:52:43.153098", "migratedToUser": null, "isApprovedForMigrationAt": null, "firstName": null, "lastName": null, "isAdmin": false, "links": {"tiktok": {"handle": "", "platform": "tiktok"}, "twitch": {"handle": "", "platform": "twitch"}, "discord": {"handle": "", "platform": "discord"}, "twitter": {"handle": "", "platform": "twitter"}, "website": {"handle": "", "platform": "website"}, "youtube": {"handle": "", "platform": "youtube"}, "facebook": {"handle": "https://www.facebook.com/arthur.avakyan.56", "platform": "facebook"}, "snapchat": {"handle": "", "platform": "snapchat"}, "instagram": {"handle": "", "platform": "instagram"}}, "acceptedInvite": {"senderPublicKey": "0xc7189aE478C41071812A9C1639e6D295b3688966", "redeemerPublicKey": "0x8B3414768587B0952d441e9cD34299b2bf5A23c1", "redeemedAt": "2021-07-15T14:43:14.898"}, "twitSocialVerifs": [{"id": "a4f557ba-5516-4e2d-bc11-b4240c802f2c", "user": "0x8B3414768587B0952d441e9cD34299b2bf5A23c1", "createdAt": "2021-05-27T21:22:37.849966", "updatedAt": "2021-05-27T21:22:39.433281", "lastCheckedAt": "2021-05-27T21:22:39.413", "socialVerificationURL": "https://twitter.com/arthur_archess/status/1398026765990305804?s=21", "verificationText": "I\u2019m on @withFND \ud83c\udf10\ud83d\ude03\n\n0x8B3414768587B0952d441e9cD34299b2bf5A23c1\n\nhttps://t.co/ZR87oWeZyD", "userId": "404098944", "username": "Arthur_ARCHESS", "isValid": true, "service": "TWITTER", "failedReason": null, "status": null}], "instaSocialVerifs": [{"id": "9c7778ba-2062-46c4-b18d-645532095148", "user": "0x8B3414768587B0952d441e9cD34299b2bf5A23c1", "createdAt": "2021-05-27T21:14:52.917118", "updatedAt": "2021-05-27T21:14:52.917118", "lastCheckedAt": "2021-05-27T21:14:52.891", "socialVerificationURL": null, "verificationText": null, "userId": "17841401491723602", "username": "arthur_archi", "isValid": true, "service": "INSTAGRAM", "failedReason": null, "status": null}]}, "profileExists": true, "collectors": [], "createdCount": 0}, "__N_SSG": true}, "page": "/[username]", "query": {"username": "0x8b3414768587b0952d441e9cd34299b2bf5a23c1"}, "buildId": "fPHzAE9c9nph2AUK0K_6u", "isFallback": false, "dynamicIds": [33196, 55458, 54746], "gsp": true, "scriptLoader": []}