{"props": {"pageProps": {"username": "0xf72cb599deb8f2cb5768b6cd94a295c299bd612f", "user": {"userIndex": 80607, "publicKey": "0xf72cb599DeB8f2cB5768B6Cd94a295C299Bd612F", "username": "afbelardi", "profileImageUrl": "https://f8n-production.s3.amazonaws.com/creators/profile/3192j5bt8-1607035494026-jpeg-lir577.jpeg", "coverImageUrl": "https://f8n-production.s3.amazonaws.com/creators/profile/uhkpowzhf-dsc00730-jpg-fl6ass.JPG", "name": "Alex", "bio": "Software developer and mostly landscape photographer. Advocating for the conservation of our environment.", "isApprovedCreator": true, "moderationStatus": "ACTIVE", "joinedWaitlistAt": "2021-06-25T14:02:51.671", "createdAt": "2021-06-24T19:10:42.017347", "migratedToUser": null, "isApprovedForMigrationAt": null, "firstName": null, "lastName": null, "isAdmin": false, "links": {"tiktok": {"handle": "", "platform": "tiktok"}, "twitch": {"handle": "", "platform": "twitch"}, "discord": {"handle": "", "platform": "discord"}, "twitter": {"handle": "", "platform": "twitter"}, "website": {"handle": "", "platform": "website"}, "youtube": {"handle": "http://www.youtube.com/afbelardi", "platform": "youtube"}, "facebook": {"handle": "", "platform": "facebook"}, "snapchat": {"handle": "", "platform": "snapchat"}, "instagram": {"handle": "", "platform": "instagram"}}, "acceptedInvite": {"senderPublicKey": "0x1324427E278bC9fC462AeA1D7aF289c3580Be609", "redeemerPublicKey": "0xf72cb599DeB8f2cB5768B6Cd94a295C299Bd612F", "redeemedAt": "2021-06-28T21:21:14.237"}, "twitSocialVerifs": [{"id": "a6317552-0a9c-4337-b959-afbc32a718c5", "user": "0xf72cb599DeB8f2cB5768B6Cd94a295C299Bd612F", "createdAt": "2021-06-25T19:06:49.219981", "updatedAt": "2021-06-25T19:06:52.25573", "lastCheckedAt": "2021-06-25T19:06:52.237", "socialVerificationURL": "https://twitter.com/afbelardi/status/1408501750622044165", "verificationText": "I\u2019m on @withFND \ud83c\udf10\n\n0xf72cb599DeB8f2cB5768B6Cd94a295C299Bd612F\n\nhttps://t.co/up678b0YuN", "userId": "4700066547", "username": "afbelardi", "isValid": true, "service": "TWITTER", "failedReason": null, "status": null}], "instaSocialVerifs": [{"id": "d031249c-29eb-46d2-b7fc-8482c64b4795", "user": "0xf72cb599DeB8f2cB5768B6Cd94a295C299Bd612F", "createdAt": "2021-06-25T14:02:45.524813", "updatedAt": "2021-06-25T14:02:45.524813", "lastCheckedAt": "2021-06-25T14:02:45.493", "socialVerificationURL": null, "verificationText": null, "userId": "17841401366530093", "username": "afbelardi", "isValid": true, "service": "INSTAGRAM", "failedReason": null, "status": null}]}, "profileExists": true, "collectors": [{"userIndex": 87205, "publicKey": "0x5ef88d0a93e5773DB543bd421864504618A18de4", "username": "bigpoppacode", "profileImageUrl": "https://f8n-production.s3.amazonaws.com/creators/profile/nvetfhgwy-download-jpeg-74efl6.jpeg", "coverImageUrl": "https://f8n-production.s3.amazonaws.com/creators/profile/qoegcq8zk-mamba-script-logo-final-04-png-rhleyb.png", "name": "bigpoppacode", "bio": "bigpoppacode.eth", "isApprovedCreator": false, "moderationStatus": "ACTIVE", "joinedWaitlistAt": null, "createdAt": "2021-07-23T20:03:41.43658", "migratedToUser": null, "isApprovedForMigrationAt": null, "follows": [], "highestBidAuctions": [{"endsAt": "2021-07-24T20:07:52"}], "highestBidAuctions_aggregate": {"aggregate": {"count": 1}}}], "createdCount": 0}, "__N_SSG": true}, "page": "/[username]", "query": {"username": "0xf72cb599deb8f2cb5768b6cd94a295c299bd612f"}, "buildId": "fPHzAE9c9nph2AUK0K_6u", "isFallback": false, "dynamicIds": [33196, 55458, 54746], "gsp": true, "scriptLoader": []}