{"props": {"pageProps": {"username": "0x6a2ebd6b63dc3f8ccd1f91292cefb07255e01c86", "user": {"userIndex": 42058, "publicKey": "0x6a2Ebd6b63Dc3F8cCd1f91292Cefb07255e01c86", "username": "monkey_awakened", "profileImageUrl": "https://f8n-production.s3.amazonaws.com/creators/profile/yfa2w4mwh-img-0081-jpg-9wmzu3.jpg", "coverImageUrl": "https://f8n-production.s3.amazonaws.com/creators/profile/e9mo4vog1-istockphoto-825778252-612x612-jpg-kstab0.jpg", "name": "Awakened Monkey", "bio": "", "isApprovedCreator": true, "moderationStatus": "ACTIVE", "joinedWaitlistAt": "2021-04-27T13:31:23.185", "createdAt": "2021-04-02T14:56:21.588968", "migratedToUser": null, "isApprovedForMigrationAt": null, "firstName": null, "lastName": null, "isAdmin": false, "links": {"tiktok": {"handle": "", "platform": "tiktok"}, "twitch": {"handle": "", "platform": "twitch"}, "discord": {"handle": "", "platform": "discord"}, "twitter": {"handle": "", "platform": "twitter"}, "website": {"handle": "", "platform": "website"}, "youtube": {"handle": "", "platform": "youtube"}, "facebook": {"handle": "", "platform": "facebook"}, "snapchat": {"handle": "", "platform": "snapchat"}, "instagram": {"handle": "", "platform": "instagram"}}, "acceptedInvite": {"senderPublicKey": "0x4e73d9aC475770805B1B035a0943Eb86C911dA66", "redeemerPublicKey": "0x6a2Ebd6b63Dc3F8cCd1f91292Cefb07255e01c86", "redeemedAt": "2021-04-27T14:06:13.691"}, "twitSocialVerifs": [{"id": "a3f2e535-dc1f-427b-9ddc-8a97fc1b73d7", "user": "0x6a2Ebd6b63Dc3F8cCd1f91292Cefb07255e01c86", "createdAt": "2021-04-27T13:30:49.211468", "updatedAt": "2021-04-27T13:30:54.264914", "lastCheckedAt": "2021-04-27T13:30:54.233", "socialVerificationURL": "https://twitter.com/monkey_awakened/status/1387036420615798787", "verificationText": "I\u2019m on @withFND \ud83c\udf10\n\n0x6a2Ebd6b63Dc3F8cCd1f91292Cefb07255e01c86\n\nhttps://t.co/U8YxWEwvcE", "userId": "144165914", "username": "monkey_awakened", "isValid": true, "service": "TWITTER", "failedReason": null, "status": null}], "instaSocialVerifs": []}, "profileExists": true, "collectors": [], "createdCount": 0}, "__N_SSG": true}, "page": "/[username]", "query": {"username": "0x6a2ebd6b63dc3f8ccd1f91292cefb07255e01c86"}, "buildId": "fPHzAE9c9nph2AUK0K_6u", "isFallback": false, "dynamicIds": [33196, 55458, 54746], "gsp": true, "scriptLoader": []}