{"props": {"pageProps": {"username": "0xfe06dbcd53ebafa14d0b503da8f5702f511b9cb1", "user": {"userIndex": 32134, "publicKey": "0xfE06DBcd53EBafa14d0b503dA8f5702F511b9cB1", "username": "NFTSavant", "profileImageUrl": "https://f8n-production.s3.amazonaws.com/creators/profile/j5vzf7w00-theblue-savant-jpg-zptnlt.jpg", "coverImageUrl": "https://f8n-production.s3.amazonaws.com/creators/profile/f4kbyszb4-blue-wall-neon-jpeg-mzllgq.jpeg", "name": "NFTSavant", "bio": "Youngest NFT creator in the game ,  standing tall at 9 y/0\n\n\n", "isApprovedCreator": true, "moderationStatus": "ACTIVE", "joinedWaitlistAt": null, "createdAt": "2021-03-09T03:58:28.636866", "migratedToUser": null, "isApprovedForMigrationAt": null, "firstName": null, "lastName": null, "isAdmin": false, "links": {"tiktok": {"handle": "", "platform": "tiktok"}, "twitch": {"handle": "", "platform": "twitch"}, "discord": {"handle": "", "platform": "discord"}, "twitter": {"handle": "https://twitter.com/NftSavant", "platform": "twitter"}, "website": {"handle": "https://nftsavant.co/", "platform": "website"}, "youtube": {"handle": "", "platform": "youtube"}, "facebook": {"handle": "", "platform": "facebook"}, "snapchat": {"handle": "", "platform": "snapchat"}, "instagram": {"handle": "", "platform": "instagram"}}, "acceptedInvite": {"senderPublicKey": "0xf50E61952aC37fa5DD770657326A5FBDB18cB694", "redeemerPublicKey": "0xfE06DBcd53EBafa14d0b503dA8f5702F511b9cB1", "redeemedAt": "2021-03-30T17:11:43.318"}, "twitSocialVerifs": [{"id": "98d18191-f8d7-498a-851e-d08e53a69fd6", "user": "0xfE06DBcd53EBafa14d0b503dA8f5702F511b9cB1", "createdAt": "2021-03-30T17:20:45.45993", "updatedAt": "2021-03-30T17:20:51.558772", "lastCheckedAt": "2021-03-30T17:20:51.501", "socialVerificationURL": "https://twitter.com/NftSavant/status/1376947373948174336", "verificationText": "I\u2019m on @withFND \ud83c\udf10\n\n0xfE06DBcd53EBafa14d0b503dA8f5702F511b9cB1\n\nhttps://t.co/6vFTphMQec", "userId": "1368744757460168707", "username": "NftSavant", "isValid": true, "service": "TWITTER", "failedReason": null, "status": null}], "instaSocialVerifs": []}, "profileExists": true, "collectors": [{"userIndex": 20066, "publicKey": "0x1cf9e3022e521E2A273049731Fc9aff7a3682044", "username": "MZ99", "profileImageUrl": "https://f8n-production.s3.amazonaws.com/creators/profile/jzdxtb8q8-wtaer-fire-png-xxk7vo.png", "coverImageUrl": "https://f8n-production.s3.amazonaws.com/creators/profile/o3xc0n2fr-wtaer-fire-png-eh5zw9.png", "name": "MZ", "bio": "Art Collector / Creator ", "isApprovedCreator": true, "moderationStatus": "ACTIVE", "joinedWaitlistAt": null, "createdAt": "2021-03-18T23:14:07.523035", "migratedToUser": null, "isApprovedForMigrationAt": null, "follows": [], "highestBidAuctions": [{"endsAt": "2021-04-08T02:35:19"}], "highestBidAuctions_aggregate": {"aggregate": {"count": 1}}}], "createdCount": 0}, "__N_SSG": true}, "page": "/[username]", "query": {"username": "0xfe06dbcd53ebafa14d0b503da8f5702f511b9cb1"}, "buildId": "fPHzAE9c9nph2AUK0K_6u", "isFallback": false, "dynamicIds": [33196, 55458, 54746], "gsp": true, "scriptLoader": []}