{"props": {"pageProps": {"username": "0x0e58b91eff942422329c20f2730c018f584f9939", "user": {"userIndex": 5584, "publicKey": "0x0E58B91eFf942422329c20f2730C018f584F9939", "username": "Dean", "profileImageUrl": "https://f8n-production.s3.amazonaws.com/creators/profile/9yw05ef5z-x-1k-circle-jpg-0xcr1q.jpg", "coverImageUrl": "https://f8n-production.s3.amazonaws.com/creators/profile/mi5fclixx-fnd-cover-jpg-s61l36.jpg", "name": "Marcin Struniawski", "bio": "I create with passion. For over 20 years.", "isApprovedCreator": true, "moderationStatus": "ACTIVE", "joinedWaitlistAt": "2021-03-31T19:57:04.095", "createdAt": "2021-03-02T08:29:23.475538", "migratedToUser": null, "isApprovedForMigrationAt": null, "firstName": null, "lastName": null, "isAdmin": false, "links": {"tiktok": {"handle": "", "platform": "tiktok"}, "twitch": {"handle": "", "platform": "twitch"}, "discord": {"handle": "", "platform": "discord"}, "twitter": {"handle": "deanmarcin", "platform": "twitter"}, "website": {"handle": "pixege.com/social", "platform": "website"}, "youtube": {"handle": "", "platform": "youtube"}, "facebook": {"handle": "dean.marcin", "platform": "facebook"}, "snapchat": {"handle": "", "platform": "snapchat"}, "instagram": {"handle": "_dean", "platform": "instagram"}}, "acceptedInvite": {"senderPublicKey": "0x854a8a5fc02Cf0472061e5f9Bf909FdE28fC5F0E", "redeemerPublicKey": "0x0E58B91eFf942422329c20f2730C018f584F9939", "redeemedAt": "2021-04-01T20:17:31.539"}, "twitSocialVerifs": [{"id": "8823e6ca-66c5-47cc-b480-19e62ff7b124", "user": "0x0E58B91eFf942422329c20f2730C018f584F9939", "createdAt": "2021-03-31T19:56:54.388304", "updatedAt": "2021-03-31T19:56:55.770895", "lastCheckedAt": "2021-03-31T19:56:55.738", "socialVerificationURL": "https://twitter.com/DeanMarcin/status/1377349098748010497", "verificationText": "I\u2019m on @withFND \ud83c\udf10\n\n0x0E58B91eFf942422329c20f2730C018f584F9939\n\nhttps://t.co/eDOSfl4FI7", "userId": "390608674", "username": "DeanMarcin", "isValid": true, "service": "TWITTER", "failedReason": null, "status": null}], "instaSocialVerifs": [{"id": "44e03990-2735-44f6-b765-8aa41986d3c8", "user": "0x0E58B91eFf942422329c20f2730C018f584F9939", "createdAt": "2021-05-01T13:32:42.099801", "updatedAt": "2021-05-01T13:32:42.099801", "lastCheckedAt": "2021-05-01T13:32:42.027", "socialVerificationURL": null, "verificationText": null, "userId": "17841400519870162", "username": "_dean", "isValid": true, "service": "INSTAGRAM", "failedReason": null, "status": null}]}, "profileExists": true, "collectors": [{"userIndex": 2730, "publicKey": "0x0E7a408a775AF29310970dE51B59501e21eEE87A", "username": "marischabecker", "profileImageUrl": "https://f8n-production.s3.amazonaws.com/creators/profile/2iyd0t56l-02-jpg-1sedtv.jpg", "coverImageUrl": "https://f8n-production.s3.amazonaws.com/creators/profile/p5dznp4jv-found1-jpg-7p6dcq.jpg", "name": "Marischa Becker", "bio": "3D & 2D Artist from South Africa who loves and enjoy telling stories through art. #artislife", "isApprovedCreator": true, "moderationStatus": "ACTIVE", "joinedWaitlistAt": null, "createdAt": "2021-02-22T11:15:32.58248", "migratedToUser": null, "isApprovedForMigrationAt": null, "follows": [], "highestBidAuctions": [{"endsAt": "2021-06-21T13:14:23"}], "highestBidAuctions_aggregate": {"aggregate": {"count": 1}}}, {"userIndex": 52641, "publicKey": "0xbfDb50Dc66C8Df9fd9688D8fe5A0C34126427645", "username": "beylin", "profileImageUrl": "https://f8n-production.s3.amazonaws.com/creators/profile/qmjadnuwi-pixil-mark-anime-png-omzpcs.png", "coverImageUrl": "", "name": "Mark", "bio": "I'm @markbeylin on most platforms ~", "isApprovedCreator": false, "moderationStatus": "ACTIVE", "joinedWaitlistAt": null, "createdAt": "2021-03-24T23:41:41.3732", "migratedToUser": null, "isApprovedForMigrationAt": null, "follows": [], "highestBidAuctions": [{"endsAt": "2021-07-24T21:02:24"}], "highestBidAuctions_aggregate": {"aggregate": {"count": 1}}}], "createdCount": 0}, "__N_SSG": true}, "page": "/[username]", "query": {"username": "0x0e58b91eff942422329c20f2730c018f584f9939"}, "buildId": "fPHzAE9c9nph2AUK0K_6u", "isFallback": false, "dynamicIds": [33196, 55458, 54746], "gsp": true, "scriptLoader": []}