{"props": {"pageProps": {"username": "0x5c70af3ddc7e815a40f2a09d22483e6e24eddf8e", "user": {"userIndex": 15901, "publicKey": "0x5c70aF3ddc7e815a40F2A09d22483e6E24EdDf8E", "username": "batzdu", "profileImageUrl": "https://f8n-production.s3.amazonaws.com/creators/profile/yi6opna3s-francis-picabia-portrait-de-tristan-tzara-1918-e1443459886749-1-png-49jjv2.png", "coverImageUrl": "https://f8n-production.s3.amazonaws.com/creators/profile/2n8s923ov-commode-27-copy-jpg-488g4s.jpg", "name": "batzdu", "bio": "An artist looking to explore the tensions of visual expression vs. mental expression. \n\nEveryone dances to their own personal boomboom.", "isApprovedCreator": true, "moderationStatus": "ACTIVE", "joinedWaitlistAt": null, "createdAt": "2020-11-30T21:38:13.893728", "migratedToUser": null, "isApprovedForMigrationAt": null, "firstName": null, "lastName": null, "isAdmin": false, "links": {"tiktok": {"handle": "", "platform": "tiktok"}, "twitch": {"handle": "", "platform": "twitch"}, "discord": {"handle": "batzdu#9842", "platform": "discord"}, "twitter": {"handle": "batzdu", "platform": "twitter"}, "website": {"handle": "", "platform": "website"}, "youtube": {"handle": "", "platform": "youtube"}, "facebook": {"handle": "", "platform": "facebook"}, "snapchat": {"handle": "", "platform": "snapchat"}, "instagram": {"handle": "", "platform": "instagram"}}, "acceptedInvite": {"senderPublicKey": "0x85cbF39AfDB506CF9FA9A8Ea419c6De26C342cF0", "redeemerPublicKey": "0x5c70aF3ddc7e815a40F2A09d22483e6E24EdDf8E", "redeemedAt": "2021-03-19T02:41:43.411"}, "twitSocialVerifs": [{"id": "bfc7d89a-4c4c-42e0-bd1c-b149accc9d0d", "user": "0x5c70aF3ddc7e815a40F2A09d22483e6E24EdDf8E", "createdAt": "2021-03-19T02:42:09.460553", "updatedAt": "2021-03-19T02:42:14.121364", "lastCheckedAt": "2021-03-19T02:42:14.089", "socialVerificationURL": "https://twitter.com/batzdu/status/1372740115039186949", "verificationText": "I\u2019m on @withFND \ud83c\udf10\n\n0x5c70aF3ddc7e815a40F2A09d22483e6E24EdDf8E\n\nhttps://t.co/HMfuRvyGvA", "userId": "1339660355568607235", "username": "batzdu", "isValid": true, "service": "TWITTER", "failedReason": null, "status": null}], "instaSocialVerifs": []}, "profileExists": true, "collectors": [], "createdCount": 0}, "__N_SSG": true}, "page": "/[username]", "query": {"username": "0x5c70af3ddc7e815a40f2a09d22483e6e24eddf8e"}, "buildId": "fPHzAE9c9nph2AUK0K_6u", "isFallback": false, "dynamicIds": [33196, 55458, 54746], "gsp": true, "scriptLoader": []}