{"props": {"pageProps": {"username": "0x43faff3b33eb3f043cad20e473b16d7f21b40f97", "user": {"userIndex": 59127, "publicKey": "0x43fAFf3b33eB3f043CaD20e473b16d7F21B40F97", "username": "salvador_dalil", "profileImageUrl": "https://f8n-production.s3.amazonaws.com/creators/profile/nb3xfubx0-pp-gif-toqwsp.gif", "coverImageUrl": "https://f8n-production.s3.amazonaws.com/creators/profile/t7j3w20uu-pdc-gif-cumbhj.gif", "name": "Dalil Boudaoud", "bio": "Graphic Designer / Illustrator from somewhere.", "isApprovedCreator": true, "moderationStatus": "ACTIVE", "joinedWaitlistAt": null, "createdAt": "2021-05-01T14:20:36.679714", "migratedToUser": null, "isApprovedForMigrationAt": null, "firstName": null, "lastName": null, "isAdmin": false, "links": {"tiktok": {"handle": "salavadordalil", "platform": "tiktok"}, "twitch": {"handle": "salvador__dalil", "platform": "twitch"}, "discord": {"handle": "SalvadorDalil#2920", "platform": "discord"}, "twitter": {"handle": "", "platform": "twitter"}, "website": {"handle": "", "platform": "website"}, "youtube": {"handle": "", "platform": "youtube"}, "facebook": {"handle": "", "platform": "facebook"}, "snapchat": {"handle": "", "platform": "snapchat"}, "instagram": {"handle": "", "platform": "instagram"}}, "acceptedInvite": {"senderPublicKey": "0x8A35A312c9FC415b7Ab61d0CCe684f19a2dD99e0", "redeemerPublicKey": "0x43fAFf3b33eB3f043CaD20e473b16d7F21B40F97", "redeemedAt": "2021-05-01T14:21:23.53"}, "twitSocialVerifs": [{"id": "411b6e19-ec4a-4f62-89d5-592232231c33", "user": "0x43fAFf3b33eB3f043CaD20e473b16d7F21B40F97", "createdAt": "2021-05-01T14:27:37.362175", "updatedAt": "2021-05-01T14:27:40.123701", "lastCheckedAt": "2021-05-01T14:27:40.113", "socialVerificationURL": "https://twitter.com/salvador_dalil/status/1388500315968790531", "verificationText": "I\u2019m on @withFND \ud83c\udf10\n\n0x43fAFf3b33eB3f043CaD20e473b16d7F21B40F97\n\nhttps://t.co/JN0ZxvUz3b", "userId": "2729224193", "username": "salvador_dalil", "isValid": true, "service": "TWITTER", "failedReason": null, "status": null}], "instaSocialVerifs": [{"id": "d33fbe70-1f8c-4e11-9a6c-8d9b0139848d", "user": "0x43fAFf3b33eB3f043CaD20e473b16d7F21B40F97", "createdAt": "2021-05-01T14:27:05.254062", "updatedAt": "2021-05-01T14:27:05.254062", "lastCheckedAt": "2021-05-01T14:27:05.252", "socialVerificationURL": null, "verificationText": null, "userId": "17841400696648947", "username": "salvador__dalil", "isValid": true, "service": "INSTAGRAM", "failedReason": null, "status": null}]}, "profileExists": true, "collectors": [], "createdCount": 0}, "__N_SSG": true}, "page": "/[username]", "query": {"username": "0x43faff3b33eb3f043cad20e473b16d7f21b40f97"}, "buildId": "fPHzAE9c9nph2AUK0K_6u", "isFallback": false, "dynamicIds": [33196, 55458, 54746], "gsp": true, "scriptLoader": []}