{"props": {"pageProps": {"username": "0x562921333e04b39a6b3c0ca05e0601ad45fec490", "user": {"userIndex": 68215, "publicKey": "0x562921333e04B39a6b3C0ca05E0601aD45fec490", "username": "Cythonna", "profileImageUrl": "https://f8n-production.s3.amazonaws.com/creators/profile/8tv2ewha5-pinkbunny-2-png-1lb4bm.png", "coverImageUrl": "https://f8n-production.s3.amazonaws.com/creators/profile/jqzrnwwya-bunnymechabackground-png-fkaf7z.png", "name": "Cythonna", "bio": "My name is Ivan,  i'm artist from Indonesia.", "isApprovedCreator": true, "moderationStatus": "ACTIVE", "joinedWaitlistAt": "2021-05-25T09:06:31.873", "createdAt": "2021-05-18T01:16:55.014168", "migratedToUser": null, "isApprovedForMigrationAt": null, "firstName": null, "lastName": null, "isAdmin": false, "links": {"tiktok": {"handle": "", "platform": "tiktok"}, "twitch": {"handle": "", "platform": "twitch"}, "discord": {"handle": "Cythonna#3785", "platform": "discord"}, "twitter": {"handle": "", "platform": "twitter"}, "website": {"handle": "lynkfire.com/Cythonna", "platform": "website"}, "youtube": {"handle": "", "platform": "youtube"}, "facebook": {"handle": "", "platform": "facebook"}, "snapchat": {"handle": "", "platform": "snapchat"}, "instagram": {"handle": "", "platform": "instagram"}}, "acceptedInvite": {"senderPublicKey": "0x0007b9c4D506C6bE7B4A3D454d078Db5899172dA", "redeemerPublicKey": "0x562921333e04B39a6b3C0ca05E0601aD45fec490", "redeemedAt": "2021-06-07T08:35:32.835"}, "twitSocialVerifs": [{"id": "53e7d46f-3473-4e0f-ae31-0fb58ab6d47b", "user": "0x562921333e04B39a6b3C0ca05E0601aD45fec490", "createdAt": "2021-05-24T09:21:18.424696", "updatedAt": "2021-05-24T09:21:20.733702", "lastCheckedAt": "2021-05-24T09:21:20.727", "socialVerificationURL": "https://twitter.com/cy_thonna/status/1394463698438160386", "verificationText": "I\u2019m on @withFND \ud83c\udf10\n\n0x562921333e04B39a6b3C0ca05E0601aD45fec490\n\nhttps://t.co/YREu3ZnBKl", "userId": "901833830453075969", "username": "cy_thonna", "isValid": true, "service": "TWITTER", "failedReason": null, "status": null}], "instaSocialVerifs": [{"id": "5bdd81c7-74ee-4613-a80b-0bb997e3688a", "user": "0x562921333e04B39a6b3C0ca05E0601aD45fec490", "createdAt": "2021-05-18T02:48:03.980585", "updatedAt": "2021-05-18T02:48:03.980585", "lastCheckedAt": "2021-05-18T02:48:03.978", "socialVerificationURL": null, "verificationText": null, "userId": "17841448157562829", "username": "cy.thonna", "isValid": true, "service": "INSTAGRAM", "failedReason": null, "status": null}]}, "profileExists": true, "collectors": [], "createdCount": 0}, "__N_SSG": true}, "page": "/[username]", "query": {"username": "0x562921333e04b39a6b3c0ca05e0601ad45fec490"}, "buildId": "fPHzAE9c9nph2AUK0K_6u", "isFallback": false, "dynamicIds": [33196, 55458, 54746], "gsp": true, "scriptLoader": []}