{"props": {"pageProps": {"username": "0xb9a551f4fdb87a87b980fc5e8e0d6128ea7886cf", "user": {"userIndex": null, "publicKey": "0xB9A551F4FdB87a87b980fC5e8E0D6128EA7886cf", "username": null, "profileImageUrl": null, "coverImageUrl": null, "name": null, "bio": null, "isApprovedCreator": false, "moderationStatus": "ACTIVE", "joinedWaitlistAt": null, "createdAt": "2021-04-03T20:53:06.866436", "migratedToUser": null, "isApprovedForMigrationAt": null, "firstName": null, "lastName": null, "isAdmin": false, "links": {}, "acceptedInvite": null, "twitSocialVerifs": [], "instaSocialVerifs": []}, "profileExists": true, "collectors": [], "createdCount": 0}, "__N_SSG": true}, "page": "/[username]", "query": {"username": "0xb9a551f4fdb87a87b980fc5e8e0d6128ea7886cf"}, "buildId": "fPHzAE9c9nph2AUK0K_6u", "isFallback": false, "dynamicIds": [33196, 55458, 54746], "gsp": true, "scriptLoader": []}