{"props": {"pageProps": {"username": "0x06234a4e76683244099201277f1c51878494c69a", "user": {"userIndex": 43845, "publicKey": "0x06234a4e76683244099201277f1c51878494C69a", "username": "badKarma", "profileImageUrl": "https://f8n-production.s3.amazonaws.com/creators/profile/dlkphrxgo-img-0218-png-b0o49b.PNG", "coverImageUrl": "https://f8n-production.s3.amazonaws.com/creators/profile/mmp82vprp-1500x500-jpeg-kdx7lj.jpeg", "name": "badKarma", "bio": "Ideate, Create, and Celebrate the Art within the Artist.\n\nOn a Journey to explore the depths of the Art World.\n\nBe my companion on this Cosmic Journey.\n\n#NFT #Future", "isApprovedCreator": true, "moderationStatus": "ACTIVE", "joinedWaitlistAt": "2021-04-11T18:37:10.802", "createdAt": "2021-04-11T14:36:52.563676", "migratedToUser": null, "isApprovedForMigrationAt": null, "firstName": null, "lastName": null, "isAdmin": false, "links": {"tiktok": {"handle": "", "platform": "tiktok"}, "twitch": {"handle": "", "platform": "twitch"}, "discord": {"handle": "", "platform": "discord"}, "twitter": {"handle": "", "platform": "twitter"}, "website": {"handle": "linktr.ee/badKarmaNFT", "platform": "website"}, "youtube": {"handle": "", "platform": "youtube"}, "facebook": {"handle": "", "platform": "facebook"}, "snapchat": {"handle": "", "platform": "snapchat"}, "instagram": {"handle": "badkarmanfts ", "platform": "instagram"}}, "acceptedInvite": {"senderPublicKey": "0x0a8a6485a5410D2AC9c72aC24BCb3ab9EEe86dFF", "redeemerPublicKey": "0x06234a4e76683244099201277f1c51878494C69a", "redeemedAt": "2021-04-14T19:27:07.136"}, "twitSocialVerifs": [{"id": "06ddcf79-e55d-4787-a3eb-9c1bf7b95f63", "user": "0x06234a4e76683244099201277f1c51878494C69a", "createdAt": "2021-04-11T15:08:32.707936", "updatedAt": "2021-04-11T15:08:35.305743", "lastCheckedAt": "2021-04-11T15:08:35.302", "socialVerificationURL": "https://twitter.com/badKarmaNFT/status/1381262797539995648", "verificationText": "I\u2019m on @withFND \ud83c\udf10\n\n0x06234a4e76683244099201277f1c51878494C69a\n\nhttps://t.co/SYa4XMFyuf", "userId": "1379798676919357445", "username": "badKarmaNFT", "isValid": true, "service": "TWITTER", "failedReason": null, "status": null}], "instaSocialVerifs": [{"id": "38531ac9-f1d9-448a-ab9f-e0a9ca49a337", "user": "0x06234a4e76683244099201277f1c51878494C69a", "createdAt": "2021-04-22T13:10:20.6024", "updatedAt": "2021-04-22T13:10:20.6024", "lastCheckedAt": "2021-04-22T13:10:20.571", "socialVerificationURL": null, "verificationText": null, "userId": "17841447527355262", "username": "badkarmanfts", "isValid": true, "service": "INSTAGRAM", "failedReason": null, "status": null}]}, "profileExists": true, "collectors": [{"userIndex": 1200, "publicKey": "0xa02Bfd4376C12983A9749e609B209A87Ed3E287c", "username": "amrit", "profileImageUrl": "https://f8n-production.s3.amazonaws.com/creators/profile/5ewhu2o7t-2021-01-10-043912696-jpg-skij24.jpg", "coverImageUrl": "https://f8n-production.s3.amazonaws.com/creators/profile/b1e99fvs0-twitter-jpg-hx2mjp.jpg", "name": "Amrit Pal Singh", "bio": "I make Toy Faces of people and characters that have inspired me. I am fascinated by the history of portraiture, my NFTs are all about exploring nostalgia and a childlike sense of wonder.", "isApprovedCreator": true, "moderationStatus": "ACTIVE", "joinedWaitlistAt": null, "createdAt": "2021-02-11T00:00:00.326317", "migratedToUser": null, "isApprovedForMigrationAt": null, "follows": [], "highestBidAuctions": [{"endsAt": "2021-04-28T16:41:03"}], "highestBidAuctions_aggregate": {"aggregate": {"count": 1}}}], "createdCount": 0}, "__N_SSG": true}, "page": "/[username]", "query": {"username": "0x06234a4e76683244099201277f1c51878494c69a"}, "buildId": "fPHzAE9c9nph2AUK0K_6u", "isFallback": false, "dynamicIds": [33196, 55458, 54746], "gsp": true, "scriptLoader": []}