{"props": {"pageProps": {"username": "0x61e9fa4eac7098102bfa98ee65670d9bf5d194e0", "user": {"userIndex": 19269, "publicKey": "0x61E9Fa4eac7098102bfA98ee65670d9bf5D194e0", "username": "Vidam", "profileImageUrl": "https://f8n-production.s3.amazonaws.com/creators/profile/jape5drk6-vidam-sticker2020scr-04-jpg-hbz843.jpg", "coverImageUrl": "https://f8n-production.s3.amazonaws.com/creators/profile/k3cvkf5ec-foundation-header-jpg-aczvg7.jpg", "name": "Vidam", "bio": "Artist from Berlin", "isApprovedCreator": true, "moderationStatus": "ACTIVE", "joinedWaitlistAt": null, "createdAt": "2021-03-09T12:06:18.689908", "migratedToUser": null, "isApprovedForMigrationAt": null, "firstName": null, "lastName": null, "isAdmin": false, "links": {"tiktok": {"handle": "", "platform": "tiktok"}, "twitch": {"handle": "", "platform": "twitch"}, "discord": {"handle": "", "platform": "discord"}, "twitter": {"handle": "", "platform": "twitter"}, "website": {"handle": "www.vidam.net", "platform": "website"}, "youtube": {"handle": "https://www.youtube.com/channel/UCK63au5-ynZ0Yh-eDEy5rLg", "platform": "youtube"}, "facebook": {"handle": "vidamstudio", "platform": "facebook"}, "snapchat": {"handle": "", "platform": "snapchat"}, "instagram": {"handle": "vidamstudio/", "platform": "instagram"}}, "acceptedInvite": {"senderPublicKey": "0xdf6CB4483e5b749c2c48BE479283247037ad0cFF", "redeemerPublicKey": "0x61E9Fa4eac7098102bfA98ee65670d9bf5D194e0", "redeemedAt": "2021-03-18T22:23:41.166"}, "twitSocialVerifs": [{"id": "10e6d665-50df-42d5-a610-9b9fa84c9da4", "user": "0x61E9Fa4eac7098102bfA98ee65670d9bf5D194e0", "createdAt": "2021-03-18T22:27:55.853252", "updatedAt": "2021-03-18T22:28:00.009095", "lastCheckedAt": "2021-03-18T22:27:59.979", "socialVerificationURL": "https://twitter.com/Vidam16613129/status/1372675704689676293", "verificationText": "I\u2019m on @withFND \ud83c\udf10\n\n0x61E9Fa4eac7098102bfA98ee65670d9bf5D194e0\n\nhttps://t.co/gVp7M2aBmx", "userId": "1370832002778300419", "username": "Vidam16613129", "isValid": true, "service": "TWITTER", "failedReason": null, "status": null}], "instaSocialVerifs": [{"id": "87483c5d-648c-41e3-9320-3da24560c867", "user": "0x61E9Fa4eac7098102bfA98ee65670d9bf5D194e0", "createdAt": "2021-06-25T17:50:24.679271", "updatedAt": "2021-06-25T17:50:24.679271", "lastCheckedAt": "2021-06-25T17:50:24.62", "socialVerificationURL": null, "verificationText": null, "userId": "17841400667297234", "username": "vidamstudio", "isValid": true, "service": "INSTAGRAM", "failedReason": null, "status": null}]}, "profileExists": true, "collectors": [], "createdCount": 0}, "__N_SSG": true}, "page": "/[username]", "query": {"username": "0x61e9fa4eac7098102bfa98ee65670d9bf5d194e0"}, "buildId": "fPHzAE9c9nph2AUK0K_6u", "isFallback": false, "dynamicIds": [33196, 55458, 54746], "gsp": true, "scriptLoader": []}