{"props": {"pageProps": {"username": "0x0a2ef7c6098e564361137407bf6e9300e3ded7c2", "user": {"userIndex": 33877, "publicKey": "0x0A2ef7C6098e564361137407Bf6e9300E3DeD7C2", "username": "perpetualdreammaze", "profileImageUrl": "https://f8n-production.s3.amazonaws.com/creators/profile/ysr6aubik-perpetual-dream-maze-png-6zcgut.png", "coverImageUrl": "https://f8n-production.s3.amazonaws.com/creators/profile/ikd1k3kan-pawel-czerwinski-lelfsi-qgpa-unsplash-jpg-5dja5t.jpg", "name": "Perpetual Dream Maze", "bio": "I am a self-taught artist meandering in the realm of abstract expressionism.", "isApprovedCreator": true, "moderationStatus": "ACTIVE", "joinedWaitlistAt": null, "createdAt": "2021-03-09T12:17:28.687138", "migratedToUser": null, "isApprovedForMigrationAt": null, "firstName": null, "lastName": null, "isAdmin": false, "links": {"tiktok": {"handle": "", "platform": "tiktok"}, "twitch": {"handle": "", "platform": "twitch"}, "discord": {"handle": "", "platform": "discord"}, "twitter": {"handle": "", "platform": "twitter"}, "website": {"handle": "", "platform": "website"}, "youtube": {"handle": "", "platform": "youtube"}, "facebook": {"handle": "", "platform": "facebook"}, "snapchat": {"handle": "", "platform": "snapchat"}, "instagram": {"handle": "perpetualdreammaze", "platform": "instagram"}}, "acceptedInvite": {"senderPublicKey": "0x2931BeB76deD62caE95Ac70b0a4EB8893c17A507", "redeemerPublicKey": "0x0A2ef7C6098e564361137407Bf6e9300E3DeD7C2", "redeemedAt": "2021-04-01T03:25:32.782"}, "twitSocialVerifs": [{"id": "18ff8102-c3e3-426d-8f03-e24a76558dac", "user": "0x0A2ef7C6098e564361137407Bf6e9300E3DeD7C2", "createdAt": "2021-04-01T03:28:15.901219", "updatedAt": "2021-04-01T03:28:17.560763", "lastCheckedAt": "2021-04-01T03:28:17.523", "socialVerificationURL": "https://twitter.com/elliotusk/status/1377462676771676161?s=20", "verificationText": "I\u2019m on @withFND \ud83c\udf10\n\n0x0A2ef7C6098e564361137407Bf6e9300E3DeD7C2\n\nhttps://t.co/7uzSaqFTHy", "userId": "1368876402162888704", "username": "elliotusk", "isValid": true, "service": "TWITTER", "failedReason": null, "status": null}], "instaSocialVerifs": []}, "profileExists": true, "collectors": [{"userIndex": 3194, "publicKey": "0x9a3Acb42d506767f7d83C3b6F2EaD417adC1CDaf", "username": "VonCosmic", "profileImageUrl": "https://f8n-production.s3.amazonaws.com/creators/profile/ludqs2po3-11435674-jpg-5ptxab.JPG", "coverImageUrl": "https://f8n-production.s3.amazonaws.com/creators/profile/dzvfgyjk9-1552524857-jpg-tcvct8.jpg", "name": "Von Cosmic", "bio": "\\ (\u2022\u25e1\u2022 ) /", "isApprovedCreator": false, "moderationStatus": "ACTIVE", "joinedWaitlistAt": null, "createdAt": "2021-02-23T04:06:57.019226", "migratedToUser": null, "isApprovedForMigrationAt": null, "follows": [], "highestBidAuctions": [{"endsAt": "2021-07-28T03:19:49"}], "highestBidAuctions_aggregate": {"aggregate": {"count": 1}}}], "createdCount": 0}, "__N_SSG": true}, "page": "/[username]", "query": {"username": "0x0a2ef7c6098e564361137407bf6e9300e3ded7c2"}, "buildId": "fPHzAE9c9nph2AUK0K_6u", "isFallback": false, "dynamicIds": [33196, 55458, 54746], "gsp": true, "scriptLoader": []}