{"props": {"pageProps": {"username": "0xbc92f885270200db1f613fcbce922466e52072be", "user": {"userIndex": 57590, "publicKey": "0xbc92f885270200dB1F613fCbCE922466e52072BE", "username": "TobiasAhlbrecht", "profileImageUrl": "https://f8n-production.s3.amazonaws.com/creators/profile/av97awk8i-foundation-banner2-1-jpg-re1mf7.jpg", "coverImageUrl": "https://f8n-production.s3.amazonaws.com/creators/profile/uagssw9oz-foundation-tobias-ahlbrecht-1-of-1-jpg-xeva69.jpg", "name": "Tobias Ahlbrecht", "bio": "Everywhere-based photographer and visual artist /// Questioning Contemporary art through human psyche.\n\n", "isApprovedCreator": true, "moderationStatus": "ACTIVE", "joinedWaitlistAt": null, "createdAt": "2021-04-29T08:07:13.49979", "migratedToUser": null, "isApprovedForMigrationAt": null, "firstName": null, "lastName": null, "isAdmin": false, "links": {"tiktok": {"handle": "", "platform": "tiktok"}, "twitch": {"handle": "", "platform": "twitch"}, "discord": {"handle": "", "platform": "discord"}, "twitter": {"handle": "", "platform": "twitter"}, "website": {"handle": "TobiasAhlbrecht.com", "platform": "website"}, "youtube": {"handle": "", "platform": "youtube"}, "facebook": {"handle": "", "platform": "facebook"}, "snapchat": {"handle": "", "platform": "snapchat"}, "instagram": {"handle": "", "platform": "instagram"}}, "acceptedInvite": {"senderPublicKey": "0xe745dD13ed52370f1A112003F51b0E513541a657", "redeemerPublicKey": "0xbc92f885270200dB1F613fCbCE922466e52072BE", "redeemedAt": "2021-04-29T08:34:56.75"}, "twitSocialVerifs": [], "instaSocialVerifs": [{"id": "6ebcd0b3-4d7f-41c1-824a-52b1b89a3fb7", "user": "0xbc92f885270200dB1F613fCbCE922466e52072BE", "createdAt": "2021-04-29T08:27:37.680789", "updatedAt": "2021-04-29T08:27:37.680789", "lastCheckedAt": "2021-04-29T08:27:37.678", "socialVerificationURL": null, "verificationText": null, "userId": "17841405378289919", "username": "tobiasahlbrecht", "isValid": true, "service": "INSTAGRAM", "failedReason": null, "status": null}]}, "profileExists": true, "collectors": [], "createdCount": 0}, "__N_SSG": true}, "page": "/[username]", "query": {"username": "0xbc92f885270200db1f613fcbce922466e52072be"}, "buildId": "fPHzAE9c9nph2AUK0K_6u", "isFallback": false, "dynamicIds": [33196, 55458, 54746], "gsp": true, "scriptLoader": []}