{"props": {"pageProps": {"username": "0x26dd4199269bec9457f84adb029db917a910c711", "user": {"userIndex": 1836, "publicKey": "0x26dD4199269bec9457F84ADb029dB917A910c711", "username": "IAmBunya", "profileImageUrl": "https://f8n-production.s3.amazonaws.com/creators/profile/603aendtb-photo-2021-05-15-02-44-34-jpg-ihvhn9.jpg", "coverImageUrl": "https://f8n-production.s3.amazonaws.com/creators/profile/vdrzcxn7e-basketmonz-logo-1440x260-png-fllkms.png", "name": "IAmBunya", "bio": "I create digital basketballs \ud83c\udfc0\nCreator of the #Basketmonz\nLos Angeles Lakers fan since 2014 and GTA SA \ud83d\udc9c\ud83d\udc9b\nTUAC 2021 \ud83e\uddd9\u200d\u2642\ufe0f\ud83e\uddd9\u200d\u2642\ufe0f\ud83e\uddd9\u200d\u2642\ufe0f\n", "isApprovedCreator": true, "moderationStatus": "ACTIVE", "joinedWaitlistAt": null, "createdAt": "2021-02-18T10:59:54.254195", "migratedToUser": null, "isApprovedForMigrationAt": null, "firstName": null, "lastName": null, "isAdmin": false, "links": {"tiktok": {"handle": "", "platform": "tiktok"}, "twitch": {"handle": "", "platform": "twitch"}, "discord": {"handle": "IAmBunya \ud83c\udfc0#3224", "platform": "discord"}, "twitter": {"handle": "I_AmBunya", "platform": "twitter"}, "website": {"handle": "", "platform": "website"}, "youtube": {"handle": "", "platform": "youtube"}, "facebook": {"handle": "", "platform": "facebook"}, "snapchat": {"handle": "", "platform": "snapchat"}, "instagram": {"handle": "iambunya", "platform": "instagram"}}, "acceptedInvite": {"senderPublicKey": "0xABE67ca4eEfbEFd5217e35222896b9fE8C5DAD43", "redeemerPublicKey": "0x26dD4199269bec9457F84ADb029dB917A910c711", "redeemedAt": "2021-03-13T11:01:01.902"}, "twitSocialVerifs": [{"id": "e5661955-977d-42b3-8db6-cb699ee8bc95", "user": "0x26dD4199269bec9457F84ADb029dB917A910c711", "createdAt": "2021-03-11T20:59:48.115853", "updatedAt": "2021-03-11T20:59:52.530352", "lastCheckedAt": "2021-03-11T20:59:52.504", "socialVerificationURL": "https://twitter.com/I_AmBunya/status/1370117246090088450", "verificationText": "I\u2019m on @withFND \ud83c\udf10\n\n0x26dD4199269bec9457F84ADb029dB917A910c711\n\nhttps://t.co/O1jDISlyZY", "userId": "928663490117668869", "username": "I_AmBunya", "isValid": true, "service": "TWITTER", "failedReason": null, "status": null}], "instaSocialVerifs": [{"id": "676ba13d-e08d-4cfc-bd1f-32c18163913b", "user": "0x26dD4199269bec9457F84ADb029dB917A910c711", "createdAt": "2021-04-20T20:30:53.0246", "updatedAt": "2021-04-20T20:30:53.0246", "lastCheckedAt": "2021-04-20T20:30:52.938", "socialVerificationURL": null, "verificationText": null, "userId": "17841402200213346", "username": "iambunya", "isValid": true, "service": "INSTAGRAM", "failedReason": null, "status": null}]}, "profileExists": true, "collectors": [{"userIndex": 13373, "publicKey": "0x6F2f954cBeab434042893947DA5B7c1Be3Ef264E", "username": "Gillash", "profileImageUrl": "https://f8n-production.s3.amazonaws.com/creators/profile/9dvbnu7wg-111-jpg-l1580r.jpg", "coverImageUrl": "", "name": "Gillash", "bio": "", "isApprovedCreator": false, "moderationStatus": "ACTIVE", "joinedWaitlistAt": null, "createdAt": "2021-03-11T15:18:52.220985", "migratedToUser": null, "isApprovedForMigrationAt": null, "follows": [], "highestBidAuctions": [{"endsAt": "2021-03-15T16:23:37"}], "highestBidAuctions_aggregate": {"aggregate": {"count": 1}}}, {"userIndex": null, "publicKey": "0x7cb2C57Ef6716aB9FFd68811fB1aB258570a6704", "username": null, "profileImageUrl": null, "coverImageUrl": null, "name": null, "bio": null, "isApprovedCreator": false, "moderationStatus": "ACTIVE", "joinedWaitlistAt": null, "createdAt": "2021-03-10T09:35:56.120492", "migratedToUser": null, "isApprovedForMigrationAt": null, "follows": [], "highestBidAuctions": [{"endsAt": "2021-03-16T21:38:20"}], "highestBidAuctions_aggregate": {"aggregate": {"count": 1}}}], "createdCount": 0}, "__N_SSG": true}, "page": "/[username]", "query": {"username": "0x26dd4199269bec9457f84adb029db917a910c711"}, "buildId": "fPHzAE9c9nph2AUK0K_6u", "isFallback": false, "dynamicIds": [33196, 55458, 54746], "gsp": true, "scriptLoader": []}