{"props": {"pageProps": {"username": "0x36520dba880dffb6cf2394b83e59522bad45ebdf", "user": {"userIndex": 20905, "publicKey": "0x36520Dba880dffB6CF2394B83e59522bad45EBDf", "username": "kozik", "profileImageUrl": "https://f8n-production.s3.amazonaws.com/creators/profile/46wvn1fey-backstablabbit-mindzai-1-jpg-0svb2e.jpg", "coverImageUrl": "https://f8n-production.s3.amazonaws.com/creators/profile/eef2lwl1r-chicken-jpg-hg4mzj.jpg", "name": "Frank Kozik", "bio": "Frank Kozik is an internationally recognized San Francisco based artist best known for his posters for rock bands, pop art, vinyl toys and of course the Labbit.", "isApprovedCreator": true, "moderationStatus": "ACTIVE", "joinedWaitlistAt": null, "createdAt": "2021-03-21T07:19:49.126131", "migratedToUser": null, "isApprovedForMigrationAt": null, "firstName": null, "lastName": null, "isAdmin": false, "links": {"tiktok": {"handle": "", "platform": "tiktok"}, "twitch": {"handle": "", "platform": "twitch"}, "discord": {"handle": "", "platform": "discord"}, "twitter": {"handle": "", "platform": "twitter"}, "website": {"handle": "", "platform": "website"}, "youtube": {"handle": "", "platform": "youtube"}, "facebook": {"handle": "Frank Kozik", "platform": "facebook"}, "snapchat": {"handle": "", "platform": "snapchat"}, "instagram": {"handle": "@frankkozik", "platform": "instagram"}}, "acceptedInvite": {"senderPublicKey": "0x2614549112b30A5654E84E6dF3cA8e4A8b1d5739", "redeemerPublicKey": "0x36520Dba880dffB6CF2394B83e59522bad45EBDf", "redeemedAt": "2021-03-21T07:19:54.054"}, "twitSocialVerifs": [{"id": "9402ce76-d04d-4082-9d90-3798ae9ca782", "user": "0x36520Dba880dffB6CF2394B83e59522bad45EBDf", "createdAt": "2021-03-27T05:46:35.699737", "updatedAt": "2021-03-27T05:46:38.626646", "lastCheckedAt": "2021-03-27T05:46:38.615", "socialVerificationURL": "https://twitter.com/frankkozik/status/1375685522853523458", "verificationText": "I\u2019m on @withFND \ud83c\udf10\n\n0x36520Dba880dffB6CF2394B83e59522bad45EBDf\n\nhttps://t.co/HGoFACLP1f", "userId": "135023840", "username": "frankkozik", "isValid": true, "service": "TWITTER", "failedReason": null, "status": null}], "instaSocialVerifs": []}, "profileExists": true, "collectors": [{"userIndex": null, "publicKey": "0x5be49039a975d3C361192c9736b80da775c78283", "username": null, "profileImageUrl": null, "coverImageUrl": null, "name": null, "bio": null, "isApprovedCreator": false, "moderationStatus": "ACTIVE", "joinedWaitlistAt": null, "createdAt": "2021-05-19T23:16:12.658014", "migratedToUser": null, "isApprovedForMigrationAt": null, "follows": [], "highestBidAuctions": [{"endsAt": "2021-05-20T23:17:01"}], "highestBidAuctions_aggregate": {"aggregate": {"count": 1}}}], "createdCount": 0}, "__N_SSG": true}, "page": "/[username]", "query": {"username": "0x36520dba880dffb6cf2394b83e59522bad45ebdf"}, "buildId": "fPHzAE9c9nph2AUK0K_6u", "isFallback": false, "dynamicIds": [33196, 55458, 54746], "gsp": true, "scriptLoader": []}