{"props": {"pageProps": {"username": "0x00b8a602b52a1f377d6c64238e236067f2feebba", "user": {"userIndex": 65965, "publicKey": "0x00b8a602b52A1f377d6C64238E236067f2feEBBa", "username": "jabu", "profileImageUrl": "https://f8n-production.s3.amazonaws.com/creators/profile/w82233x0j-img-6491-1-jpg-evfqpe.jpg", "coverImageUrl": "https://f8n-production.s3.amazonaws.com/creators/profile/lohlf8h42-0y6a0365-1-jpg-x2gxhp.jpg", "name": "Jason Buff", "bio": "Fine Art Portrait Photographer based out of Yucatan, MX", "isApprovedCreator": true, "moderationStatus": "ACTIVE", "joinedWaitlistAt": "2021-05-12T04:04:26.197", "createdAt": "2021-05-12T04:03:38.89641", "migratedToUser": null, "isApprovedForMigrationAt": null, "firstName": null, "lastName": null, "isAdmin": false, "links": {"tiktok": {"handle": "", "platform": "tiktok"}, "twitch": {"handle": "", "platform": "twitch"}, "discord": {"handle": "", "platform": "discord"}, "twitter": {"handle": "", "platform": "twitter"}, "website": {"handle": "www.jabustudio.com", "platform": "website"}, "youtube": {"handle": "", "platform": "youtube"}, "facebook": {"handle": "jasonbuff", "platform": "facebook"}, "snapchat": {"handle": "", "platform": "snapchat"}, "instagram": {"handle": "", "platform": "instagram"}}, "acceptedInvite": {"senderPublicKey": "0x0263ED9B335c0062CE9E61C1771007D69B63845F", "redeemerPublicKey": "0x00b8a602b52A1f377d6C64238E236067f2feEBBa", "redeemedAt": "2021-06-20T03:41:05.151"}, "twitSocialVerifs": [{"id": "366c0eb6-f265-401d-b4b4-4cc8364e05a9", "user": "0x00b8a602b52A1f377d6C64238E236067f2feEBBa", "createdAt": "2021-05-12T17:22:10.305913", "updatedAt": "2021-05-12T17:22:15.450732", "lastCheckedAt": "2021-05-12T17:22:15.433", "socialVerificationURL": "https://twitter.com/jabustudio/status/1392530424526774276", "verificationText": "I\u2019m on @withFND \ud83c\udf10\n\n0x00b8a602b52A1f377d6C64238E236067f2feEBBa\n\nhttps://t.co/UNyqe2KImA", "userId": "25107532", "username": "jabustudio", "isValid": true, "service": "TWITTER", "failedReason": null, "status": null}], "instaSocialVerifs": [{"id": "76a7dc67-3839-4e72-af03-234a49396494", "user": "0x00b8a602b52A1f377d6C64238E236067f2feEBBa", "createdAt": "2021-05-12T04:04:14.442123", "updatedAt": "2021-05-12T04:04:14.442123", "lastCheckedAt": "2021-05-12T04:04:14.415", "socialVerificationURL": null, "verificationText": null, "userId": "17841401034580243", "username": "jabu_studio", "isValid": true, "service": "INSTAGRAM", "failedReason": null, "status": null}]}, "profileExists": true, "collectors": [{"userIndex": 21401, "publicKey": "0x448fa7a9F6eb9ed764bA1fD4C776a4373c9d3a03", "username": "jeremymckane", "profileImageUrl": "https://f8n-production.s3.amazonaws.com/creators/profile/z7xse683z-rari-bio-jpg-hjszic.jpg", "coverImageUrl": "https://f8n-production.s3.amazonaws.com/creators/profile/cdmp1ek6x-ofaatu-title-jpg-ixiyqx.jpg", "name": "Jeremy McKane", "bio": "All of my work centers around Ocean Action. I am using Foundation for my Photography and Still works. My video works and Data Sculptures  can be found on MakersPlace! ", "isApprovedCreator": true, "moderationStatus": "ACTIVE", "joinedWaitlistAt": null, "createdAt": "2021-03-21T21:16:49.325047", "migratedToUser": null, "isApprovedForMigrationAt": null, "follows": [], "highestBidAuctions": [{"endsAt": "2021-06-22T04:44:40"}], "highestBidAuctions_aggregate": {"aggregate": {"count": 1}}}], "createdCount": 0}, "__N_SSG": true}, "page": "/[username]", "query": {"username": "0x00b8a602b52a1f377d6c64238e236067f2feebba"}, "buildId": "fPHzAE9c9nph2AUK0K_6u", "isFallback": false, "dynamicIds": [33196, 55458, 54746], "gsp": true, "scriptLoader": []}