{"props": {"pageProps": {"username": "0x65845ef1329516616b124f9e0682200c589e6357", "user": {"userIndex": 8149, "publicKey": "0x65845EF1329516616B124f9e0682200c589E6357", "username": "aminos", "profileImageUrl": "https://f8n-production.s3.amazonaws.com/creators/profile/vg48af7h0-gettyimages-1124672089-jpg-yet0e7.jpg", "coverImageUrl": "https://f8n-production.s3.amazonaws.com/creators/profile/kzy05n44n-9csv38dr2xh6aimh8mrvlx-jpg-xpdtqv.jpg", "name": "Amine Karmous", "bio": "SpAcE\n.\u3000\u3000\u3000\u3000\u3000\u3000\u3000\u3000\u3000\u3000\u3000. \u3000\u3000\u2726\n\u2604\ufe0f \u2800 \u2800\u2800\u2800\u2800\u2800\u2800.\u3000\u3000\u3000\u3000\u3000\u3000\u3000\u3000\u3000\u3000\u3000\u3000\u3000\n\u3000\u3000\u3000\u3000\u3000\u3000\u3000\u3000*\u3000\u3000.\n\u3000\u3000\u3000\u3000.\u3000\u3000\u3000\u3000.\u3000\u3000\u3000\u2800\ud83c\udf15\n\u3000\u3000\u3000\u3000\u3000\u3000\u3000\u3000\u3000\u3000\u3000.\n\u3000\u3000\u3000\u3000\u3000\u3000\u3000\ud83d\ude80\n\u3000\u3000\u3000\u02da\u3000\u3000\u3000\u3000\u3000\u3000\u3000\u3000\uff9f\u3000\u3000\u3000\u3000\u3000.\n\u3000.\u2800\u3000\u3000\ud83c\udf0e\u2800\u200d\u2800\u200d\u2800\u200d\u2800\u200d\u3000\uff9f\u2800\u200d\u2800\u200d\u2800\u200d\u2800\u200d\u2800\u200d\u2800\u200d\u2800,\n\u3000\u3000\u3000*\u3000\n\n\u2800\u2800\u2800\u2800\u2800\u2800\u2800.\u3000\u3000\u3000\u3000\u3000\u3000*\u3000\u3000\u3000\u3000\u2800\u2800\u2800\u2726 \u3000", "isApprovedCreator": true, "moderationStatus": "ACTIVE", "joinedWaitlistAt": null, "createdAt": "2021-03-05T22:21:32.482561", "migratedToUser": null, "isApprovedForMigrationAt": null, "firstName": null, "lastName": null, "isAdmin": false, "links": {"tiktok": {"handle": "", "platform": "tiktok"}, "twitch": {"handle": "", "platform": "twitch"}, "discord": {"handle": "", "platform": "discord"}, "twitter": {"handle": "", "platform": "twitter"}, "website": {"handle": "", "platform": "website"}, "youtube": {"handle": "", "platform": "youtube"}, "facebook": {"handle": "", "platform": "facebook"}, "snapchat": {"handle": "", "platform": "snapchat"}, "instagram": {"handle": "DESIGNER.TN", "platform": "instagram"}}, "acceptedInvite": {"senderPublicKey": "0xbb4Be99863F9106ec6452dcCc8d6dE0a95C9cA11", "redeemerPublicKey": "0x65845EF1329516616B124f9e0682200c589E6357", "redeemedAt": "2021-04-13T12:53:28.329"}, "twitSocialVerifs": [{"id": "63431342-c5a8-4686-b816-d0f5cdaed37c", "user": "0x65845EF1329516616B124f9e0682200c589E6357", "createdAt": "2021-06-07T11:45:41.661194", "updatedAt": "2021-06-07T11:45:43.795733", "lastCheckedAt": "2021-06-07T11:45:43.781", "socialVerificationURL": "https://twitter.com/amine_karmous/status/1401867900810629120", "verificationText": "I\u2019m on @withFND \ud83c\udf10\n\n0x65845EF1329516616B124f9e0682200c589E6357\n\nhttps://t.co/HtXi7qVSvU", "userId": "1273952175190925314", "username": "amine_karmous", "isValid": true, "service": "TWITTER", "failedReason": null, "status": null}], "instaSocialVerifs": [{"id": "89a4ba7e-9a71-46e9-98d4-c267ef191d4a", "user": "0x65845EF1329516616B124f9e0682200c589E6357", "createdAt": "2021-06-07T11:35:07.884501", "updatedAt": "2021-06-07T11:35:07.884501", "lastCheckedAt": "2021-06-07T11:35:07.85", "socialVerificationURL": null, "verificationText": null, "userId": "17841400880433398", "username": "designer.tn", "isValid": true, "service": "INSTAGRAM", "failedReason": null, "status": null}]}, "profileExists": true, "collectors": [], "createdCount": 0}, "__N_SSG": true}, "page": "/[username]", "query": {"username": "0x65845ef1329516616b124f9e0682200c589e6357"}, "buildId": "fPHzAE9c9nph2AUK0K_6u", "isFallback": false, "dynamicIds": [33196, 55458, 54746], "gsp": true, "scriptLoader": []}