{"props": {"pageProps": {"username": "0x9b64e4932d7a2bd76ea68b86073c01905d3f8a82", "user": {"userIndex": 34686, "publicKey": "0x9B64e4932d7A2bd76ea68b86073c01905d3F8a82", "username": "Palettebkk", "profileImageUrl": "https://f8n-production.s3.amazonaws.com/creators/profile/dquj48qpv-palette-jpg-fdnlzk.jpg", "coverImageUrl": "https://f8n-production.s3.amazonaws.com/creators/profile/ndjznnv1p-foundation-banner-jpg-m31iop.jpg", "name": "MrPalette", "bio": "PALETTE ARTSPACE is a contemporary art gallery located in Thailand. The gallery was founded in 2019 on purpose to combine traditional Thai art, contemporary art, digital art and  art toy in one place.", "isApprovedCreator": true, "moderationStatus": "ACTIVE", "joinedWaitlistAt": null, "createdAt": "2021-04-01T18:10:46.674253", "migratedToUser": null, "isApprovedForMigrationAt": null, "firstName": null, "lastName": null, "isAdmin": false, "links": {"tiktok": {"handle": "", "platform": "tiktok"}, "twitch": {"handle": "", "platform": "twitch"}, "discord": {"handle": "", "platform": "discord"}, "twitter": {"handle": "", "platform": "twitter"}, "website": {"handle": "https://linktr.ee/mrpalette", "platform": "website"}, "youtube": {"handle": "https://www.youtube.com/channel/UCdgxadzkjJjEqb6JYlGhdgQ", "platform": "youtube"}, "facebook": {"handle": "palette.artspace", "platform": "facebook"}, "snapchat": {"handle": "", "platform": "snapchat"}, "instagram": {"handle": "watjanasin.char", "platform": "instagram"}}, "acceptedInvite": {"senderPublicKey": "0x6AC45a8DC2C06f14d56084D50e4afE690f558684", "redeemerPublicKey": "0x9B64e4932d7A2bd76ea68b86073c01905d3F8a82", "redeemedAt": "2021-04-10T06:42:01.762"}, "twitSocialVerifs": [{"id": "005b6ccd-e85f-4f1d-9c04-23584c4a0baa", "user": "0x9B64e4932d7A2bd76ea68b86073c01905d3F8a82", "createdAt": "2021-04-01T18:12:25.183382", "updatedAt": "2021-04-01T18:12:29.282502", "lastCheckedAt": "2021-04-01T18:12:29.255", "socialVerificationURL": "https://twitter.com/Palettebkk/status/1377685010480652288", "verificationText": "I\u2019m on @withFND \ud83c\udf10\n\n0x9B64e4932d7A2bd76ea68b86073c01905d3F8a82\n\nhttps://t.co/eni5y5KQty", "userId": "1146402330637553665", "username": "Palettebkk", "isValid": true, "service": "TWITTER", "failedReason": null, "status": null}], "instaSocialVerifs": [{"id": "643bc3fc-4c44-45a8-88dc-8df3cdcde468", "user": "0x9B64e4932d7A2bd76ea68b86073c01905d3F8a82", "createdAt": "2021-05-18T03:06:17.861993", "updatedAt": "2021-05-18T03:06:17.861993", "lastCheckedAt": "2021-05-18T03:06:17.815", "socialVerificationURL": null, "verificationText": null, "userId": "17841416847193730", "username": "palette.artspace", "isValid": true, "service": "INSTAGRAM", "failedReason": null, "status": null}]}, "profileExists": true, "collectors": [{"userIndex": 82311, "publicKey": "0x2a1107161816816Cb7316aBD324008692D72F1bD", "username": "Joyman", "profileImageUrl": "https://f8n-production.s3.amazonaws.com/creators/profile/ax9hj09ds-logo-joyman-01-png-6tnqwt.png", "coverImageUrl": "", "name": "Joyman", "bio": "A curatorial team and artists with an aim to present art beyond boundaries", "isApprovedCreator": true, "moderationStatus": "ACTIVE", "joinedWaitlistAt": null, "createdAt": "2021-07-03T06:29:58.818979", "migratedToUser": null, "isApprovedForMigrationAt": null, "follows": [], "highestBidAuctions": [{"endsAt": "2021-07-04T06:30:21"}], "highestBidAuctions_aggregate": {"aggregate": {"count": 1}}}], "createdCount": 0}, "__N_SSG": true}, "page": "/[username]", "query": {"username": "0x9b64e4932d7a2bd76ea68b86073c01905d3f8a82"}, "buildId": "fPHzAE9c9nph2AUK0K_6u", "isFallback": false, "dynamicIds": [33196, 55458, 54746], "gsp": true, "scriptLoader": []}