{"props": {"pageProps": {"username": "0x3c594cc38143d2b14ea1bced04d74b220c5121e7", "user": {"userIndex": 62348, "publicKey": "0x3c594Cc38143d2b14Ea1bced04d74b220c5121e7", "username": "FullyRaimaturapong", "profileImageUrl": "https://f8n-production.s3.amazonaws.com/creators/profile/obqnd3hei-67674106-2395250910745843-2301416877911441408-n-jpeg-ween9b.jpeg", "coverImageUrl": "https://f8n-production.s3.amazonaws.com/creators/profile/61ibyct3s-182678294-1447021612297663-4782468996548167870-n-jpg-wj6o8x.jpg", "name": "Fully Raimaturapong", "bio": "( \u5bcc\u4e3d ) Fully Raimaturapong\nvisual communication design.\nig. @wtf.ully\nwebsite. fullyraimaturapong.cargo.site", "isApprovedCreator": true, "moderationStatus": "ACTIVE", "joinedWaitlistAt": null, "createdAt": "2021-05-06T08:42:38.631261", "migratedToUser": null, "isApprovedForMigrationAt": null, "firstName": null, "lastName": null, "isAdmin": false, "links": {"tiktok": {"handle": "", "platform": "tiktok"}, "twitch": {"handle": "", "platform": "twitch"}, "discord": {"handle": "", "platform": "discord"}, "twitter": {"handle": "", "platform": "twitter"}, "website": {"handle": "https://fullyraimaturapong.cargo.site/", "platform": "website"}, "youtube": {"handle": "", "platform": "youtube"}, "facebook": {"handle": "fully.raimaturapong.5/", "platform": "facebook"}, "snapchat": {"handle": "", "platform": "snapchat"}, "instagram": {"handle": "", "platform": "instagram"}}, "acceptedInvite": {"senderPublicKey": "0xa7695409c5Fef39A8367759A279386302a683b9A", "redeemerPublicKey": "0x3c594Cc38143d2b14Ea1bced04d74b220c5121e7", "redeemedAt": "2021-07-14T02:20:36.922"}, "twitSocialVerifs": [{"id": "eebfc9cf-fd65-4268-b94f-9a04611a5010", "user": "0x3c594Cc38143d2b14Ea1bced04d74b220c5121e7", "createdAt": "2021-07-14T03:04:53.093072", "updatedAt": "2021-07-14T03:04:58.191713", "lastCheckedAt": "2021-07-14T03:04:58.176", "socialVerificationURL": "https://twitter.com/raimaturapong/status/1390237559410675714", "verificationText": "I\u2019m on @withFND \ud83c\udf10\n\n0x3c594Cc38143d2b14Ea1bced04d74b220c5121e7\n\nhttps://t.co/BFjDvReCMQ", "userId": "1390237191486377986", "username": "wtf_ully", "isValid": true, "service": "TWITTER", "failedReason": null, "status": null}], "instaSocialVerifs": [{"id": "beba73de-40e2-4f59-b814-0077a974f5e3", "user": "0x3c594Cc38143d2b14Ea1bced04d74b220c5121e7", "createdAt": "2021-05-06T08:46:43.400399", "updatedAt": "2021-05-06T08:46:43.400399", "lastCheckedAt": "2021-05-06T08:46:43.38", "socialVerificationURL": null, "verificationText": null, "userId": "17841409015271541", "username": "wtf.ully", "isValid": true, "service": "INSTAGRAM", "failedReason": null, "status": null}]}, "profileExists": true, "collectors": [], "createdCount": 0}, "__N_SSG": true}, "page": "/[username]", "query": {"username": "0x3c594cc38143d2b14ea1bced04d74b220c5121e7"}, "buildId": "fPHzAE9c9nph2AUK0K_6u", "isFallback": false, "dynamicIds": [33196, 55458, 54746], "gsp": true, "scriptLoader": []}