{"props": {"pageProps": {"username": "0xeb3875a860be0b6ef5ec110454057c1f754409d9", "user": {"userIndex": 13915, "publicKey": "0xeB3875a860Be0b6EF5ec110454057c1F754409D9", "username": "opasinski", "profileImageUrl": "https://f8n-production.s3.amazonaws.com/creators/profile/gi7e0lgi2-tomasz-2019-03b-jpg-yba0n9.jpg", "coverImageUrl": "https://f8n-production.s3.amazonaws.com/creators/profile/gabqz9lbk-banner-02a-png-hrqvya.png", "name": "Tomasz Opasinski", "bio": "Ideator \u00b1 Creator \u00b1 Innovator\n30 Awards, 60 Publications, 47 Workshops, 34 Exhibitions\u2026\n\nFull bio at: www.opasinski.com/#experience", "isApprovedCreator": true, "moderationStatus": "ACTIVE", "joinedWaitlistAt": null, "createdAt": "2021-03-12T22:10:58.725881", "migratedToUser": null, "isApprovedForMigrationAt": null, "firstName": null, "lastName": null, "isAdmin": false, "links": {"tiktok": {"handle": "", "platform": "tiktok"}, "twitch": {"handle": "", "platform": "twitch"}, "discord": {"handle": "", "platform": "discord"}, "twitter": {"handle": "topasinski", "platform": "twitter"}, "website": {"handle": "www.opasinski.com", "platform": "website"}, "youtube": {"handle": "", "platform": "youtube"}, "facebook": {"handle": "", "platform": "facebook"}, "snapchat": {"handle": "", "platform": "snapchat"}, "instagram": {"handle": "opasinski", "platform": "instagram"}}, "acceptedInvite": {"senderPublicKey": "0xC5e38233Cc0D7CFf9340e6139367aBA498EC9b18", "redeemerPublicKey": "0xeB3875a860Be0b6EF5ec110454057c1F754409D9", "redeemedAt": "2021-03-12T22:11:02.829"}, "twitSocialVerifs": [{"id": "521d8423-491a-4b0f-bd53-2ac545ad8245", "user": "0xeB3875a860Be0b6EF5ec110454057c1F754409D9", "createdAt": "2021-03-21T16:38:22.343234", "updatedAt": "2021-03-21T16:38:22.876086", "lastCheckedAt": "2021-03-21T16:38:22.85", "socialVerificationURL": "https://twitter.com/topasinski/status/1373675173967134722?ref_src=twsrc%5Etfw%7Ctwcamp%5Etweetembed%7Ctwterm%5E1373675173967134722%7Ctwgr%5E%7Ctwcon%5Es1_c10&ref_url=https%3A%2F%2Fpublish.twitter.com%2F%3Fquery%3Dhttps3A2F2Ftwitter.com2Ftopasinski2Fstatus2F1373675173967134722widget%3DTweet", "verificationText": "I\u2019m on @withFND \ud83c\udf10\n\n0xeB3875a860Be0b6EF5ec110454057c1F754409D9\n\nhttps://t.co/PhxMF4gq0Y", "userId": "1369362076775415810", "username": "topasinski", "isValid": true, "service": "TWITTER", "failedReason": null, "status": null}], "instaSocialVerifs": []}, "profileExists": true, "collectors": [{"userIndex": null, "publicKey": "0xB7C48a0a2a8CcF05Cd3606EF96989A1e93eea9D5", "username": null, "profileImageUrl": null, "coverImageUrl": null, "name": null, "bio": null, "isApprovedCreator": false, "moderationStatus": "ACTIVE", "joinedWaitlistAt": null, "createdAt": "2021-03-20T13:05:48.740092", "migratedToUser": null, "isApprovedForMigrationAt": null, "follows": [], "highestBidAuctions": [{"endsAt": "2021-03-20T22:46:02"}], "highestBidAuctions_aggregate": {"aggregate": {"count": 3}}}], "createdCount": 0}, "__N_SSG": true}, "page": "/[username]", "query": {"username": "0xeb3875a860be0b6ef5ec110454057c1f754409d9"}, "buildId": "fPHzAE9c9nph2AUK0K_6u", "isFallback": false, "dynamicIds": [33196, 55458, 54746], "gsp": true, "scriptLoader": []}