{"props": {"pageProps": {"username": "0x5215b67a86f5c916bc5468376db9dfad812c7026", "user": {"userIndex": 46563, "publicKey": "0x5215b67a86F5C916Bc5468376DB9DFad812C7026", "username": "orkun", "profileImageUrl": "https://f8n-production.s3.amazonaws.com/creators/profile/ygfy4pcw9-paper-obd-3-greencroft-34-jpg-hm2wln.jpg", "coverImageUrl": "https://f8n-production.s3.amazonaws.com/creators/profile/szhi4b9p5-manhattan-deformities-wide-jpg-81pxao.jpg", "name": "Orkun Beydagi", "bio": "Architect_Thinker_ London UK\nWorld Transforms Itself is a speculation on the relationship between decentralized networks of augmented spaces and the physical world", "isApprovedCreator": true, "moderationStatus": "ACTIVE", "joinedWaitlistAt": "2021-06-20T13:19:39.588", "createdAt": "2021-04-04T16:10:34.771509", "migratedToUser": null, "isApprovedForMigrationAt": null, "firstName": null, "lastName": null, "isAdmin": false, "links": {"tiktok": {"handle": "", "platform": "tiktok"}, "twitch": {"handle": "", "platform": "twitch"}, "discord": {"handle": "ORKUN#5002", "platform": "discord"}, "twitter": {"handle": "", "platform": "twitter"}, "website": {"handle": "worldtransformsitself.co.uk", "platform": "website"}, "youtube": {"handle": "", "platform": "youtube"}, "facebook": {"handle": "", "platform": "facebook"}, "snapchat": {"handle": "", "platform": "snapchat"}, "instagram": {"handle": "worldtransformsitself", "platform": "instagram"}}, "acceptedInvite": {"senderPublicKey": "0xAd4F4852329443E8CADAFB1B5f6362C0cFC1B639", "redeemerPublicKey": "0x5215b67a86F5C916Bc5468376DB9DFad812C7026", "redeemedAt": "2021-07-25T15:15:57.029"}, "twitSocialVerifs": [{"id": "8430e627-b31d-4728-8746-8e4abf3a34d9", "user": "0x5215b67a86F5C916Bc5468376DB9DFad812C7026", "createdAt": "2021-06-20T13:12:20.028676", "updatedAt": "2021-06-20T13:12:23.83901", "lastCheckedAt": "2021-06-20T13:12:23.819", "socialVerificationURL": "https://twitter.com/orkunthinks/status/1406600706459643904", "verificationText": "I\u2019m on @withFND \ud83c\udf10\n\n0x5215b67a86F5C916Bc5468376DB9DFad812C7026\n\nhttps://t.co/y320NvRsr2", "userId": "1380958770994548747", "username": "orkunthinks", "isValid": true, "service": "TWITTER", "failedReason": null, "status": null}], "instaSocialVerifs": [{"id": "d621a819-9944-4504-bd26-e9b47b08b77a", "user": "0x5215b67a86F5C916Bc5468376DB9DFad812C7026", "createdAt": "2021-06-20T13:11:18.20323", "updatedAt": "2021-06-20T13:11:18.20323", "lastCheckedAt": "2021-06-20T13:11:18.181", "socialVerificationURL": null, "verificationText": null, "userId": "17841447053129035", "username": "orkunthinks", "isValid": true, "service": "INSTAGRAM", "failedReason": null, "status": null}]}, "profileExists": true, "collectors": [], "createdCount": 0}, "__N_SSG": true}, "page": "/[username]", "query": {"username": "0x5215b67a86f5c916bc5468376db9dfad812c7026"}, "buildId": "fPHzAE9c9nph2AUK0K_6u", "isFallback": false, "dynamicIds": [33196, 55458, 54746], "gsp": true, "scriptLoader": []}