{"props": {"pageProps": {"username": "0x3b9c9fc715b91c59daf5e6cd233eb96b1e1b8a8e", "user": {"userIndex": 46793, "publicKey": "0x3b9c9fc715b91c59Daf5E6Cd233eb96b1e1b8A8E", "username": "oknu", "profileImageUrl": "https://f8n-production.s3.amazonaws.com/creators/profile/5i4pcs056-maupe-pije-zubra-jpg-jjqrut.jpg", "coverImageUrl": "https://f8n-production.s3.amazonaws.com/creators/profile/eeucc0alx-vlcsnap-2020-10-06-23h29m55s361-png-6gbldu.png", "name": "", "bio": "", "isApprovedCreator": false, "moderationStatus": "ACTIVE", "joinedWaitlistAt": null, "createdAt": "2021-04-14T19:57:45.118476", "migratedToUser": null, "isApprovedForMigrationAt": null, "firstName": null, "lastName": null, "isAdmin": false, "links": {"tiktok": {"handle": "", "platform": "tiktok"}, "twitch": {"handle": "", "platform": "twitch"}, "discord": {"handle": "", "platform": "discord"}, "twitter": {"handle": "", "platform": "twitter"}, "website": {"handle": "", "platform": "website"}, "youtube": {"handle": "", "platform": "youtube"}, "facebook": {"handle": "", "platform": "facebook"}, "snapchat": {"handle": "", "platform": "snapchat"}, "instagram": {"handle": "", "platform": "instagram"}}, "acceptedInvite": null, "twitSocialVerifs": [], "instaSocialVerifs": []}, "profileExists": true, "collectors": [], "createdCount": 0}, "__N_SSG": true}, "page": "/[username]", "query": {"username": "0x3b9c9fc715b91c59daf5e6cd233eb96b1e1b8a8e"}, "buildId": "fPHzAE9c9nph2AUK0K_6u", "isFallback": false, "dynamicIds": [33196, 55458, 54746], "gsp": true, "scriptLoader": []}