{"props": {"pageProps": {"username": "0x05b7eb14b0085a879c8c016a1669d8e415a28c76", "user": {"userIndex": 27811, "publicKey": "0x05B7EB14b0085a879C8C016A1669d8E415A28C76", "username": "Moonlight-Knight", "profileImageUrl": "https://f8n-production.s3.amazonaws.com/creators/profile/i63df43n0-nftt-jpg-o4wha5.jpg", "coverImageUrl": "", "name": "Nirmala.Y.H", "bio": "I'm a 2D & 3D artist.", "isApprovedCreator": true, "moderationStatus": "ACTIVE", "joinedWaitlistAt": null, "createdAt": "2021-03-26T09:08:30.670945", "migratedToUser": null, "isApprovedForMigrationAt": null, "firstName": null, "lastName": null, "isAdmin": false, "links": {"tiktok": {"handle": "", "platform": "tiktok"}, "twitch": {"handle": "", "platform": "twitch"}, "discord": {"handle": "", "platform": "discord"}, "twitter": {"handle": "", "platform": "twitter"}, "website": {"handle": "https://www.artstation.com/beyonddemind", "platform": "website"}, "youtube": {"handle": "https://www.youtube.com/channel/UC9eNd1z_bY305oUh9wf3Pnw", "platform": "youtube"}, "facebook": {"handle": "", "platform": "facebook"}, "snapchat": {"handle": "", "platform": "snapchat"}, "instagram": {"handle": "voxelvibes/", "platform": "instagram"}}, "acceptedInvite": {"senderPublicKey": "0x43e82C94D0a445C1D90506Ce5CBa247ABdCebDD8", "redeemerPublicKey": "0x05B7EB14b0085a879C8C016A1669d8E415A28C76", "redeemedAt": "2021-04-02T16:45:45.348"}, "twitSocialVerifs": [{"id": "0674cbab-ed23-4131-8bf8-1fac15212d82", "user": "0x05B7EB14b0085a879C8C016A1669d8E415A28C76", "createdAt": "2021-04-09T12:36:59.786231", "updatedAt": "2021-04-09T12:37:04.887536", "lastCheckedAt": "2021-04-09T12:37:04.864", "socialVerificationURL": "https://twitter.com/MoonlightKnig12/status/1380499756737171459?s=20", "verificationText": "I\u2019m on @withFND \ud83c\udf10\n\n0x05B7EB14b0085a879C8C016A1669d8E415A28C76\n\nhttps://t.co/iM43e4ETqG", "userId": "1380496379294797828", "username": "MoonlightKnig12", "isValid": true, "service": "TWITTER", "failedReason": null, "status": null}], "instaSocialVerifs": []}, "profileExists": true, "collectors": [], "createdCount": 0}, "__N_SSG": true}, "page": "/[username]", "query": {"username": "0x05b7eb14b0085a879c8c016a1669d8e415a28c76"}, "buildId": "fPHzAE9c9nph2AUK0K_6u", "isFallback": false, "dynamicIds": [33196, 55458, 54746], "gsp": true, "scriptLoader": []}