{"props": {"pageProps": {"username": "0xb8b86f77a34d5679daa6df4ae830294c6e108b88", "user": {"userIndex": 83744, "publicKey": "0xB8b86F77A34D5679daa6df4Ae830294c6E108B88", "username": "hosseinizaadi", "profileImageUrl": "https://f8n-production.s3.amazonaws.com/creators/profile/nlvccw0ll-profile-photo-gif-rnr8ct.gif", "coverImageUrl": "https://f8n-production.s3.amazonaws.com/creators/profile/6s68dspid-cover-jpg-uw0afw.jpg", "name": "Hossein Izadi", "bio": "MA Architecture Student | Visual Artist And Graphic Designer", "isApprovedCreator": true, "moderationStatus": "ACTIVE", "joinedWaitlistAt": null, "createdAt": "2021-07-10T19:16:00.096398", "migratedToUser": null, "isApprovedForMigrationAt": null, "firstName": null, "lastName": null, "isAdmin": false, "links": {"tiktok": {"handle": "", "platform": "tiktok"}, "twitch": {"handle": "", "platform": "twitch"}, "discord": {"handle": "", "platform": "discord"}, "twitter": {"handle": "", "platform": "twitter"}, "website": {"handle": "", "platform": "website"}, "youtube": {"handle": "", "platform": "youtube"}, "facebook": {"handle": "", "platform": "facebook"}, "snapchat": {"handle": "", "platform": "snapchat"}, "instagram": {"handle": "", "platform": "instagram"}}, "acceptedInvite": {"senderPublicKey": "0x060211c8D284a5C9829458725a3D1d6783524823", "redeemerPublicKey": "0xB8b86F77A34D5679daa6df4Ae830294c6E108B88", "redeemedAt": "2021-07-10T19:16:12.879"}, "twitSocialVerifs": [{"id": "24784b73-c59d-41f1-b6e9-6dcb7f8f06ce", "user": "0xB8b86F77A34D5679daa6df4Ae830294c6E108B88", "createdAt": "2021-07-10T19:29:23.673497", "updatedAt": "2021-07-10T19:29:28.700192", "lastCheckedAt": "2021-07-10T19:29:28.69", "socialVerificationURL": "https://twitter.com/hosseinizaadi/status/1413943361904513026?s=20", "verificationText": "I\u2019m on @withFND \ud83c\udf10\n\n0xB8b86F77A34D5679daa6df4Ae830294c6E108B88\n\nhttps://t.co/F3vOj7Nbpg", "userId": "1352978209650991105", "username": "hosseinizaadi", "isValid": true, "service": "TWITTER", "failedReason": null, "status": null}], "instaSocialVerifs": [{"id": "18c7fad4-773b-4017-8db9-92495ff7bac5", "user": "0xB8b86F77A34D5679daa6df4Ae830294c6E108B88", "createdAt": "2021-07-10T19:18:56.017305", "updatedAt": "2021-07-10T19:18:56.017305", "lastCheckedAt": "2021-07-10T19:18:56.004", "socialVerificationURL": null, "verificationText": null, "userId": "17841445359786631", "username": "hosseinizaadi", "isValid": true, "service": "INSTAGRAM", "failedReason": null, "status": null}]}, "profileExists": true, "collectors": [], "createdCount": 0}, "__N_SSG": true}, "page": "/[username]", "query": {"username": "0xb8b86f77a34d5679daa6df4ae830294c6e108b88"}, "buildId": "fPHzAE9c9nph2AUK0K_6u", "isFallback": false, "dynamicIds": [33196, 55458, 54746], "gsp": true, "scriptLoader": []}