{"props": {"pageProps": {"username": "0x56cbeef8295ef28be1af4c15350d7c1fb0a99ef7", "user": {"userIndex": null, "publicKey": "0x56CBeef8295eF28bE1aF4c15350D7c1Fb0A99eF7", "username": null, "profileImageUrl": null, "coverImageUrl": null, "name": null, "bio": null, "isApprovedCreator": false, "moderationStatus": "ACTIVE", "joinedWaitlistAt": null, "createdAt": "2021-07-12T19:08:07.638875", "migratedToUser": null, "isApprovedForMigrationAt": null, "firstName": null, "lastName": null, "isAdmin": false, "links": {}, "acceptedInvite": null, "twitSocialVerifs": [], "instaSocialVerifs": []}, "profileExists": true, "collectors": [], "createdCount": 0}, "__N_SSG": true}, "page": "/[username]", "query": {"username": "0x56cbeef8295ef28be1af4c15350d7c1fb0a99ef7"}, "buildId": "fPHzAE9c9nph2AUK0K_6u", "isFallback": false, "dynamicIds": [33196, 55458, 54746], "gsp": true, "scriptLoader": []}