{"props": {"pageProps": {"username": "0x3d7f308e63447c8cdac86fbaa981eaddd59ce66b", "user": {"userIndex": 48067, "publicKey": "0x3d7f308E63447C8CdAC86FbaA981EadDD59cE66b", "username": "Cameroon", "profileImageUrl": "https://f8n-production.s3.amazonaws.com/creators/profile/cbkk7a0kb-google-profile-picture-png-urabxp.png", "coverImageUrl": "https://f8n-production.s3.amazonaws.com/creators/profile/otqx2o0j6-nft-cover-png-3ny6ox.png", "name": "Cameroon", "bio": "Azerbaijan based Graphic & Motion designer", "isApprovedCreator": true, "moderationStatus": "ACTIVE", "joinedWaitlistAt": null, "createdAt": "2021-04-16T14:15:36.701549", "migratedToUser": null, "isApprovedForMigrationAt": null, "firstName": null, "lastName": null, "isAdmin": false, "links": {"tiktok": {"handle": "", "platform": "tiktok"}, "twitch": {"handle": "", "platform": "twitch"}, "discord": {"handle": "", "platform": "discord"}, "twitter": {"handle": "thekamranzadeh", "platform": "twitter"}, "website": {"handle": "", "platform": "website"}, "youtube": {"handle": "", "platform": "youtube"}, "facebook": {"handle": "", "platform": "facebook"}, "snapchat": {"handle": "", "platform": "snapchat"}, "instagram": {"handle": "thekamranzadeh", "platform": "instagram"}}, "acceptedInvite": {"senderPublicKey": "0x3DEa04DE039a3F78892730052EBAd79Af6A9C53f", "redeemerPublicKey": "0x3d7f308E63447C8CdAC86FbaA981EadDD59cE66b", "redeemedAt": "2021-06-11T20:39:51.408"}, "twitSocialVerifs": [{"id": "3ea451e7-49b9-41e0-a4dc-bcfbb5123245", "user": "0x3d7f308E63447C8CdAC86FbaA981EadDD59cE66b", "createdAt": "2021-06-24T07:32:51.56261", "updatedAt": "2021-06-24T07:32:54.425398", "lastCheckedAt": "2021-06-24T07:32:54.413", "socialVerificationURL": "https://twitter.com/thekamranzadeh/status/1383410928406851585", "verificationText": "I\u2019m on @withFND \ud83c\udf10\n\n0x3d7f308E63447C8CdAC86FbaA981EadDD59cE66b\n\nhttps://t.co/ymktZoKniI", "userId": "1054471081917067267", "username": "thekamranzadeh", "isValid": true, "service": "TWITTER", "failedReason": null, "status": null}], "instaSocialVerifs": [{"id": "4364b9b1-168e-4233-943e-9d6e7261a1e5", "user": "0x3d7f308E63447C8CdAC86FbaA981EadDD59cE66b", "createdAt": "2021-04-21T07:42:18.911037", "updatedAt": "2021-04-21T07:42:18.911037", "lastCheckedAt": "2021-04-21T07:42:18.894", "socialVerificationURL": null, "verificationText": null, "userId": "17841402931100701", "username": "thekamranzadeh", "isValid": true, "service": "INSTAGRAM", "failedReason": null, "status": null}]}, "profileExists": true, "collectors": [{"userIndex": 76966, "publicKey": "0x2Fa93aC202145f7bb5b3418D636F86BDB679Bd2B", "username": "yvettegranata", "profileImageUrl": "https://f8n-production.s3.amazonaws.com/creators/profile/u13bbkw88-screen-shot-2021-04-29-at-7-55-34-pm-png-o5v6w4.png", "coverImageUrl": "https://f8n-production.s3.amazonaws.com/creators/profile/bqwyc1mtr-screen-shot-2020-10-28-at-10-56-53-pm-png-103f6u.png", "name": "yvette granata", "bio": "Media Artist. I create video art,  VR, immersive installations, cyberfeminist provocations & hypothetical technological systems. I teach media arts at University of Michigan.", "isApprovedCreator": true, "moderationStatus": "ACTIVE", "joinedWaitlistAt": "2021-06-11T21:13:36.674", "createdAt": "2021-03-20T20:59:02.283255", "migratedToUser": null, "isApprovedForMigrationAt": null, "follows": [], "highestBidAuctions": [{"endsAt": "2021-06-25T23:13:46"}], "highestBidAuctions_aggregate": {"aggregate": {"count": 1}}}], "createdCount": 0}, "__N_SSG": true}, "page": "/[username]", "query": {"username": "0x3d7f308e63447c8cdac86fbaa981eaddd59ce66b"}, "buildId": "fPHzAE9c9nph2AUK0K_6u", "isFallback": false, "dynamicIds": [33196, 55458, 54746], "gsp": true, "scriptLoader": []}