{"props": {"pageProps": {"username": "0x644a9fb42ad06c648a55832ecc7525f41d75e61e", "user": {"userIndex": 8721, "publicKey": "0x644a9Fb42aD06C648a55832Ecc7525F41d75E61e", "username": "SicEst", "profileImageUrl": "https://f8n-production.s3.amazonaws.com/creators/profile/w3x5e85rj-logo-vimeo-jpg-os4n43.jpg", "coverImageUrl": "https://f8n-production.s3.amazonaws.com/creators/profile/i1bvfoyxj-sic-est-foundation-png-hgtb6d.png", "name": "Sic Est", "bio": "Art Director and pianist contaminating surreal 3D, VFX and sound.\nHis clients include Versace, Nike, Swarovski and more.", "isApprovedCreator": true, "moderationStatus": "ACTIVE", "joinedWaitlistAt": null, "createdAt": "2021-02-26T22:30:01.973845", "migratedToUser": null, "isApprovedForMigrationAt": null, "firstName": null, "lastName": null, "isAdmin": false, "links": {"tiktok": {"handle": "", "platform": "tiktok"}, "twitch": {"handle": "", "platform": "twitch"}, "discord": {"handle": "Sic Est#2882", "platform": "discord"}, "twitter": {"handle": "sicestest", "platform": "twitter"}, "website": {"handle": "www.sic-est.com", "platform": "website"}, "youtube": {"handle": "", "platform": "youtube"}, "facebook": {"handle": "siceststudio", "platform": "facebook"}, "snapchat": {"handle": "", "platform": "snapchat"}, "instagram": {"handle": "sic.est", "platform": "instagram"}}, "acceptedInvite": {"senderPublicKey": "0x6fE042644Bdc0fb116595A96AaB27fa12d0fc7c0", "redeemerPublicKey": "0x644a9Fb42aD06C648a55832Ecc7525F41d75E61e", "redeemedAt": "2021-03-12T14:15:31.67"}, "twitSocialVerifs": [{"id": "eeed3528-9d39-4536-b06d-ef1657766347", "user": "0x644a9Fb42aD06C648a55832Ecc7525F41d75E61e", "createdAt": "2021-03-12T14:16:59.834582", "updatedAt": "2021-03-12T14:17:01.943209", "lastCheckedAt": "2021-03-12T14:17:01.928", "socialVerificationURL": "https://twitter.com/sicestest/status/1370378121841631233?ref_src=twsrc%5Etfw%7Ctwcamp%5Etweetembed%7Ctwterm%5E1370378121841631233%7Ctwgr%5E%7Ctwcon%5Es1_c10&ref_url=https%3A%2F%2Fpublish.twitter.com%2F%3Fquery%3Dhttps3A2F2Ftwitter.com2Fsicestest2Fstatus2F1370378121841631233widget%3DTweet", "verificationText": "I\u2019m on @withFND \ud83c\udf10\n\n0x644a9Fb42aD06C648a55832Ecc7525F41d75E61e\n\nhttps://t.co/o6C3y172mf", "userId": "1364519412464812032", "username": "sicestest", "isValid": true, "service": "TWITTER", "failedReason": null, "status": null}], "instaSocialVerifs": [{"id": "a5750496-6ca3-451d-a590-d0b7e2753c6c", "user": "0x644a9Fb42aD06C648a55832Ecc7525F41d75E61e", "createdAt": "2021-05-11T14:59:33.92172", "updatedAt": "2021-05-11T14:59:33.92172", "lastCheckedAt": "2021-05-11T14:59:33.887", "socialVerificationURL": null, "verificationText": null, "userId": "17841403169269282", "username": "sic.est", "isValid": true, "service": "INSTAGRAM", "failedReason": null, "status": null}]}, "profileExists": true, "collectors": [], "createdCount": 0}, "__N_SSG": true}, "page": "/[username]", "query": {"username": "0x644a9fb42ad06c648a55832ecc7525f41d75e61e"}, "buildId": "fPHzAE9c9nph2AUK0K_6u", "isFallback": false, "dynamicIds": [33196, 55458, 54746], "gsp": true, "scriptLoader": []}