{"props": {"pageProps": {"username": "0xbe54a11e59d1ee3c04ca5f6c7773ebc759cd1afd", "user": {"userIndex": 4983, "publicKey": "0xBe54A11E59D1EE3C04CA5F6C7773EbC759cD1AFd", "username": "SquidGAN", "profileImageUrl": "https://f8n-production.s3.amazonaws.com/creators/profile/8xz22gqii-squidgan-png-djbywa.png", "coverImageUrl": "https://f8n-production.s3.amazonaws.com/creators/profile/15sgbpcdc-fakes000040-jpg-ysxhje.jpg", "name": "Squid", "bio": "Machine learning artist creating things with StyleGAN2. Works seen here will never be minted anywhere else.", "isApprovedCreator": true, "moderationStatus": "ACTIVE", "joinedWaitlistAt": null, "createdAt": "2021-02-27T23:37:08.879366", "migratedToUser": null, "isApprovedForMigrationAt": null, "firstName": null, "lastName": null, "isAdmin": false, "links": {"tiktok": {"handle": "", "platform": "tiktok"}, "twitch": {"handle": "", "platform": "twitch"}, "discord": {"handle": "SquidGAN#8414", "platform": "discord"}, "twitter": {"handle": "https://twitter.com/SquidGAN", "platform": "twitter"}, "website": {"handle": "https://linktr.ee/squidgan", "platform": "website"}, "youtube": {"handle": "", "platform": "youtube"}, "facebook": {"handle": "", "platform": "facebook"}, "snapchat": {"handle": "", "platform": "snapchat"}, "instagram": {"handle": "https://www.instagram.com/squidgan/", "platform": "instagram"}}, "acceptedInvite": {"senderPublicKey": "0x97DDB656B2B18c9aA46f998da5b22963c8dF9FaC", "redeemerPublicKey": "0xBe54A11E59D1EE3C04CA5F6C7773EbC759cD1AFd", "redeemedAt": "2021-03-01T03:41:01.616"}, "twitSocialVerifs": [{"id": "2a74f090-115b-4388-b346-f01670a7c6c4", "user": "0xBe54A11E59D1EE3C04CA5F6C7773EbC759cD1AFd", "createdAt": "2021-03-12T01:32:01.248543", "updatedAt": "2021-03-12T01:32:04.801596", "lastCheckedAt": "2021-03-12T01:32:04.78", "socialVerificationURL": "https://twitter.com/SquidGAN/status/1370185725526876166", "verificationText": "I\u2019m on @withFND \ud83c\udf10\n\n0xBe54A11E59D1EE3C04CA5F6C7773EbC759cD1AFd\n\nhttps://t.co/auAZsbN6sZ", "userId": "1361924809790218241", "username": "SquidGAN", "isValid": true, "service": "TWITTER", "failedReason": null, "status": null}], "instaSocialVerifs": []}, "profileExists": true, "collectors": [], "createdCount": 0}, "__N_SSG": true}, "page": "/[username]", "query": {"username": "0xbe54a11e59d1ee3c04ca5f6c7773ebc759cd1afd"}, "buildId": "fPHzAE9c9nph2AUK0K_6u", "isFallback": false, "dynamicIds": [33196, 55458, 54746], "gsp": true, "scriptLoader": []}