{"props": {"pageProps": {"username": "0xb62cba6e1d191744e5b4cd2eee0e26795d5632b1", "user": {"userIndex": 9285, "publicKey": "0xb62cbA6e1d191744e5B4Cd2eEe0E26795D5632B1", "username": "camfrae", "profileImageUrl": "https://f8n-production.s3.amazonaws.com/creators/profile/r6ljcsi7y-logos-gif-z4twsv.gif", "coverImageUrl": "https://f8n-production.s3.amazonaws.com/creators/profile/4016dhc5b-linkedincover-jpg-cptauf.jpg", "name": "CAMFRAE", "bio": "Hi! I am CAMFRAE\n\nI love unconventional solutions, stylish detailing and perfect colour combinations. It\u2019s my job to convert any image and video into \u00abaesthetic orgasm\u00bb", "isApprovedCreator": true, "moderationStatus": "ACTIVE", "joinedWaitlistAt": "2021-03-26T16:35:06.039", "createdAt": "2021-03-07T18:18:43.676392", "migratedToUser": null, "isApprovedForMigrationAt": null, "firstName": null, "lastName": null, "isAdmin": false, "links": {"tiktok": {"handle": "camfrae", "platform": "tiktok"}, "twitch": {"handle": "camfraee", "platform": "twitch"}, "discord": {"handle": "camfrae#2627", "platform": "discord"}, "twitter": {"handle": "camfrae", "platform": "twitter"}, "website": {"handle": "links.camfrae.com", "platform": "website"}, "youtube": {"handle": "", "platform": "youtube"}, "facebook": {"handle": "", "platform": "facebook"}, "snapchat": {"handle": "", "platform": "snapchat"}, "instagram": {"handle": "camfrae", "platform": "instagram"}}, "acceptedInvite": {"senderPublicKey": "0xeE5fFC7F94A4C2331f3bAc5B104696CA03101AEe", "redeemerPublicKey": "0xb62cbA6e1d191744e5B4Cd2eEe0E26795D5632B1", "redeemedAt": "2021-04-19T19:22:05.615"}, "twitSocialVerifs": [{"id": "6d952ef5-28c2-4e02-a2a7-9eb8ac93400c", "user": "0xb62cbA6e1d191744e5B4Cd2eEe0E26795D5632B1", "createdAt": "2021-03-13T13:07:50.175876", "updatedAt": "2021-03-13T13:07:50.843673", "lastCheckedAt": "2021-03-13T13:07:50.801", "socialVerificationURL": "https://twitter.com/camfrae/status/1370723206458454016?s=20", "verificationText": "I\u2019m on @withFND \ud83c\udf10\n\n0xb62cbA6e1d191744e5B4Cd2eEe0E26795D5632B1\n\nhttps://t.co/DjPDkwABey", "userId": "803394482158833664", "username": "camfrae", "isValid": true, "service": "TWITTER", "failedReason": null, "status": null}], "instaSocialVerifs": [{"id": "de78cbb9-61a2-4a81-a45d-c66189c59260", "user": "0xb62cbA6e1d191744e5B4Cd2eEe0E26795D5632B1", "createdAt": "2021-04-22T11:50:00.105075", "updatedAt": "2021-04-22T11:50:00.105075", "lastCheckedAt": "2021-04-22T11:50:00.069", "socialVerificationURL": null, "verificationText": null, "userId": "17841404114185897", "username": "camfrae", "isValid": true, "service": "INSTAGRAM", "failedReason": null, "status": null}]}, "profileExists": true, "collectors": [], "createdCount": 0}, "__N_SSG": true}, "page": "/[username]", "query": {"username": "0xb62cba6e1d191744e5b4cd2eee0e26795d5632b1"}, "buildId": "fPHzAE9c9nph2AUK0K_6u", "isFallback": false, "dynamicIds": [33196, 55458, 54746], "gsp": true, "scriptLoader": []}