{"props": {"pageProps": {"username": "0xff27bf7b2686040b9cffec1c0212d71a767be22d", "user": {"userIndex": 17191, "publicKey": "0xFF27Bf7b2686040B9CFFeC1c0212D71a767bE22d", "username": "pretso", "profileImageUrl": "https://f8n-production.s3.amazonaws.com/creators/profile/w21t29e84-timetrial-18-fb-1200x628-jpg-4j2fbq.jpg", "coverImageUrl": "https://f8n-production.s3.amazonaws.com/creators/profile/d8nd4g2ss-timetrial-9-fb-1200x628-jpg-5aepm4.jpg", "name": "Finlay Pretsell", "bio": "Documentary filmmaker living in Scotland. My work screens globally in film festivals, broadcast and streamers. Creating and exploring a whole new body of work through NFT's.", "isApprovedCreator": true, "moderationStatus": "ACTIVE", "joinedWaitlistAt": null, "createdAt": "2021-03-16T10:38:22.740405", "migratedToUser": null, "isApprovedForMigrationAt": null, "firstName": null, "lastName": null, "isAdmin": false, "links": {"tiktok": {"handle": "", "platform": "tiktok"}, "twitch": {"handle": "", "platform": "twitch"}, "discord": {"handle": "", "platform": "discord"}, "twitter": {"handle": "", "platform": "twitter"}, "website": {"handle": "https://www.timetrialfilm.com/", "platform": "website"}, "youtube": {"handle": "", "platform": "youtube"}, "facebook": {"handle": "", "platform": "facebook"}, "snapchat": {"handle": "", "platform": "snapchat"}, "instagram": {"handle": "finlay.pretsell", "platform": "instagram"}}, "acceptedInvite": {"senderPublicKey": "0x747A4400dbAA73eBF17028d09551e88D2c1D4526", "redeemerPublicKey": "0xFF27Bf7b2686040B9CFFeC1c0212D71a767bE22d", "redeemedAt": "2021-03-16T10:38:31.922"}, "twitSocialVerifs": [{"id": "182f982c-12b5-4a06-85a0-8b1f05bf2615", "user": "0xFF27Bf7b2686040B9CFFeC1c0212D71a767bE22d", "createdAt": "2021-03-20T19:46:06.118034", "updatedAt": "2021-03-20T19:46:06.729318", "lastCheckedAt": "2021-03-20T19:46:06.689", "socialVerificationURL": "https://twitter.com/pretso3/status/1373360098916118528", "verificationText": "I\u2019m on @withFND \ud83c\udf10\n\n0xFF27Bf7b2686040B9CFFeC1c0212D71a767bE22d\n\nhttps://t.co/XCOTFvmAL0", "userId": "1372302980289069058", "username": "pretso3", "isValid": true, "service": "TWITTER", "failedReason": null, "status": null}], "instaSocialVerifs": [{"id": "f95cfc2c-e4a0-443f-9804-50ecb6981ff4", "user": "0xFF27Bf7b2686040B9CFFeC1c0212D71a767bE22d", "createdAt": "2021-04-26T18:46:46.525526", "updatedAt": "2021-04-26T18:46:46.525526", "lastCheckedAt": "2021-04-26T18:46:46.378", "socialVerificationURL": null, "verificationText": null, "userId": "17841400156566519", "username": "finlay.pretsell", "isValid": true, "service": "INSTAGRAM", "failedReason": null, "status": null}]}, "profileExists": true, "collectors": [], "createdCount": 0}, "__N_SSG": true}, "page": "/[username]", "query": {"username": "0xff27bf7b2686040b9cffec1c0212d71a767be22d"}, "buildId": "fPHzAE9c9nph2AUK0K_6u", "isFallback": false, "dynamicIds": [33196, 55458, 54746], "gsp": true, "scriptLoader": []}