{"props": {"pageProps": {"username": "0xa21462ad03666e767fb030eea91713c9694d181d", "user": {"userIndex": 13605, "publicKey": "0xa21462aD03666E767FB030eeA91713c9694D181D", "username": "pablolopez", "profileImageUrl": "https://f8n-production.s3.amazonaws.com/creators/profile/azthjfx88-24178009-167726677305606-61198387705282560-n-jpg-9ma0t2.jpg", "coverImageUrl": "https://f8n-production.s3.amazonaws.com/creators/profile/xbpcywjo5-ufocowbannertwitter-jpg-vwi0s7.jpg", "name": "Pablo L\u00f3pez", "bio": "3D animator based in Madrid.\nFunny short animations that play forever in a seamless and hypnotic loop, experimenting with photography styles and cultural references.", "isApprovedCreator": true, "moderationStatus": "ACTIVE", "joinedWaitlistAt": null, "createdAt": "2021-03-12T16:44:25.877705", "migratedToUser": null, "isApprovedForMigrationAt": null, "firstName": null, "lastName": null, "isAdmin": false, "links": {"tiktok": {"handle": "", "platform": "tiktok"}, "twitch": {"handle": "", "platform": "twitch"}, "discord": {"handle": "pablolpz#7770", "platform": "discord"}, "twitter": {"handle": "https://twitter.com/PabloLopez83", "platform": "twitter"}, "website": {"handle": "", "platform": "website"}, "youtube": {"handle": "https://vimeo.com/pablolpz", "platform": "youtube"}, "facebook": {"handle": "", "platform": "facebook"}, "snapchat": {"handle": "", "platform": "snapchat"}, "instagram": {"handle": "https://www.instagram.com/pablolpz/", "platform": "instagram"}}, "acceptedInvite": {"senderPublicKey": "0xE5848F5dD7DB342A109B065BeB4E901a1B277197", "redeemerPublicKey": "0xa21462aD03666E767FB030eeA91713c9694D181D", "redeemedAt": "2021-03-12T19:40:40.969"}, "twitSocialVerifs": [{"id": "9fdcb4e9-4198-4f28-9a4b-64d106066590", "user": "0xa21462aD03666E767FB030eeA91713c9694D181D", "createdAt": "2021-03-12T16:50:21.518827", "updatedAt": "2021-03-12T16:50:21.809361", "lastCheckedAt": "2021-03-12T16:50:21.78", "socialVerificationURL": "https://twitter.com/PabloLopez83/status/1370416698818449411?s=20", "verificationText": "I\u2019m on @withFND \ud83c\udf10\n\n0xa21462aD03666E767FB030eeA91713c9694D181D\n\nhttps://t.co/XUbRUEKBkN", "userId": "244206157", "username": "PabloLopez83", "isValid": true, "service": "TWITTER", "failedReason": null, "status": null}], "instaSocialVerifs": [{"id": "3464f6c2-9ef0-4abd-acba-2f21f8b54a51", "user": "0xa21462aD03666E767FB030eeA91713c9694D181D", "createdAt": "2021-04-20T18:04:41.491228", "updatedAt": "2021-04-20T18:04:41.491228", "lastCheckedAt": "2021-04-20T18:04:41.476", "socialVerificationURL": null, "verificationText": null, "userId": "17841401164210478", "username": "pablolpz", "isValid": true, "service": "INSTAGRAM", "failedReason": null, "status": null}]}, "profileExists": true, "collectors": [{"userIndex": 5855, "publicKey": "0x2Bcea5dE9c2411FE02B0dc1CDcEc71149a682439", "username": "trifecta3131", "profileImageUrl": "", "coverImageUrl": "", "name": "The Oracle of Crypto", "bio": "", "isApprovedCreator": false, "moderationStatus": "ACTIVE", "joinedWaitlistAt": null, "createdAt": "2021-03-01T02:12:16.244369", "migratedToUser": null, "isApprovedForMigrationAt": null, "follows": [], "highestBidAuctions": [{"endsAt": "2021-03-29T02:14:38"}], "highestBidAuctions_aggregate": {"aggregate": {"count": 1}}}, {"userIndex": 1563, "publicKey": "0x378BCce7235D53BBc3774BFf8559191F06E6818E", "username": "caktux", "profileImageUrl": "https://f8n-production.s3.amazonaws.com/creators/profile/fallmzs84-baloo-caktux-by-mbsjq-jpg-gc9ch1.jpg", "coverImageUrl": "https://f8n-production.s3.amazonaws.com/creators/profile/cxp6nlcoa-worldeaterswarm-header-jpeg-inep1u.jpeg", "name": "Vince", "bio": "", "isApprovedCreator": false, "moderationStatus": "ACTIVE", "joinedWaitlistAt": null, "createdAt": "2021-02-16T14:09:30.455424", "migratedToUser": null, "isApprovedForMigrationAt": null, "follows": [], "highestBidAuctions": [{"endsAt": "2021-05-22T01:56:16"}], "highestBidAuctions_aggregate": {"aggregate": {"count": 1}}}, {"userIndex": 4536, "publicKey": "0xED5Bd59aE895B737CDC797bF9F23Ee57D62B8ee1", "username": "gatomercado", "profileImageUrl": "https://f8n-production.s3.amazonaws.com/creators/profile/viu6j4kbz-img-1546-jpg-jj6zb7.jpg", "coverImageUrl": "", "name": "Gato Mercado", "bio": "", "isApprovedCreator": false, "moderationStatus": "ACTIVE", "joinedWaitlistAt": "2021-04-03T13:10:27.202", "createdAt": "2021-02-28T00:28:01.640391", "migratedToUser": null, "isApprovedForMigrationAt": null, "follows": [], "highestBidAuctions": [{"endsAt": "2021-04-23T07:52:32"}], "highestBidAuctions_aggregate": {"aggregate": {"count": 2}}}], "createdCount": 0}, "__N_SSG": true}, "page": "/[username]", "query": {"username": "0xa21462ad03666e767fb030eea91713c9694d181d"}, "buildId": "fPHzAE9c9nph2AUK0K_6u", "isFallback": false, "dynamicIds": [33196, 55458, 54746], "gsp": true, "scriptLoader": []}