{"props": {"pageProps": {"username": "0x70d6eb2b3b9a2a7d6d67c3f24c246bffc05b48ca", "user": {"userIndex": 11622, "publicKey": "0x70d6eB2B3b9a2a7D6D67c3f24c246BFFC05b48Ca", "username": "Noealz", "profileImageUrl": "https://f8n-production.s3.amazonaws.com/creators/profile/7633ojz6n-me-gif-kqt3t1.gif", "coverImageUrl": "https://f8n-production.s3.amazonaws.com/creators/profile/pjaxlid4q-foundation-jpg-ub1hic.jpg", "name": "Noe Alonzo", "bio": "Hi, my name is Noe Alonzo & I am a photographer living in Seoul, South Korea. I make art with my camera and I like to use animations as my influence; blurring the line between art and reality.", "isApprovedCreator": true, "moderationStatus": "ACTIVE", "joinedWaitlistAt": null, "createdAt": "2021-02-28T05:03:52.130545", "migratedToUser": null, "isApprovedForMigrationAt": null, "firstName": null, "lastName": null, "isAdmin": false, "links": {"tiktok": {"handle": "noealz", "platform": "tiktok"}, "twitch": {"handle": "noealz", "platform": "twitch"}, "discord": {"handle": "noealz#2063", "platform": "discord"}, "twitter": {"handle": "noealz", "platform": "twitter"}, "website": {"handle": "www.noealz.com", "platform": "website"}, "youtube": {"handle": "https://www.youtube.com/noealz", "platform": "youtube"}, "facebook": {"handle": "noealzii", "platform": "facebook"}, "snapchat": {"handle": "", "platform": "snapchat"}, "instagram": {"handle": "noealzii", "platform": "instagram"}}, "acceptedInvite": {"senderPublicKey": "0xfB8C4cD81514787330127D10fbfF6915AC312c5B", "redeemerPublicKey": "0x70d6eB2B3b9a2a7D6D67c3f24c246BFFC05b48Ca", "redeemedAt": "2021-03-10T13:26:52.909"}, "twitSocialVerifs": [{"id": "97dfbbe8-5c6d-4a1d-9785-0e7855dbdfb4", "user": "0x70d6eB2B3b9a2a7D6D67c3f24c246BFFC05b48Ca", "createdAt": "2021-03-10T13:38:45.975748", "updatedAt": "2021-03-10T13:38:47.31385", "lastCheckedAt": "2021-03-10T13:38:47.239", "socialVerificationURL": "https://twitter.com/noealz/status/1369643844682215427", "verificationText": "I\u2019m on @withFND \ud83c\udf10\n\n0x70d6eB2B3b9a2a7D6D67c3f24c246BFFC05b48Ca\n\nhttps://t.co/Ud3jVx434j", "userId": "283244090", "username": "noealz", "isValid": true, "service": "TWITTER", "failedReason": null, "status": null}], "instaSocialVerifs": [{"id": "f5e45964-c9ff-4ffb-87fd-6809181b978f", "user": "0x70d6eB2B3b9a2a7D6D67c3f24c246BFFC05b48Ca", "createdAt": "2021-04-23T15:08:14.33531", "updatedAt": "2021-04-23T15:08:14.33531", "lastCheckedAt": "2021-04-23T15:08:14.328", "socialVerificationURL": null, "verificationText": null, "userId": "17841403706599212", "username": "noealzii", "isValid": true, "service": "INSTAGRAM", "failedReason": null, "status": null}]}, "profileExists": true, "collectors": [{"userIndex": 83753, "publicKey": "0x0F0eAE91990140C560D4156DB4f00c854Dc8F09E", "username": "VincentVanDough", "profileImageUrl": "https://f8n-production.s3.amazonaws.com/creators/profile/z8l5f6hfv-meow-jpeg-ia94r3.jpeg", "coverImageUrl": "https://f8n-production.s3.amazonaws.com/creators/profile/48jyyg7i1-nft-jpeg-t587ot.jpeg", "name": "VincentVanDough", "bio": "Purveyor of shitcoins and fine art  \n\ncontact: mastersplnter@protonmail.com\n\navatar: MEOWSHI by @0xlacroix\n\ncover image: Tri-World by @sahredtoy", "isApprovedCreator": false, "moderationStatus": "ACTIVE", "joinedWaitlistAt": null, "createdAt": "2021-07-06T01:47:27.724556", "migratedToUser": null, "isApprovedForMigrationAt": null, "follows": [], "highestBidAuctions": [{"endsAt": "2021-07-15T14:35:36"}], "highestBidAuctions_aggregate": {"aggregate": {"count": 2}}}, {"userIndex": null, "publicKey": "0x156efcF76828E62Ffa40A406677f8F2A46e14924", "username": null, "profileImageUrl": null, "coverImageUrl": null, "name": null, "bio": null, "isApprovedCreator": false, "moderationStatus": "ACTIVE", "joinedWaitlistAt": null, "createdAt": "2021-07-16T12:09:10.771776", "migratedToUser": null, "isApprovedForMigrationAt": null, "follows": [], "highestBidAuctions": [{"endsAt": "2021-07-24T16:52:51"}], "highestBidAuctions_aggregate": {"aggregate": {"count": 1}}}, {"userIndex": 1563, "publicKey": "0x378BCce7235D53BBc3774BFf8559191F06E6818E", "username": "caktux", "profileImageUrl": "https://f8n-production.s3.amazonaws.com/creators/profile/fallmzs84-baloo-caktux-by-mbsjq-jpg-gc9ch1.jpg", "coverImageUrl": "https://f8n-production.s3.amazonaws.com/creators/profile/cxp6nlcoa-worldeaterswarm-header-jpeg-inep1u.jpeg", "name": "Vince", "bio": "", "isApprovedCreator": false, "moderationStatus": "ACTIVE", "joinedWaitlistAt": null, "createdAt": "2021-02-16T14:09:30.455424", "migratedToUser": null, "isApprovedForMigrationAt": null, "follows": [], "highestBidAuctions": [{"endsAt": "2021-05-13T00:13:48"}], "highestBidAuctions_aggregate": {"aggregate": {"count": 1}}}, {"userIndex": 12915, "publicKey": "0x3FDbEeDCBfd67Cbc00FC169FCF557F77ea4ad4Ed", "username": "deej", "profileImageUrl": "", "coverImageUrl": "", "name": "", "bio": "", "isApprovedCreator": false, "moderationStatus": "ACTIVE", "joinedWaitlistAt": null, "createdAt": "2021-02-16T12:59:45.707586", "migratedToUser": null, "isApprovedForMigrationAt": null, "follows": [], "highestBidAuctions": [{"endsAt": "2021-04-14T10:49:04"}], "highestBidAuctions_aggregate": {"aggregate": {"count": 1}}}, {"userIndex": 21333, "publicKey": "0x4ea54430e7D588Ef5d009C1b9d7E4d06a35565b5", "username": "pankaj", "profileImageUrl": "", "coverImageUrl": "", "name": "pankaj", "bio": "", "isApprovedCreator": false, "moderationStatus": "ACTIVE", "joinedWaitlistAt": null, "createdAt": "2021-03-21T19:44:10.329418", "migratedToUser": null, "isApprovedForMigrationAt": null, "follows": [], "highestBidAuctions": [{"endsAt": "2021-04-10T00:13:59"}], "highestBidAuctions_aggregate": {"aggregate": {"count": 1}}}, {"userIndex": 67660, "publicKey": "0x57115F7D04C16f3983802b7C5a2d5089A188d76A", "username": "NotTodayNoNoNo", "profileImageUrl": "https://f8n-production.s3.amazonaws.com/creators/profile/8ilpgj931-thumbnail-8-jpg-g46rn3.jpg", "coverImageUrl": "https://f8n-production.s3.amazonaws.com/creators/profile/u7v68nosb-thumbnail-8-jpg-wboi7d.jpg", "name": "NotTodayNoNoNo", "bio": "I enjoy art.. I also appreciate talent ", "isApprovedCreator": false, "moderationStatus": "ACTIVE", "joinedWaitlistAt": null, "createdAt": "2021-05-15T23:43:20.395241", "migratedToUser": null, "isApprovedForMigrationAt": null, "follows": [], "highestBidAuctions": [{"endsAt": "2021-06-13T18:51:43"}], "highestBidAuctions_aggregate": {"aggregate": {"count": 2}}}, {"userIndex": 1964, "publicKey": "0x73d97C30603b73CF4cCdE4934C6027A9599D861D", "username": "Weesh", "profileImageUrl": "https://f8n-production.s3.amazonaws.com/creators/profile/dquv6bgdx-91bb33f29c6ef068c73834af571aa01bhabibi-gold-png-44otod.png", "coverImageUrl": "https://f8n-production.s3.amazonaws.com/creators/profile/ozuwqabuv-nicki-crying-png-afesl7.png", "name": "Weesh", "bio": "Writer, Filmmaker, Collector. Exercise Your Mind.", "isApprovedCreator": true, "moderationStatus": "ACTIVE", "joinedWaitlistAt": null, "createdAt": "2021-02-19T02:20:34.711262", "migratedToUser": null, "isApprovedForMigrationAt": null, "follows": [], "highestBidAuctions": [{"endsAt": "2021-04-05T14:28:58"}], "highestBidAuctions_aggregate": {"aggregate": {"count": 1}}}, {"userIndex": 15020, "publicKey": "0x89F31edA3CAA6827D30828aa03641423D476ab6c", "username": "cryptonio123", "profileImageUrl": "", "coverImageUrl": "", "name": "cryptonio123", "bio": "crypto and nio to the moon\n\nhttps://opensea.io/accounts/cryptonio123", "isApprovedCreator": false, "moderationStatus": "ACTIVE", "joinedWaitlistAt": null, "createdAt": "2021-03-14T04:22:11.613985", "migratedToUser": null, "isApprovedForMigrationAt": null, "follows": [], "highestBidAuctions": [{"endsAt": "2021-03-31T15:48:56"}], "highestBidAuctions_aggregate": {"aggregate": {"count": 1}}}, {"userIndex": 32954, "publicKey": "0xb136c6A1Eb83d0b4B8e4574F28e622A57F8EF01A", "username": "82300sd", "profileImageUrl": "https://f8n-production.s3.amazonaws.com/creators/profile/3s9xrhig6-116708702-3440398295991282-7026187619294204696-n-jpeg-lmpri5.jpeg", "coverImageUrl": "https://f8n-production.s3.amazonaws.com/creators/profile/xyccbpa7i-bannerlightning-jpg-a2uygo.jpg", "name": "82300sd", "bio": "", "isApprovedCreator": true, "moderationStatus": "ACTIVE", "joinedWaitlistAt": null, "createdAt": "2021-03-11T03:42:59.267162", "migratedToUser": null, "isApprovedForMigrationAt": null, "follows": [], "highestBidAuctions": [{"endsAt": "2021-04-05T17:41:26"}], "highestBidAuctions_aggregate": {"aggregate": {"count": 3}}}, {"userIndex": 608, "publicKey": "0xc2F82A1F287B5b5AEBff7C19e83e0a16Cf3bD041", "username": "matthew", "profileImageUrl": "https://f8n-production.s3.amazonaws.com/creators/profile/kxfyr6n9t-matthew-by-connie-digital-gif-qs3utt.gif", "coverImageUrl": "", "name": "matthew", "bio": "it's matthew", "isApprovedCreator": false, "moderationStatus": "ACTIVE", "joinedWaitlistAt": null, "createdAt": "2021-02-02T21:41:19.368875", "migratedToUser": null, "isApprovedForMigrationAt": null, "follows": [], "highestBidAuctions": [{"endsAt": "2021-04-09T00:22:18"}], "highestBidAuctions_aggregate": {"aggregate": {"count": 1}}}, {"userIndex": 1887, "publicKey": "0xCbcbc288Eb33b1f2b32e3fc600424aE5Ba67A4Fd", "username": "estebandiacono", "profileImageUrl": "https://f8n-production.s3.amazonaws.com/creators/profile/fbfejc57l-contact-png-uvsgvf.png", "coverImageUrl": "https://f8n-production.s3.amazonaws.com/creators/profile/b1rpcagy2-header-png-05wqjg.png", "name": "Esteban Diacono", "bio": "Motion Designer and Digital Artist based in Buenos Aires, Argentina. Interested in cycling, guitars, dynamic simulations and photorealistic renderings.", "isApprovedCreator": true, "moderationStatus": "ACTIVE", "joinedWaitlistAt": null, "createdAt": "2021-02-18T17:13:18.479326", "migratedToUser": null, "isApprovedForMigrationAt": null, "follows": [], "highestBidAuctions": [{"endsAt": "2021-03-12T10:03:32"}], "highestBidAuctions_aggregate": {"aggregate": {"count": 1}}}, {"userIndex": null, "publicKey": "0xd7CF63d3A136De2fADa021f4779e9200522b8F33", "username": null, "profileImageUrl": null, "coverImageUrl": null, "name": null, "bio": null, "isApprovedCreator": false, "moderationStatus": "ACTIVE", "joinedWaitlistAt": null, "createdAt": "2021-03-12T14:25:31.653556", "migratedToUser": null, "isApprovedForMigrationAt": null, "follows": [], "highestBidAuctions": [{"endsAt": "2021-04-01T16:18:36"}], "highestBidAuctions_aggregate": {"aggregate": {"count": 1}}}, {"userIndex": 3190, "publicKey": "0xF1e1c701B49B1dC2405A9E8Ef40f9f88802B80Fa", "username": "norcal_guy", "profileImageUrl": "https://f8n-production.s3.amazonaws.com/creators/profile/rgh2tl975-artblocks-ringers-569-by-demitri-png-i6thxt.png", "coverImageUrl": "https://f8n-production.s3.amazonaws.com/creators/profile/igzvw58n6-color-blind-1-1-tim-rioplle-nft-jpg-y8zo3s.jpg", "name": "norcal_guy", "bio": "Just here to view your art and have a brew.", "isApprovedCreator": false, "moderationStatus": "ACTIVE", "joinedWaitlistAt": null, "createdAt": "2021-02-23T20:51:15.055908", "migratedToUser": null, "isApprovedForMigrationAt": null, "follows": [], "highestBidAuctions": [{"endsAt": "2021-05-10T05:51:29"}], "highestBidAuctions_aggregate": {"aggregate": {"count": 3}}}, {"userIndex": 87353, "publicKey": "0xfD22004806A6846EA67ad883356be810F0428793", "username": "6529", "profileImageUrl": "", "coverImageUrl": "https://f8n-production.s3.amazonaws.com/creators/profile/9pqe092cl-6529-jpg-91yp5h.jpg", "name": "", "bio": "", "isApprovedCreator": false, "moderationStatus": "ACTIVE", "joinedWaitlistAt": null, "createdAt": "2021-07-18T17:25:03.580569", "migratedToUser": null, "isApprovedForMigrationAt": null, "follows": [], "highestBidAuctions": [{"endsAt": "2021-07-25T21:02:45"}], "highestBidAuctions_aggregate": {"aggregate": {"count": 1}}}, {"userIndex": null, "publicKey": "0xfF0f2dECD8b5Ef4a467510C353D1B56BfBFBf3c5", "username": null, "profileImageUrl": null, "coverImageUrl": null, "name": null, "bio": null, "isApprovedCreator": false, "moderationStatus": "ACTIVE", "joinedWaitlistAt": null, "createdAt": "2021-05-12T11:06:14.09184", "migratedToUser": null, "isApprovedForMigrationAt": null, "follows": [], "highestBidAuctions": [{"endsAt": "2021-05-13T11:06:43"}], "highestBidAuctions_aggregate": {"aggregate": {"count": 1}}}], "createdCount": 0}, "__N_SSG": true}, "page": "/[username]", "query": {"username": "0x70d6eb2b3b9a2a7d6d67c3f24c246bffc05b48ca"}, "buildId": "fPHzAE9c9nph2AUK0K_6u", "isFallback": false, "dynamicIds": [33196, 55458, 54746], "gsp": true, "scriptLoader": []}