{"props": {"pageProps": {"username": "0xc97c24e72e75343ba44f61bd1d1ab219556b1915", "user": {"userIndex": 84002, "publicKey": "0xc97c24e72E75343BA44F61bD1D1aB219556B1915", "username": "marimpsphere", "profileImageUrl": "", "coverImageUrl": "", "name": "marimosphere", "bio": "CEO@MiraCreative, Crypto Artist, Visual Artist, VJ, Projection Mapping, Dome, VR, XR, Art Director, Planner, Blockchain Enthusiast, NFT Community, Visionary\n", "isApprovedCreator": true, "moderationStatus": "ACTIVE", "joinedWaitlistAt": null, "createdAt": "2021-03-14T21:58:19.656191", "migratedToUser": null, "isApprovedForMigrationAt": null, "firstName": null, "lastName": null, "isAdmin": false, "links": {"tiktok": {"handle": "", "platform": "tiktok"}, "twitch": {"handle": "", "platform": "twitch"}, "discord": {"handle": "", "platform": "discord"}, "twitter": {"handle": "", "platform": "twitter"}, "website": {"handle": "", "platform": "website"}, "youtube": {"handle": "", "platform": "youtube"}, "facebook": {"handle": "", "platform": "facebook"}, "snapchat": {"handle": "", "platform": "snapchat"}, "instagram": {"handle": "", "platform": "instagram"}}, "acceptedInvite": {"senderPublicKey": "0x785874fcAd624765f3ECed2097694e3Cb08983d8", "redeemerPublicKey": "0xc97c24e72E75343BA44F61bD1D1aB219556B1915", "redeemedAt": "2021-04-01T06:44:01.849"}, "twitSocialVerifs": [{"id": "125b43eb-e6e8-4592-89f1-4a9153b232ab", "user": "0xc97c24e72E75343BA44F61bD1D1aB219556B1915", "createdAt": "2021-07-11T16:51:03.340811", "updatedAt": "2021-07-11T16:51:04.732636", "lastCheckedAt": "2021-07-11T16:51:04.721", "socialVerificationURL": "https://twitter.com/CryptoArtJapan1/status/1414265916645265411", "verificationText": "I\u2019m on @withFND \ud83c\udf10\n\n0xc97c24e72E75343BA44F61bD1D1aB219556B1915\n\nhttps://t.co/oBOttYYbNb", "userId": "1410158527167885315", "username": "CryptoArtJapan1", "isValid": true, "service": "TWITTER", "failedReason": null, "status": null}], "instaSocialVerifs": []}, "profileExists": true, "collectors": [{"userIndex": 83926, "publicKey": "0x247F5Ab3EB83Dd28203A35051dE656cA74966e75", "username": "unicat", "profileImageUrl": "https://f8n-production.s3.amazonaws.com/creators/profile/594wr0qe2-148-jpg-6bj7r8.jpg", "coverImageUrl": "", "name": "unicat", "bio": "", "isApprovedCreator": false, "moderationStatus": "ACTIVE", "joinedWaitlistAt": null, "createdAt": "2021-07-11T15:59:03.725798", "migratedToUser": null, "isApprovedForMigrationAt": null, "follows": [], "highestBidAuctions": [{"endsAt": "2021-07-13T00:17:46"}], "highestBidAuctions_aggregate": {"aggregate": {"count": 1}}}], "createdCount": 0}, "__N_SSG": true}, "page": "/[username]", "query": {"username": "0xc97c24e72e75343ba44f61bd1d1ab219556b1915"}, "buildId": "fPHzAE9c9nph2AUK0K_6u", "isFallback": false, "dynamicIds": [33196, 55458, 54746], "gsp": true, "scriptLoader": []}