{"props": {"pageProps": {"username": "0xca2f2d89dca286779113ad9d016ed2c383976131", "user": {"userIndex": 15523, "publicKey": "0xca2F2D89Dca286779113Ad9d016Ed2c383976131", "username": "tasperof", "profileImageUrl": "https://f8n-production.s3.amazonaws.com/creators/profile/5m1wj2vns-dream-jpg-ot1z3s.jpg", "coverImageUrl": "https://f8n-production.s3.amazonaws.com/creators/profile/dezt53dyj-bggg-png-i4hlhk.png", "name": "Shuprobho Das", "bio": "Hi, I'm your friendly neighborhood blender-man. I love blender, its the best!\n( It lets you create anything you can imagine! )\n\n\nI create simple little things to express complex little feelings.\n\n", "isApprovedCreator": true, "moderationStatus": "ACTIVE", "joinedWaitlistAt": null, "createdAt": "2021-03-14T17:21:14.898605", "migratedToUser": null, "isApprovedForMigrationAt": null, "firstName": null, "lastName": null, "isAdmin": false, "links": {"tiktok": {"handle": "", "platform": "tiktok"}, "twitch": {"handle": "", "platform": "twitch"}, "discord": {"handle": "Falcon360#7170", "platform": "discord"}, "twitter": {"handle": "", "platform": "twitter"}, "website": {"handle": "https://www.artstation.com/tasperof", "platform": "website"}, "youtube": {"handle": "https://www.youtube.com/channel/UCcE9JMA-bYapqRrelUJQlMg", "platform": "youtube"}, "facebook": {"handle": "https://www.facebook.com/shuprobho", "platform": "facebook"}, "snapchat": {"handle": "", "platform": "snapchat"}, "instagram": {"handle": "@national_creep", "platform": "instagram"}}, "acceptedInvite": {"senderPublicKey": "0x795341208819030e936c1Cc201153C8c1d3CC42f", "redeemerPublicKey": "0xca2F2D89Dca286779113Ad9d016Ed2c383976131", "redeemedAt": "2021-03-14T17:21:21.982"}, "twitSocialVerifs": [{"id": "66401763-daf9-4702-9420-336158d44c83", "user": "0xca2F2D89Dca286779113Ad9d016Ed2c383976131", "createdAt": "2021-03-31T22:45:26.055109", "updatedAt": "2021-03-31T22:45:27.368892", "lastCheckedAt": "2021-03-31T22:45:27.341", "socialVerificationURL": "https://twitter.com/BlenderPhile/status/1377391534530719753", "verificationText": "I\u2019m on @withFND \ud83c\udf10\n\n0xca2F2D89Dca286779113Ad9d016Ed2c383976131\n\nhttps://t.co/ylkAoJaOOo", "userId": "828685396770852864", "username": "BlenderPhile", "isValid": true, "service": "TWITTER", "failedReason": null, "status": null}], "instaSocialVerifs": [{"id": "0f6d59bc-21fc-46ba-a5b7-e55540eb3044", "user": "0xca2F2D89Dca286779113Ad9d016Ed2c383976131", "createdAt": "2021-04-21T06:07:13.228207", "updatedAt": "2021-04-21T06:07:13.228207", "lastCheckedAt": "2021-04-21T06:07:13.226", "socialVerificationURL": null, "verificationText": null, "userId": "17841405359246862", "username": "national_creep", "isValid": true, "service": "INSTAGRAM", "failedReason": null, "status": null}]}, "profileExists": true, "collectors": [{"userIndex": null, "publicKey": "0x4616f6983788CaD0844F9615822f3DB5eCce18b2", "username": null, "profileImageUrl": null, "coverImageUrl": null, "name": null, "bio": null, "isApprovedCreator": false, "moderationStatus": "ACTIVE", "joinedWaitlistAt": null, "createdAt": "2021-04-04T03:35:41.700306", "migratedToUser": null, "isApprovedForMigrationAt": null, "follows": [], "highestBidAuctions": [{"endsAt": "2021-04-06T11:24:57"}], "highestBidAuctions_aggregate": {"aggregate": {"count": 1}}}], "createdCount": 0}, "__N_SSG": true}, "page": "/[username]", "query": {"username": "0xca2f2d89dca286779113ad9d016ed2c383976131"}, "buildId": "fPHzAE9c9nph2AUK0K_6u", "isFallback": false, "dynamicIds": [33196, 55458, 54746], "gsp": true, "scriptLoader": []}