{"props": {"pageProps": {"username": "0x408cbd3b3451d05d45af1475f30e818f2bea6da1", "user": {"userIndex": 41303, "publicKey": "0x408cBD3B3451D05d45AF1475f30E818F2bea6dA1", "username": "tcrowe", "profileImageUrl": "https://f8n-production.s3.amazonaws.com/creators/profile/lhiym9sf0-instanewprofile-png-2p1qd0.png", "coverImageUrl": "https://f8n-production.s3.amazonaws.com/creators/profile/8cwjm97x7-blobs-png-l0izb4.png", "name": "T.CROWE", "bio": "Illustrating Iconic Culture.", "isApprovedCreator": true, "moderationStatus": "ACTIVE", "joinedWaitlistAt": "2021-04-08T18:15:31.207", "createdAt": "2021-04-08T16:31:34.927225", "migratedToUser": null, "isApprovedForMigrationAt": null, "firstName": null, "lastName": null, "isAdmin": false, "links": {"tiktok": {"handle": "", "platform": "tiktok"}, "twitch": {"handle": "", "platform": "twitch"}, "discord": {"handle": "", "platform": "discord"}, "twitter": {"handle": "", "platform": "twitter"}, "website": {"handle": "tcrowe.co.uk", "platform": "website"}, "youtube": {"handle": "", "platform": "youtube"}, "facebook": {"handle": "", "platform": "facebook"}, "snapchat": {"handle": "", "platform": "snapchat"}, "instagram": {"handle": "tcrowetsn", "platform": "instagram"}}, "acceptedInvite": {"senderPublicKey": "0x10B39FbC2395cB6Cfcb41C4b91564Ca423D06682", "redeemerPublicKey": "0x408cBD3B3451D05d45AF1475f30E818F2bea6dA1", "redeemedAt": "2021-04-11T06:12:13.533"}, "twitSocialVerifs": [{"id": "c7f71cef-3e58-4f01-986c-fc2f0356f9c5", "user": "0x408cBD3B3451D05d45AF1475f30E818F2bea6dA1", "createdAt": "2021-04-08T18:15:11.91367", "updatedAt": "2021-04-08T18:15:16.131921", "lastCheckedAt": "2021-04-08T18:15:16.11", "socialVerificationURL": "https://twitter.com/tcrowetsn/status/1380222595753185281", "verificationText": "I\u2019m on @withFND \ud83c\udf10\n\n0x408cBD3B3451D05d45AF1475f30E818F2bea6dA1\n\nhttps://t.co/QyAegh8QYL", "userId": "2578304691", "username": "tcrowetsn", "isValid": true, "service": "TWITTER", "failedReason": null, "status": null}], "instaSocialVerifs": [{"id": "4c040ba7-45e0-41a0-b23d-12e5d9b9ad88", "user": "0x408cBD3B3451D05d45AF1475f30E818F2bea6dA1", "createdAt": "2021-04-21T07:40:28.222397", "updatedAt": "2021-04-21T07:40:28.222397", "lastCheckedAt": "2021-04-21T07:40:28.221", "socialVerificationURL": null, "verificationText": null, "userId": "17841400431450223", "username": "tcrowetsn", "isValid": true, "service": "INSTAGRAM", "failedReason": null, "status": null}]}, "profileExists": true, "collectors": [], "createdCount": 0}, "__N_SSG": true}, "page": "/[username]", "query": {"username": "0x408cbd3b3451d05d45af1475f30e818f2bea6da1"}, "buildId": "fPHzAE9c9nph2AUK0K_6u", "isFallback": false, "dynamicIds": [33196, 55458, 54746], "gsp": true, "scriptLoader": []}