{"props": {"pageProps": {"username": "0xf4a9ba235a55e79b31863dfc209716c4dfa0b1e1", "user": {"userIndex": 21993, "publicKey": "0xf4a9bA235a55e79B31863dFc209716c4DFa0B1E1", "username": "marcrienzo", "profileImageUrl": "https://f8n-production.s3.amazonaws.com/creators/profile/4uuodppgo-img-0606-jpg-6xmyho.JPG", "coverImageUrl": "https://f8n-production.s3.amazonaws.com/creators/profile/ngl55tn30-banner-v3-png-4pph71.png", "name": "Marc Rienzo", "bio": "Feature Film Visual Effects Supervisor. \ud83d\udc7eArtist \ud83c\udfa8 Director \ud83c\udfa5 Game Designer\n\n-I\u2019ve worked on Marvel films, Star Wars, Star Trek, The Lord of the Rings, and so much more. ", "isApprovedCreator": true, "moderationStatus": "ACTIVE", "joinedWaitlistAt": null, "createdAt": "2021-03-07T16:15:09.051338", "migratedToUser": null, "isApprovedForMigrationAt": null, "firstName": null, "lastName": null, "isAdmin": false, "links": {"tiktok": {"handle": "marcrienzo", "platform": "tiktok"}, "twitch": {"handle": "", "platform": "twitch"}, "discord": {"handle": "", "platform": "discord"}, "twitter": {"handle": "marcrienzo", "platform": "twitter"}, "website": {"handle": "marcrienzo.com/artist", "platform": "website"}, "youtube": {"handle": "", "platform": "youtube"}, "facebook": {"handle": "marcrienzo", "platform": "facebook"}, "snapchat": {"handle": "", "platform": "snapchat"}, "instagram": {"handle": "marcrienzo", "platform": "instagram"}}, "acceptedInvite": {"senderPublicKey": "0x1A83c19Ef076F881DB8bcAa34833075Abf3B72D3", "redeemerPublicKey": "0xf4a9bA235a55e79B31863dFc209716c4DFa0B1E1", "redeemedAt": "2021-03-22T15:08:57.271"}, "twitSocialVerifs": [{"id": "b39daa83-a38a-4105-a729-9f406fe8e95a", "user": "0xf4a9bA235a55e79B31863dFc209716c4DFa0B1E1", "createdAt": "2021-03-23T01:44:54.678582", "updatedAt": "2021-03-23T01:44:56.380022", "lastCheckedAt": "2021-03-23T01:44:56.304", "socialVerificationURL": "https://twitter.com/Marcrienzo/status/1374175194772865030?s=20", "verificationText": "I\u2019m on @withFND \ud83c\udf10\n\n0xf4a9bA235a55e79B31863dFc209716c4DFa0B1E1\n\nhttps://t.co/IeXVpnl6M3", "userId": "53700342", "username": "Marcrienzo", "isValid": true, "service": "TWITTER", "failedReason": null, "status": null}], "instaSocialVerifs": [{"id": "9bf7cb11-f699-4a49-b179-f5f89bd31f07", "user": "0xf4a9bA235a55e79B31863dFc209716c4DFa0B1E1", "createdAt": "2021-05-14T23:41:44.561332", "updatedAt": "2021-05-14T23:41:44.561332", "lastCheckedAt": "2021-05-14T23:41:44.53", "socialVerificationURL": null, "verificationText": null, "userId": "17841401078233199", "username": "marcrienzo", "isValid": true, "service": "INSTAGRAM", "failedReason": null, "status": null}]}, "profileExists": true, "collectors": [], "createdCount": 0}, "__N_SSG": true}, "page": "/[username]", "query": {"username": "0xf4a9ba235a55e79b31863dfc209716c4dfa0b1e1"}, "buildId": "fPHzAE9c9nph2AUK0K_6u", "isFallback": false, "dynamicIds": [33196, 55458, 54746], "gsp": true, "scriptLoader": []}