{"props": {"pageProps": {"username": "0xb9d6277dab5051356e30f1fb5f22c03fea077c00", "user": {"userIndex": 40881, "publicKey": "0xB9d6277daB5051356e30F1fB5f22C03Fea077c00", "username": "DOSE", "profileImageUrl": "https://f8n-production.s3.amazonaws.com/creators/profile/o2pofgizp-screen-shot-2021-04-08-at-8-08-10-pm-png-6kein4.png", "coverImageUrl": "", "name": "DOSE", "bio": "", "isApprovedCreator": false, "moderationStatus": "ACTIVE", "joinedWaitlistAt": null, "createdAt": "2021-04-08T10:02:04.946295", "migratedToUser": null, "isApprovedForMigrationAt": null, "firstName": null, "lastName": null, "isAdmin": false, "links": {"tiktok": {"handle": "", "platform": "tiktok"}, "twitch": {"handle": "", "platform": "twitch"}, "discord": {"handle": "", "platform": "discord"}, "twitter": {"handle": "", "platform": "twitter"}, "website": {"handle": "", "platform": "website"}, "youtube": {"handle": "", "platform": "youtube"}, "facebook": {"handle": "", "platform": "facebook"}, "snapchat": {"handle": "", "platform": "snapchat"}, "instagram": {"handle": "", "platform": "instagram"}}, "acceptedInvite": null, "twitSocialVerifs": [], "instaSocialVerifs": []}, "profileExists": true, "collectors": [], "createdCount": 0}, "__N_SSG": true}, "page": "/[username]", "query": {"username": "0xb9d6277dab5051356e30f1fb5f22c03fea077c00"}, "buildId": "fPHzAE9c9nph2AUK0K_6u", "isFallback": false, "dynamicIds": [33196, 55458, 54746], "gsp": true, "scriptLoader": []}