{"props": {"pageProps": {"username": "0x7cd7c177b20c3c94926ddff0030d1ac2d9fe83ed", "user": {"userIndex": 6982, "publicKey": "0x7CD7c177B20C3c94926dDff0030d1Ac2d9Fe83eD", "username": "niacki", "profileImageUrl": "https://f8n-production.s3.amazonaws.com/creators/profile/qtqq2107g-logo-niacki-jpg-79t5lp.jpg", "coverImageUrl": "https://f8n-production.s3.amazonaws.com/creators/profile/w0nel4k27-3b-jpg-7r4nhl.jpg", "name": "Ni.acki", "bio": "Digital creators, artists, designer, architects, we mix it all up.", "isApprovedCreator": true, "moderationStatus": "ACTIVE", "joinedWaitlistAt": null, "createdAt": "2021-03-03T15:03:59.696146", "migratedToUser": null, "isApprovedForMigrationAt": null, "firstName": null, "lastName": null, "isAdmin": false, "links": {"tiktok": {"handle": "", "platform": "tiktok"}, "twitch": {"handle": "", "platform": "twitch"}, "discord": {"handle": "", "platform": "discord"}, "twitter": {"handle": "NicholasPreaud", "platform": "twitter"}, "website": {"handle": "https://www.niacki.com/", "platform": "website"}, "youtube": {"handle": "", "platform": "youtube"}, "facebook": {"handle": "niacki", "platform": "facebook"}, "snapchat": {"handle": "", "platform": "snapchat"}, "instagram": {"handle": "ni.acki", "platform": "instagram"}}, "acceptedInvite": {"senderPublicKey": "0x34Bb8263d6fbd9d4Eb128B608CCe27100Cd96968", "redeemerPublicKey": "0x7CD7c177B20C3c94926dDff0030d1Ac2d9Fe83eD", "redeemedAt": "2021-03-04T11:58:33.729"}, "twitSocialVerifs": [{"id": "d5f81533-0299-498e-a54f-2ec57d85bccc", "user": "0x7CD7c177B20C3c94926dDff0030d1Ac2d9Fe83eD", "createdAt": "2021-03-23T18:26:18.133343", "updatedAt": "2021-03-23T18:26:23.825662", "lastCheckedAt": "2021-03-23T18:26:23.725", "socialVerificationURL": "https://twitter.com/NicholasPreaud/status/1374427204357029895?s=20", "verificationText": "I\u2019m on @withFND \ud83c\udf10\n\n0x7CD7c177B20C3c94926dDff0030d1Ac2d9Fe83eD\n\nhttps://t.co/ezCev3b1bs", "userId": "1367454305402388480", "username": "NicholasPreaud", "isValid": true, "service": "TWITTER", "failedReason": null, "status": null}], "instaSocialVerifs": []}, "profileExists": true, "collectors": [], "createdCount": 0}, "__N_SSG": true}, "page": "/[username]", "query": {"username": "0x7cd7c177b20c3c94926ddff0030d1ac2d9fe83ed"}, "buildId": "fPHzAE9c9nph2AUK0K_6u", "isFallback": false, "dynamicIds": [33196, 55458, 54746], "gsp": true, "scriptLoader": []}