{"props": {"pageProps": {"username": "0x378ef0cc8d047e82ec5ae4267c772e1c66097b77", "user": {"userIndex": null, "publicKey": "0x378Ef0CC8d047e82Ec5aE4267C772E1c66097b77", "username": null, "profileImageUrl": null, "coverImageUrl": null, "name": null, "bio": null, "isApprovedCreator": false, "moderationStatus": "ACTIVE", "joinedWaitlistAt": null, "createdAt": "2021-05-28T07:29:50.409413", "migratedToUser": null, "isApprovedForMigrationAt": null, "firstName": null, "lastName": null, "isAdmin": false, "links": {}, "acceptedInvite": null, "twitSocialVerifs": [], "instaSocialVerifs": []}, "profileExists": true, "collectors": [], "createdCount": 0}, "__N_SSG": true}, "page": "/[username]", "query": {"username": "0x378ef0cc8d047e82ec5ae4267c772e1c66097b77"}, "buildId": "fPHzAE9c9nph2AUK0K_6u", "isFallback": false, "dynamicIds": [33196, 55458, 54746], "gsp": true, "scriptLoader": []}