{"props": {"pageProps": {"username": "0x007333bdfe94f7551820220857ea2d33978d8a7b", "user": {"userIndex": 58922, "publicKey": "0x007333BdfE94f7551820220857Ea2D33978D8A7B", "username": "superboyevan", "profileImageUrl": "https://f8n-production.s3.amazonaws.com/creators/profile/r59crky44-eh-profile-jpg-olvu3q.jpg", "coverImageUrl": "https://f8n-production.s3.amazonaws.com/creators/profile/hgwwd332r-whitehouse-creek-victoria-png-5n7t37.png", "name": "Evan Hancock", "bio": "Evan Hancock is an Australian Artist, Photographer & Creative Director. ", "isApprovedCreator": true, "moderationStatus": "ACTIVE", "joinedWaitlistAt": "2021-05-01T06:11:41.368", "createdAt": "2021-05-01T06:10:09.87418", "migratedToUser": null, "isApprovedForMigrationAt": null, "firstName": null, "lastName": null, "isAdmin": false, "links": {"tiktok": {"handle": "superboyevan", "platform": "tiktok"}, "twitch": {"handle": "", "platform": "twitch"}, "discord": {"handle": "superboyevan#2820", "platform": "discord"}, "twitter": {"handle": "", "platform": "twitter"}, "website": {"handle": "www.evanhancock.com", "platform": "website"}, "youtube": {"handle": "https://www.youtube.com/channel/UCQFSmI82oJhPC5xa1lGMb9w", "platform": "youtube"}, "facebook": {"handle": "evanhancockartist", "platform": "facebook"}, "snapchat": {"handle": "", "platform": "snapchat"}, "instagram": {"handle": "", "platform": "instagram"}}, "acceptedInvite": {"senderPublicKey": "0x5E1ad5FF09291aA6512e6D4FddBBb604549DC54c", "redeemerPublicKey": "0x007333BdfE94f7551820220857Ea2D33978D8A7B", "redeemedAt": "2021-06-09T05:08:49.712"}, "twitSocialVerifs": [{"id": "386abd74-d229-4d4e-833e-0c6f30730813", "user": "0x007333BdfE94f7551820220857Ea2D33978D8A7B", "createdAt": "2021-05-01T06:13:57.209279", "updatedAt": "2021-05-01T06:13:59.597238", "lastCheckedAt": "2021-05-01T06:13:59.582", "socialVerificationURL": "https://twitter.com/superboyevan/status/1388376053966458883?s=20", "verificationText": "I\u2019m on @withFND \ud83c\udf10\n\n0x007333BdfE94f7551820220857Ea2D33978D8A7B\n\nhttps://t.co/pzLuiGYitV", "userId": "213835605", "username": "superboyevan", "isValid": true, "service": "TWITTER", "failedReason": null, "status": null}], "instaSocialVerifs": [{"id": "8714621d-0b00-4736-99cc-30336dec7e23", "user": "0x007333BdfE94f7551820220857Ea2D33978D8A7B", "createdAt": "2021-05-01T06:11:20.49694", "updatedAt": "2021-05-01T06:11:20.49694", "lastCheckedAt": "2021-05-01T06:11:20.453", "socialVerificationURL": null, "verificationText": null, "userId": "17841401040643225", "username": "superboyevan", "isValid": true, "service": "INSTAGRAM", "failedReason": null, "status": null}]}, "profileExists": true, "collectors": [], "createdCount": 0}, "__N_SSG": true}, "page": "/[username]", "query": {"username": "0x007333bdfe94f7551820220857ea2d33978d8a7b"}, "buildId": "fPHzAE9c9nph2AUK0K_6u", "isFallback": false, "dynamicIds": [33196, 55458, 54746], "gsp": true, "scriptLoader": []}