{"props": {"pageProps": {"username": "0x3ddcd68862a6bfa94130706a975f4baba061e547", "user": {"userIndex": 41560, "publicKey": "0x3DDcD68862A6bFa94130706A975f4BABA061E547", "username": "0xjpd", "profileImageUrl": "https://f8n-production.s3.amazonaws.com/creators/profile/i5s7b175i-unnamed-7-jpg-425cfe.jpg", "coverImageUrl": "", "name": "", "bio": "nifty collector \u2022 crypto enthusiast", "isApprovedCreator": true, "moderationStatus": "ACTIVE", "joinedWaitlistAt": null, "createdAt": "2021-04-08T21:16:57.804187", "migratedToUser": null, "isApprovedForMigrationAt": null, "firstName": null, "lastName": null, "isAdmin": false, "links": {"tiktok": {"handle": "", "platform": "tiktok"}, "twitch": {"handle": "", "platform": "twitch"}, "discord": {"handle": "", "platform": "discord"}, "twitter": {"handle": "0xjpd", "platform": "twitter"}, "website": {"handle": "", "platform": "website"}, "youtube": {"handle": "", "platform": "youtube"}, "facebook": {"handle": "", "platform": "facebook"}, "snapchat": {"handle": "", "platform": "snapchat"}, "instagram": {"handle": "", "platform": "instagram"}}, "acceptedInvite": {"senderPublicKey": "0xBADaf8101ea4a34d198ef089b6e1f67fcB1aC5b5", "redeemerPublicKey": "0x3DDcD68862A6bFa94130706A975f4BABA061E547", "redeemedAt": "2021-04-14T00:04:58.006"}, "twitSocialVerifs": [], "instaSocialVerifs": []}, "profileExists": true, "collectors": [], "createdCount": 0}, "__N_SSG": true}, "page": "/[username]", "query": {"username": "0x3ddcd68862a6bfa94130706a975f4baba061e547"}, "buildId": "fPHzAE9c9nph2AUK0K_6u", "isFallback": false, "dynamicIds": [33196, 55458, 54746], "gsp": true, "scriptLoader": []}