{"props": {"pageProps": {"username": "0x41728d92a00f3c0a435f581de9695621f94f7779", "user": {"userIndex": 41106, "publicKey": "0x41728d92a00f3c0a435f581de9695621F94f7779", "username": null, "profileImageUrl": "https://f8n-production.s3.amazonaws.com/creators/profile/pzywggsou-vinni-logo-1000px-2021-png-umh13j.png", "coverImageUrl": "https://f8n-production.s3.amazonaws.com/creators/profile/ncovkk22m-test-gif-uussya.gif", "name": "ViNNi KiNiKi", "bio": "Spread love, channel good intentions into creativity, keep it trippy, stay cosmic, cause positive waves and inspire one another \ud83d\udc7d\u2728 \n\nInternationally exhibiting alien/artist, Pleasure to be here \u270c\ufe0f\ud83d\ude4f", "isApprovedCreator": false, "moderationStatus": "ACTIVE", "joinedWaitlistAt": "2021-04-08T14:05:43.094", "createdAt": "2021-04-08T14:03:43.738889", "migratedToUser": "0xe8b972BAe5FB9D44bc210B82b346AAc773Aca0B4", "isApprovedForMigrationAt": "2021-07-26T14:12:35.838", "firstName": null, "lastName": null, "isAdmin": false, "links": {"tiktok": {"handle": "", "platform": "tiktok"}, "twitch": {"handle": "", "platform": "twitch"}, "discord": {"handle": "ViNNiKiNiKi#5752", "platform": "discord"}, "twitter": {"handle": "", "platform": "twitter"}, "website": {"handle": "vinnikiniki.com", "platform": "website"}, "youtube": {"handle": "https://www.youtube.com/channel/UCZDjx7plpopPywI5PI7hOxw", "platform": "youtube"}, "facebook": {"handle": "vinnikiniki", "platform": "facebook"}, "snapchat": {"handle": "", "platform": "snapchat"}, "instagram": {"handle": "vinnikiniki", "platform": "instagram"}}, "acceptedInvite": null, "twitSocialVerifs": [], "instaSocialVerifs": []}, "profileExists": true, "collectors": [], "createdCount": 0}, "__N_SSG": true}, "page": "/[username]", "query": {"username": "0x41728d92a00f3c0a435f581de9695621f94f7779"}, "buildId": "fPHzAE9c9nph2AUK0K_6u", "isFallback": false, "dynamicIds": [33196, 55458, 54746], "gsp": true, "scriptLoader": []}