{"props": {"pageProps": {"username": "0x4117e75546a2ffad9caba8e32fd2149ef29fc89a", "user": {"userIndex": 19579, "publicKey": "0x4117e75546A2FFAD9CAbA8e32fd2149ef29fC89A", "username": "Drosa", "profileImageUrl": "https://f8n-production.s3.amazonaws.com/creators/profile/dhinrdga4-logo-png-a64nms.png", "coverImageUrl": "https://f8n-production.s3.amazonaws.com/creators/profile/b4yho0qmj-cover-png-6me2jd.png", "name": "Drosa", "bio": "Digital Artist focused on vector portraits posters. Based in S\u00e3o Paulo, Brazil.", "isApprovedCreator": true, "moderationStatus": "ACTIVE", "joinedWaitlistAt": null, "createdAt": "2021-03-04T15:25:43.640742", "migratedToUser": null, "isApprovedForMigrationAt": null, "firstName": null, "lastName": null, "isAdmin": false, "links": {"tiktok": {"handle": "", "platform": "tiktok"}, "twitch": {"handle": "", "platform": "twitch"}, "discord": {"handle": "Drosa#1328", "platform": "discord"}, "twitter": {"handle": "@PEDROHE18464663", "platform": "twitter"}, "website": {"handle": "behance.net/pehca", "platform": "website"}, "youtube": {"handle": "", "platform": "youtube"}, "facebook": {"handle": "", "platform": "facebook"}, "snapchat": {"handle": "", "platform": "snapchat"}, "instagram": {"handle": "work_pehca", "platform": "instagram"}}, "acceptedInvite": {"senderPublicKey": "0xb4ce5faeB2228Bf48Ea7f5545eA0CD5d53F95a16", "redeemerPublicKey": "0x4117e75546A2FFAD9CAbA8e32fd2149ef29fC89A", "redeemedAt": "2021-03-19T11:07:12.889"}, "twitSocialVerifs": [{"id": "a3e9d60a-64df-4507-b481-59619b5dd452", "user": "0x4117e75546A2FFAD9CAbA8e32fd2149ef29fC89A", "createdAt": "2021-03-19T11:28:21.972198", "updatedAt": "2021-03-19T11:28:26.563198", "lastCheckedAt": "2021-03-19T11:28:26.535", "socialVerificationURL": "https://twitter.com/Drosa___/status/1372872525655519236", "verificationText": "I\u2019m on @withFND \ud83c\udf10\n\n0x4117e75546A2FFAD9CAbA8e32fd2149ef29fC89A\n\nhttps://t.co/IcXv50bZ5j", "userId": "1367286522622455811", "username": "Drosa___", "isValid": true, "service": "TWITTER", "failedReason": null, "status": null}], "instaSocialVerifs": []}, "profileExists": true, "collectors": [], "createdCount": 0}, "__N_SSG": true}, "page": "/[username]", "query": {"username": "0x4117e75546a2ffad9caba8e32fd2149ef29fc89a"}, "buildId": "fPHzAE9c9nph2AUK0K_6u", "isFallback": false, "dynamicIds": [33196, 55458, 54746], "gsp": true, "scriptLoader": []}