{"props": {"pageProps": {"username": "0x57159ae49ed6e9bac9a50663256cbcea65740e8a", "user": {"userIndex": 25857, "publicKey": "0x57159Ae49ed6e9bAc9A50663256CbcEa65740e8a", "username": "ALEV", "profileImageUrl": "https://f8n-production.s3.amazonaws.com/creators/profile/6adhmu26d-alev-logo-png-5m19go.png", "coverImageUrl": "https://f8n-production.s3.amazonaws.com/creators/profile/3om5b04h5-bluemorpho-png-png-yyijfk.png", "name": "AL\u0112V \u2a58\u2a57", "bio": "Another sleep deprived artist.\n23yo, 3D animation student from Montreal.\n\nI'm kinda slow but we can still be friend..\n\u2a58\u2a57", "isApprovedCreator": true, "moderationStatus": "ACTIVE", "joinedWaitlistAt": "2021-03-24T23:31:44.099", "createdAt": "2021-03-15T03:15:37.337929", "migratedToUser": null, "isApprovedForMigrationAt": null, "firstName": null, "lastName": null, "isAdmin": false, "links": {"tiktok": {"handle": "", "platform": "tiktok"}, "twitch": {"handle": "", "platform": "twitch"}, "discord": {"handle": "", "platform": "discord"}, "twitter": {"handle": "", "platform": "twitter"}, "website": {"handle": "https://www.artstation.com/happywasabii", "platform": "website"}, "youtube": {"handle": "", "platform": "youtube"}, "facebook": {"handle": "", "platform": "facebook"}, "snapchat": {"handle": "", "platform": "snapchat"}, "instagram": {"handle": "alex_the_happywasabii", "platform": "instagram"}}, "acceptedInvite": {"senderPublicKey": "0xB37B23ec836D7a92db75A9F0CCD634202Bb77805", "redeemerPublicKey": "0x57159Ae49ed6e9bAc9A50663256CbcEa65740e8a", "redeemedAt": "2021-03-25T00:09:50.629"}, "twitSocialVerifs": [{"id": "d672d6d7-f140-4e82-bc96-3796608e8121", "user": "0x57159Ae49ed6e9bAc9A50663256CbcEa65740e8a", "createdAt": "2021-03-24T23:27:28.867304", "updatedAt": "2021-03-24T23:27:33.932229", "lastCheckedAt": "2021-03-24T23:27:33.923", "socialVerificationURL": "https://twitter.com/ALEV3D/status/1374865430465150978", "verificationText": "Just doing the verification for\ud83e\udd70 @withFND \ud83c\udf10\n\n0x57159Ae49ed6e9bAc9A50663256CbcEa65740e8a\n\nhttps://t.co/YazaQYtmld", "userId": "1372056507949445123", "username": "ALEV3D", "isValid": true, "service": "TWITTER", "failedReason": null, "status": null}], "instaSocialVerifs": []}, "profileExists": true, "collectors": [], "createdCount": 0}, "__N_SSG": true}, "page": "/[username]", "query": {"username": "0x57159ae49ed6e9bac9a50663256cbcea65740e8a"}, "buildId": "fPHzAE9c9nph2AUK0K_6u", "isFallback": false, "dynamicIds": [33196, 55458, 54746], "gsp": true, "scriptLoader": []}