{"props": {"pageProps": {"username": "0x0c178adb0f94dcd5f59e1ee49aaffab4f0da1e2b", "user": {"userIndex": null, "publicKey": "0x0C178aDb0f94Dcd5f59e1eE49AaffAb4f0Da1E2B", "username": null, "profileImageUrl": null, "coverImageUrl": null, "name": null, "bio": null, "isApprovedCreator": false, "moderationStatus": "ACTIVE", "joinedWaitlistAt": null, "createdAt": "2021-04-27T03:23:24.461915", "migratedToUser": null, "isApprovedForMigrationAt": null, "firstName": null, "lastName": null, "isAdmin": false, "links": {}, "acceptedInvite": null, "twitSocialVerifs": [], "instaSocialVerifs": []}, "profileExists": true, "collectors": [], "createdCount": 0}, "__N_SSG": true}, "page": "/[username]", "query": {"username": "0x0c178adb0f94dcd5f59e1ee49aaffab4f0da1e2b"}, "buildId": "fPHzAE9c9nph2AUK0K_6u", "isFallback": false, "dynamicIds": [33196, 55458, 54746], "gsp": true, "scriptLoader": []}