{"props": {"pageProps": {"username": "0x0cd2818866d32da690ffb19e823975ad4b545261", "user": {"userIndex": 86038, "publicKey": "0x0Cd2818866d32da690fFB19e823975aD4b545261", "username": "JorgHendriks", "profileImageUrl": "https://f8n-production.s3.amazonaws.com/creators/profile/rrwt2hr3n-schermafbeelding-2021-07-19-om-20-09-38-png-3pb8bd.png", "coverImageUrl": "https://f8n-production.s3.amazonaws.com/creators/profile/q5dby06kw-schermafbeelding-2021-07-19-om-20-10-35-png-hidcw2.png", "name": "Jorg Hendriks", "bio": "Jorg Hendriks. Digital artist.\nBased in the Netherlands \ud83c\uddf3\ud83c\uddf1\n\ud83d\udca0\nwww.jorghendriks.com\n\ud83d\udca0\nComposer / Producer / Sound Engineer", "isApprovedCreator": true, "moderationStatus": "ACTIVE", "joinedWaitlistAt": null, "createdAt": "2021-07-19T17:29:45.967134", "migratedToUser": null, "isApprovedForMigrationAt": null, "firstName": null, "lastName": null, "isAdmin": false, "links": {"tiktok": {"handle": "", "platform": "tiktok"}, "twitch": {"handle": "", "platform": "twitch"}, "discord": {"handle": "", "platform": "discord"}, "twitter": {"handle": "", "platform": "twitter"}, "website": {"handle": "www.jorghendriks.com", "platform": "website"}, "youtube": {"handle": "", "platform": "youtube"}, "facebook": {"handle": "", "platform": "facebook"}, "snapchat": {"handle": "", "platform": "snapchat"}, "instagram": {"handle": "", "platform": "instagram"}}, "acceptedInvite": null, "twitSocialVerifs": [{"id": "6d050b34-9ba5-44fc-b489-28572a3d1a02", "user": "0x0Cd2818866d32da690fFB19e823975aD4b545261", "createdAt": "2021-07-19T18:00:35.570347", "updatedAt": "2021-07-19T18:00:40.78854", "lastCheckedAt": "2021-07-19T18:00:40.778", "socialVerificationURL": "https://twitter.com/JHendriksMusic/status/1417182488804433926?s=20", "verificationText": "I\u2019m on @withFND \ud83c\udf10\n\n0x0Cd2818866d32da690fFB19e823975aD4b545261\n\nhttps://t.co/uFXLlRQMh4", "userId": "1412868998258122752", "username": "JHendriksMusic", "isValid": true, "service": "TWITTER", "failedReason": null, "status": null}], "instaSocialVerifs": [{"id": "c81c1a49-0b1e-4570-9ccf-3c27e317e6b1", "user": "0x0Cd2818866d32da690fFB19e823975aD4b545261", "createdAt": "2021-07-19T18:04:27.871746", "updatedAt": "2021-07-19T18:04:31.721728", "lastCheckedAt": "2021-07-19T18:04:27.851", "socialVerificationURL": null, "verificationText": null, "userId": "17841401491564478", "username": "jorghendriks", "isValid": true, "service": "INSTAGRAM", "failedReason": null, "status": null}]}, "profileExists": true, "collectors": [], "createdCount": 0}, "__N_SSG": true}, "page": "/[username]", "query": {"username": "0x0cd2818866d32da690ffb19e823975ad4b545261"}, "buildId": "fPHzAE9c9nph2AUK0K_6u", "isFallback": false, "dynamicIds": [33196, 55458, 54746], "gsp": true, "scriptLoader": []}