{"props": {"pageProps": {"username": "0x2c09ab4118d93f7082704a32637027e7cdf52a0d", "user": {"userIndex": 81152, "publicKey": "0x2C09aB4118d93F7082704a32637027e7CDf52a0D", "username": "bykt", "profileImageUrl": "https://f8n-production.s3.amazonaws.com/creators/profile/ugjoq4kbf-mcdvkttj-400x400-jpg-pfxhf8.jpg", "coverImageUrl": "https://f8n-production.s3.amazonaws.com/creators/profile/0nw114bl8-pexels-pixabay-210249-jpg-31wxwm.jpg", "name": "KT", "bio": "I paint the unpaintable eyes. The eyes that see the soul without actually seeing them. The eyes that will drown you to the deepest part of the ocean. ", "isApprovedCreator": true, "moderationStatus": "ACTIVE", "joinedWaitlistAt": "2021-06-28T17:54:42.03", "createdAt": "2021-06-28T15:20:54.71299", "migratedToUser": null, "isApprovedForMigrationAt": null, "firstName": null, "lastName": null, "isAdmin": false, "links": {"tiktok": {"handle": "", "platform": "tiktok"}, "twitch": {"handle": "", "platform": "twitch"}, "discord": {"handle": "", "platform": "discord"}, "twitter": {"handle": "", "platform": "twitter"}, "website": {"handle": "", "platform": "website"}, "youtube": {"handle": "", "platform": "youtube"}, "facebook": {"handle": "", "platform": "facebook"}, "snapchat": {"handle": "", "platform": "snapchat"}, "instagram": {"handle": "", "platform": "instagram"}}, "acceptedInvite": {"senderPublicKey": "0x9Da3f811143ED2208085f460754b32788913a788", "redeemerPublicKey": "0x2C09aB4118d93F7082704a32637027e7CDf52a0D", "redeemedAt": "2021-06-29T22:19:30.381"}, "twitSocialVerifs": [{"id": "0b214e3b-fefb-4e26-a4ab-a829d906152d", "user": "0x2C09aB4118d93F7082704a32637027e7CDf52a0D", "createdAt": "2021-06-28T15:22:10.602902", "updatedAt": "2021-06-28T15:22:35.335387", "lastCheckedAt": "2021-06-28T15:22:33.799", "socialVerificationURL": "https://twitter.com/paintedbykt/status/1409532529334493189", "verificationText": "I\u2019m on @withFND \ud83c\udf10\n\n0x2C09aB4118d93F7082704a32637027e7CDf52a0D\n\nhttps://t.co/d06lXeFMOo", "userId": "1409081196290662401", "username": "paintedbykt", "isValid": true, "service": "TWITTER", "failedReason": null, "status": null}], "instaSocialVerifs": [{"id": "a4093b22-b19a-4040-9b8c-8cbddbb39195", "user": "0x2C09aB4118d93F7082704a32637027e7CDf52a0D", "createdAt": "2021-06-28T18:27:42.867332", "updatedAt": "2021-06-28T18:27:42.867332", "lastCheckedAt": "2021-06-28T18:27:42.865", "socialVerificationURL": null, "verificationText": null, "userId": "17841448215474359", "username": "onlybykt", "isValid": true, "service": "INSTAGRAM", "failedReason": null, "status": null}]}, "profileExists": true, "collectors": [], "createdCount": 0}, "__N_SSG": true}, "page": "/[username]", "query": {"username": "0x2c09ab4118d93f7082704a32637027e7cdf52a0d"}, "buildId": "fPHzAE9c9nph2AUK0K_6u", "isFallback": false, "dynamicIds": [33196, 55458, 54746], "gsp": true, "scriptLoader": []}