{"props": {"pageProps": {"username": "0xfce92d465e649580ddfa8e5ee20b17537074e6d0", "user": {"userIndex": 85261, "publicKey": "0xfce92d465e649580DdfA8e5Ee20b17537074E6D0", "username": "BusinessPlan", "profileImageUrl": "https://f8n-production.s3.amazonaws.com/creators/profile/dsrf44den-shutterstock-1023246931-364607-jpeg-72sqcq.jpeg", "coverImageUrl": "https://f8n-production.s3.amazonaws.com/creators/profile/bkgnfekgv-team-364474-jpeg-79y4ij.jpeg", "name": "Business Plan", "bio": "We offer business plans on Blockchain.\n\nContact : businessplan.nft@gmail.com", "isApprovedCreator": true, "moderationStatus": "ACTIVE", "joinedWaitlistAt": null, "createdAt": "2021-07-16T15:13:41.453063", "migratedToUser": null, "isApprovedForMigrationAt": null, "firstName": null, "lastName": null, "isAdmin": false, "links": {"tiktok": {"handle": "", "platform": "tiktok"}, "twitch": {"handle": "", "platform": "twitch"}, "discord": {"handle": "", "platform": "discord"}, "twitter": {"handle": "", "platform": "twitter"}, "website": {"handle": "", "platform": "website"}, "youtube": {"handle": "", "platform": "youtube"}, "facebook": {"handle": "", "platform": "facebook"}, "snapchat": {"handle": "", "platform": "snapchat"}, "instagram": {"handle": "", "platform": "instagram"}}, "acceptedInvite": {"senderPublicKey": "0x83f8f73c93b23175d32ce414fdC9F8675E198D01", "redeemerPublicKey": "0xfce92d465e649580DdfA8e5Ee20b17537074E6D0", "redeemedAt": "2021-07-18T23:17:40.311"}, "twitSocialVerifs": [], "instaSocialVerifs": [{"id": "9fa2e168-af0f-4de5-a695-0d7db9efcb33", "user": "0xfce92d465e649580DdfA8e5Ee20b17537074E6D0", "createdAt": "2021-07-18T23:25:22.750936", "updatedAt": "2021-07-18T23:25:22.750936", "lastCheckedAt": "2021-07-18T23:25:22.693", "socialVerificationURL": null, "verificationText": null, "userId": "17841448552259969", "username": "businessplan.nft", "isValid": true, "service": "INSTAGRAM", "failedReason": null, "status": null}]}, "profileExists": true, "collectors": [], "createdCount": 0}, "__N_SSG": true}, "page": "/[username]", "query": {"username": "0xfce92d465e649580ddfa8e5ee20b17537074e6d0"}, "buildId": "fPHzAE9c9nph2AUK0K_6u", "isFallback": false, "dynamicIds": [33196, 55458, 54746], "gsp": true, "scriptLoader": []}