{"props": {"pageProps": {"username": "0x962fde9fb124a518a6a3a35c8c187d1a0cc071e9", "user": {"userIndex": 19283, "publicKey": "0x962fdE9Fb124A518A6A3A35c8C187d1A0Cc071e9", "username": "asooraguy", "profileImageUrl": "https://f8n-production.s3.amazonaws.com/creators/profile/tcyvqrs7t-happy-sticker-source-gif-zncntn.gif", "coverImageUrl": "https://f8n-production.s3.amazonaws.com/creators/profile/k0cw0ly2l-img-0204-jpeg-59zfhi.jpeg", "name": "Asooraguy", "bio": "I'm a monster", "isApprovedCreator": true, "moderationStatus": "ACTIVE", "joinedWaitlistAt": null, "createdAt": "2021-03-18T22:39:37.243918", "migratedToUser": null, "isApprovedForMigrationAt": null, "firstName": null, "lastName": null, "isAdmin": false, "links": {"tiktok": {"handle": "", "platform": "tiktok"}, "twitch": {"handle": "", "platform": "twitch"}, "discord": {"handle": "", "platform": "discord"}, "twitter": {"handle": "asooraguy", "platform": "twitter"}, "website": {"handle": "", "platform": "website"}, "youtube": {"handle": "", "platform": "youtube"}, "facebook": {"handle": "", "platform": "facebook"}, "snapchat": {"handle": "", "platform": "snapchat"}, "instagram": {"handle": "asooraguy", "platform": "instagram"}}, "acceptedInvite": {"senderPublicKey": "0x420FE6199a0612006809DC0830d3F8cC80349088", "redeemerPublicKey": "0x962fdE9Fb124A518A6A3A35c8C187d1A0Cc071e9", "redeemedAt": "2021-03-18T23:19:37.593"}, "twitSocialVerifs": [{"id": "2f0851d8-e312-406a-83e4-42cb6bd5c787", "user": "0x962fdE9Fb124A518A6A3A35c8C187d1A0Cc071e9", "createdAt": "2021-07-11T15:40:42.728213", "updatedAt": "2021-07-11T15:40:43.478829", "lastCheckedAt": "2021-07-11T15:40:43.468", "socialVerificationURL": "https://twitter.com/asooraguy/status/1414248031768092672?s=20", "verificationText": "I\u2019m on @withFND \ud83c\udf10\n\n0x962fdE9Fb124A518A6A3A35c8C187d1A0Cc071e9\n\nhttps://t.co/m6fgUgn2WM", "userId": "1358658780746051584", "username": "asooraguy", "isValid": true, "service": "TWITTER", "failedReason": null, "status": null}], "instaSocialVerifs": [{"id": "ed5f2461-6900-44dd-9954-ec9e20653b96", "user": "0x962fdE9Fb124A518A6A3A35c8C187d1A0Cc071e9", "createdAt": "2021-06-30T14:42:49.360029", "updatedAt": "2021-06-30T14:42:49.360029", "lastCheckedAt": "2021-06-30T14:42:49.349", "socialVerificationURL": null, "verificationText": null, "userId": "17841410163135288", "username": "asooraguy", "isValid": true, "service": "INSTAGRAM", "failedReason": null, "status": null}]}, "profileExists": true, "collectors": [], "createdCount": 0}, "__N_SSG": true}, "page": "/[username]", "query": {"username": "0x962fde9fb124a518a6a3a35c8c187d1a0cc071e9"}, "buildId": "fPHzAE9c9nph2AUK0K_6u", "isFallback": false, "dynamicIds": [33196, 55458, 54746], "gsp": true, "scriptLoader": []}