{"props": {"pageProps": {"username": "0x08cbcd1e5ba56bf079b20b34044de3ffc51db410", "user": {"userIndex": 70963, "publicKey": "0x08CBCd1E5BA56BF079B20b34044DE3FfC51db410", "username": "SSIM", "profileImageUrl": "https://f8n-production.s3.amazonaws.com/creators/profile/zzopwbdkg-ssim-red-jpg-jevpuo.jpg", "coverImageUrl": "https://f8n-production.s3.amazonaws.com/creators/profile/rvdxmc9sd-one-of-one-no-1-jpg-ub91pp.jpg", "name": "SSIM", "bio": "SSIM presents creative works that are produced deep within the minds of 2 artists from the same family.\nSSIM is a collaboration of father & son who share their generation of art & express imagination.", "isApprovedCreator": false, "moderationStatus": "ACTIVE", "joinedWaitlistAt": "2021-05-25T20:28:25.549", "createdAt": "2021-05-25T20:24:04.465647", "migratedToUser": null, "isApprovedForMigrationAt": null, "firstName": null, "lastName": null, "isAdmin": false, "links": {"tiktok": {"handle": "", "platform": "tiktok"}, "twitch": {"handle": "", "platform": "twitch"}, "discord": {"handle": "", "platform": "discord"}, "twitter": {"handle": "", "platform": "twitter"}, "website": {"handle": "http://www.ssimartist.com/", "platform": "website"}, "youtube": {"handle": "", "platform": "youtube"}, "facebook": {"handle": "", "platform": "facebook"}, "snapchat": {"handle": "", "platform": "snapchat"}, "instagram": {"handle": "", "platform": "instagram"}}, "acceptedInvite": null, "twitSocialVerifs": [{"id": "e4e76e4c-247e-4aac-beb3-8567df1fd532", "user": "0x08CBCd1E5BA56BF079B20b34044DE3FfC51db410", "createdAt": "2021-05-25T20:28:15.357375", "updatedAt": "2021-05-25T20:28:17.201411", "lastCheckedAt": "2021-05-25T20:28:17.174", "socialVerificationURL": "https://twitter.com/SSIMartist/status/1397288382666002435?s=20", "verificationText": "I\u2019m on @withFND \ud83c\udf10\n\n0x08CBCd1E5BA56BF079B20b34044DE3FfC51db410\n\nhttps://t.co/BvJXiwM4PH", "userId": "236075799", "username": "SSIMartist", "isValid": true, "service": "TWITTER", "failedReason": null, "status": null}], "instaSocialVerifs": []}, "profileExists": true, "collectors": [], "createdCount": 0}, "__N_SSG": true}, "page": "/[username]", "query": {"username": "0x08cbcd1e5ba56bf079b20b34044de3ffc51db410"}, "buildId": "fPHzAE9c9nph2AUK0K_6u", "isFallback": false, "dynamicIds": [33196, 55458, 54746], "gsp": true, "scriptLoader": []}