{"props": {"pageProps": {"username": "0x668cd6849e90e5e756f98876b00193d6e5738aec", "user": {"userIndex": 84007, "publicKey": "0x668CD6849e90e5e756f98876b00193D6e5738aec", "username": "Mierume", "profileImageUrl": "https://f8n-production.s3.amazonaws.com/creators/profile/t6g6vl3y7-82419a9b-bb6d-410e-a982-bdc3e1fa18dd-jpeg-prl1cz.jpeg", "coverImageUrl": "https://f8n-production.s3.amazonaws.com/creators/profile/upnlc3dfa-png-xawxfu.png", "name": "Mierume", "bio": "Hello! I'm Mierume \n\nDigital Artist & Illustrator.\n\nfrom Thailand", "isApprovedCreator": true, "moderationStatus": "ACTIVE", "joinedWaitlistAt": null, "createdAt": "2021-07-12T03:38:22.881764", "migratedToUser": null, "isApprovedForMigrationAt": null, "firstName": null, "lastName": null, "isAdmin": false, "links": {"tiktok": {"handle": "", "platform": "tiktok"}, "twitch": {"handle": "", "platform": "twitch"}, "discord": {"handle": "", "platform": "discord"}, "twitter": {"handle": "", "platform": "twitter"}, "website": {"handle": "", "platform": "website"}, "youtube": {"handle": "", "platform": "youtube"}, "facebook": {"handle": "Mierume", "platform": "facebook"}, "snapchat": {"handle": "", "platform": "snapchat"}, "instagram": {"handle": "", "platform": "instagram"}}, "acceptedInvite": {"senderPublicKey": "0x1461b5DD200CB419216c4Da2230d7Ace1a22590C", "redeemerPublicKey": "0x668CD6849e90e5e756f98876b00193D6e5738aec", "redeemedAt": "2021-07-12T06:54:03.692"}, "twitSocialVerifs": [{"id": "bcb3de7e-4378-4e3b-9b43-d4d339754832", "user": "0x668CD6849e90e5e756f98876b00193D6e5738aec", "createdAt": "2021-07-12T11:16:01.652249", "updatedAt": "2021-07-12T11:16:02.450162", "lastCheckedAt": "2021-07-12T11:16:02.443", "socialVerificationURL": "https://twitter.com/MierumeN/status/1414543777004359681?s=20", "verificationText": "I\u2019m on @withFND \ud83c\udf10\n\n0x668CD6849e90e5e756f98876b00193D6e5738aec\n\nhttps://t.co/Tit7ONsm82", "userId": "1414513115765506053", "username": "MierumeN", "isValid": true, "service": "TWITTER", "failedReason": null, "status": null}], "instaSocialVerifs": [{"id": "cb48751c-be38-4e5f-8c1b-82d45520e665", "user": "0x668CD6849e90e5e756f98876b00193D6e5738aec", "createdAt": "2021-07-18T04:29:11.64527", "updatedAt": "2021-07-18T04:29:11.64527", "lastCheckedAt": "2021-07-18T04:29:11.628", "socialVerificationURL": null, "verificationText": null, "userId": "17841411397691257", "username": "mierumeee", "isValid": true, "service": "INSTAGRAM", "failedReason": null, "status": null}]}, "profileExists": true, "collectors": [], "createdCount": 0}, "__N_SSG": true}, "page": "/[username]", "query": {"username": "0x668cd6849e90e5e756f98876b00193d6e5738aec"}, "buildId": "fPHzAE9c9nph2AUK0K_6u", "isFallback": false, "dynamicIds": [33196, 55458, 54746], "gsp": true, "scriptLoader": []}