{"props": {"pageProps": {"username": "0xd82b0e38a8a4880fc5d7eafdb468c2b862eb23fb", "user": {"userIndex": 3104, "publicKey": "0xD82b0E38a8A4880fC5D7EafDb468C2B862eb23FB", "username": "Armanius", "profileImageUrl": "https://f8n-production.s3.amazonaws.com/creators/profile/rrlocepuu-applicationframehost-zjpj3pghaf-png-syazv4.png", "coverImageUrl": "https://f8n-production.s3.amazonaws.com/creators/profile/k83a6g6t3-carousel-01-0035-fnd-jpeg-r3b9iu.jpeg", "name": "Arman Ussupov", "bio": "3D animator\n3D artist", "isApprovedCreator": true, "moderationStatus": "ACTIVE", "joinedWaitlistAt": null, "createdAt": "2021-02-23T15:20:29.257124", "migratedToUser": null, "isApprovedForMigrationAt": null, "firstName": null, "lastName": null, "isAdmin": false, "links": {"tiktok": {"handle": "armaniusss", "platform": "tiktok"}, "twitch": {"handle": "", "platform": "twitch"}, "discord": {"handle": "Armanius#4913", "platform": "discord"}, "twitter": {"handle": "https://twitter.com/ArmanUssupov", "platform": "twitter"}, "website": {"handle": "https://linktr.ee/Armanius", "platform": "website"}, "youtube": {"handle": "https://www.youtube.com/channel/UCSol0FBuDnnbFKa8A0yr9_g", "platform": "youtube"}, "facebook": {"handle": "", "platform": "facebook"}, "snapchat": {"handle": "", "platform": "snapchat"}, "instagram": {"handle": "https://www.instagram.com/arman_ussupov/", "platform": "instagram"}}, "acceptedInvite": {"senderPublicKey": "0x65CDB4c1c29bd8C925A66F4cbc8722084160451E", "redeemerPublicKey": "0xD82b0E38a8A4880fC5D7EafDb468C2B862eb23FB", "redeemedAt": "2021-03-20T16:56:53.312"}, "twitSocialVerifs": [{"id": "54eb31ec-8e61-4cd5-90c1-10e18f8694f9", "user": "0xD82b0E38a8A4880fC5D7EafDb468C2B862eb23FB", "createdAt": "2021-03-16T21:04:35.446628", "updatedAt": "2021-03-16T21:04:40.516453", "lastCheckedAt": "2021-03-16T21:04:40.472", "socialVerificationURL": "https://twitter.com/ArmanUssupov/status/1371930371336593417", "verificationText": "I\u2019m on @withFND \ud83c\udf10\n\n0xD82b0E38a8A4880fC5D7EafDb468C2B862eb23FB\n\nhttps://t.co/Q8MCYRfGQI", "userId": "541435784", "username": "ArmanUssupov", "isValid": true, "service": "TWITTER", "failedReason": null, "status": null}], "instaSocialVerifs": []}, "profileExists": true, "collectors": [], "createdCount": 0}, "__N_SSG": true}, "page": "/[username]", "query": {"username": "0xd82b0e38a8a4880fc5d7eafdb468c2b862eb23fb"}, "buildId": "fPHzAE9c9nph2AUK0K_6u", "isFallback": false, "dynamicIds": [33196, 55458, 54746], "gsp": true, "scriptLoader": []}