{"props": {"pageProps": {"username": "0x4410b178b8c234099b0ef4e24923a45674c6c20d", "user": {"userIndex": 13808, "publicKey": "0x4410B178b8C234099b0ef4e24923A45674C6C20D", "username": "Jivo", "profileImageUrl": "https://f8n-production.s3.amazonaws.com/creators/profile/jqwe38z5a-jivo2-jpg-6leruz.jpg", "coverImageUrl": "https://f8n-production.s3.amazonaws.com/creators/profile/hw0su2cij-jivo-nft-banner-jpg-wkk5xw.jpg", "name": "Jivo", "bio": " I\u2019m a Montreal based Art Director pushing pixels since 2013.", "isApprovedCreator": true, "moderationStatus": "ACTIVE", "joinedWaitlistAt": null, "createdAt": "2021-03-12T19:48:12.391611", "migratedToUser": null, "isApprovedForMigrationAt": null, "firstName": null, "lastName": null, "isAdmin": false, "links": {"tiktok": {"handle": "", "platform": "tiktok"}, "twitch": {"handle": "", "platform": "twitch"}, "discord": {"handle": "jivo #1056", "platform": "discord"}, "twitter": {"handle": "https://twitter.com/jivostudio", "platform": "twitter"}, "website": {"handle": "", "platform": "website"}, "youtube": {"handle": "https://www.youtube.com/channel/UCNufFr4e4mr274iWfSJwVhg", "platform": "youtube"}, "facebook": {"handle": "", "platform": "facebook"}, "snapchat": {"handle": "", "platform": "snapchat"}, "instagram": {"handle": "https://www.instagram.com/jivographics/", "platform": "instagram"}}, "acceptedInvite": {"senderPublicKey": "0x44Ff8723f67e846F9F13B06284E7027a951b5d28", "redeemerPublicKey": "0x4410B178b8C234099b0ef4e24923A45674C6C20D", "redeemedAt": "2021-03-17T18:53:14.23"}, "twitSocialVerifs": [{"id": "6233e89c-419c-4017-b59f-0956e53416e8", "user": "0x4410B178b8C234099b0ef4e24923A45674C6C20D", "createdAt": "2021-03-20T17:47:46.005128", "updatedAt": "2021-03-20T17:47:48.857254", "lastCheckedAt": "2021-03-20T17:47:48.835", "socialVerificationURL": "https://twitter.com/jivostudio/status/1373330252387221508", "verificationText": "I\u2019m on @withFND \ud83c\udf10\n\n0x4410B178b8C234099b0ef4e24923A45674C6C20D\n\nhttps://t.co/4qd5qEXzQJ", "userId": "1372041209464651776", "username": "jivostudio", "isValid": true, "service": "TWITTER", "failedReason": null, "status": null}], "instaSocialVerifs": [{"id": "0af2bb7b-7db4-4ad6-b29a-b92e8ba27244", "user": "0x4410B178b8C234099b0ef4e24923A45674C6C20D", "createdAt": "2021-04-20T03:06:18.739038", "updatedAt": "2021-04-20T03:06:18.739038", "lastCheckedAt": "2021-04-20T03:06:18.719", "socialVerificationURL": null, "verificationText": null, "userId": "17841402273951827", "username": "jivographics", "isValid": true, "service": "INSTAGRAM", "failedReason": null, "status": null}]}, "profileExists": true, "collectors": [{"userIndex": 16056, "publicKey": "0x8a618c1cBa0F822f7CE333C4C04b9337eFb4638B", "username": "NFTcat", "profileImageUrl": "https://f8n-production.s3.amazonaws.com/creators/profile/k51yx4rk2-img-1967-jpg-n9bjkx.JPG", "coverImageUrl": "https://f8n-production.s3.amazonaws.com/creators/profile/2d0bt423e-art-news-nft-jpg-ge5hrp.jpg", "name": "NFTcat", "bio": "Made in the Phillipines.\nLiving in Los Angeles.\nInvestor of cryptocurrency\nCollector of NFTs\nLover of Music\nLover of Art", "isApprovedCreator": false, "moderationStatus": "ACTIVE", "joinedWaitlistAt": null, "createdAt": "2021-03-15T07:35:12.443768", "migratedToUser": null, "isApprovedForMigrationAt": null, "follows": [], "highestBidAuctions": [{"endsAt": "2021-03-23T07:21:56"}], "highestBidAuctions_aggregate": {"aggregate": {"count": 1}}}, {"userIndex": 71679, "publicKey": "0xde21B4eF0FF6C37cdb9107d7C16da650954fd563", "username": "central_mv", "profileImageUrl": "", "coverImageUrl": "", "name": "central_mv", "bio": "Im here for the metaverse and all its different parts", "isApprovedCreator": false, "moderationStatus": "ACTIVE", "joinedWaitlistAt": null, "createdAt": "2021-05-25T02:26:41.730864", "migratedToUser": null, "isApprovedForMigrationAt": null, "follows": [], "highestBidAuctions": [{"endsAt": "2021-05-28T22:48:22"}], "highestBidAuctions_aggregate": {"aggregate": {"count": 1}}}, {"userIndex": 50008, "publicKey": "0xFA1bd73b3CE55CbeBe92b837aFF62b992E1dB211", "username": "cryptoroart", "profileImageUrl": "https://f8n-production.s3.amazonaws.com/creators/profile/567bp6egi-abstract-bull-jpg-8hfu5d.jpg", "coverImageUrl": "https://f8n-production.s3.amazonaws.com/creators/profile/svkb6l5rb-vatican-ceiling-1440x259-jpg-h48bdc.jpg", "name": "Cryptoro Art", "bio": "Blockchain and crypto advocate.  Art enthusiast and NFT gem hunter.", "isApprovedCreator": true, "moderationStatus": "ACTIVE", "joinedWaitlistAt": "2021-05-16T23:25:30.476", "createdAt": "2021-03-29T03:19:06.202272", "migratedToUser": null, "isApprovedForMigrationAt": null, "follows": [], "highestBidAuctions": [{"endsAt": "2021-04-24T01:19:23"}], "highestBidAuctions_aggregate": {"aggregate": {"count": 1}}}], "createdCount": 0}, "__N_SSG": true}, "page": "/[username]", "query": {"username": "0x4410b178b8c234099b0ef4e24923a45674c6c20d"}, "buildId": "fPHzAE9c9nph2AUK0K_6u", "isFallback": false, "dynamicIds": [33196, 55458, 54746], "gsp": true, "scriptLoader": []}