{"props": {"pageProps": {"username": "0x25c1e2b9398ebe39966d68fd1c854b9d45732f25", "user": {"userIndex": 53988, "publicKey": "0x25C1e2b9398eBe39966D68fd1c854b9d45732f25", "username": "matik1", "profileImageUrl": "https://f8n-production.s3.amazonaws.com/creators/profile/8lz7w79iu-profile-jpg-4u02gk.jpg", "coverImageUrl": "https://f8n-production.s3.amazonaws.com/creators/profile/6gsemkzvw-larvae-jpg-7gaap3.jpg", "name": "Matik", "bio": "\nMatik\u2019s art is inspired by surreal and dystopian landscapes, splattered with sci fi design aesthetics and a constant drive to explore new creation techniques. ", "isApprovedCreator": true, "moderationStatus": "ACTIVE", "joinedWaitlistAt": "2021-04-24T01:40:09.706", "createdAt": "2021-04-24T01:31:14.979065", "migratedToUser": null, "isApprovedForMigrationAt": null, "firstName": null, "lastName": null, "isAdmin": false, "links": {"tiktok": {"handle": "", "platform": "tiktok"}, "twitch": {"handle": "", "platform": "twitch"}, "discord": {"handle": "", "platform": "discord"}, "twitter": {"handle": "", "platform": "twitter"}, "website": {"handle": "www.matikdesign.com", "platform": "website"}, "youtube": {"handle": "", "platform": "youtube"}, "facebook": {"handle": "matikdesign", "platform": "facebook"}, "snapchat": {"handle": "", "platform": "snapchat"}, "instagram": {"handle": "", "platform": "instagram"}}, "acceptedInvite": {"senderPublicKey": "0x3b63410fAdbDA0ec0bA932fAD2997edd7A842679", "redeemerPublicKey": "0x25C1e2b9398eBe39966D68fd1c854b9d45732f25", "redeemedAt": "2021-04-24T03:48:34.757"}, "twitSocialVerifs": [], "instaSocialVerifs": [{"id": "d43184be-5a99-479e-afbd-f8e548efbc7e", "user": "0x25C1e2b9398eBe39966D68fd1c854b9d45732f25", "createdAt": "2021-04-24T01:39:55.264746", "updatedAt": "2021-04-24T01:39:55.264746", "lastCheckedAt": "2021-04-24T01:39:55.263", "socialVerificationURL": null, "verificationText": null, "userId": "17841401596899722", "username": "matik__1", "isValid": true, "service": "INSTAGRAM", "failedReason": null, "status": null}]}, "profileExists": true, "collectors": [], "createdCount": 0}, "__N_SSG": true}, "page": "/[username]", "query": {"username": "0x25c1e2b9398ebe39966d68fd1c854b9d45732f25"}, "buildId": "fPHzAE9c9nph2AUK0K_6u", "isFallback": false, "dynamicIds": [33196, 55458, 54746], "gsp": true, "scriptLoader": []}