{"props": {"pageProps": {"username": "0x979975167e62e4dc91271da00612b18eabe5b26a", "user": {"userIndex": 2110, "publicKey": "0x979975167e62e4dC91271dA00612b18EaBe5b26A", "username": "Lovevisuals", "profileImageUrl": "https://f8n-production.s3.amazonaws.com/creators/profile/1c8ua7efu-lovevisuals-spore-png-6njza0.png", "coverImageUrl": "https://f8n-production.s3.amazonaws.com/creators/profile/ghi4rf8nj-lovevisuals-matrices-2560x1080-jpg-du0gfx.jpg", "name": "Lovevisuals", "bio": "Technical artist from USA. These are my adventures in 3D. ", "isApprovedCreator": true, "moderationStatus": "ACTIVE", "joinedWaitlistAt": null, "createdAt": "2021-02-19T21:03:55.354366", "migratedToUser": null, "isApprovedForMigrationAt": null, "firstName": null, "lastName": null, "isAdmin": false, "links": {"tiktok": {"handle": "", "platform": "tiktok"}, "twitch": {"handle": "", "platform": "twitch"}, "discord": {"handle": "", "platform": "discord"}, "twitter": {"handle": "lovevisuals2", "platform": "twitter"}, "website": {"handle": "", "platform": "website"}, "youtube": {"handle": "", "platform": "youtube"}, "facebook": {"handle": "", "platform": "facebook"}, "snapchat": {"handle": "", "platform": "snapchat"}, "instagram": {"handle": "lovevisuals", "platform": "instagram"}}, "acceptedInvite": {"senderPublicKey": "0xF6AdB52Dc86370555A46AeAE9a5BDa1613B08892", "redeemerPublicKey": "0x979975167e62e4dC91271dA00612b18EaBe5b26A", "redeemedAt": "2021-02-19T22:12:29.569"}, "twitSocialVerifs": [{"id": "d0f4c510-0dfb-433e-ad2f-fc707d3c30d4", "user": "0x979975167e62e4dC91271dA00612b18EaBe5b26A", "createdAt": "2021-03-20T03:14:25.742213", "updatedAt": "2021-03-20T03:14:30.547704", "lastCheckedAt": "2021-03-20T03:14:30.509", "socialVerificationURL": "https://twitter.com/lovevisuals2/status/1373110587031441409", "verificationText": "I\u2019m on @withFND \ud83c\udf10\n\n0x979975167e62e4dC91271dA00612b18EaBe5b26A\n\nhttps://t.co/V0kpqx867h", "userId": "1307013423104962560", "username": "lovevisuals2", "isValid": true, "service": "TWITTER", "failedReason": null, "status": null}], "instaSocialVerifs": []}, "profileExists": true, "collectors": [{"userIndex": 4629, "publicKey": "0x1E936cB14D3dBE800833492C95AECBFd7EF127c9", "username": "gltr", "profileImageUrl": "https://f8n-production.s3.amazonaws.com/creators/profile/59r4zjxql-screen-shot-2020-10-03-at-3-53-30-am-png-j8f1k1.png", "coverImageUrl": "", "name": "Gold Tree", "bio": "Are you Ancient Gods?", "isApprovedCreator": false, "moderationStatus": "ACTIVE", "joinedWaitlistAt": null, "createdAt": "2021-02-26T17:49:56.134156", "migratedToUser": null, "isApprovedForMigrationAt": null, "follows": [], "highestBidAuctions": [{"endsAt": "2021-03-02T14:23:06"}], "highestBidAuctions_aggregate": {"aggregate": {"count": 1}}}, {"userIndex": 905, "publicKey": "0x9996E48D58Ef013A1F1a6F6D178A811517ad162e", "username": "jstngraphics", "profileImageUrl": "https://f8n-production.s3.amazonaws.com/creators/profile/hwfqj1w9f-gk7h3iau-jpg-hglg0k.jpg", "coverImageUrl": "https://f8n-production.s3.amazonaws.com/creators/profile/8ntsgc04d-untitled-1-png-yli4t9.png", "name": "justin", "bio": "17 year old digital artist.", "isApprovedCreator": true, "moderationStatus": "ACTIVE", "joinedWaitlistAt": null, "createdAt": "2021-02-07T20:46:16.381275", "migratedToUser": null, "isApprovedForMigrationAt": null, "follows": [], "highestBidAuctions": [{"endsAt": "2021-02-22T20:40:27"}], "highestBidAuctions_aggregate": {"aggregate": {"count": 1}}}, {"userIndex": 7733, "publicKey": "0xb8adCC8E382A7C43BdFa2e1C47059a1aFEc10E06", "username": "cryptopolitan", "profileImageUrl": "https://f8n-production.s3.amazonaws.com/creators/profile/c6jt8x2zx-avatar1-png-v5xd7i.png", "coverImageUrl": "", "name": "Cryptopolitan Gallery", "bio": "", "isApprovedCreator": false, "moderationStatus": "ACTIVE", "joinedWaitlistAt": null, "createdAt": "2021-02-24T07:23:44.056365", "migratedToUser": null, "isApprovedForMigrationAt": null, "follows": [], "highestBidAuctions": [{"endsAt": "2021-03-12T16:43:34"}], "highestBidAuctions_aggregate": {"aggregate": {"count": 1}}}, {"userIndex": 1665, "publicKey": "0xf305F90B19CF66fC2D038f92a26440B66cF858F6", "username": "y_kymin", "profileImageUrl": "https://f8n-production.s3.amazonaws.com/creators/profile/worfmo50p-snoop-jpg-ifpguq.jpg", "coverImageUrl": "", "name": "Matt", "bio": "Here for a good time, collecting on the way.", "isApprovedCreator": false, "moderationStatus": "ACTIVE", "joinedWaitlistAt": null, "createdAt": "2021-02-17T06:33:27.426447", "migratedToUser": null, "isApprovedForMigrationAt": null, "follows": [], "highestBidAuctions": [{"endsAt": "2021-02-25T07:24:59"}], "highestBidAuctions_aggregate": {"aggregate": {"count": 1}}}], "createdCount": 0}, "__N_SSG": true}, "page": "/[username]", "query": {"username": "0x979975167e62e4dc91271da00612b18eabe5b26a"}, "buildId": "fPHzAE9c9nph2AUK0K_6u", "isFallback": false, "dynamicIds": [33196, 55458, 54746], "gsp": true, "scriptLoader": []}