{"props": {"pageProps": {"username": "0xb7aa14f403d319b6e513457fa5f34d41d514adaa", "user": {"userIndex": 43785, "publicKey": "0xb7aa14F403D319b6E513457FA5F34d41D514Adaa", "username": "Elicafegallery", "profileImageUrl": "https://f8n-production.s3.amazonaws.com/creators/profile/l1ls84qvu-e1-png-40pjsa.png", "coverImageUrl": "https://f8n-production.s3.amazonaws.com/creators/profile/rz3prp31i-t-cover-jpg-75op0b.jpg", "name": "777", "bio": "JUST MAKE SPECIAL NFT\n\nOil / Watercolor / Charcoal and Digital Artworks.\nNow is Time for Composing of Traditional art and digital art", "isApprovedCreator": true, "moderationStatus": "ACTIVE", "joinedWaitlistAt": null, "createdAt": "2021-04-11T13:50:37.10807", "migratedToUser": null, "isApprovedForMigrationAt": null, "firstName": null, "lastName": null, "isAdmin": false, "links": {"tiktok": {"handle": "", "platform": "tiktok"}, "twitch": {"handle": "", "platform": "twitch"}, "discord": {"handle": "", "platform": "discord"}, "twitter": {"handle": "", "platform": "twitter"}, "website": {"handle": "https://rarible.com/eligallery", "platform": "website"}, "youtube": {"handle": "", "platform": "youtube"}, "facebook": {"handle": "", "platform": "facebook"}, "snapchat": {"handle": "", "platform": "snapchat"}, "instagram": {"handle": "elicafegallery", "platform": "instagram"}}, "acceptedInvite": {"senderPublicKey": "0x69E657561b47cF6599EefEF06324Dbb8D2B03772", "redeemerPublicKey": "0xb7aa14F403D319b6E513457FA5F34d41D514Adaa", "redeemedAt": "2021-04-17T12:38:56.119"}, "twitSocialVerifs": [{"id": "07a309cc-de4c-4b0e-a7d0-1f2921750ae7", "user": "0xb7aa14F403D319b6E513457FA5F34d41D514Adaa", "createdAt": "2021-05-22T19:31:26.039043", "updatedAt": "2021-05-22T19:31:26.382436", "lastCheckedAt": "2021-05-22T19:31:26.374", "socialVerificationURL": "https://twitter.com/EliNFTGallery/status/1396186607343054852", "verificationText": "I\u2019m on @withFND \ud83c\udf10\n\n0xb7aa14F403D319b6E513457FA5F34d41D514Adaa\n\nhttps://t.co/saSW0i2YR2", "userId": "1372075782147866626", "username": "EliNFTGallery", "isValid": true, "service": "TWITTER", "failedReason": null, "status": null}], "instaSocialVerifs": [{"id": "d69154bf-30a5-44ec-ba8b-ecfdb5cb1e0e", "user": "0xb7aa14F403D319b6E513457FA5F34d41D514Adaa", "createdAt": "2021-05-27T16:54:34.490685", "updatedAt": "2021-05-27T16:54:34.490685", "lastCheckedAt": "2021-05-27T16:54:34.455", "socialVerificationURL": null, "verificationText": null, "userId": "17841447618157192", "username": "elinftgallery", "isValid": true, "service": "INSTAGRAM", "failedReason": null, "status": null}]}, "profileExists": true, "collectors": [{"userIndex": 17581, "publicKey": "0x3432B45B9ee95BD5C31a726B936CF2ec719A2153", "username": "3FMusic", "profileImageUrl": "https://f8n-production.s3.amazonaws.com/creators/profile/s8wtdn6uo-3f-music-new-logo-png-grvgaj.png", "coverImageUrl": "https://f8n-production.s3.amazonaws.com/creators/profile/fmjvj3zy7-3fmusic-com-18-jpg-9cx7zb.jpg", "name": "Farzin", "bio": "", "isApprovedCreator": true, "moderationStatus": "ACTIVE", "joinedWaitlistAt": "2021-03-23T20:42:01.871", "createdAt": "2021-03-16T20:07:51.167953", "migratedToUser": null, "isApprovedForMigrationAt": null, "follows": [], "highestBidAuctions": [{"endsAt": "2021-04-28T14:38:02"}], "highestBidAuctions_aggregate": {"aggregate": {"count": 2}}}, {"userIndex": 50646, "publicKey": "0x91ED85968fEc5e0D42c71E2Da2181674493D6bf7", "username": "Kasravp", "profileImageUrl": "https://f8n-production.s3.amazonaws.com/creators/profile/3kzkt27ts-photo6048802932486420579-jpg-v4526m.jpg", "coverImageUrl": "https://f8n-production.s3.amazonaws.com/creators/profile/yunypowms-cool-discord-theme-maker-with-neon-lights-3337e-el1-png-ucwwww.png", "name": "Kasra", "bio": "Open your eyes, Its A new era.", "isApprovedCreator": true, "moderationStatus": "ACTIVE", "joinedWaitlistAt": null, "createdAt": "2021-04-19T20:22:44.276784", "migratedToUser": null, "isApprovedForMigrationAt": null, "follows": [], "highestBidAuctions": [{"endsAt": "2021-05-02T11:19:29"}], "highestBidAuctions_aggregate": {"aggregate": {"count": 1}}}, {"userIndex": 63691, "publicKey": "0xb0dAD4961FB390A409A2dd7B1fEbBa81268Fdb02", "username": "John8", "profileImageUrl": "https://f8n-production.s3.amazonaws.com/creators/profile/65vi5bqj2-images-jpeg-35-jpg-g8ljl6.jpg", "coverImageUrl": "https://f8n-production.s3.amazonaws.com/creators/profile/7j8yx85mk-images-jpeg-35-jpg-3450ar.jpg", "name": "john8Art", "bio": "", "isApprovedCreator": true, "moderationStatus": "ACTIVE", "joinedWaitlistAt": null, "createdAt": "2021-05-08T12:10:04.204867", "migratedToUser": null, "isApprovedForMigrationAt": null, "follows": [], "highestBidAuctions": [{"endsAt": "2021-05-23T09:38:11"}], "highestBidAuctions_aggregate": {"aggregate": {"count": 1}}}], "createdCount": 0}, "__N_SSG": true}, "page": "/[username]", "query": {"username": "0xb7aa14f403d319b6e513457fa5f34d41d514adaa"}, "buildId": "fPHzAE9c9nph2AUK0K_6u", "isFallback": false, "dynamicIds": [33196, 55458, 54746], "gsp": true, "scriptLoader": []}