{"props": {"pageProps": {"username": "0x06f969c2032e884643da65fa6b5c21a43f157d0e", "user": {"userIndex": 6193, "publicKey": "0x06f969c2032e884643da65fA6B5c21A43f157D0E", "username": "yelaman", "profileImageUrl": "https://f8n-production.s3.amazonaws.com/creators/profile/53p327dsb-c987553f1c2088ddf22ffc512d25de03-gif-9ygns4.gif", "coverImageUrl": "https://f8n-production.s3.amazonaws.com/creators/profile/c19pcss4d-image-2021-03-04-18-56-45-png-dvrwhf.png", "name": "Yelaman Buralkiev", "bio": "Lead of Buralqy production team, based in Almaty. Mycologist. \n\nMade CGI for Weeknd, Joji, Migos, BadBunny, SlowThai, \u041c\u0427\u0422, TylerTheCreator, Danheim and much more.\n\n", "isApprovedCreator": true, "moderationStatus": "ACTIVE", "joinedWaitlistAt": null, "createdAt": "2021-03-01T14:02:22.316718", "migratedToUser": null, "isApprovedForMigrationAt": null, "firstName": null, "lastName": null, "isAdmin": false, "links": {"tiktok": {"handle": "", "platform": "tiktok"}, "twitch": {"handle": "", "platform": "twitch"}, "discord": {"handle": "yelaman#3568", "platform": "discord"}, "twitter": {"handle": "", "platform": "twitter"}, "website": {"handle": "", "platform": "website"}, "youtube": {"handle": "", "platform": "youtube"}, "facebook": {"handle": "", "platform": "facebook"}, "snapchat": {"handle": "", "platform": "snapchat"}, "instagram": {"handle": "yelaman", "platform": "instagram"}}, "acceptedInvite": {"senderPublicKey": "0xCeC035236EdA13b343be20377A9666022f54EF05", "redeemerPublicKey": "0x06f969c2032e884643da65fA6B5c21A43f157D0E", "redeemedAt": "2021-03-03T14:47:14.771"}, "twitSocialVerifs": [], "instaSocialVerifs": []}, "profileExists": true, "collectors": [], "createdCount": 0}, "__N_SSG": true}, "page": "/[username]", "query": {"username": "0x06f969c2032e884643da65fa6b5c21a43f157d0e"}, "buildId": "fPHzAE9c9nph2AUK0K_6u", "isFallback": false, "dynamicIds": [33196, 55458, 54746], "gsp": true, "scriptLoader": []}