{"props": {"pageProps": {"username": "0x9a26384f3a3408bf5624811a3734563906b25dc0", "user": {"userIndex": 16744, "publicKey": "0x9A26384F3A3408bf5624811a3734563906b25dC0", "username": "amadorvalenzuela", "profileImageUrl": "https://f8n-production.s3.amazonaws.com/creators/profile/0k7yose5y-adsk-video-games-intro-gif-qtqm5h.gif", "coverImageUrl": "https://f8n-production.s3.amazonaws.com/creators/profile/qplhdz9nq-foundation-banner-jpg-5tik0y.jpg", "name": "Amador Valenzuela", "bio": "Award-winning title designer for feature films like John Wick, Aquaman, Sinister, and shows including the Haunting of Hill House and Stephen Kings' The Stand. ", "isApprovedCreator": true, "moderationStatus": "ACTIVE", "joinedWaitlistAt": null, "createdAt": "2021-03-15T21:56:37.018922", "migratedToUser": null, "isApprovedForMigrationAt": null, "firstName": null, "lastName": null, "isAdmin": false, "links": {"tiktok": {"handle": "blackbookstudio", "platform": "tiktok"}, "twitch": {"handle": "", "platform": "twitch"}, "discord": {"handle": "", "platform": "discord"}, "twitter": {"handle": "https://twitter.com/amador_v", "platform": "twitter"}, "website": {"handle": "https://www.blackbook.studio/", "platform": "website"}, "youtube": {"handle": "", "platform": "youtube"}, "facebook": {"handle": "blkbookstudio/", "platform": "facebook"}, "snapchat": {"handle": "", "platform": "snapchat"}, "instagram": {"handle": "https://www.instagram.com/blackbook_studio/", "platform": "instagram"}}, "acceptedInvite": {"senderPublicKey": "0xB62dd44e069fa8D331CB6A4d2afACB0dBfdEFe0a", "redeemerPublicKey": "0x9A26384F3A3408bf5624811a3734563906b25dC0", "redeemedAt": "2021-03-15T21:56:44.151"}, "twitSocialVerifs": [{"id": "cd781245-99af-4c94-afe6-8ad6d0411c66", "user": "0x9A26384F3A3408bf5624811a3734563906b25dC0", "createdAt": "2021-03-16T21:58:07.156525", "updatedAt": "2021-03-16T21:58:11.154056", "lastCheckedAt": "2021-03-16T21:58:11.14", "socialVerificationURL": "https://twitter.com/amador_v/status/1371943810574475266", "verificationText": "I\u2019m on @withFND \ud83c\udf10\n\n0x9A26384F3A3408bf5624811a3734563906b25dC0\n\nhttps://t.co/2EQZYcWbyG", "userId": "119185938", "username": "amador_v", "isValid": true, "service": "TWITTER", "failedReason": null, "status": null}], "instaSocialVerifs": []}, "profileExists": true, "collectors": [{"userIndex": 21972, "publicKey": "0xD30B579Be7da30C903c96c7dE3729F8977e614E4", "username": "friesframe", "profileImageUrl": "https://f8n-production.s3.amazonaws.com/creators/profile/23lsakf1y-ff-logo-02-01-png-9wtiwm.png", "coverImageUrl": "", "name": "friesframe", "bio": "Motion Designer and NFT collector from Chicago, IL", "isApprovedCreator": true, "moderationStatus": "ACTIVE", "joinedWaitlistAt": null, "createdAt": "2021-03-19T20:53:09.695324", "migratedToUser": null, "isApprovedForMigrationAt": null, "follows": [], "highestBidAuctions": [{"endsAt": "2021-03-23T16:38:07"}], "highestBidAuctions_aggregate": {"aggregate": {"count": 1}}}], "createdCount": 0}, "__N_SSG": true}, "page": "/[username]", "query": {"username": "0x9a26384f3a3408bf5624811a3734563906b25dc0"}, "buildId": "fPHzAE9c9nph2AUK0K_6u", "isFallback": false, "dynamicIds": [33196, 55458, 54746], "gsp": true, "scriptLoader": []}