{"props": {"pageProps": {"username": "0x2020488c517f7ab44fdc596dfdbfb367ca4568da", "user": {"userIndex": 23605, "publicKey": "0x2020488c517F7Ab44Fdc596DfdbfB367Ca4568dA", "username": "NatFTate", "profileImageUrl": "https://f8n-production.s3.amazonaws.com/creators/profile/izd2b9pao-bs-08-06-dw-kultur-stuttgart-jpg-jpeg-v5y36s.jpeg", "coverImageUrl": "https://f8n-production.s3.amazonaws.com/creators/profile/dm9cbdk6y-texture-png-js108w.png", "name": "Nathwell Tate", "bio": "Nathwell \"Nat\" F. Tate's is an NFT artist. In his work new variations are synthesised from both orderly and random textures, created through the ancient, real-life process of marbling.", "isApprovedCreator": true, "moderationStatus": "ACTIVE", "joinedWaitlistAt": null, "createdAt": "2021-03-23T12:34:44.274871", "migratedToUser": null, "isApprovedForMigrationAt": null, "firstName": null, "lastName": null, "isAdmin": false, "links": {"tiktok": {"handle": "", "platform": "tiktok"}, "twitch": {"handle": "", "platform": "twitch"}, "discord": {"handle": "", "platform": "discord"}, "twitter": {"handle": "", "platform": "twitter"}, "website": {"handle": "https://www.natftate.com/", "platform": "website"}, "youtube": {"handle": "", "platform": "youtube"}, "facebook": {"handle": "", "platform": "facebook"}, "snapchat": {"handle": "", "platform": "snapchat"}, "instagram": {"handle": "", "platform": "instagram"}}, "acceptedInvite": {"senderPublicKey": "0xb2D3E1d41F3fEd2d4D6b2b79F7d11113063a1872", "redeemerPublicKey": "0x2020488c517F7Ab44Fdc596DfdbfB367Ca4568dA", "redeemedAt": "2021-03-23T15:01:18.837"}, "twitSocialVerifs": [{"id": "196344fa-dfde-4259-978c-8f026f9ee65e", "user": "0x2020488c517F7Ab44Fdc596DfdbfB367Ca4568dA", "createdAt": "2021-03-26T14:45:12.126141", "updatedAt": "2021-03-26T14:45:14.598622", "lastCheckedAt": "2021-03-26T14:45:14.568", "socialVerificationURL": "https://twitter.com/NatFTate/status/1375458760731287557?s=20", "verificationText": "New works landing Foundation soon 0x2020488c517F7Ab44Fdc596DfdbfB367Ca4568dA", "userId": "1364492034757820416", "username": "NatFTate", "isValid": true, "service": "TWITTER", "failedReason": null, "status": null}], "instaSocialVerifs": []}, "profileExists": true, "collectors": [], "createdCount": 0}, "__N_SSG": true}, "page": "/[username]", "query": {"username": "0x2020488c517f7ab44fdc596dfdbfb367ca4568da"}, "buildId": "fPHzAE9c9nph2AUK0K_6u", "isFallback": false, "dynamicIds": [33196, 55458, 54746], "gsp": true, "scriptLoader": []}