{"props": {"pageProps": {"username": "0xc58e8831458093769b6d3e2cd41346badf6c5993", "user": {"userIndex": 33495, "publicKey": "0xc58E8831458093769b6D3e2Cd41346BADf6c5993", "username": "IlyasseL", "profileImageUrl": "https://f8n-production.s3.amazonaws.com/creators/profile/y3bs9c51i-2-png-nnkgqj.png", "coverImageUrl": "https://f8n-production.s3.amazonaws.com/creators/profile/5ih4rdy9l-3-3-png-ez7p5n.png", "name": "Ilyasse L.", "bio": "3D Generalist.\nOpen your eyes until you can't anymore.\nThere are still a few years before that moment.", "isApprovedCreator": true, "moderationStatus": "ACTIVE", "joinedWaitlistAt": null, "createdAt": "2021-03-13T09:20:26.725439", "migratedToUser": null, "isApprovedForMigrationAt": null, "firstName": null, "lastName": null, "isAdmin": false, "links": {"tiktok": {"handle": "", "platform": "tiktok"}, "twitch": {"handle": "", "platform": "twitch"}, "discord": {"handle": "Ilyasse L#0001", "platform": "discord"}, "twitter": {"handle": "", "platform": "twitter"}, "website": {"handle": "https://www.behance.net/ilyasse_l", "platform": "website"}, "youtube": {"handle": "", "platform": "youtube"}, "facebook": {"handle": "", "platform": "facebook"}, "snapchat": {"handle": "", "platform": "snapchat"}, "instagram": {"handle": "Ilyassel34", "platform": "instagram"}}, "acceptedInvite": {"senderPublicKey": "0xb871D38FEC42B9BA0e969b5F79bAc1e08885DA1f", "redeemerPublicKey": "0xc58E8831458093769b6D3e2Cd41346BADf6c5993", "redeemedAt": "2021-03-31T18:34:34.173"}, "twitSocialVerifs": [{"id": "f448019b-57db-4450-8e9b-e04b10547309", "user": "0xc58E8831458093769b6D3e2Cd41346BADf6c5993", "createdAt": "2021-03-31T18:48:09.05105", "updatedAt": "2021-03-31T18:48:14.819068", "lastCheckedAt": "2021-03-31T18:48:14.794", "socialVerificationURL": "https://twitter.com/IlyasseL_/status/1377331840550203392?s=20", "verificationText": "I\u2019m on @withFND \ud83c\udf10 thanks to @AncientVisuals !\n\n0xc58E8831458093769b6D3e2Cd41346BADf6c5993\n\nhttps://t.co/EL4ETd7tnr", "userId": "627575667", "username": "IlyasseL_", "isValid": true, "service": "TWITTER", "failedReason": null, "status": null}], "instaSocialVerifs": []}, "profileExists": true, "collectors": [], "createdCount": 0}, "__N_SSG": true}, "page": "/[username]", "query": {"username": "0xc58e8831458093769b6d3e2cd41346badf6c5993"}, "buildId": "fPHzAE9c9nph2AUK0K_6u", "isFallback": false, "dynamicIds": [33196, 55458, 54746], "gsp": true, "scriptLoader": []}