{"props": {"pageProps": {"username": "0x1cb617af52dca15fc73887fdf05f6b79baa23f9c", "user": {"userIndex": 18514, "publicKey": "0x1CB617Af52DCA15fC73887FdF05F6B79bAa23F9C", "username": "yrdgz", "profileImageUrl": "https://f8n-production.s3.amazonaws.com/creators/profile/4redzsa5j-899c6c34-af90-4c60-bafd-c162cf101c63-4a8ac6e8-fdf8-4ce8-b4ee-a25eb1284e69-jpg-1dfhfq.jpg", "coverImageUrl": "https://f8n-production.s3.amazonaws.com/creators/profile/7qotkgcnt-img-1666-1-copy-jpg-9pfj97.jpg", "name": "yrdgz", "bio": "i am the art. ", "isApprovedCreator": true, "moderationStatus": "ACTIVE", "joinedWaitlistAt": "2021-03-29T06:05:51.491", "createdAt": "2021-03-17T23:10:02.634309", "migratedToUser": null, "isApprovedForMigrationAt": null, "firstName": null, "lastName": null, "isAdmin": false, "links": {"tiktok": {"handle": "", "platform": "tiktok"}, "twitch": {"handle": "", "platform": "twitch"}, "discord": {"handle": "", "platform": "discord"}, "twitter": {"handle": "yelitzardgz", "platform": "twitter"}, "website": {"handle": "knownorigin.io/yrdgz", "platform": "website"}, "youtube": {"handle": "", "platform": "youtube"}, "facebook": {"handle": "", "platform": "facebook"}, "snapchat": {"handle": "", "platform": "snapchat"}, "instagram": {"handle": "whatwordsmiss", "platform": "instagram"}}, "acceptedInvite": {"senderPublicKey": "0xae52004E34b244A88Ac69af5e67A304C7bc1EA3f", "redeemerPublicKey": "0x1CB617Af52DCA15fC73887FdF05F6B79bAa23F9C", "redeemedAt": "2021-04-11T19:35:38.461"}, "twitSocialVerifs": [{"id": "4e56d6d1-1dbe-4aba-985e-43e1d2711e30", "user": "0x1CB617Af52DCA15fC73887FdF05F6B79bAa23F9C", "createdAt": "2021-03-17T23:32:40.34973", "updatedAt": "2021-03-17T23:32:44.871145", "lastCheckedAt": "2021-03-17T23:32:44.814", "socialVerificationURL": "https://twitter.com/yelitzardgz/status/1372330000968474625?s=20", "verificationText": "not cool enough to mint yet, but I had to snag my @ on @withFND \ud83c\udf10\n\n0x1CB617Af52DCA15fC73887FdF05F6B79bAa23F9C\n\nhttps://t.co/gOay9nQWH1", "userId": "32550499", "username": "yelitzardgz", "isValid": true, "service": "TWITTER", "failedReason": null, "status": null}], "instaSocialVerifs": [{"id": "110c7d6a-1612-4f57-b22c-6644e709eb53", "user": "0x1CB617Af52DCA15fC73887FdF05F6B79bAa23F9C", "createdAt": "2021-05-09T16:16:41.03509", "updatedAt": "2021-05-09T16:16:41.03509", "lastCheckedAt": "2021-05-09T16:16:41", "socialVerificationURL": null, "verificationText": null, "userId": "17841400766260100", "username": "whatwordsmiss", "isValid": true, "service": "INSTAGRAM", "failedReason": null, "status": null}]}, "profileExists": true, "collectors": [], "createdCount": 0}, "__N_SSG": true}, "page": "/[username]", "query": {"username": "0x1cb617af52dca15fc73887fdf05f6b79baa23f9c"}, "buildId": "fPHzAE9c9nph2AUK0K_6u", "isFallback": false, "dynamicIds": [33196, 55458, 54746], "gsp": true, "scriptLoader": []}