{"props": {"pageProps": {"username": "0xd869a0c7e10dedf34ab24d564f0babc06c5bab6d", "user": {"userIndex": 49210, "publicKey": "0xd869A0c7e10dedF34AB24D564F0BAbc06C5bAb6D", "username": "ASH01", "profileImageUrl": "https://f8n-production.s3.amazonaws.com/creators/profile/eb5k1uypc-pp-jpg-mkgvvv.jpg", "coverImageUrl": "https://f8n-production.s3.amazonaws.com/creators/profile/et6uhl9n5-ppp-jpg-ivabip.jpg", "name": "ASHFAQ ISSAK", "bio": "Abstract visual effects artist using computer languages to drive motion graphics and art based in Nairobi Kenya.", "isApprovedCreator": true, "moderationStatus": "ACTIVE", "joinedWaitlistAt": null, "createdAt": "2021-04-09T13:15:02.102305", "migratedToUser": null, "isApprovedForMigrationAt": null, "firstName": null, "lastName": null, "isAdmin": false, "links": {"tiktok": {"handle": "", "platform": "tiktok"}, "twitch": {"handle": "", "platform": "twitch"}, "discord": {"handle": "ASHFAQ#9193", "platform": "discord"}, "twitter": {"handle": "", "platform": "twitter"}, "website": {"handle": "", "platform": "website"}, "youtube": {"handle": "", "platform": "youtube"}, "facebook": {"handle": "", "platform": "facebook"}, "snapchat": {"handle": "", "platform": "snapchat"}, "instagram": {"handle": "suli_isaac", "platform": "instagram"}}, "acceptedInvite": {"senderPublicKey": "0x9D01C0F52bA2eE53f3BE83D70FE67975D388a096", "redeemerPublicKey": "0xd869A0c7e10dedF34AB24D564F0BAbc06C5bAb6D", "redeemedAt": "2021-05-08T11:11:44.736"}, "twitSocialVerifs": [{"id": "ddabe6d5-7f48-43d6-b282-306c710e83fe", "user": "0xd869A0c7e10dedF34AB24D564F0BAbc06C5bAb6D", "createdAt": "2021-04-09T13:22:31.917917", "updatedAt": "2021-04-09T13:22:35.496388", "lastCheckedAt": "2021-04-09T13:22:35.393", "socialVerificationURL": "https://twitter.com/AshfaqIssak/status/1380511256445132800", "verificationText": "I\u2019m on @withFND \ud83c\udf10\n\n0xd869A0c7e10dedF34AB24D564F0BAbc06C5bAb6D\n\nhttps://t.co/gdTOAfmyP0", "userId": "1365863404225908736", "username": "AshfaqIssak", "isValid": true, "service": "TWITTER", "failedReason": null, "status": null}], "instaSocialVerifs": [{"id": "298a6c2f-7f99-413d-ad1a-b8dd77377a6d", "user": "0xd869A0c7e10dedF34AB24D564F0BAbc06C5bAb6D", "createdAt": "2021-05-20T16:35:49.903511", "updatedAt": "2021-05-20T16:36:55.489654", "lastCheckedAt": "2021-05-20T16:35:43.829", "socialVerificationURL": null, "verificationText": null, "userId": "17841402194009879", "username": "suli_isaac", "isValid": true, "service": "INSTAGRAM", "failedReason": null, "status": null}]}, "profileExists": true, "collectors": [], "createdCount": 0}, "__N_SSG": true}, "page": "/[username]", "query": {"username": "0xd869a0c7e10dedf34ab24d564f0babc06c5bab6d"}, "buildId": "fPHzAE9c9nph2AUK0K_6u", "isFallback": false, "dynamicIds": [33196, 55458, 54746], "gsp": true, "scriptLoader": []}