{"props": {"pageProps": {"username": "0xdaff7ccb1b7b9d008b977be2611a1149c797f754", "user": {"userIndex": 45269, "publicKey": "0xDAff7CCb1B7B9d008b977be2611a1149c797f754", "username": "jaredwright", "profileImageUrl": "https://f8n-production.s3.amazonaws.com/creators/profile/8tlpfet64-logo-jpg-g3iywt.jpg", "coverImageUrl": "https://f8n-production.s3.amazonaws.com/creators/profile/o4baxq1qg-barn-owl-header-jpg-pjqrf9.jpg", "name": "Jared Wright", "bio": "Jared Wright is a visual artist specializing in painting and illustration. He enjoys creating fun worlds, with loose narratives. He has worked with brands, bands and galleries from across the world.", "isApprovedCreator": true, "moderationStatus": "ACTIVE", "joinedWaitlistAt": "2021-04-12T23:07:19.517", "createdAt": "2021-03-08T20:49:30.860983", "migratedToUser": null, "isApprovedForMigrationAt": null, "firstName": null, "lastName": null, "isAdmin": false, "links": {"tiktok": {"handle": "", "platform": "tiktok"}, "twitch": {"handle": "", "platform": "twitch"}, "discord": {"handle": "jaredwrightart#3051", "platform": "discord"}, "twitter": {"handle": "", "platform": "twitter"}, "website": {"handle": "jaredwrightart.com", "platform": "website"}, "youtube": {"handle": "", "platform": "youtube"}, "facebook": {"handle": "jaredwrightart", "platform": "facebook"}, "snapchat": {"handle": "", "platform": "snapchat"}, "instagram": {"handle": "jaredwright", "platform": "instagram"}}, "acceptedInvite": {"senderPublicKey": "0x10FD8128345ADd8B257038C3Bf5e23a8cB7AcAB1", "redeemerPublicKey": "0xDAff7CCb1B7B9d008b977be2611a1149c797f754", "redeemedAt": "2021-04-14T14:39:06.121"}, "twitSocialVerifs": [{"id": "e08ded77-6edf-49c8-85aa-f46a7f3d2459", "user": "0xDAff7CCb1B7B9d008b977be2611a1149c797f754", "createdAt": "2021-04-12T23:06:13.28567", "updatedAt": "2021-04-12T23:06:18.952111", "lastCheckedAt": "2021-04-12T23:06:18.876", "socialVerificationURL": "https://twitter.com/jaredwrightart/status/1381745324449017857?s=20", "verificationText": "I\u2019m on @withFND \ud83c\udf10\n\n0xDAff7CCb1B7B9d008b977be2611a1149c797f754\n\nhttps://t.co/kjfda1a8IC", "userId": "1514228970", "username": "jaredwrightart", "isValid": true, "service": "TWITTER", "failedReason": null, "status": null}], "instaSocialVerifs": [{"id": "70d4b55c-f3a1-456c-a5f2-201b5ab5be1c", "user": "0xDAff7CCb1B7B9d008b977be2611a1149c797f754", "createdAt": "2021-04-20T03:18:47.788392", "updatedAt": "2021-04-20T03:18:47.788392", "lastCheckedAt": "2021-04-20T03:18:47.785", "socialVerificationURL": null, "verificationText": null, "userId": "17841401257210177", "username": "jaredwright", "isValid": true, "service": "INSTAGRAM", "failedReason": null, "status": null}]}, "profileExists": true, "collectors": [{"userIndex": 48860, "publicKey": "0x1C1b4EE74E15ea8C27a0b753ac1D4aE394274275", "username": "branded", "profileImageUrl": "https://f8n-production.s3.amazonaws.com/creators/profile/2976l3t2v-bb-white-schra-g2020-jpg-5iwh7c.jpg", "coverImageUrl": "https://f8n-production.s3.amazonaws.com/creators/profile/sr2gywdse-screenshot-2021-04-13-at-03-25-05-png-51r7ut.png", "name": "never established \u2122", "bio": "Berlin based.\nBranded meta art collection. \nSimple, significant & never established\u00ae", "isApprovedCreator": false, "moderationStatus": "ACTIVE", "joinedWaitlistAt": "2021-04-20T02:12:05.274", "createdAt": "2021-04-17T15:35:48.944805", "migratedToUser": null, "isApprovedForMigrationAt": null, "follows": [], "highestBidAuctions": [{"endsAt": "2021-04-20T03:08:40"}], "highestBidAuctions_aggregate": {"aggregate": {"count": 1}}}, {"userIndex": 29825, "publicKey": "0x1d4B9b250B1Bd41DAA35d94BF9204Ec1b0494eE3", "username": "siinamota", "profileImageUrl": "https://f8n-production.s3.amazonaws.com/creators/profile/tsjryvbb9-20151110223859584-png-xysoe9.png", "coverImageUrl": "https://f8n-production.s3.amazonaws.com/creators/profile/4wd7yvcf0-31dc4f1a-8c21-415a-a53c-85e7a3a6f358-base-resized-jpg-hb9a71.jpg", "name": "path", "bio": "", "isApprovedCreator": false, "moderationStatus": "ACTIVE", "joinedWaitlistAt": null, "createdAt": "2021-03-26T04:05:54.281063", "migratedToUser": null, "isApprovedForMigrationAt": null, "follows": [], "highestBidAuctions": [{"endsAt": "2021-05-02T00:13:38"}], "highestBidAuctions_aggregate": {"aggregate": {"count": 1}}}, {"userIndex": 2791, "publicKey": "0x484A12a27E8c95718e0B60d14369bfeAa426AFF3", "username": "freezedrychief", "profileImageUrl": "https://f8n-production.s3.amazonaws.com/creators/profile/m1tldswrx-unnamed-png-s0d8gl.png", "coverImageUrl": "https://f8n-production.s3.amazonaws.com/creators/profile/ovrqyi71x-nft-png-9un2ve.png", "name": "freezedrychief", "bio": "", "isApprovedCreator": false, "moderationStatus": "ACTIVE", "joinedWaitlistAt": null, "createdAt": "2021-02-22T16:34:04.433349", "migratedToUser": null, "isApprovedForMigrationAt": null, "follows": [], "highestBidAuctions": [{"endsAt": "2021-07-02T13:57:53"}], "highestBidAuctions_aggregate": {"aggregate": {"count": 2}}}, {"userIndex": 5397, "publicKey": "0x4cCc0AA065A37A3589e2Db6E165d2f8F522E9FA2", "username": "archannair", "profileImageUrl": "https://f8n-production.s3.amazonaws.com/creators/profile/8mbzidbpf-379-jpg-6x9kqn.jpg", "coverImageUrl": "https://f8n-production.s3.amazonaws.com/creators/profile/j1y21nfts-cover-jpg-i3ys12.jpg", "name": "Archan Nair", "bio": "Digital Artist / Illustrator based in Berlin, Germany. Moving through the symphony of this cosmical projection.", "isApprovedCreator": true, "moderationStatus": "ACTIVE", "joinedWaitlistAt": null, "createdAt": "2021-03-01T18:36:08.13535", "migratedToUser": null, "isApprovedForMigrationAt": null, "follows": [], "highestBidAuctions": [{"endsAt": "2021-06-09T09:18:35"}], "highestBidAuctions_aggregate": {"aggregate": {"count": 1}}}, {"userIndex": 56788, "publicKey": "0x5F2Bdf26F6528cE05AAC77D7fa52bac7A836eF66", "username": "Moinger", "profileImageUrl": "https://f8n-production.s3.amazonaws.com/creators/profile/k0nq3840k-bildschirmfoto-2021-07-20-um-14-35-09-png-1ul882.png", "coverImageUrl": "https://f8n-production.s3.amazonaws.com/creators/profile/lpcli2mk7-dscf3219-b-2-jpg-emnxdv.jpg", "name": "Benjamin Motschmann", "bio": "Street Photographer, NFT Collector, Hodl4life", "isApprovedCreator": true, "moderationStatus": "ACTIVE", "joinedWaitlistAt": null, "createdAt": "2021-03-22T00:59:00.339932", "migratedToUser": null, "isApprovedForMigrationAt": null, "follows": [], "highestBidAuctions": [{"endsAt": "2021-05-03T01:14:39"}], "highestBidAuctions_aggregate": {"aggregate": {"count": 1}}}, {"userIndex": 45270, "publicKey": "0xA1d81042EFffd628dBC44f8F273953F39FE632EE", "username": "danielcruzing", "profileImageUrl": "", "coverImageUrl": "", "name": "Daniel Cruz", "bio": "Film photographer based in Tampa, FL", "isApprovedCreator": false, "moderationStatus": "ACTIVE", "joinedWaitlistAt": "2021-04-26T16:54:23.552", "createdAt": "2021-04-12T22:54:10.46309", "migratedToUser": null, "isApprovedForMigrationAt": null, "follows": [], "highestBidAuctions": [{"endsAt": "2021-04-27T17:27:02"}], "highestBidAuctions_aggregate": {"aggregate": {"count": 1}}}, {"userIndex": 36008, "publicKey": "0xB618aaCb9DcDc21Ca69D310A6fC04674D293A193", "username": "rwx", "profileImageUrl": "https://f8n-production.s3.amazonaws.com/creators/profile/cny6rni0f-nft-3-png-qmj045.png", "coverImageUrl": "https://f8n-production.s3.amazonaws.com/creators/profile/9cjydk2uw-nft-4-png-o1vgb5.png", "name": "robekworld", "bio": "cool dude. well liked. well, mostly. i mean well.\nhttps://oncyber.io/@rwx\n\npfp: /tonakai\ncover: /0010", "isApprovedCreator": true, "moderationStatus": "ACTIVE", "joinedWaitlistAt": "2021-04-06T17:58:02.216", "createdAt": "2021-04-02T16:00:46.502284", "migratedToUser": null, "isApprovedForMigrationAt": null, "follows": [], "highestBidAuctions": [{"endsAt": "2021-07-13T19:45:36"}], "highestBidAuctions_aggregate": {"aggregate": {"count": 1}}}, {"userIndex": 63393, "publicKey": "0xf9eEDA968Af0281C6810689fe911e30bF9aC194E", "username": "shiv-am-art", "profileImageUrl": "https://f8n-production.s3.amazonaws.com/creators/profile/a4npicmjv-thedeepseawithin-1600-png-4wvohr.png", "coverImageUrl": "https://f8n-production.s3.amazonaws.com/creators/profile/lq4ol8ht4-thedeepseawithin-1600-png-euqr8q.png", "name": "shiv.am.art", "bio": "   \"Beauty is truth, truth beauty,\u2014that is all\n                Ye know on earth, and all ye need to know.\"", "isApprovedCreator": true, "moderationStatus": "ACTIVE", "joinedWaitlistAt": "2021-05-26T01:47:57.492", "createdAt": "2021-05-07T19:16:20.444492", "migratedToUser": null, "isApprovedForMigrationAt": null, "follows": [], "highestBidAuctions": [{"endsAt": "2021-06-27T07:03:57"}], "highestBidAuctions_aggregate": {"aggregate": {"count": 1}}}], "createdCount": 0}, "__N_SSG": true}, "page": "/[username]", "query": {"username": "0xdaff7ccb1b7b9d008b977be2611a1149c797f754"}, "buildId": "fPHzAE9c9nph2AUK0K_6u", "isFallback": false, "dynamicIds": [33196, 55458, 54746], "gsp": true, "scriptLoader": []}