{"props": {"pageProps": {"username": "0x878be5f81d674d73e5918f00d60c555d5239e30a", "user": {"userIndex": 47519, "publicKey": "0x878BE5F81d674d73E5918F00d60C555d5239e30A", "username": "zahrakbari", "profileImageUrl": "https://f8n-production.s3.amazonaws.com/creators/profile/p8c6lmwi6-img-4004-jpg-r6egrc.jpg", "coverImageUrl": "https://f8n-production.s3.amazonaws.com/creators/profile/kcj82lidv-img-9745-jpg-cbrwhm.JPG", "name": "ZAHRA AKBARI-BASERI", "bio": "Painter \nShe is a self thought versatile artist who has participated in group shows in United Kingdom.\nHer art work has been exhibited at the national portrait gallery BP portrait award 2013.\n\n", "isApprovedCreator": true, "moderationStatus": "ACTIVE", "joinedWaitlistAt": "2021-04-15T18:03:55.886", "createdAt": "2021-04-15T17:49:41.600373", "migratedToUser": null, "isApprovedForMigrationAt": null, "firstName": null, "lastName": null, "isAdmin": false, "links": {"tiktok": {"handle": "", "platform": "tiktok"}, "twitch": {"handle": "", "platform": "twitch"}, "discord": {"handle": "zahra#5669", "platform": "discord"}, "twitter": {"handle": "", "platform": "twitter"}, "website": {"handle": "https://www.mallgalleries.org.uk/whats-on/exhibitions/royal-society-portrait-painters-annual-exhibition-2021/fatemeh", "platform": "website"}, "youtube": {"handle": "", "platform": "youtube"}, "facebook": {"handle": "https://www.facebook.com/oolkooyu/", "platform": "facebook"}, "snapchat": {"handle": "", "platform": "snapchat"}, "instagram": {"handle": "https://instagram.com/zahrakbari_b?igshid=8olviskjzezx", "platform": "instagram"}}, "acceptedInvite": {"senderPublicKey": "0xAd93e04aaDc39F425B0F04289817f678eEc8e10e", "redeemerPublicKey": "0x878BE5F81d674d73E5918F00d60C555d5239e30A", "redeemedAt": "2021-04-15T18:29:23.644"}, "twitSocialVerifs": [{"id": "de322d93-29a9-41c6-949c-88e82ef38bd9", "user": "0x878BE5F81d674d73E5918F00d60C555d5239e30A", "createdAt": "2021-04-15T18:03:34.492541", "updatedAt": "2021-04-15T18:03:36.726427", "lastCheckedAt": "2021-04-15T18:03:36.717", "socialVerificationURL": "https://twitter.com/Zahrakbari_B/status/1382756006409670658?s=20", "verificationText": "I\u2019m on @withFND \ud83c\udf10\n\n0x878BE5F81d674d73E5918F00d60C555d5239e30A\n\nhttps://t.co/LLciKZOiZ8", "userId": "1297581632271134727", "username": "Zahrakbari_B", "isValid": true, "service": "TWITTER", "failedReason": null, "status": null}], "instaSocialVerifs": [{"id": "6800946f-9524-4103-8479-876167a3d552", "user": "0x878BE5F81d674d73E5918F00d60C555d5239e30A", "createdAt": "2021-04-20T21:56:51.5749", "updatedAt": "2021-04-20T21:56:51.5749", "lastCheckedAt": "2021-04-20T21:56:51.547", "socialVerificationURL": null, "verificationText": null, "userId": "17841403889687131", "username": "zahrakbari_b", "isValid": true, "service": "INSTAGRAM", "failedReason": null, "status": null}]}, "profileExists": true, "collectors": [{"userIndex": 14077, "publicKey": "0x46b2bD5C888E6d57a839c559FD6076F2c15A8cB1", "username": "Kenshiro", "profileImageUrl": "https://f8n-production.s3.amazonaws.com/creators/profile/iyci856i3-unnamed-png-trr5ms.png", "coverImageUrl": "https://f8n-production.s3.amazonaws.com/creators/profile/ga1m1f34o-1500x500-jpg-fu19n7.jpg", "name": "Kenshiro", "bio": "Free Speech Maximalist\n\nArt only sold through barter\n\nAll NFT's include full copyright, licensing and distribution rights. I also retain the rights to use any of the works as I please (max visibility)", "isApprovedCreator": true, "moderationStatus": "ACTIVE", "joinedWaitlistAt": "2021-07-10T20:33:09.018", "createdAt": "2021-03-13T01:13:11.008381", "migratedToUser": null, "isApprovedForMigrationAt": null, "follows": [], "highestBidAuctions": [{"endsAt": "2021-07-12T07:03:28"}], "highestBidAuctions_aggregate": {"aggregate": {"count": 1}}}, {"userIndex": 5397, "publicKey": "0x4cCc0AA065A37A3589e2Db6E165d2f8F522E9FA2", "username": "archannair", "profileImageUrl": "https://f8n-production.s3.amazonaws.com/creators/profile/8mbzidbpf-379-jpg-6x9kqn.jpg", "coverImageUrl": "https://f8n-production.s3.amazonaws.com/creators/profile/j1y21nfts-cover-jpg-i3ys12.jpg", "name": "Archan Nair", "bio": "Digital Artist / Illustrator based in Berlin, Germany. Moving through the symphony of this cosmical projection.", "isApprovedCreator": true, "moderationStatus": "ACTIVE", "joinedWaitlistAt": null, "createdAt": "2021-03-01T18:36:08.13535", "migratedToUser": null, "isApprovedForMigrationAt": null, "follows": [], "highestBidAuctions": [{"endsAt": "2021-06-03T07:25:46"}], "highestBidAuctions_aggregate": {"aggregate": {"count": 1}}}, {"userIndex": 9662, "publicKey": "0x77897b30c8D8c737A92a500e35d832E3A19C9f5d", "username": "Wout", "profileImageUrl": "https://f8n-production.s3.amazonaws.com/creators/profile/2cbhrgd18-look-v03-png-krzk5q.png", "coverImageUrl": "https://f8n-production.s3.amazonaws.com/creators/profile/k79j4u1v4-ups-and-downs-png-2r9h7r.png", "name": "Wout", "bio": "The world needs more Love. So that's what I put in my art \ud83d\udc9a\n\n16 years experience as 3D/VFX Artist doing mainly commercials for TV.\n", "isApprovedCreator": true, "moderationStatus": "ACTIVE", "joinedWaitlistAt": null, "createdAt": "2021-03-02T09:40:35.76041", "migratedToUser": null, "isApprovedForMigrationAt": null, "follows": [], "highestBidAuctions": [{"endsAt": "2021-06-03T00:55:58"}], "highestBidAuctions_aggregate": {"aggregate": {"count": 1}}}, {"userIndex": 77155, "publicKey": "0x8C94072567b278b9fa12192CcA899B3Ce0ED5FDc", "username": "nftaficionado", "profileImageUrl": "https://f8n-production.s3.amazonaws.com/creators/profile/5v9qotbgz-square-1000-jpg-9xb18w.jpg", "coverImageUrl": "https://f8n-production.s3.amazonaws.com/creators/profile/fjz4ma5d8-unnamed-1-jpg-5ko5i4.jpg", "name": "nft aficionado", "bio": "", "isApprovedCreator": true, "moderationStatus": "ACTIVE", "joinedWaitlistAt": null, "createdAt": "2021-04-16T22:54:23.608914", "migratedToUser": null, "isApprovedForMigrationAt": null, "follows": [], "highestBidAuctions": [{"endsAt": "2021-06-03T21:14:54"}], "highestBidAuctions_aggregate": {"aggregate": {"count": 1}}}, {"userIndex": 79293, "publicKey": "0xc7502c148b7cf1f9fE9e7a255a77F9C1fd7DCCaF", "username": "NFTMillionaire", "profileImageUrl": "https://f8n-production.s3.amazonaws.com/creators/profile/r7ocp0maq-20cf1710-a630-4921-8897-4ff7bae60988-jpeg-c7c792.jpeg", "coverImageUrl": "https://f8n-production.s3.amazonaws.com/creators/profile/sya5k3v0g-nft-collection-sign-png-yq1dml.png", "name": "NFT Millionaire ", "bio": "NFT Collector \n", "isApprovedCreator": true, "moderationStatus": "ACTIVE", "joinedWaitlistAt": null, "createdAt": "2021-06-19T02:53:56.341387", "migratedToUser": null, "isApprovedForMigrationAt": null, "follows": [], "highestBidAuctions": [{"endsAt": "2021-07-12T07:01:32"}], "highestBidAuctions_aggregate": {"aggregate": {"count": 1}}}, {"userIndex": 11490, "publicKey": "0xd3689e018d6A182d2806Fa75B7Bc580103f1B071", "username": "amirzandartist", "profileImageUrl": "https://f8n-production.s3.amazonaws.com/creators/profile/oa8f2oc19-profpic-copy2-jpg-j0n51i.jpg", "coverImageUrl": "https://f8n-production.s3.amazonaws.com/creators/profile/h9n78jvu3-banners-copy-jpg-791buw.jpg", "name": "AMIR ZAND", "bio": "Explorer Wandering between Worlds and Dreams /  Sharing some of my paintings here :)\n\n\n\n\n", "isApprovedCreator": true, "moderationStatus": "ACTIVE", "joinedWaitlistAt": null, "createdAt": "2021-03-10T08:10:57.631232", "migratedToUser": null, "isApprovedForMigrationAt": null, "follows": [], "highestBidAuctions": [{"endsAt": "2021-06-26T21:34:01"}], "highestBidAuctions_aggregate": {"aggregate": {"count": 1}}}], "createdCount": 0}, "__N_SSG": true}, "page": "/[username]", "query": {"username": "0x878be5f81d674d73e5918f00d60c555d5239e30a"}, "buildId": "fPHzAE9c9nph2AUK0K_6u", "isFallback": false, "dynamicIds": [33196, 55458, 54746], "gsp": true, "scriptLoader": []}