{"props": {"pageProps": {"username": "0xbd81e58da1b04966825c1e16b940addec3f66879", "user": {"userIndex": 6570, "publicKey": "0xBd81e58DA1B04966825c1E16b940ADdEC3f66879", "username": "cr8rx", "profileImageUrl": "https://f8n-production.s3.amazonaws.com/creators/profile/ztbpzfjik-me-jpg-z6teal.jpg", "coverImageUrl": "https://f8n-production.s3.amazonaws.com/creators/profile/82dvmcpkl-me-jpg-s9fhkw.jpg", "name": "cr8rx", "bio": "Artist. Poet.\n\nPoetry is my art style...\n\nMy pieces are extensions of my mind, manifestations of my soul. \n\nWelcome to my world.\n\n\n", "isApprovedCreator": true, "moderationStatus": "ACTIVE", "joinedWaitlistAt": null, "createdAt": "2021-03-03T21:45:07.47819", "migratedToUser": null, "isApprovedForMigrationAt": null, "firstName": null, "lastName": null, "isAdmin": false, "links": {"tiktok": {"handle": "", "platform": "tiktok"}, "twitch": {"handle": "", "platform": "twitch"}, "discord": {"handle": "", "platform": "discord"}, "twitter": {"handle": "cr8rx", "platform": "twitter"}, "website": {"handle": "www.cr8rx.art", "platform": "website"}, "youtube": {"handle": "", "platform": "youtube"}, "facebook": {"handle": "", "platform": "facebook"}, "snapchat": {"handle": "", "platform": "snapchat"}, "instagram": {"handle": "", "platform": "instagram"}}, "acceptedInvite": {"senderPublicKey": "0x95E8a4792D7e5Bf6Ce3973184400cC9C37b6Ae67", "redeemerPublicKey": "0xBd81e58DA1B04966825c1E16b940ADdEC3f66879", "redeemedAt": "2021-05-05T17:12:22.624"}, "twitSocialVerifs": [{"id": "138a1c96-34ee-45bf-96bf-8d25efefcdc0", "user": "0xBd81e58DA1B04966825c1E16b940ADdEC3f66879", "createdAt": "2021-05-05T17:23:56.61182", "updatedAt": "2021-05-05T17:24:00.779641", "lastCheckedAt": "2021-05-05T17:24:00.767", "socialVerificationURL": "https://twitter.com/cr8rx/status/1389993943601975296", "verificationText": "I\u2019m on @withFND \ud83c\udf10\n\n0xBd81e58DA1B04966825c1E16b940ADdEC3f66879\n\nhttps://t.co/MgUmDmO99m", "userId": "1277614382487306247", "username": "cr8rx", "isValid": true, "service": "TWITTER", "failedReason": null, "status": null}], "instaSocialVerifs": []}, "profileExists": true, "collectors": [], "createdCount": 0}, "__N_SSG": true}, "page": "/[username]", "query": {"username": "0xbd81e58da1b04966825c1e16b940addec3f66879"}, "buildId": "fPHzAE9c9nph2AUK0K_6u", "isFallback": false, "dynamicIds": [33196, 55458, 54746], "gsp": true, "scriptLoader": []}