{"props": {"pageProps": {"username": "0xd0fa6aafc8b877a1d70361fff0121d8de0c834b9", "user": {"userIndex": 28975, "publicKey": "0xD0FA6Aafc8b877a1d70361fFf0121D8dE0C834b9", "username": "mubisa", "profileImageUrl": "https://f8n-production.s3.amazonaws.com/creators/profile/hox4n0a9u-mbs-6924-jpg-oa3cil.jpg", "coverImageUrl": "https://f8n-production.s3.amazonaws.com/creators/profile/7wf0pok6o-scarecrows-3-jpg-g8gfo5.jpg", "name": "Mbilges", "bio": "Mustafa Bilge Satk\u0131n is an award-winning visual storyteller based in Istanbul. Pictures of the Year International Environmental Vision Award and Lucie Foundation Photo Taken Award Winner", "isApprovedCreator": true, "moderationStatus": "ACTIVE", "joinedWaitlistAt": "2021-03-27T06:21:33.39", "createdAt": "2021-03-27T05:26:33.523055", "migratedToUser": null, "isApprovedForMigrationAt": null, "firstName": null, "lastName": null, "isAdmin": false, "links": {"tiktok": {"handle": "", "platform": "tiktok"}, "twitch": {"handle": "", "platform": "twitch"}, "discord": {"handle": "", "platform": "discord"}, "twitter": {"handle": "", "platform": "twitter"}, "website": {"handle": "http://mbilgesatkin.com/", "platform": "website"}, "youtube": {"handle": "", "platform": "youtube"}, "facebook": {"handle": "https://www.facebook.com/mustafa.b.satkin", "platform": "facebook"}, "snapchat": {"handle": "", "platform": "snapchat"}, "instagram": {"handle": "https://www.instagram.com/m.bilgesatkin/?hl=tr", "platform": "instagram"}}, "acceptedInvite": {"senderPublicKey": "0x912378055fd89128b0f71dA3cFf84c6DddD28694", "redeemerPublicKey": "0xD0FA6Aafc8b877a1d70361fFf0121D8dE0C834b9", "redeemedAt": "2021-03-27T08:59:22.591"}, "twitSocialVerifs": [{"id": "10861d40-8742-4a59-9725-2453355d3fd5", "user": "0xD0FA6Aafc8b877a1d70361fFf0121D8dE0C834b9", "createdAt": "2021-03-27T05:49:50.989379", "updatedAt": "2021-03-27T05:49:54.994449", "lastCheckedAt": "2021-03-27T05:49:54.959", "socialVerificationURL": "https://twitter.com/mbilgesatkin/status/1375686248707280898", "verificationText": "I\u2019m on @withFND \ud83c\udf10\n\n0xD0FA6Aafc8b877a1d70361fFf0121D8dE0C834b9\n\nhttps://t.co/RUctTvsxUi", "userId": "106510568", "username": "mbilgesatkin", "isValid": true, "service": "TWITTER", "failedReason": null, "status": null}], "instaSocialVerifs": [{"id": "18e3f3df-812d-4782-be08-4b0c6a9396cf", "user": "0xD0FA6Aafc8b877a1d70361fFf0121D8dE0C834b9", "createdAt": "2021-05-01T08:24:12.39653", "updatedAt": "2021-05-01T08:24:12.39653", "lastCheckedAt": "2021-05-01T08:24:12.395", "socialVerificationURL": null, "verificationText": null, "userId": "17841401321825653", "username": "m.bilgesatkin", "isValid": true, "service": "INSTAGRAM", "failedReason": null, "status": null}]}, "profileExists": true, "collectors": [], "createdCount": 0}, "__N_SSG": true}, "page": "/[username]", "query": {"username": "0xd0fa6aafc8b877a1d70361fff0121d8de0c834b9"}, "buildId": "fPHzAE9c9nph2AUK0K_6u", "isFallback": false, "dynamicIds": [33196, 55458, 54746], "gsp": true, "scriptLoader": []}