{"props": {"pageProps": {"username": "0xc02678e80401ae4b6c0db9803067cfcad4c1af50", "user": {"userIndex": 11895, "publicKey": "0xC02678E80401ae4B6C0DB9803067CfCAd4c1Af50", "username": "RVRSPLAY", "profileImageUrl": "https://f8n-production.s3.amazonaws.com/creators/profile/pf1h7m9ju-rplay-prof-png-e874i9.png", "coverImageUrl": "https://f8n-production.s3.amazonaws.com/creators/profile/6fho5n2n4-rplay-fnd-banner-png-mlqgrq.png", "name": "RVRSPLAY", "bio": "A collective of auditory architects. Our work has been featured in campaigns for Marvel, Riot, Netflix, Amazon, Lexus, Nike, and more.", "isApprovedCreator": true, "moderationStatus": "ACTIVE", "joinedWaitlistAt": null, "createdAt": "2021-03-10T21:21:00.284982", "migratedToUser": null, "isApprovedForMigrationAt": null, "firstName": null, "lastName": null, "isAdmin": false, "links": {"tiktok": {"handle": "", "platform": "tiktok"}, "twitch": {"handle": "mikervrsplay", "platform": "twitch"}, "discord": {"handle": "mikervrsplay#9381", "platform": "discord"}, "twitter": {"handle": "rvrsplay", "platform": "twitter"}, "website": {"handle": "http://rvrsplay.com/", "platform": "website"}, "youtube": {"handle": "", "platform": "youtube"}, "facebook": {"handle": "", "platform": "facebook"}, "snapchat": {"handle": "", "platform": "snapchat"}, "instagram": {"handle": "rvrsplay", "platform": "instagram"}}, "acceptedInvite": {"senderPublicKey": "0xDbAD30972b4C7392E0966Adf2351654685CE6D91", "redeemerPublicKey": "0xC02678E80401ae4B6C0DB9803067CfCAd4c1Af50", "redeemedAt": "2021-03-10T21:23:37.652"}, "twitSocialVerifs": [{"id": "b74fa6bc-4d51-4b67-b9d0-51bdc48a4d51", "user": "0xC02678E80401ae4B6C0DB9803067CfCAd4c1Af50", "createdAt": "2021-03-26T05:32:58.113214", "updatedAt": "2021-03-26T05:32:59.221008", "lastCheckedAt": "2021-03-26T05:32:59.216", "socialVerificationURL": "https://twitter.com/rvrsplay/status/1375319678910799878", "verificationText": "We're on @withFND \ud83c\udf10\n\n0xC02678E80401ae4B6C0DB9803067CfCAd4c1Af50\n\nhttps://t.co/DhLgYvjRQM https://t.co/rQQP1pt47j", "userId": "210890982", "username": "rvrsplay", "isValid": true, "service": "TWITTER", "failedReason": null, "status": null}], "instaSocialVerifs": [{"id": "979c886b-2b3b-4d50-9c30-ba16b3ff7ca4", "user": "0xC02678E80401ae4B6C0DB9803067CfCAd4c1Af50", "createdAt": "2021-04-23T04:51:00.280354", "updatedAt": "2021-04-23T04:51:00.280354", "lastCheckedAt": "2021-04-23T04:51:00.257", "socialVerificationURL": null, "verificationText": null, "userId": "17841401951200869", "username": "rvrsplay", "isValid": true, "service": "INSTAGRAM", "failedReason": null, "status": null}]}, "profileExists": true, "collectors": [{"userIndex": 3190, "publicKey": "0xF1e1c701B49B1dC2405A9E8Ef40f9f88802B80Fa", "username": "norcal_guy", "profileImageUrl": "https://f8n-production.s3.amazonaws.com/creators/profile/rgh2tl975-artblocks-ringers-569-by-demitri-png-i6thxt.png", "coverImageUrl": "https://f8n-production.s3.amazonaws.com/creators/profile/igzvw58n6-color-blind-1-1-tim-rioplle-nft-jpg-y8zo3s.jpg", "name": "norcal_guy", "bio": "Just here to view your art and have a brew.", "isApprovedCreator": false, "moderationStatus": "ACTIVE", "joinedWaitlistAt": null, "createdAt": "2021-02-23T20:51:15.055908", "migratedToUser": null, "isApprovedForMigrationAt": null, "follows": [], "highestBidAuctions": [{"endsAt": "2021-03-27T21:19:15"}], "highestBidAuctions_aggregate": {"aggregate": {"count": 1}}}], "createdCount": 0}, "__N_SSG": true}, "page": "/[username]", "query": {"username": "0xc02678e80401ae4b6c0db9803067cfcad4c1af50"}, "buildId": "fPHzAE9c9nph2AUK0K_6u", "isFallback": false, "dynamicIds": [33196, 55458, 54746], "gsp": true, "scriptLoader": []}