{"props": {"pageProps": {"username": "0xb9ae66613d7bb5e79c2f5f90475c5efdb7d552cf", "user": {"userIndex": 65018, "publicKey": "0xB9Ae66613D7bB5E79C2f5f90475c5efDB7d552Cf", "username": "d43", "profileImageUrl": "https://f8n-production.s3.amazonaws.com/creators/profile/uipy7g79k-thumbnail-with-logo-png-54lzds.png", "coverImageUrl": "https://f8n-production.s3.amazonaws.com/creators/profile/5x1xleep4-madonnadetail-jpg-yllaw7.jpg", "name": "d43 ", "bio": "fusion of visual arts and music through the medium of [ nft ] .", "isApprovedCreator": true, "moderationStatus": "ACTIVE", "joinedWaitlistAt": "2021-05-10T18:16:02.759", "createdAt": "2021-05-10T18:11:59.495714", "migratedToUser": null, "isApprovedForMigrationAt": null, "firstName": null, "lastName": null, "isAdmin": false, "links": {"tiktok": {"handle": "@d43.london?", "platform": "tiktok"}, "twitch": {"handle": "", "platform": "twitch"}, "discord": {"handle": "d43 #3632", "platform": "discord"}, "twitter": {"handle": "", "platform": "twitter"}, "website": {"handle": "https://d43.london/collections/frontpage", "platform": "website"}, "youtube": {"handle": "https://www.youtube.com/channel/UCtP0Zr5F2vy_76qQi4lewqQ", "platform": "youtube"}, "facebook": {"handle": "d43london", "platform": "facebook"}, "snapchat": {"handle": "", "platform": "snapchat"}, "instagram": {"handle": "", "platform": "instagram"}}, "acceptedInvite": {"senderPublicKey": "0x63D7c624509569aD38613265C13d108C925862e3", "redeemerPublicKey": "0xB9Ae66613D7bB5E79C2f5f90475c5efDB7d552Cf", "redeemedAt": "2021-05-24T15:32:58.023"}, "twitSocialVerifs": [{"id": "9f80a0b3-4177-4a6e-a8d1-535694516235", "user": "0xB9Ae66613D7bB5E79C2f5f90475c5efDB7d552Cf", "createdAt": "2021-05-10T18:19:48.705082", "updatedAt": "2021-05-10T18:19:52.658517", "lastCheckedAt": "2021-05-10T18:19:52.648", "socialVerificationURL": "https://twitter.com/d43london/status/1391819991650029570", "verificationText": "I\u2019m on @withFND \ud83c\udf10\n\n0xB9Ae66613D7bB5E79C2f5f90475c5efDB7d552Cf\n\nhttps://t.co/aeW9lxrt4y", "userId": "1248460084855750656", "username": "d43london", "isValid": true, "service": "TWITTER", "failedReason": null, "status": null}], "instaSocialVerifs": [{"id": "e793df6d-6232-4fda-984d-7d3a7694d536", "user": "0xB9Ae66613D7bB5E79C2f5f90475c5efDB7d552Cf", "createdAt": "2021-05-10T18:15:48.803924", "updatedAt": "2021-05-10T18:15:48.803924", "lastCheckedAt": "2021-05-10T18:15:48.801", "socialVerificationURL": null, "verificationText": null, "userId": "17841415624709616", "username": "d43.london", "isValid": true, "service": "INSTAGRAM", "failedReason": null, "status": null}]}, "profileExists": true, "collectors": [{"userIndex": 43827, "publicKey": "0x43a269f21fbB109E74bA2875F6185fFc94B93F4f", "username": "HXMXSignature", "profileImageUrl": "https://f8n-production.s3.amazonaws.com/creators/profile/ykiev0glr-logo-page-reseaux-foundation-png-33y3g0.png", "coverImageUrl": "https://f8n-production.s3.amazonaws.com/creators/profile/55jydfl9n-banniere-artistes-complete-pour-youtube-png-i152ch.png", "name": "HXMXSignature", "bio": "HXMX signature : The first French label for Artists. This label aims to develop artistic NFTs in France. We ensure the quality of the artists presented.\nDescription of the artists under each NFTs.", "isApprovedCreator": true, "moderationStatus": "ACTIVE", "joinedWaitlistAt": "2021-04-10T23:38:10.788", "createdAt": "2021-04-10T23:36:13.344466", "migratedToUser": null, "isApprovedForMigrationAt": null, "follows": [], "highestBidAuctions": [{"endsAt": "2021-06-03T18:43:05"}], "highestBidAuctions_aggregate": {"aggregate": {"count": 1}}}], "createdCount": 0}, "__N_SSG": true}, "page": "/[username]", "query": {"username": "0xb9ae66613d7bb5e79c2f5f90475c5efdb7d552cf"}, "buildId": "fPHzAE9c9nph2AUK0K_6u", "isFallback": false, "dynamicIds": [33196, 55458, 54746], "gsp": true, "scriptLoader": []}