{"props": {"pageProps": {"username": "0x268fc18f9457cf3856d258fc7fee3ea8be64d596", "user": {"userIndex": 18828, "publicKey": "0x268fc18F9457cf3856D258fC7fEE3eA8be64d596", "username": "vinemuniz", "profileImageUrl": "https://f8n-production.s3.amazonaws.com/creators/profile/fmj5ukdje-witch-3-png-elq0dx.png", "coverImageUrl": "https://f8n-production.s3.amazonaws.com/creators/profile/vw8rnh8pp-scap3-png-041yck.png", "name": "vinicius muniz", "bio": "27 yo. Brazilian. Concept artist in the game industry.", "isApprovedCreator": true, "moderationStatus": "ACTIVE", "joinedWaitlistAt": null, "createdAt": "2021-03-06T12:53:32.253121", "migratedToUser": null, "isApprovedForMigrationAt": null, "firstName": null, "lastName": null, "isAdmin": false, "links": {"tiktok": {"handle": "", "platform": "tiktok"}, "twitch": {"handle": "", "platform": "twitch"}, "discord": {"handle": "VineMuniz#9813", "platform": "discord"}, "twitter": {"handle": "", "platform": "twitter"}, "website": {"handle": "https://www.artstation.com/vinemuniz", "platform": "website"}, "youtube": {"handle": "", "platform": "youtube"}, "facebook": {"handle": "", "platform": "facebook"}, "snapchat": {"handle": "", "platform": "snapchat"}, "instagram": {"handle": "https://www.instagram.com/vinemunizz/", "platform": "instagram"}}, "acceptedInvite": {"senderPublicKey": "0xEA317557A810a56c30239D08851b362aAdB6a0b5", "redeemerPublicKey": "0x268fc18F9457cf3856D258fC7fEE3eA8be64d596", "redeemedAt": "2021-03-25T20:40:43.551"}, "twitSocialVerifs": [{"id": "3886a02a-d608-4ef3-b2ce-2d6f21d33aee", "user": "0x268fc18F9457cf3856D258fC7fEE3eA8be64d596", "createdAt": "2021-03-22T23:40:27.031254", "updatedAt": "2021-03-22T23:41:45.725794", "lastCheckedAt": "2021-03-22T23:41:44.213", "socialVerificationURL": "https://twitter.com/vinemunizz/status/1374143619951656962", "verificationText": "I\u2019m on @withFND \ud83c\udf10\n\n0x268fc18F9457cf3856D258fC7fEE3eA8be64d596\n\nhttps://t.co/VwP2eo7NPV", "userId": "1152273519763480577", "username": "vinemunizz", "isValid": true, "service": "TWITTER", "failedReason": null, "status": null}], "instaSocialVerifs": [{"id": "00ca7359-df58-4cd9-b0e0-a0d478f3d1e1", "user": "0x268fc18F9457cf3856D258fC7fEE3eA8be64d596", "createdAt": "2021-05-12T12:52:43.831468", "updatedAt": "2021-05-12T12:52:43.831468", "lastCheckedAt": "2021-05-12T12:52:43.794", "socialVerificationURL": null, "verificationText": null, "userId": "17841407153434407", "username": "vinemunizz", "isValid": true, "service": "INSTAGRAM", "failedReason": null, "status": null}]}, "profileExists": true, "collectors": [], "createdCount": 0}, "__N_SSG": true}, "page": "/[username]", "query": {"username": "0x268fc18f9457cf3856d258fc7fee3ea8be64d596"}, "buildId": "fPHzAE9c9nph2AUK0K_6u", "isFallback": false, "dynamicIds": [33196, 55458, 54746], "gsp": true, "scriptLoader": []}