{"props": {"pageProps": {"username": "0xa5878349dae78263f1d25227a715d0406c629080", "user": {"userIndex": 86091, "publicKey": "0xA5878349dae78263f1d25227a715d0406c629080", "username": "xfrog", "profileImageUrl": "https://f8n-production.s3.amazonaws.com/creators/profile/q6azahfr6-picture-jpg-xjl8ql.jpg", "coverImageUrl": "https://f8n-production.s3.amazonaws.com/creators/profile/bj5sxpz6m-ea07-8-jpg-v38rok.jpg", "name": "stewart mcsherry", "bio": "Organic software and models. Artist in Residence: CRAY, SDSC Supercomputer Center, SGI, Alias Paris, art+com berlin. ", "isApprovedCreator": true, "moderationStatus": "ACTIVE", "joinedWaitlistAt": null, "createdAt": "2021-07-15T04:40:27.224371", "migratedToUser": null, "isApprovedForMigrationAt": null, "firstName": null, "lastName": null, "isAdmin": false, "links": {"tiktok": {"handle": "", "platform": "tiktok"}, "twitch": {"handle": "", "platform": "twitch"}, "discord": {"handle": "", "platform": "discord"}, "twitter": {"handle": "", "platform": "twitter"}, "website": {"handle": "xfrog.com", "platform": "website"}, "youtube": {"handle": "", "platform": "youtube"}, "facebook": {"handle": "xfrog.plants", "platform": "facebook"}, "snapchat": {"handle": "", "platform": "snapchat"}, "instagram": {"handle": "", "platform": "instagram"}}, "acceptedInvite": {"senderPublicKey": "0xd1971f4d779D733706973B6CF09A835c218bF4b5", "redeemerPublicKey": "0xA5878349dae78263f1d25227a715d0406c629080", "redeemedAt": "2021-07-19T22:41:24.834"}, "twitSocialVerifs": [], "instaSocialVerifs": [{"id": "7de89fd7-5f77-406f-8fff-ccd2ec06a906", "user": "0xA5878349dae78263f1d25227a715d0406c629080", "createdAt": "2021-07-19T22:49:17.536425", "updatedAt": "2021-07-19T22:49:17.536425", "lastCheckedAt": "2021-07-19T22:49:17.515", "socialVerificationURL": null, "verificationText": null, "userId": "17841447734725156", "username": "xfrogplants", "isValid": true, "service": "INSTAGRAM", "failedReason": null, "status": null}]}, "profileExists": true, "collectors": [], "createdCount": 0}, "__N_SSG": true}, "page": "/[username]", "query": {"username": "0xa5878349dae78263f1d25227a715d0406c629080"}, "buildId": "fPHzAE9c9nph2AUK0K_6u", "isFallback": false, "dynamicIds": [33196, 55458, 54746], "gsp": true, "scriptLoader": []}