{"props": {"pageProps": {"username": "0x8c8adedc1369779d53570307c57270a371413a57", "user": {"userIndex": 13498, "publicKey": "0x8c8Adedc1369779d53570307c57270a371413a57", "username": "GretaBrat", "profileImageUrl": "https://f8n-production.s3.amazonaws.com/creators/profile/uz6pzuvkv-retouch-face-v23-gif-axajam.gif", "coverImageUrl": "https://f8n-production.s3.amazonaws.com/creators/profile/ne3wjzexx-foundationgradient-jpg-xzikj4.jpg", "name": "Greta Brat", "bio": "Interested in blurring and exploring the boundaries that exist between fantasy and reality.\nInviting to a place which might not exist, but one that you can believe in.", "isApprovedCreator": true, "moderationStatus": "ACTIVE", "joinedWaitlistAt": null, "createdAt": "2020-10-27T17:18:07.252905", "migratedToUser": null, "isApprovedForMigrationAt": null, "firstName": null, "lastName": null, "isAdmin": false, "links": {"tiktok": {"handle": "", "platform": "tiktok"}, "twitch": {"handle": "", "platform": "twitch"}, "discord": {"handle": " gretabrat #6850", "platform": "discord"}, "twitter": {"handle": "", "platform": "twitter"}, "website": {"handle": "https://linktr.ee/Gretabrat", "platform": "website"}, "youtube": {"handle": "", "platform": "youtube"}, "facebook": {"handle": "", "platform": "facebook"}, "snapchat": {"handle": "", "platform": "snapchat"}, "instagram": {"handle": "gretabrat", "platform": "instagram"}}, "acceptedInvite": {"senderPublicKey": "0xbA6c8764a47973B5Dd9a422084CdAcc59d65C809", "redeemerPublicKey": "0x8c8Adedc1369779d53570307c57270a371413a57", "redeemedAt": "2021-03-12T14:35:09.208"}, "twitSocialVerifs": [{"id": "ed1d16e0-81d6-4507-8ef4-cb64129339a2", "user": "0x8c8Adedc1369779d53570307c57270a371413a57", "createdAt": "2021-03-12T14:45:34.701183", "updatedAt": "2021-03-12T14:45:39.15721", "lastCheckedAt": "2021-03-12T14:45:39.125", "socialVerificationURL": "https://twitter.com/GretaBrat_/status/1370385223603658759?s=20", "verificationText": "I\u2019m on @withFND \ud83c\udf10\nThank you @justlatpl for invitation \ud83d\udc9c\ud83d\udc9c\ud83d\udc9c\n\n0x8c8Adedc1369779d53570307c57270a371413a57\n\nhttps://t.co/hbeen5fT4l", "userId": "1321050904901111810", "username": "GretaBrat_", "isValid": true, "service": "TWITTER", "failedReason": null, "status": null}], "instaSocialVerifs": [{"id": "cf59d879-f83a-4e96-8276-078b307f04c8", "user": "0x8c8Adedc1369779d53570307c57270a371413a57", "createdAt": "2021-05-11T14:36:58.915232", "updatedAt": "2021-05-11T14:36:58.915232", "lastCheckedAt": "2021-05-11T14:36:58.913", "socialVerificationURL": null, "verificationText": null, "userId": "17841401236935199", "username": "gretabrat", "isValid": true, "service": "INSTAGRAM", "failedReason": null, "status": null}]}, "profileExists": true, "collectors": [{"userIndex": 1644, "publicKey": "0xbA6c8764a47973B5Dd9a422084CdAcc59d65C809", "username": "lookattheparkinglot", "profileImageUrl": "https://f8n-production.s3.amazonaws.com/creators/profile/oudgbmrmn-foto-de-perfil-png-45z6mw.png", "coverImageUrl": "https://f8n-production.s3.amazonaws.com/creators/profile/hlcnemxjv-geometric-clouds-cover-jpg-17yo3s.jpg", "name": "Jos", "bio": "I'm a digital artist from Buenos Aires. I build surreal semi-static worlds to manifest the wonder and absurdity that coexists in everything.", "isApprovedCreator": true, "moderationStatus": "ACTIVE", "joinedWaitlistAt": null, "createdAt": "2021-02-17T03:27:02.900235", "migratedToUser": null, "isApprovedForMigrationAt": null, "follows": [], "highestBidAuctions": [{"endsAt": "2021-03-24T14:20:25"}], "highestBidAuctions_aggregate": {"aggregate": {"count": 1}}}], "createdCount": 0}, "__N_SSG": true}, "page": "/[username]", "query": {"username": "0x8c8adedc1369779d53570307c57270a371413a57"}, "buildId": "fPHzAE9c9nph2AUK0K_6u", "isFallback": false, "dynamicIds": [33196, 55458, 54746], "gsp": true, "scriptLoader": []}