{"props": {"pageProps": {"username": "0xc00e6d2649ea5c32771a93f53ad406934b62a2b7", "user": {"userIndex": 48997, "publicKey": "0xc00E6D2649eA5C32771A93f53ad406934b62a2B7", "username": "rolandobermeier", "profileImageUrl": "https://f8n-production.s3.amazonaws.com/creators/profile/l3b2yc03m-vus-photography-profile-image-copy-jpg-4yb9l1.jpg", "coverImageUrl": "https://f8n-production.s3.amazonaws.com/creators/profile/s9iqm6rr8-20100711-united-states-of-america-page-231225-k7r0338-4-jpg-y2z65e.jpg", "name": "VUS Photography & Art Studio", "bio": "Roland is an international photography creative aka VUS Photography & Art Studio featured in exhibitions and publications like National Geographic, Cosmopolitan, Elle... www.VUSPhotography.com", "isApprovedCreator": true, "moderationStatus": "ACTIVE", "joinedWaitlistAt": "2021-04-19T20:46:41.971", "createdAt": "2021-04-17T18:18:51.887088", "migratedToUser": null, "isApprovedForMigrationAt": null, "firstName": null, "lastName": null, "isAdmin": false, "links": {"tiktok": {"handle": "vusphotography", "platform": "tiktok"}, "twitch": {"handle": "", "platform": "twitch"}, "discord": {"handle": "Roland#8842", "platform": "discord"}, "twitter": {"handle": "", "platform": "twitter"}, "website": {"handle": "www.VUSPhotography.com", "platform": "website"}, "youtube": {"handle": "", "platform": "youtube"}, "facebook": {"handle": "https://www.facebook.com/VUSPhotograpy", "platform": "facebook"}, "snapchat": {"handle": "", "platform": "snapchat"}, "instagram": {"handle": "vusphotography", "platform": "instagram"}}, "acceptedInvite": {"senderPublicKey": "0x7F3CC08a50FAF655A16ca7bFefb6251D4bF379b4", "redeemerPublicKey": "0xc00E6D2649eA5C32771A93f53ad406934b62a2B7", "redeemedAt": "2021-04-29T08:00:32.228"}, "twitSocialVerifs": [{"id": "ac6cf56b-a3ee-4667-b47b-be75bbad6659", "user": "0xc00E6D2649eA5C32771A93f53ad406934b62a2B7", "createdAt": "2021-04-17T18:27:21.332528", "updatedAt": "2021-04-17T18:27:25.503014", "lastCheckedAt": "2021-04-17T18:27:25.454", "socialVerificationURL": "https://twitter.com/RolandObermeier/status/1383487060812521478", "verificationText": "I\u2019m on @withFND \ud83c\udf10\n\n0xc00E6D2649eA5C32771A93f53ad406934b62a2B7\n\nhttps://t.co/E5nXHbR6P7", "userId": "126372823", "username": "RolandObermeier", "isValid": true, "service": "TWITTER", "failedReason": null, "status": null}], "instaSocialVerifs": [{"id": "0cdb38ae-7140-4ea3-ae57-a8682d351f69", "user": "0xc00E6D2649eA5C32771A93f53ad406934b62a2B7", "createdAt": "2021-04-29T22:55:55.088037", "updatedAt": "2021-04-29T22:59:03.518733", "lastCheckedAt": "2021-04-29T22:55:55.02", "socialVerificationURL": null, "verificationText": null, "userId": "17841402294563117", "username": "vusphotography", "isValid": true, "service": "INSTAGRAM", "failedReason": null, "status": null}]}, "profileExists": true, "collectors": [], "createdCount": 0}, "__N_SSG": true}, "page": "/[username]", "query": {"username": "0xc00e6d2649ea5c32771a93f53ad406934b62a2b7"}, "buildId": "fPHzAE9c9nph2AUK0K_6u", "isFallback": false, "dynamicIds": [33196, 55458, 54746], "gsp": true, "scriptLoader": []}