{"props": {"pageProps": {"username": "0x4d5193271293ca6aaf104ef77668b6ae36617564", "user": {"userIndex": 83946, "publicKey": "0x4d5193271293Ca6AAf104ef77668b6ae36617564", "username": "GuideNihat", "profileImageUrl": "https://f8n-production.s3.amazonaws.com/creators/profile/tsvpdsw2x-whatsapp-image-2021-07-11-at-21-49-21-jpeg-m4bl5n.jpeg", "coverImageUrl": "https://f8n-production.s3.amazonaws.com/creators/profile/x0hm5haq0-11084157-10153165637097095-4039233953523068580-o-jpeg-iao2b2.jpeg", "name": "Nihat YILMAZ", "bio": "Landscape photographer *Licensed Tour Guide* *all around Turkey* based in Cappadocia *enjoys photo tours*", "isApprovedCreator": true, "moderationStatus": "ACTIVE", "joinedWaitlistAt": null, "createdAt": "2021-07-11T18:39:54.217244", "migratedToUser": null, "isApprovedForMigrationAt": null, "firstName": null, "lastName": null, "isAdmin": false, "links": {"tiktok": {"handle": "", "platform": "tiktok"}, "twitch": {"handle": "", "platform": "twitch"}, "discord": {"handle": "", "platform": "discord"}, "twitter": {"handle": "", "platform": "twitter"}, "website": {"handle": "", "platform": "website"}, "youtube": {"handle": "", "platform": "youtube"}, "facebook": {"handle": "", "platform": "facebook"}, "snapchat": {"handle": "", "platform": "snapchat"}, "instagram": {"handle": "", "platform": "instagram"}}, "acceptedInvite": {"senderPublicKey": "0x5a7f6D345F56875e9d066D032B0d1e3E75eB8721", "redeemerPublicKey": "0x4d5193271293Ca6AAf104ef77668b6ae36617564", "redeemedAt": "2021-07-11T19:42:43.735"}, "twitSocialVerifs": [{"id": "1f16d456-e95b-4aa9-abeb-abb855ba3d7b", "user": "0x4d5193271293Ca6AAf104ef77668b6ae36617564", "createdAt": "2021-07-11T18:46:27.820532", "updatedAt": "2021-07-11T18:46:31.610103", "lastCheckedAt": "2021-07-11T18:46:31.594", "socialVerificationURL": "https://twitter.com/GuideNihat/status/1414294865161199619", "verificationText": "I\u2019m on @withFND \ud83c\udf10\n\n0x4d5193271293Ca6AAf104ef77668b6ae36617564\n\nhttps://t.co/kc3pbqksIU", "userId": "155842457", "username": "GuideNihat", "isValid": true, "service": "TWITTER", "failedReason": null, "status": null}], "instaSocialVerifs": [{"id": "ffad57c2-bc25-4a64-8c1c-54899f377f94", "user": "0x4d5193271293Ca6AAf104ef77668b6ae36617564", "createdAt": "2021-07-11T19:04:55.53286", "updatedAt": "2021-07-11T19:04:55.53286", "lastCheckedAt": "2021-07-11T19:04:55.53", "socialVerificationURL": null, "verificationText": null, "userId": "17841401494772180", "username": "guidenihat", "isValid": true, "service": "INSTAGRAM", "failedReason": null, "status": null}]}, "profileExists": true, "collectors": [], "createdCount": 0}, "__N_SSG": true}, "page": "/[username]", "query": {"username": "0x4d5193271293ca6aaf104ef77668b6ae36617564"}, "buildId": "fPHzAE9c9nph2AUK0K_6u", "isFallback": false, "dynamicIds": [33196, 55458, 54746], "gsp": true, "scriptLoader": []}