{"props": {"pageProps": {"username": "0xdcf230ac9f432ba5b239fc910f07c1d22631938b", "user": {"userIndex": 42913, "publicKey": "0xdcf230Ac9F432bA5B239fC910F07C1d22631938B", "username": "seanshim-b", "profileImageUrl": "https://f8n-production.s3.amazonaws.com/creators/profile/4oxd5atib-ghfb4223-pp-cropped-jpg-inj6ca.jpg", "coverImageUrl": "https://f8n-production.s3.amazonaws.com/creators/profile/0kkrdg7vm-banner-1500x500-png-pdzsl0.png", "name": "Sean Shim-B", "bio": "A canary in the coal mine.", "isApprovedCreator": true, "moderationStatus": "ACTIVE", "joinedWaitlistAt": null, "createdAt": "2021-04-10T15:32:37.30331", "migratedToUser": null, "isApprovedForMigrationAt": null, "firstName": null, "lastName": null, "isAdmin": false, "links": {"tiktok": {"handle": "", "platform": "tiktok"}, "twitch": {"handle": "", "platform": "twitch"}, "discord": {"handle": "", "platform": "discord"}, "twitter": {"handle": "", "platform": "twitter"}, "website": {"handle": "", "platform": "website"}, "youtube": {"handle": "", "platform": "youtube"}, "facebook": {"handle": "", "platform": "facebook"}, "snapchat": {"handle": "", "platform": "snapchat"}, "instagram": {"handle": "seanshimb", "platform": "instagram"}}, "acceptedInvite": {"senderPublicKey": "0xa60f9b548309Cbe75bF4A9880c69C746cB7073ae", "redeemerPublicKey": "0xdcf230Ac9F432bA5B239fC910F07C1d22631938B", "redeemedAt": "2021-04-12T02:07:04.449"}, "twitSocialVerifs": [{"id": "15a9fcaf-24c7-4776-a368-d1c74f208d0f", "user": "0xdcf230Ac9F432bA5B239fC910F07C1d22631938B", "createdAt": "2021-04-13T01:46:59.860214", "updatedAt": "2021-04-13T01:47:04.841575", "lastCheckedAt": "2021-04-13T01:47:04.826", "socialVerificationURL": "https://twitter.com/SeanShimB/status/1381785853916114947", "verificationText": "I\u2019m on @withFND \ud83c\udf10\n\n0xdcf230Ac9F432bA5B239fC910F07C1d22631938B\n\nhttps://t.co/qM2tmntdYP", "userId": "1380912626432045056", "username": "SeanShimB", "isValid": true, "service": "TWITTER", "failedReason": null, "status": null}], "instaSocialVerifs": []}, "profileExists": true, "collectors": [], "createdCount": 0}, "__N_SSG": true}, "page": "/[username]", "query": {"username": "0xdcf230ac9f432ba5b239fc910f07c1d22631938b"}, "buildId": "fPHzAE9c9nph2AUK0K_6u", "isFallback": false, "dynamicIds": [33196, 55458, 54746], "gsp": true, "scriptLoader": []}