{"props": {"pageProps": {"username": "0xa55f6a6545ee22c7edc348ee3508df77c4fad408", "user": {"userIndex": 86951, "publicKey": "0xa55F6A6545eE22c7eDc348Ee3508dF77C4FAD408", "username": "IVI", "profileImageUrl": "https://f8n-production.s3.amazonaws.com/creators/profile/2dtoaypki-soyz-jpg-pnih8r.jpg", "coverImageUrl": "https://f8n-production.s3.amazonaws.com/creators/profile/sjr4pyc7m-dazzzd-jpg-ui3asw.jpg", "name": "IVI", "bio": "", "isApprovedCreator": false, "moderationStatus": "ACTIVE", "joinedWaitlistAt": null, "createdAt": "2021-07-23T16:08:49.275212", "migratedToUser": null, "isApprovedForMigrationAt": null, "firstName": null, "lastName": null, "isAdmin": false, "links": {"tiktok": {"handle": "", "platform": "tiktok"}, "twitch": {"handle": "", "platform": "twitch"}, "discord": {"handle": "", "platform": "discord"}, "twitter": {"handle": "", "platform": "twitter"}, "website": {"handle": "", "platform": "website"}, "youtube": {"handle": "", "platform": "youtube"}, "facebook": {"handle": "", "platform": "facebook"}, "snapchat": {"handle": "", "platform": "snapchat"}, "instagram": {"handle": "", "platform": "instagram"}}, "acceptedInvite": null, "twitSocialVerifs": [], "instaSocialVerifs": []}, "profileExists": true, "collectors": [], "createdCount": 0}, "__N_SSG": true}, "page": "/[username]", "query": {"username": "0xa55f6a6545ee22c7edc348ee3508df77c4fad408"}, "buildId": "fPHzAE9c9nph2AUK0K_6u", "isFallback": false, "dynamicIds": [33196, 55458, 54746], "gsp": true, "scriptLoader": []}