{"props": {"pageProps": {"username": "0xf9da53f9e3d012672e8195be2106e8cc46ea9326", "user": {"userIndex": 82777, "publicKey": "0xF9dA53f9E3D012672E8195be2106E8cc46EA9326", "username": "novissimoedgar", "profileImageUrl": "https://f8n-production.s3.amazonaws.com/creators/profile/037f5r91l-channels4-profile-jpg-jnqg7j.jpg", "coverImageUrl": "https://f8n-production.s3.amazonaws.com/creators/profile/8eh8axym2-untitled-1-jpg-er8cf8.jpg", "name": "NOV\u00cdSSIMO EDGAR", "bio": "NOV\u00cdSSIMO EDGAR is a creative force of immaterial and material content. ", "isApprovedCreator": true, "moderationStatus": "ACTIVE", "joinedWaitlistAt": null, "createdAt": "2021-07-06T12:16:44.156436", "migratedToUser": null, "isApprovedForMigrationAt": null, "firstName": null, "lastName": null, "isAdmin": false, "links": {"tiktok": {"handle": "", "platform": "tiktok"}, "twitch": {"handle": "", "platform": "twitch"}, "discord": {"handle": "", "platform": "discord"}, "twitter": {"handle": "", "platform": "twitter"}, "website": {"handle": "novissimoedgar.com", "platform": "website"}, "youtube": {"handle": "https://www.youtube.com/user/EdgaOficial", "platform": "youtube"}, "facebook": {"handle": "https://www.facebook.com/novissimoedgar", "platform": "facebook"}, "snapchat": {"handle": "", "platform": "snapchat"}, "instagram": {"handle": "", "platform": "instagram"}}, "acceptedInvite": {"senderPublicKey": "0x5a2157A58531b52a06F26f4809bC399cA255fB8f", "redeemerPublicKey": "0xF9dA53f9E3D012672E8195be2106E8cc46EA9326", "redeemedAt": "2021-07-06T12:16:51.298"}, "twitSocialVerifs": [{"id": "76557d3f-535a-423d-a772-0716455554b3", "user": "0xF9dA53f9E3D012672E8195be2106E8cc46EA9326", "createdAt": "2021-07-06T12:19:53.90924", "updatedAt": "2021-07-06T12:19:55.225407", "lastCheckedAt": "2021-07-06T12:19:55.202", "socialVerificationURL": "https://twitter.com/novissimoedgar/status/1412385748284755971", "verificationText": "I\u2019m on @withFND \ud83c\udf10\n\n0xF9dA53f9E3D012672E8195be2106E8cc46EA9326\n\nhttps://t.co/irxyrZ55zA", "userId": "1009835625942536193", "username": "novissimoedgar", "isValid": true, "service": "TWITTER", "failedReason": null, "status": null}], "instaSocialVerifs": [{"id": "630d936f-7fc6-4b46-bd0e-d07f7ada9361", "user": "0xF9dA53f9E3D012672E8195be2106E8cc46EA9326", "createdAt": "2021-07-06T12:26:29.535781", "updatedAt": "2021-07-06T12:26:29.535781", "lastCheckedAt": "2021-07-06T12:26:29.475", "socialVerificationURL": null, "verificationText": null, "userId": "17841403223254601", "username": "novissimoedgar", "isValid": true, "service": "INSTAGRAM", "failedReason": null, "status": null}]}, "profileExists": true, "collectors": [{"userIndex": 54426, "publicKey": "0xBd23Ba386BAF796b6526e1670D9dDdF1f7b15Ebb", "username": "bbbbbbbbb", "profileImageUrl": "https://f8n-production.s3.amazonaws.com/creators/profile/hnncvq7l6-img-0108-jpeg-g66dey.jpeg", "coverImageUrl": "https://f8n-production.s3.amazonaws.com/creators/profile/7ktrdhps4-moshed-2021-5-8-10-2-12-jpeg-4krowc.jpeg", "name": "Blake Butler", "bio": "Blake Butler is the author of 7 book-length works of fiction, most recently Alice Knott (Riverhead). His work has appeared widely, including in The New York Times, Bomb, and Vice.", "isApprovedCreator": true, "moderationStatus": "ACTIVE", "joinedWaitlistAt": "2021-04-24T18:22:56.844", "createdAt": "2021-03-23T01:47:46.429281", "migratedToUser": null, "isApprovedForMigrationAt": null, "follows": [], "highestBidAuctions": [{"endsAt": "2021-07-08T00:40:30"}], "highestBidAuctions_aggregate": {"aggregate": {"count": 1}}}], "createdCount": 0}, "__N_SSG": true}, "page": "/[username]", "query": {"username": "0xf9da53f9e3d012672e8195be2106e8cc46ea9326"}, "buildId": "fPHzAE9c9nph2AUK0K_6u", "isFallback": false, "dynamicIds": [33196, 55458, 54746], "gsp": true, "scriptLoader": []}