{"props": {"pageProps": {"username": "0x21e10167f7e56419c763c32a070b32705f036acb", "user": {"userIndex": 4275, "publicKey": "0x21E10167F7e56419C763C32A070B32705f036acb", "username": "stewiethepro", "profileImageUrl": "https://f8n-production.s3.amazonaws.com/creators/profile/k5ka5vu7g-twitterpunk2088-png-oup2rg.png", "coverImageUrl": "https://f8n-production.s3.amazonaws.com/creators/profile/tc1xvfla4-emotionparadox-yearn-by-animalitoland-png-5wv8w8.png", "name": "", "bio": "", "isApprovedCreator": false, "moderationStatus": "ACTIVE", "joinedWaitlistAt": null, "createdAt": "2021-02-27T09:21:46.52701", "migratedToUser": null, "isApprovedForMigrationAt": null, "firstName": null, "lastName": null, "isAdmin": false, "links": {"tiktok": {"handle": "", "platform": "tiktok"}, "twitch": {"handle": "", "platform": "twitch"}, "discord": {"handle": "", "platform": "discord"}, "twitter": {"handle": "stewiethepro", "platform": "twitter"}, "website": {"handle": "", "platform": "website"}, "youtube": {"handle": "", "platform": "youtube"}, "facebook": {"handle": "", "platform": "facebook"}, "snapchat": {"handle": "", "platform": "snapchat"}, "instagram": {"handle": "stewiethepro", "platform": "instagram"}}, "acceptedInvite": null, "twitSocialVerifs": [{"id": "e5ed3eb5-c8d1-420e-9c29-56cc08cdda02", "user": "0x21E10167F7e56419C763C32A070B32705f036acb", "createdAt": "2021-05-08T00:28:12.166232", "updatedAt": "2021-05-08T00:28:16.238283", "lastCheckedAt": "2021-05-08T00:28:16.225", "socialVerificationURL": "https://twitter.com/stewiethepro/status/1390825745887371266", "verificationText": "I\u2019m on @withFND \ud83c\udf10\n\n0x21E10167F7e56419C763C32A070B32705f036acb\n\nhttps://t.co/bQmLWNuCLn", "userId": "446540467", "username": "stewiethepro", "isValid": true, "service": "TWITTER", "failedReason": null, "status": null}], "instaSocialVerifs": []}, "profileExists": true, "collectors": [], "createdCount": 0}, "__N_SSG": true}, "page": "/[username]", "query": {"username": "0x21e10167f7e56419c763c32a070b32705f036acb"}, "buildId": "fPHzAE9c9nph2AUK0K_6u", "isFallback": false, "dynamicIds": [33196, 55458, 54746], "gsp": true, "scriptLoader": []}