{"props": {"pageProps": {"username": "0xb8d18fdedd3718405bbdb8d72f467c1881072dfc", "user": {"userIndex": 2698, "publicKey": "0xb8d18FdEdD3718405bBDb8d72f467C1881072DFC", "username": "vi", "profileImageUrl": "https://f8n-production.s3.amazonaws.com/creators/profile/znveb7vqf-ava-gif-7pcpdj.gif", "coverImageUrl": "https://f8n-production.s3.amazonaws.com/creators/profile/iqx87idvc-cover-jpg-5gnk7m.jpg", "name": "Vigen Tserunian", "bio": "Art Director, Graphic Designer & Visual Artist, based in Yerevan/Moscow.\nCreates Artworks of Different Styles.\n\nHas worked with famous brands and celebrities from Russia, CIS countries, Europe & USA.", "isApprovedCreator": true, "moderationStatus": "ACTIVE", "joinedWaitlistAt": null, "createdAt": "2021-02-22T08:59:44.326007", "migratedToUser": null, "isApprovedForMigrationAt": null, "firstName": null, "lastName": null, "isAdmin": false, "links": {"tiktok": {"handle": "", "platform": "tiktok"}, "twitch": {"handle": "", "platform": "twitch"}, "discord": {"handle": "vig#6858", "platform": "discord"}, "twitter": {"handle": "vigendesign", "platform": "twitter"}, "website": {"handle": "", "platform": "website"}, "youtube": {"handle": "", "platform": "youtube"}, "facebook": {"handle": "", "platform": "facebook"}, "snapchat": {"handle": "", "platform": "snapchat"}, "instagram": {"handle": "v.ig", "platform": "instagram"}}, "acceptedInvite": {"senderPublicKey": "0x9103aBEB1Cd57cB9f804a3C00A50C058B8986D06", "redeemerPublicKey": "0xb8d18FdEdD3718405bBDb8d72f467C1881072DFC", "redeemedAt": "2021-03-19T13:40:24.845"}, "twitSocialVerifs": [{"id": "4387b251-b6f4-407f-9a51-862138bb19f3", "user": "0xb8d18FdEdD3718405bBDb8d72f467C1881072DFC", "createdAt": "2021-03-20T08:04:28.396659", "updatedAt": "2021-03-20T08:04:29.785975", "lastCheckedAt": "2021-03-20T08:04:29.764", "socialVerificationURL": "https://twitter.com/vigendesign/status/1373183582575943680", "verificationText": "I\u2019m on @withFND \ud83c\udf10\n\n0xb8d18FdEdD3718405bBDb8d72f467C1881072DFC\n\nhttps://t.co/UY9Sxybj3l", "userId": "1373181395095404546", "username": "vigendesign", "isValid": true, "service": "TWITTER", "failedReason": null, "status": null}], "instaSocialVerifs": [{"id": "d5b76d96-df36-410d-8f5f-98c6de030754", "user": "0xb8d18FdEdD3718405bBDb8d72f467C1881072DFC", "createdAt": "2021-04-20T08:00:09.872056", "updatedAt": "2021-04-20T08:00:09.872056", "lastCheckedAt": "2021-04-20T08:00:09.87", "socialVerificationURL": null, "verificationText": null, "userId": "17841400475200174", "username": "v.ig", "isValid": true, "service": "INSTAGRAM", "failedReason": null, "status": null}]}, "profileExists": true, "collectors": [{"userIndex": 17581, "publicKey": "0x3432B45B9ee95BD5C31a726B936CF2ec719A2153", "username": "3FMusic", "profileImageUrl": "https://f8n-production.s3.amazonaws.com/creators/profile/s8wtdn6uo-3f-music-new-logo-png-grvgaj.png", "coverImageUrl": "https://f8n-production.s3.amazonaws.com/creators/profile/fmjvj3zy7-3fmusic-com-18-jpg-9cx7zb.jpg", "name": "Farzin", "bio": "", "isApprovedCreator": true, "moderationStatus": "ACTIVE", "joinedWaitlistAt": "2021-03-23T20:42:01.871", "createdAt": "2021-03-16T20:07:51.167953", "migratedToUser": null, "isApprovedForMigrationAt": null, "follows": [], "highestBidAuctions": [{"endsAt": "2021-04-18T04:25:22"}], "highestBidAuctions_aggregate": {"aggregate": {"count": 4}}}, {"userIndex": null, "publicKey": "0x4FD105c45D9b283b84ea28FFa11e6CEd61C6F26d", "username": null, "profileImageUrl": null, "coverImageUrl": null, "name": null, "bio": null, "isApprovedCreator": false, "moderationStatus": "ACTIVE", "joinedWaitlistAt": null, "createdAt": "2021-04-09T16:42:57.965579", "migratedToUser": null, "isApprovedForMigrationAt": null, "follows": [], "highestBidAuctions": [{"endsAt": "2021-04-09T17:32:54"}], "highestBidAuctions_aggregate": {"aggregate": {"count": 1}}}, {"userIndex": 34589, "publicKey": "0xB36D2265622A7c46Bcd76E1ddf2030E3595b3B36", "username": "rabbit", "profileImageUrl": "https://f8n-production.s3.amazonaws.com/creators/profile/whq5dj0z8-ava-png-xygrdn.png", "coverImageUrl": "https://f8n-production.s3.amazonaws.com/creators/profile/hzqa86e5c-cover-png-o073ah.png", "name": "Rabbit", "bio": "Cute Mental Patient Artist ||| Collector ||| Carrot Lover \ud83e\udd55", "isApprovedCreator": false, "moderationStatus": "ACTIVE", "joinedWaitlistAt": null, "createdAt": "2021-04-01T16:47:27.595295", "migratedToUser": null, "isApprovedForMigrationAt": null, "follows": [], "highestBidAuctions": [{"endsAt": "2021-04-02T17:52:27"}], "highestBidAuctions_aggregate": {"aggregate": {"count": 1}}}], "createdCount": 0}, "__N_SSG": true}, "page": "/[username]", "query": {"username": "0xb8d18fdedd3718405bbdb8d72f467c1881072dfc"}, "buildId": "fPHzAE9c9nph2AUK0K_6u", "isFallback": false, "dynamicIds": [33196, 55458, 54746], "gsp": true, "scriptLoader": []}