{"props": {"pageProps": {"username": "0xdd94213e8f1d957df97e4527001312980c088bf4", "user": {"userIndex": 81711, "publicKey": "0xDD94213E8F1d957df97e4527001312980C088bF4", "username": "Soniyaart", "profileImageUrl": "https://f8n-production.s3.amazonaws.com/creators/profile/q6twbxytp-img-20210701-154513-jpg-ati2z1.jpg", "coverImageUrl": "https://f8n-production.s3.amazonaws.com/creators/profile/6sgiskyai-img-20210701-161245-jpg-epjbzx.jpg", "name": "Soniya J", "bio": "Self Taught Digital Artist from India. I draw Digital Portraits and Mandalas.\nCheck out the links for more \u2764\ufe0f", "isApprovedCreator": true, "moderationStatus": "ACTIVE", "joinedWaitlistAt": "2021-07-01T10:33:03.056", "createdAt": "2021-07-01T09:49:12.119337", "migratedToUser": null, "isApprovedForMigrationAt": null, "firstName": null, "lastName": null, "isAdmin": false, "links": {"tiktok": {"handle": "", "platform": "tiktok"}, "twitch": {"handle": "", "platform": "twitch"}, "discord": {"handle": "", "platform": "discord"}, "twitter": {"handle": "", "platform": "twitter"}, "website": {"handle": "linktr.ee/SoniyaJ", "platform": "website"}, "youtube": {"handle": "https://youtube.com/channel/UC17Uk0qm0QQ1vd6-LOCEE6w", "platform": "youtube"}, "facebook": {"handle": "", "platform": "facebook"}, "snapchat": {"handle": "", "platform": "snapchat"}, "instagram": {"handle": "", "platform": "instagram"}}, "acceptedInvite": {"senderPublicKey": "0xa3eE10a9675E15b5A3c562FaDF6d5D6917B09610", "redeemerPublicKey": "0xDD94213E8F1d957df97e4527001312980C088bF4", "redeemedAt": "2021-07-02T04:27:59.147"}, "twitSocialVerifs": [{"id": "361e977e-4761-4384-85ec-0d9173ff3be6", "user": "0xDD94213E8F1d957df97e4527001312980C088bF4", "createdAt": "2021-07-01T10:27:33.650032", "updatedAt": "2021-07-01T10:27:37.900434", "lastCheckedAt": "2021-07-01T10:27:37.888", "socialVerificationURL": "https://twitter.com/soniyaart/status/1410545514953678849?s=20", "verificationText": "I\u2019m on @withFND \ud83c\udf10\n\n0xDD94213E8F1d957df97e4527001312980C088bF4\n\nhttps://t.co/ecozClGYox", "userId": "968364459063324672", "username": "soniyaart", "isValid": true, "service": "TWITTER", "failedReason": null, "status": null}], "instaSocialVerifs": [{"id": "a59422c7-fc59-4bfd-b5b6-8a78b17922d6", "user": "0xDD94213E8F1d957df97e4527001312980C088bF4", "createdAt": "2021-07-01T10:10:47.888191", "updatedAt": "2021-07-01T10:10:47.888191", "lastCheckedAt": "2021-07-01T10:10:47.87", "socialVerificationURL": null, "verificationText": null, "userId": "17841407030018370", "username": "soniyaart", "isValid": true, "service": "INSTAGRAM", "failedReason": null, "status": null}]}, "profileExists": true, "collectors": [], "createdCount": 0}, "__N_SSG": true}, "page": "/[username]", "query": {"username": "0xdd94213e8f1d957df97e4527001312980c088bf4"}, "buildId": "fPHzAE9c9nph2AUK0K_6u", "isFallback": false, "dynamicIds": [33196, 55458, 54746], "gsp": true, "scriptLoader": []}