{"props": {"pageProps": {"username": "0xd0524cf5349f3582cb982e90ba2c7dc80cbbb2ea", "user": {"userIndex": 8302, "publicKey": "0xd0524CF5349F3582CB982E90ba2C7dc80CBbb2ea", "username": "J_H_Lartigue", "profileImageUrl": "https://f8n-production.s3.amazonaws.com/creators/profile/1o05vq1e0-kg-2q9lk-400x400-jpeg-h0m4ol.jpeg", "coverImageUrl": "", "name": "J_H_Lartigue", "bio": "", "isApprovedCreator": false, "moderationStatus": "ACTIVE", "joinedWaitlistAt": null, "createdAt": "2021-03-03T21:46:18.290371", "migratedToUser": null, "isApprovedForMigrationAt": null, "firstName": null, "lastName": null, "isAdmin": false, "links": {"tiktok": {"handle": "", "platform": "tiktok"}, "twitch": {"handle": "", "platform": "twitch"}, "discord": {"handle": "", "platform": "discord"}, "twitter": {"handle": "J_H_Lartigue", "platform": "twitter"}, "website": {"handle": "", "platform": "website"}, "youtube": {"handle": "", "platform": "youtube"}, "facebook": {"handle": "", "platform": "facebook"}, "snapchat": {"handle": "", "platform": "snapchat"}, "instagram": {"handle": "", "platform": "instagram"}}, "acceptedInvite": null, "twitSocialVerifs": [], "instaSocialVerifs": []}, "profileExists": true, "collectors": [], "createdCount": 0}, "__N_SSG": true}, "page": "/[username]", "query": {"username": "0xd0524cf5349f3582cb982e90ba2c7dc80cbbb2ea"}, "buildId": "fPHzAE9c9nph2AUK0K_6u", "isFallback": false, "dynamicIds": [33196, 55458, 54746], "gsp": true, "scriptLoader": []}