{"props": {"pageProps": {"username": "0xfc38641c2dbd49bcc0a746c68baf4ae7bed4d2f4", "user": {"userIndex": 13569, "publicKey": "0xfc38641c2DBD49BCC0A746C68BAF4ae7BeD4d2F4", "username": "Pulkit", "profileImageUrl": "https://f8n-production.s3.amazonaws.com/creators/profile/oofadzv0w-pic-jpg-u4tlzi.jpg", "coverImageUrl": "https://f8n-production.s3.amazonaws.com/creators/profile/5kfu7m2py-cover-jpg-f2yas2.jpg", "name": "Pulkit Kudiwal", "bio": "I am a self-taught Digital 2D and 3D artist from India who has been creating for the last 4 years. I have been featured by Hindustan Times, Adobe Photoshop, Bored Panda, and many others.", "isApprovedCreator": true, "moderationStatus": "ACTIVE", "joinedWaitlistAt": null, "createdAt": "2021-03-12T16:02:32.371942", "migratedToUser": null, "isApprovedForMigrationAt": null, "firstName": null, "lastName": null, "isAdmin": false, "links": {"tiktok": {"handle": "", "platform": "tiktok"}, "twitch": {"handle": "", "platform": "twitch"}, "discord": {"handle": "", "platform": "discord"}, "twitter": {"handle": "Pkudiwal", "platform": "twitter"}, "website": {"handle": "", "platform": "website"}, "youtube": {"handle": "https://www.youtube.com/channel/UCRtXB-qNmv8yBcZOGNYN6NQ", "platform": "youtube"}, "facebook": {"handle": "", "platform": "facebook"}, "snapchat": {"handle": "", "platform": "snapchat"}, "instagram": {"handle": "pulkit_kudiwal", "platform": "instagram"}}, "acceptedInvite": {"senderPublicKey": "0x5646c6de8B4247236B3C00f8896de5DBbCbe4431", "redeemerPublicKey": "0xfc38641c2DBD49BCC0A746C68BAF4ae7BeD4d2F4", "redeemedAt": "2021-03-12T16:02:46.895"}, "twitSocialVerifs": [{"id": "de315f7c-43c1-4a9d-a03d-96810cdeae5b", "user": "0xfc38641c2DBD49BCC0A746C68BAF4ae7BeD4d2F4", "createdAt": "2021-03-12T16:18:46.542783", "updatedAt": "2021-03-12T16:18:47.803962", "lastCheckedAt": "2021-03-12T16:18:47.783", "socialVerificationURL": "https://twitter.com/PKudiwal/status/1370408453810778117", "verificationText": "I\u2019m on @withFND finally\nNFT drops soon!!\ud83c\udf10\n\n0xfc38641c2DBD49BCC0A746C68BAF4ae7BeD4d2F4\n\nhttps://t.co/4WIHALiZf0", "userId": "1143792814783750145", "username": "PKudiwal", "isValid": true, "service": "TWITTER", "failedReason": null, "status": null}], "instaSocialVerifs": [{"id": "eb7ef1b1-af20-41ee-a2bc-038350596bb7", "user": "0xfc38641c2DBD49BCC0A746C68BAF4ae7BeD4d2F4", "createdAt": "2021-04-21T04:39:45.83512", "updatedAt": "2021-04-21T04:39:45.83512", "lastCheckedAt": "2021-04-21T04:39:45.811", "socialVerificationURL": null, "verificationText": null, "userId": "17841401992680511", "username": "pulkit_kudiwal", "isValid": true, "service": "INSTAGRAM", "failedReason": null, "status": null}]}, "profileExists": true, "collectors": [{"userIndex": 2791, "publicKey": "0x484A12a27E8c95718e0B60d14369bfeAa426AFF3", "username": "freezedrychief", "profileImageUrl": "https://f8n-production.s3.amazonaws.com/creators/profile/m1tldswrx-unnamed-png-s0d8gl.png", "coverImageUrl": "https://f8n-production.s3.amazonaws.com/creators/profile/ovrqyi71x-nft-png-9un2ve.png", "name": "freezedrychief", "bio": "", "isApprovedCreator": false, "moderationStatus": "ACTIVE", "joinedWaitlistAt": null, "createdAt": "2021-02-22T16:34:04.433349", "migratedToUser": null, "isApprovedForMigrationAt": null, "follows": [], "highestBidAuctions": [{"endsAt": "2021-04-07T04:52:49"}], "highestBidAuctions_aggregate": {"aggregate": {"count": 1}}}, {"userIndex": 21575, "publicKey": "0x58b9F539c84bd534E00b3E1636446841EB0bE60f", "username": "Todd3CR", "profileImageUrl": "https://f8n-production.s3.amazonaws.com/creators/profile/4tx2z5dfa-img-7503-jpeg-r83eqz.jpeg", "coverImageUrl": "", "name": "Todd3CR", "bio": "Collector:  Co-founder of Decent.  VP of Marketing at 3Cre8tive.  My group Selah has a social token (3CR8) on Rally.io.  We have sold over 4M albums and half-a-billion streams. ", "isApprovedCreator": false, "moderationStatus": "ACTIVE", "joinedWaitlistAt": null, "createdAt": "2021-03-06T02:43:47.132392", "migratedToUser": null, "isApprovedForMigrationAt": null, "follows": [], "highestBidAuctions": [{"endsAt": "2021-04-03T05:56:06"}], "highestBidAuctions_aggregate": {"aggregate": {"count": 2}}}, {"userIndex": null, "publicKey": "0x94aA21B1Da98314F1b8F9d8Aab6fFb2d0099A564", "username": null, "profileImageUrl": null, "coverImageUrl": null, "name": null, "bio": null, "isApprovedCreator": false, "moderationStatus": "ACTIVE", "joinedWaitlistAt": null, "createdAt": "2021-03-14T11:10:56.160036", "migratedToUser": null, "isApprovedForMigrationAt": null, "follows": [], "highestBidAuctions": [{"endsAt": "2021-03-15T11:35:00"}], "highestBidAuctions_aggregate": {"aggregate": {"count": 1}}}, {"userIndex": 70990, "publicKey": "0x97a99Da15fc89d96B3FBE673ffD8f69F6ce7C9B1", "username": "mojomoby", "profileImageUrl": "https://f8n-production.s3.amazonaws.com/creators/profile/hfnulhmaj-moby-big-2021-png-zwtbwd.png", "coverImageUrl": "https://f8n-production.s3.amazonaws.com/creators/profile/arej9ny16-stairs-jpg-si5w8u.jpg", "name": "moby.eth", "bio": "Helping to spread the mojo!  \u2728\n\nI store other NFTs in my vault @mobyvault , for safe keeping.", "isApprovedCreator": true, "moderationStatus": "ACTIVE", "joinedWaitlistAt": "2021-05-25T22:59:34.514", "createdAt": "2021-05-25T22:56:03.233396", "migratedToUser": null, "isApprovedForMigrationAt": null, "follows": [], "highestBidAuctions": [{"endsAt": "2021-07-06T20:57:03"}], "highestBidAuctions_aggregate": {"aggregate": {"count": 1}}}], "createdCount": 0}, "__N_SSG": true}, "page": "/[username]", "query": {"username": "0xfc38641c2dbd49bcc0a746c68baf4ae7bed4d2f4"}, "buildId": "fPHzAE9c9nph2AUK0K_6u", "isFallback": false, "dynamicIds": [33196, 55458, 54746], "gsp": true, "scriptLoader": []}