{"props": {"pageProps": {"username": "0x5d2d1c48017249642262f04342173691b242fa13", "user": {"userIndex": 83435, "publicKey": "0x5d2D1C48017249642262F04342173691b242fa13", "username": "quichantez", "profileImageUrl": "https://f8n-production.s3.amazonaws.com/creators/profile/bwi394dfj-test-0-0-png-841394.png", "coverImageUrl": "", "name": "Denys", "bio": "CG Artist and Game Developer born in Ukraine\nCurrently based in France\nPassionate by 3D Worlds, because I can make everything there...", "isApprovedCreator": true, "moderationStatus": "ACTIVE", "joinedWaitlistAt": null, "createdAt": "2021-07-09T11:56:38.335649", "migratedToUser": null, "isApprovedForMigrationAt": null, "firstName": null, "lastName": null, "isAdmin": false, "links": {"tiktok": {"handle": "", "platform": "tiktok"}, "twitch": {"handle": "", "platform": "twitch"}, "discord": {"handle": "", "platform": "discord"}, "twitter": {"handle": "", "platform": "twitter"}, "website": {"handle": "", "platform": "website"}, "youtube": {"handle": "", "platform": "youtube"}, "facebook": {"handle": "", "platform": "facebook"}, "snapchat": {"handle": "", "platform": "snapchat"}, "instagram": {"handle": "", "platform": "instagram"}}, "acceptedInvite": {"senderPublicKey": "0x1953EE4d9f31D22299C96204BB67874A8352F309", "redeemerPublicKey": "0x5d2D1C48017249642262F04342173691b242fa13", "redeemedAt": "2021-07-09T11:56:48.509"}, "twitSocialVerifs": [{"id": "ec719ac2-d83b-4585-b85f-d7affc06d42e", "user": "0x5d2D1C48017249642262F04342173691b242fa13", "createdAt": "2021-07-09T12:08:28.386071", "updatedAt": "2021-07-09T12:08:44.114278", "lastCheckedAt": "2021-07-09T12:08:44.096", "socialVerificationURL": "https://twitter.com/quichantez/status/1413470004998074373", "verificationText": "Hi tweeter ! \nI\u2019m on @withFND \ud83c\udf10\n\n0x5d2D1C48017249642262F04342173691b242fa13\n\nhttps://t.co/Hin533UDh8", "userId": "1413205499781259270", "username": "quichantez", "isValid": true, "service": "TWITTER", "failedReason": null, "status": null}], "instaSocialVerifs": []}, "profileExists": true, "collectors": [], "createdCount": 0}, "__N_SSG": true}, "page": "/[username]", "query": {"username": "0x5d2d1c48017249642262f04342173691b242fa13"}, "buildId": "fPHzAE9c9nph2AUK0K_6u", "isFallback": false, "dynamicIds": [33196, 55458, 54746], "gsp": true, "scriptLoader": []}