{"props": {"pageProps": {"username": "0x74b156ecdb1558cbf410969609d36f265ab6dd85", "user": {"userIndex": 5479, "publicKey": "0x74B156eCDB1558CBf410969609d36F265Ab6dD85", "username": "aquagrl", "profileImageUrl": "https://f8n-production.s3.amazonaws.com/creators/profile/ustq8xcy8-95368c20-4393-4bce-8cd6-0a0dcba50752-jpg-flrqep.jpg", "coverImageUrl": "", "name": "Alda Boyd", "bio": "Hi, my name is Alda! I'm a 22-year-old Nigerian-American creative tech artist. My primary areas of focus are 3D visuals, VR, and AR. ", "isApprovedCreator": true, "moderationStatus": "ACTIVE", "joinedWaitlistAt": null, "createdAt": "2021-02-27T23:40:48.558982", "migratedToUser": null, "isApprovedForMigrationAt": null, "firstName": null, "lastName": null, "isAdmin": false, "links": {"tiktok": {"handle": "", "platform": "tiktok"}, "twitch": {"handle": "", "platform": "twitch"}, "discord": {"handle": "alda#1285", "platform": "discord"}, "twitter": {"handle": "aqu4grl", "platform": "twitter"}, "website": {"handle": "", "platform": "website"}, "youtube": {"handle": "", "platform": "youtube"}, "facebook": {"handle": "", "platform": "facebook"}, "snapchat": {"handle": "", "platform": "snapchat"}, "instagram": {"handle": "aqua.grl", "platform": "instagram"}}, "acceptedInvite": {"senderPublicKey": "0xC330A626a0DD1c0FA1A68e3A9Df8FA2247Ba14b0", "redeemerPublicKey": "0x74B156eCDB1558CBf410969609d36F265Ab6dD85", "redeemedAt": "2021-02-27T23:40:51.616"}, "twitSocialVerifs": [{"id": "ea66005a-4457-43d2-8771-dfc71719a428", "user": "0x74B156eCDB1558CBf410969609d36F265Ab6dD85", "createdAt": "2021-03-20T15:10:20.807862", "updatedAt": "2021-03-20T15:10:23.005402", "lastCheckedAt": "2021-03-20T15:10:22.955", "socialVerificationURL": "https://twitter.com/aqu4grl/status/1373290743893200901", "verificationText": "I\u2019m on @withFND \ud83c\udf10\n\n0x74B156eCDB1558CBf410969609d36F265Ab6dD85\n\nhttps://t.co/Lt1hEzaHgk", "userId": "1037182457097936896", "username": "aqu4grl", "isValid": true, "service": "TWITTER", "failedReason": null, "status": null}], "instaSocialVerifs": []}, "profileExists": true, "collectors": [{"userIndex": 15911, "publicKey": "0xBfD20a2000fb39d6Ca306a7f1908D875BE247A0e", "username": "nftfairy", "profileImageUrl": "", "coverImageUrl": "", "name": "nftfairy", "bio": "digital creator | mystic | @herstoryDAO member", "isApprovedCreator": false, "moderationStatus": "ACTIVE", "joinedWaitlistAt": null, "createdAt": "2021-03-15T01:30:35.929909", "migratedToUser": null, "isApprovedForMigrationAt": null, "follows": [], "highestBidAuctions": [{"endsAt": "2021-03-22T16:30:37"}], "highestBidAuctions_aggregate": {"aggregate": {"count": 1}}}], "createdCount": 0}, "__N_SSG": true}, "page": "/[username]", "query": {"username": "0x74b156ecdb1558cbf410969609d36f265ab6dd85"}, "buildId": "fPHzAE9c9nph2AUK0K_6u", "isFallback": false, "dynamicIds": [33196, 55458, 54746], "gsp": true, "scriptLoader": []}