{"props": {"pageProps": {"username": "0x846a979fbd7e82ff0502e7c674bd89a7c88254bc", "user": {"userIndex": 16719, "publicKey": "0x846a979fbD7e82ff0502E7c674BD89A7C88254bc", "username": "vtrashm", "profileImageUrl": "https://f8n-production.s3.amazonaws.com/creators/profile/6d75wobyx-polish-20210101-233022509-jpg-zw0b3r.jpg", "coverImageUrl": "https://f8n-production.s3.amazonaws.com/creators/profile/ribt207ee-untitled-1-png-141rfr.png", "name": "Zakhele Prince Dube", "bio": "I'm a South African 2D digital painter/art  in the style of Classicist Realism to portray myth, fantasy, philosophy and spirituality.", "isApprovedCreator": true, "moderationStatus": "ACTIVE", "joinedWaitlistAt": "2021-04-22T11:53:30.544", "createdAt": "2021-03-15T21:49:02.24616", "migratedToUser": null, "isApprovedForMigrationAt": null, "firstName": null, "lastName": null, "isAdmin": false, "links": {"tiktok": {"handle": "", "platform": "tiktok"}, "twitch": {"handle": "", "platform": "twitch"}, "discord": {"handle": "vtrashm#3223", "platform": "discord"}, "twitter": {"handle": "vtrashmart", "platform": "twitter"}, "website": {"handle": "https://vtrashm.artstation.com/", "platform": "website"}, "youtube": {"handle": "", "platform": "youtube"}, "facebook": {"handle": "", "platform": "facebook"}, "snapchat": {"handle": "", "platform": "snapchat"}, "instagram": {"handle": "vtrashm.art", "platform": "instagram"}}, "acceptedInvite": {"senderPublicKey": "0x5C76654ac5e8a8eF14548bd40D3507945ca57fa7", "redeemerPublicKey": "0x846a979fbD7e82ff0502E7c674BD89A7C88254bc", "redeemedAt": "2021-07-15T15:09:43.052"}, "twitSocialVerifs": [{"id": "81a76cb2-b561-402a-8961-a7f366ddb8af", "user": "0x846a979fbD7e82ff0502E7c674BD89A7C88254bc", "createdAt": "2021-04-22T11:55:30.907696", "updatedAt": "2021-04-22T11:55:32.990542", "lastCheckedAt": "2021-04-22T11:55:32.958", "socialVerificationURL": "https://twitter.com/vtrashmart/status/1385200469014945793?s=20", "verificationText": "I\u2019m on @withFND \ud83c\udf10\n\n0x846a979fbD7e82ff0502E7c674BD89A7C88254bc\n\nhttps://t.co/5lHJumZahT", "userId": "1312028577857236992", "username": "vtrashmart", "isValid": true, "service": "TWITTER", "failedReason": null, "status": null}], "instaSocialVerifs": [{"id": "416be0c4-8415-48fa-be0d-997dc0ee8fd2", "user": "0x846a979fbD7e82ff0502E7c674BD89A7C88254bc", "createdAt": "2021-04-22T11:51:56.915505", "updatedAt": "2021-04-22T11:51:56.915505", "lastCheckedAt": "2021-04-22T11:51:56.899", "socialVerificationURL": null, "verificationText": null, "userId": "17841404105627801", "username": "vtrashm.art", "isValid": true, "service": "INSTAGRAM", "failedReason": null, "status": null}]}, "profileExists": true, "collectors": [], "createdCount": 0}, "__N_SSG": true}, "page": "/[username]", "query": {"username": "0x846a979fbd7e82ff0502e7c674bd89a7c88254bc"}, "buildId": "fPHzAE9c9nph2AUK0K_6u", "isFallback": false, "dynamicIds": [33196, 55458, 54746], "gsp": true, "scriptLoader": []}