{"props": {"pageProps": {"username": "0xcfaae7f616edba1ef912b72c9d257f768932ef2e", "user": {"userIndex": 78221, "publicKey": "0xcFAAE7F616EdBA1EF912B72c9D257f768932Ef2e", "username": "comolo_", "profileImageUrl": "https://f8n-production.s3.amazonaws.com/creators/profile/q0g4xtbr8-untitled-1-jpg-41df15.jpg", "coverImageUrl": "https://f8n-production.s3.amazonaws.com/creators/profile/n26fwbsks-cyberpunk-jpg-70zfhw.jpg", "name": "comolo", "bio": "potrays the character inspired by a social, political & historical side of jakarta, mixed with a (weird) twist", "isApprovedCreator": true, "moderationStatus": "ACTIVE", "joinedWaitlistAt": "2021-06-14T15:30:26.03", "createdAt": "2021-06-14T14:03:30.287558", "migratedToUser": null, "isApprovedForMigrationAt": null, "firstName": null, "lastName": null, "isAdmin": false, "links": {"tiktok": {"handle": "", "platform": "tiktok"}, "twitch": {"handle": "", "platform": "twitch"}, "discord": {"handle": "comolo#8087", "platform": "discord"}, "twitter": {"handle": "", "platform": "twitter"}, "website": {"handle": "https://www.behance.net/comolo_", "platform": "website"}, "youtube": {"handle": "", "platform": "youtube"}, "facebook": {"handle": "", "platform": "facebook"}, "snapchat": {"handle": "", "platform": "snapchat"}, "instagram": {"handle": "", "platform": "instagram"}}, "acceptedInvite": {"senderPublicKey": "0x504511031a0C228C596C5bE235Cd19fB13C54889", "redeemerPublicKey": "0xcFAAE7F616EdBA1EF912B72c9D257f768932Ef2e", "redeemedAt": "2021-06-23T16:17:53.37"}, "twitSocialVerifs": [{"id": "f6adecd1-14ab-436d-9422-1f441cb06ea0", "user": "0xcFAAE7F616EdBA1EF912B72c9D257f768932Ef2e", "createdAt": "2021-06-14T15:31:07.168653", "updatedAt": "2021-06-14T15:31:11.271905", "lastCheckedAt": "2021-06-14T15:31:11.253", "socialVerificationURL": "https://twitter.com/COMOLO_/status/1404461324839522304", "verificationText": "I\u2019m on @withFND \ud83c\udf10\n\n0xcFAAE7F616EdBA1EF912B72c9D257f768932Ef2e\n\nhttps://t.co/W8vmJmeNqS", "userId": "31462099", "username": "COMOLO_", "isValid": true, "service": "TWITTER", "failedReason": null, "status": null}], "instaSocialVerifs": [{"id": "f17523ee-ac5a-4553-8c03-4dcc49e6939c", "user": "0xcFAAE7F616EdBA1EF912B72c9D257f768932Ef2e", "createdAt": "2021-06-14T15:27:30.877169", "updatedAt": "2021-06-14T15:27:30.877169", "lastCheckedAt": "2021-06-14T15:27:30.826", "socialVerificationURL": null, "verificationText": null, "userId": "17841401541760752", "username": "comolo_", "isValid": true, "service": "INSTAGRAM", "failedReason": null, "status": null}]}, "profileExists": true, "collectors": [], "createdCount": 0}, "__N_SSG": true}, "page": "/[username]", "query": {"username": "0xcfaae7f616edba1ef912b72c9d257f768932ef2e"}, "buildId": "fPHzAE9c9nph2AUK0K_6u", "isFallback": false, "dynamicIds": [33196, 55458, 54746], "gsp": true, "scriptLoader": []}