{"props": {"pageProps": {"username": "0x202c312a296ff68289b42f303eef9ac4adc759a4", "user": {"userIndex": 60002, "publicKey": "0x202c312A296FF68289b42F303eeF9Ac4ADc759A4", "username": "warrragwag", "profileImageUrl": "https://f8n-production.s3.amazonaws.com/creators/profile/kcfbmrn90-twitter-profilepic-logo-2021-400sq-png-8qypt5.png", "coverImageUrl": "https://f8n-production.s3.amazonaws.com/creators/profile/a4auhd5lk-20210430-opensea-tryshowtime-bannercoloured-1440x260-144dpi-png-bn0r29.png", "name": "warrragwag", "bio": "\"Make architecture weird again.\"\nhttps://tryshowtime.com/warrragwag_3d", "isApprovedCreator": true, "moderationStatus": "ACTIVE", "joinedWaitlistAt": "2021-05-02T22:24:17.682", "createdAt": "2021-03-05T06:09:50.858625", "migratedToUser": null, "isApprovedForMigrationAt": null, "firstName": null, "lastName": null, "isAdmin": false, "links": {"tiktok": {"handle": "", "platform": "tiktok"}, "twitch": {"handle": "", "platform": "twitch"}, "discord": {"handle": "", "platform": "discord"}, "twitter": {"handle": "", "platform": "twitter"}, "website": {"handle": "tryshowtime.com/warrragwag_3d", "platform": "website"}, "youtube": {"handle": "", "platform": "youtube"}, "facebook": {"handle": "", "platform": "facebook"}, "snapchat": {"handle": "", "platform": "snapchat"}, "instagram": {"handle": "", "platform": "instagram"}}, "acceptedInvite": {"senderPublicKey": "0xaE1b60528E6B4f050af8FeB69a71A77A00642a7a", "redeemerPublicKey": "0x202c312A296FF68289b42F303eeF9Ac4ADc759A4", "redeemedAt": "2021-06-19T06:37:13.393"}, "twitSocialVerifs": [{"id": "92f73811-91cc-4ec7-bfa8-34b9629ce60c", "user": "0x202c312A296FF68289b42F303eeF9Ac4ADc759A4", "createdAt": "2021-05-02T22:07:14.809374", "updatedAt": "2021-05-02T22:09:24.821712", "lastCheckedAt": "2021-05-02T22:09:24.813", "socialVerificationURL": "https://twitter.com/jvlive_H/status/1388978296944152577?s=20", "verificationText": "I\u2019m on @withFND \ud83c\udf10\n\n0x202c312A296FF68289b42F303eeF9Ac4ADc759A4\n\nhttps://t.co/RAbWseAudV", "userId": "4681523918", "username": "jvlive_H", "isValid": true, "service": "TWITTER", "failedReason": null, "status": null}], "instaSocialVerifs": [{"id": "93628c7a-0c95-4044-891a-92bf67580288", "user": "0x202c312A296FF68289b42F303eeF9Ac4ADc759A4", "createdAt": "2021-05-02T22:25:36.783934", "updatedAt": "2021-05-02T22:25:36.783934", "lastCheckedAt": "2021-05-02T22:25:36.754", "socialVerificationURL": null, "verificationText": null, "userId": "17841427367360234", "username": "warrragwag", "isValid": true, "service": "INSTAGRAM", "failedReason": null, "status": null}]}, "profileExists": true, "collectors": [], "createdCount": 0}, "__N_SSG": true}, "page": "/[username]", "query": {"username": "0x202c312a296ff68289b42f303eef9ac4adc759a4"}, "buildId": "fPHzAE9c9nph2AUK0K_6u", "isFallback": false, "dynamicIds": [33196, 55458, 54746], "gsp": true, "scriptLoader": []}