{"props": {"pageProps": {"username": "0x05097ed2e3b03c5621632face6075d879126f737", "user": {"userIndex": 33581, "publicKey": "0x05097Ed2E3b03c5621632FAcE6075d879126f737", "username": "playtime", "profileImageUrl": "https://f8n-production.s3.amazonaws.com/creators/profile/mcmxwc1d2-minerva-petit-5-gif-5an0sn.gif", "coverImageUrl": "https://f8n-production.s3.amazonaws.com/creators/profile/qqlsob4t8-minverva-banner-7-gif-gp6nmr.gif", "name": "Minerva", "bio": "PLAY-TIME has produced +15k images for many of the top architectural & design studios. Forbes best creative studios in business. \n3D Prizes & CG awards nominations\nMinerva unleashes our creativity\n\n\n\n", "isApprovedCreator": true, "moderationStatus": "ACTIVE", "joinedWaitlistAt": null, "createdAt": "2021-03-31T19:42:15.728556", "migratedToUser": null, "isApprovedForMigrationAt": null, "firstName": null, "lastName": null, "isAdmin": false, "links": {"tiktok": {"handle": "", "platform": "tiktok"}, "twitch": {"handle": "", "platform": "twitch"}, "discord": {"handle": "", "platform": "discord"}, "twitter": {"handle": "", "platform": "twitter"}, "website": {"handle": "", "platform": "website"}, "youtube": {"handle": "", "platform": "youtube"}, "facebook": {"handle": "", "platform": "facebook"}, "snapchat": {"handle": "", "platform": "snapchat"}, "instagram": {"handle": "", "platform": "instagram"}}, "acceptedInvite": {"senderPublicKey": "0xce487729bCf391beCCf5f0A779B91Dc964F48587", "redeemerPublicKey": "0x05097Ed2E3b03c5621632FAcE6075d879126f737", "redeemedAt": "2021-03-31T20:07:56.018"}, "twitSocialVerifs": [], "instaSocialVerifs": [{"id": "b05e56b3-8381-48c0-b63e-cabb695b6287", "user": "0x05097Ed2E3b03c5621632FAcE6075d879126f737", "createdAt": "2021-05-10T11:46:48.519987", "updatedAt": "2021-05-10T11:46:48.519987", "lastCheckedAt": "2021-05-10T11:46:38.239", "socialVerificationURL": null, "verificationText": null, "userId": "17841400724705729", "username": "playtime.barcelona", "isValid": true, "service": "INSTAGRAM", "failedReason": null, "status": null}]}, "profileExists": true, "collectors": [], "createdCount": 0}, "__N_SSG": true}, "page": "/[username]", "query": {"username": "0x05097ed2e3b03c5621632face6075d879126f737"}, "buildId": "fPHzAE9c9nph2AUK0K_6u", "isFallback": false, "dynamicIds": [33196, 55458, 54746], "gsp": true, "scriptLoader": []}