{"props": {"pageProps": {"username": "0x8bc11d78f9c43ec8988dd61b8e8ad35d2adc9cf3", "user": {"userIndex": 41123, "publicKey": "0x8bc11D78F9c43ec8988dd61b8E8AD35D2aDc9cf3", "username": "Kryptomaniac", "profileImageUrl": "https://f8n-production.s3.amazonaws.com/creators/profile/ornb9gwt1-subi-prakash-orc-jpg-cm6yux.jpg", "coverImageUrl": "", "name": "Subi", "bio": "An artist with 10+ years of experience and a client lineup including major game studios and collectible makers.\n\nNew to NFT and Crypto platforms.", "isApprovedCreator": true, "moderationStatus": "ACTIVE", "joinedWaitlistAt": "2021-04-08T15:38:46.043", "createdAt": "2021-04-08T15:17:49.753546", "migratedToUser": null, "isApprovedForMigrationAt": null, "firstName": null, "lastName": null, "isAdmin": false, "links": {"tiktok": {"handle": "", "platform": "tiktok"}, "twitch": {"handle": "", "platform": "twitch"}, "discord": {"handle": "", "platform": "discord"}, "twitter": {"handle": "", "platform": "twitter"}, "website": {"handle": "https://www.artstation.com/subi3d", "platform": "website"}, "youtube": {"handle": "", "platform": "youtube"}, "facebook": {"handle": "https://www.facebook.com/subi3d/", "platform": "facebook"}, "snapchat": {"handle": "", "platform": "snapchat"}, "instagram": {"handle": "https://www.instagram.com/subiprakash/", "platform": "instagram"}}, "acceptedInvite": {"senderPublicKey": "0x9c0998152d9654B3DCaD1da31BB01bFA0B61892F", "redeemerPublicKey": "0x8bc11D78F9c43ec8988dd61b8E8AD35D2aDc9cf3", "redeemedAt": "2021-04-08T17:58:44.59"}, "twitSocialVerifs": [{"id": "ea0ae132-aa62-4252-ab63-a0a44bf3baa4", "user": "0x8bc11D78F9c43ec8988dd61b8E8AD35D2aDc9cf3", "createdAt": "2021-04-08T15:20:07.647464", "updatedAt": "2021-04-08T15:20:19.093518", "lastCheckedAt": "2021-04-08T15:20:19.082", "socialVerificationURL": "https://twitter.com/subi3d/status/1380178492499898371", "verificationText": "Foundation test\n\n0x8bc11D78F9c43ec8988dd61b8E8AD35D2aDc9cf3", "userId": "43856824", "username": "subi3d", "isValid": true, "service": "TWITTER", "failedReason": null, "status": null}], "instaSocialVerifs": [{"id": "24d91f62-39c7-4de7-a021-71bfaa4ca94c", "user": "0x8bc11D78F9c43ec8988dd61b8E8AD35D2aDc9cf3", "createdAt": "2021-04-21T01:15:37.948497", "updatedAt": "2021-04-21T01:15:37.948497", "lastCheckedAt": "2021-04-21T01:15:37.898", "socialVerificationURL": null, "verificationText": null, "userId": "17841404017040995", "username": "subiprakash", "isValid": true, "service": "INSTAGRAM", "failedReason": null, "status": null}]}, "profileExists": true, "collectors": [], "createdCount": 0}, "__N_SSG": true}, "page": "/[username]", "query": {"username": "0x8bc11d78f9c43ec8988dd61b8e8ad35d2adc9cf3"}, "buildId": "fPHzAE9c9nph2AUK0K_6u", "isFallback": false, "dynamicIds": [33196, 55458, 54746], "gsp": true, "scriptLoader": []}