{"props": {"pageProps": {"username": "0x3ccfe28dc9c48ec8b4caf065c647fcec940ad01d", "user": {"userIndex": 10538, "publicKey": "0x3ccFe28dC9C48Ec8b4caf065c647fCeC940ad01D", "username": "7A35090F", "profileImageUrl": "https://f8n-production.s3.amazonaws.com/creators/profile/4lsdn13bl-qr-code-png-kp0okk.png", "coverImageUrl": "", "name": "", "bio": "", "isApprovedCreator": true, "moderationStatus": "ACTIVE", "joinedWaitlistAt": null, "createdAt": "2021-03-09T04:50:50.981334", "migratedToUser": null, "isApprovedForMigrationAt": null, "firstName": null, "lastName": null, "isAdmin": false, "links": {"tiktok": {"handle": "", "platform": "tiktok"}, "twitch": {"handle": "", "platform": "twitch"}, "discord": {"handle": "", "platform": "discord"}, "twitter": {"handle": "", "platform": "twitter"}, "website": {"handle": "", "platform": "website"}, "youtube": {"handle": "", "platform": "youtube"}, "facebook": {"handle": "", "platform": "facebook"}, "snapchat": {"handle": "", "platform": "snapchat"}, "instagram": {"handle": "", "platform": "instagram"}}, "acceptedInvite": {"senderPublicKey": "0x592814FF14E030B51F6087032DB0f88F4214F254", "redeemerPublicKey": "0x3ccFe28dC9C48Ec8b4caf065c647fCeC940ad01D", "redeemedAt": "2021-03-13T00:14:53.148"}, "twitSocialVerifs": [], "instaSocialVerifs": []}, "profileExists": true, "collectors": [], "createdCount": 0}, "__N_SSG": true}, "page": "/[username]", "query": {"username": "0x3ccfe28dc9c48ec8b4caf065c647fcec940ad01d"}, "buildId": "fPHzAE9c9nph2AUK0K_6u", "isFallback": false, "dynamicIds": [33196, 55458, 54746], "gsp": true, "scriptLoader": []}