{"props": {"pageProps": {"username": "0x842cea38d3e88252b6411cd67c623cc0813406e2", "user": {"userIndex": 59008, "publicKey": "0x842cEA38d3E88252b6411cD67C623cC0813406e2", "username": "nnevatie", "profileImageUrl": "https://f8n-production.s3.amazonaws.com/creators/profile/cqau5x0j2-niko-2019-black-jpg-af23s7.jpg", "coverImageUrl": "https://f8n-production.s3.amazonaws.com/creators/profile/d01o8t3ym-seagull-png-i2j2yh.png", "name": "Niko Nevatie", "bio": "Photons to pixels,\nbits to bits -\nfused be\nby amalgamation.\n", "isApprovedCreator": true, "moderationStatus": "ACTIVE", "joinedWaitlistAt": "2021-05-01T10:04:56.265", "createdAt": "2021-05-01T10:03:56.345073", "migratedToUser": null, "isApprovedForMigrationAt": null, "firstName": null, "lastName": null, "isAdmin": false, "links": {"tiktok": {"handle": "", "platform": "tiktok"}, "twitch": {"handle": "", "platform": "twitch"}, "discord": {"handle": "", "platform": "discord"}, "twitter": {"handle": "", "platform": "twitter"}, "website": {"handle": "", "platform": "website"}, "youtube": {"handle": "", "platform": "youtube"}, "facebook": {"handle": "", "platform": "facebook"}, "snapchat": {"handle": "", "platform": "snapchat"}, "instagram": {"handle": "", "platform": "instagram"}}, "acceptedInvite": {"senderPublicKey": "0x7fac1Da269C494D6DE24a701f1734a4A324155Dc", "redeemerPublicKey": "0x842cEA38d3E88252b6411cD67C623cC0813406e2", "redeemedAt": "2021-05-03T16:10:34.925"}, "twitSocialVerifs": [], "instaSocialVerifs": [{"id": "487b5916-3c72-4302-becc-bf0b720d0d96", "user": "0x842cEA38d3E88252b6411cD67C623cC0813406e2", "createdAt": "2021-05-01T10:04:41.282287", "updatedAt": "2021-05-01T10:04:41.282287", "lastCheckedAt": "2021-05-01T10:04:41.256", "socialVerificationURL": null, "verificationText": null, "userId": "17841404023318260", "username": "n.nevatie", "isValid": true, "service": "INSTAGRAM", "failedReason": null, "status": null}]}, "profileExists": true, "collectors": [], "createdCount": 0}, "__N_SSG": true}, "page": "/[username]", "query": {"username": "0x842cea38d3e88252b6411cd67c623cc0813406e2"}, "buildId": "fPHzAE9c9nph2AUK0K_6u", "isFallback": false, "dynamicIds": [33196, 55458, 54746], "gsp": true, "scriptLoader": []}