{"props": {"pageProps": {"username": "0x5067914c00e4a633eb1846c07ac252b655be161a", "user": {"userIndex": 75636, "publicKey": "0x5067914C00e4a633Eb1846C07AC252B655be161A", "username": "msomnia", "profileImageUrl": "https://f8n-production.s3.amazonaws.com/creators/profile/eoot92bue-profile-jpeg-qdr9ko.jpeg", "coverImageUrl": "https://f8n-production.s3.amazonaws.com/creators/profile/ulzm5unvm-cropped-banner-jpg-ezpb7g.jpg", "name": "ac machinis somnia", "bio": "Fellow traveler. Creativity nerd, photographer, programmer, prototype-er, parent & partner. AI Researcher.  Mad scientist for good causes. \n\nBeing on the Aspy side of the ASD is my superpower.  \n", "isApprovedCreator": true, "moderationStatus": "ACTIVE", "joinedWaitlistAt": "2021-06-07T17:43:29.292", "createdAt": "2021-06-07T17:41:18.683241", "migratedToUser": null, "isApprovedForMigrationAt": null, "firstName": null, "lastName": null, "isAdmin": false, "links": {"tiktok": {"handle": "", "platform": "tiktok"}, "twitch": {"handle": "", "platform": "twitch"}, "discord": {"handle": "dvinci.ai#1665", "platform": "discord"}, "twitter": {"handle": "", "platform": "twitter"}, "website": {"handle": "dvinci.ai/art-auctions", "platform": "website"}, "youtube": {"handle": "", "platform": "youtube"}, "facebook": {"handle": "", "platform": "facebook"}, "snapchat": {"handle": "", "platform": "snapchat"}, "instagram": {"handle": "", "platform": "instagram"}}, "acceptedInvite": {"senderPublicKey": "0xcf69320cF0b0e919C409922CD2589da7290584ca", "redeemerPublicKey": "0x5067914C00e4a633Eb1846C07AC252B655be161A", "redeemedAt": "2021-06-07T23:34:49.042"}, "twitSocialVerifs": [{"id": "a11365dc-67c1-4caa-99a1-832b1d003835", "user": "0x5067914C00e4a633Eb1846C07AC252B655be161A", "createdAt": "2021-06-07T17:43:16.808602", "updatedAt": "2021-06-07T17:43:19.572868", "lastCheckedAt": "2021-06-07T17:43:19.519", "socialVerificationURL": "https://twitter.com/msomnia5/status/1401957893528752128", "verificationText": "0x5067914C00e4a633Eb1846C07AC252B655be161A", "userId": "1401074429833187332", "username": "msomnia5", "isValid": true, "service": "TWITTER", "failedReason": null, "status": null}], "instaSocialVerifs": [{"id": "a5a920bb-ee5c-4b6c-85b8-e9b1624967c2", "user": "0x5067914C00e4a633Eb1846C07AC252B655be161A", "createdAt": "2021-06-07T18:15:43.886035", "updatedAt": "2021-06-07T18:15:43.886035", "lastCheckedAt": "2021-06-07T18:15:43.884", "socialVerificationURL": null, "verificationText": null, "userId": "17841448350766981", "username": "msomnia5", "isValid": true, "service": "INSTAGRAM", "failedReason": null, "status": null}]}, "profileExists": true, "collectors": [], "createdCount": 0}, "__N_SSG": true}, "page": "/[username]", "query": {"username": "0x5067914c00e4a633eb1846c07ac252b655be161a"}, "buildId": "fPHzAE9c9nph2AUK0K_6u", "isFallback": false, "dynamicIds": [33196, 55458, 54746], "gsp": true, "scriptLoader": []}