{"props": {"pageProps": {"username": "0xf476cd75be8fdd197ae0b466a2ec2ae44da41897", "user": {"userIndex": 4521, "publicKey": "0xf476Cd75BE8Fdd197AE0b466A2ec2ae44Da41897", "username": "4156", "profileImageUrl": "https://f8n-production.s3.amazonaws.com/creators/profile/dfkryt1mu-zcbj77de-400x400-jpg-jsb4fw.jpg", "coverImageUrl": "https://f8n-production.s3.amazonaws.com/creators/profile/dxj28ilxv-unnamed-1-png-swmuy7.png", "name": "4156", "bio": "ProoF oF ApE:\nhttp://etherscan.io/verifySig/2394", "isApprovedCreator": true, "moderationStatus": "ACTIVE", "joinedWaitlistAt": null, "createdAt": "2021-02-26T21:46:37.595298", "migratedToUser": null, "isApprovedForMigrationAt": null, "firstName": null, "lastName": null, "isAdmin": false, "links": {"tiktok": {"handle": "", "platform": "tiktok"}, "twitch": {"handle": "", "platform": "twitch"}, "discord": {"handle": "", "platform": "discord"}, "twitter": {"handle": "punk4156", "platform": "twitter"}, "website": {"handle": "", "platform": "website"}, "youtube": {"handle": "", "platform": "youtube"}, "facebook": {"handle": "", "platform": "facebook"}, "snapchat": {"handle": "", "platform": "snapchat"}, "instagram": {"handle": "", "platform": "instagram"}}, "acceptedInvite": {"senderPublicKey": "0xf8f1763B20207BFF46fbb980D728D6E700E4E808", "redeemerPublicKey": "0xf476Cd75BE8Fdd197AE0b466A2ec2ae44Da41897", "redeemedAt": "2021-02-28T12:27:54.133"}, "twitSocialVerifs": [{"id": "fdcda365-266c-4968-ac72-e70ff24126bc", "user": "0xf476Cd75BE8Fdd197AE0b466A2ec2ae44Da41897", "createdAt": "2021-03-22T21:21:17.373213", "updatedAt": "2021-03-22T21:21:17.941878", "lastCheckedAt": "2021-03-22T21:21:17.892", "socialVerificationURL": "https://twitter.com/punk4156/status/1374108787779461127?s=20", "verificationText": "I\u2019m on @withFND \ud83c\udf10\n\n0xf476Cd75BE8Fdd197AE0b466A2ec2ae44Da41897\n\nhttps://t.co/ZiyHTG21ZA", "userId": "1362443063432531968", "username": "punk4156", "isValid": true, "service": "TWITTER", "failedReason": null, "status": null}], "instaSocialVerifs": []}, "profileExists": true, "collectors": [{"userIndex": 3725, "publicKey": "0x0150B0ec3c7b72879FbfdbDD79c18a8368B194E0", "username": "Aito", "profileImageUrl": "https://f8n-production.s3.amazonaws.com/creators/profile/6rfsu1wgr-te-le-chargement-jpeg-ou9rte.jpeg", "coverImageUrl": "", "name": "Aito", "bio": "a r t ", "isApprovedCreator": false, "moderationStatus": "ACTIVE", "joinedWaitlistAt": null, "createdAt": "2021-02-25T15:46:03.219345", "migratedToUser": null, "isApprovedForMigrationAt": null, "follows": [], "highestBidAuctions": [{"endsAt": "2021-03-04T20:55:33"}], "highestBidAuctions_aggregate": {"aggregate": {"count": 1}}}, {"userIndex": null, "publicKey": "0x3a7fCDc1fa3cc36827822d13e63f2A3f424AE5C0", "username": null, "profileImageUrl": null, "coverImageUrl": null, "name": null, "bio": null, "isApprovedCreator": false, "moderationStatus": "ACTIVE", "joinedWaitlistAt": null, "createdAt": "2021-03-01T15:44:20.541736", "migratedToUser": null, "isApprovedForMigrationAt": null, "follows": [], "highestBidAuctions": [{"endsAt": "2021-03-02T18:19:07"}], "highestBidAuctions_aggregate": {"aggregate": {"count": 1}}}, {"userIndex": 23978, "publicKey": "0x792B37c2244ECc0bc18aD193498f17B27EfAe7d9", "username": "33nft", "profileImageUrl": "https://f8n-production.s3.amazonaws.com/creators/profile/baxnlos1r-33new-jpeg-o0sjce.jpeg", "coverImageUrl": "", "name": "33", "bio": "", "isApprovedCreator": false, "moderationStatus": "ACTIVE", "joinedWaitlistAt": null, "createdAt": "2021-03-14T16:55:31.543997", "migratedToUser": null, "isApprovedForMigrationAt": null, "follows": [], "highestBidAuctions": [{"endsAt": "2021-03-26T14:48:25"}], "highestBidAuctions_aggregate": {"aggregate": {"count": 1}}}, {"userIndex": 24094, "publicKey": "0x845DDD44Fc7046C20F1DcfccbD0916c0AFA0FC69", "username": "Abo_BTC", "profileImageUrl": "https://f8n-production.s3.amazonaws.com/creators/profile/ag3d6kn23-unnamed-1-png-hx1ijh.png", "coverImageUrl": "", "name": "Abo BTC", "bio": "", "isApprovedCreator": false, "moderationStatus": "ACTIVE", "joinedWaitlistAt": null, "createdAt": "2021-03-23T21:53:59.858334", "migratedToUser": null, "isApprovedForMigrationAt": null, "follows": [], "highestBidAuctions": [{"endsAt": "2021-03-23T22:18:20"}], "highestBidAuctions_aggregate": {"aggregate": {"count": 1}}}, {"userIndex": 7064, "publicKey": "0x97E440C9eCA36042420304b4b7D7F67DD753F022", "username": "josepena", "profileImageUrl": "https://f8n-production.s3.amazonaws.com/creators/profile/jq4fguv5u-jp-logo-bw-jpg-r2aka1.jpg", "coverImageUrl": "https://f8n-production.s3.amazonaws.com/creators/profile/uzxl2s9ff-banner-bw-jpg-kjru02.jpg", "name": "Jos\u00e9 Pe\u00f1a", "bio": "I enjoy making meaningful things.\nAnimator & Designer.", "isApprovedCreator": true, "moderationStatus": "ACTIVE", "joinedWaitlistAt": null, "createdAt": "2021-02-26T17:40:17.929953", "migratedToUser": null, "isApprovedForMigrationAt": null, "follows": [], "highestBidAuctions": [{"endsAt": "2021-03-06T20:12:34"}], "highestBidAuctions_aggregate": {"aggregate": {"count": 1}}}, {"userIndex": 218, "publicKey": "0xBE81cCa2fc9F28E24EDE0363DDFcDcBA31Ab1E3f", "username": "m", "profileImageUrl": "https://f8n-production.s3.amazonaws.com/creators/profile/skn121zo8-fullsizeoutput-866-3-jpg-cbo1wp.jpg", "coverImageUrl": "", "name": "mike", "bio": "", "isApprovedCreator": true, "moderationStatus": "ACTIVE", "joinedWaitlistAt": "2021-05-29T19:37:32.035", "createdAt": "2021-02-02T20:47:47.524721", "migratedToUser": null, "isApprovedForMigrationAt": null, "follows": [], "highestBidAuctions": [{"endsAt": "2021-07-02T16:56:34"}], "highestBidAuctions_aggregate": {"aggregate": {"count": 1}}}, {"userIndex": 41780, "publicKey": "0xeD98464BDA3cE53a95B50f897556bEDE4316361c", "username": "sartoshi", "profileImageUrl": "https://f8n-production.s3.amazonaws.com/creators/profile/0mwc5b5s4-img-6507-jpg-jyvely.jpg", "coverImageUrl": "", "name": "sartoshi", "bio": "", "isApprovedCreator": true, "moderationStatus": "ACTIVE", "joinedWaitlistAt": null, "createdAt": "2021-04-09T06:59:13.080893", "migratedToUser": null, "isApprovedForMigrationAt": null, "follows": [], "highestBidAuctions": [{"endsAt": "2021-06-23T16:14:50"}], "highestBidAuctions_aggregate": {"aggregate": {"count": 1}}}, {"userIndex": 5534, "publicKey": "0xF4A12bC4596E1c3e19D512F76325B52D72D375CF", "username": "reylarsdam", "profileImageUrl": "https://f8n-production.s3.amazonaws.com/creators/profile/czgizo65e-reylarsdam-gif-0oq2zd.gif", "coverImageUrl": "https://f8n-production.s3.amazonaws.com/creators/profile/y26ylgt72-rari-jpg-at7pyj.jpg", "name": "REY", "bio": "My name is Pablo Esteban S\u00e1nchez Rijlaarsdam (AKA Reylarsdam, Rey for friends \ud83d\ude0e\ud83d\udc4d).\n \nI'm a Mexican/Dutch visual artist and I've been creating non-stop for the past 10 years.\n\nWelcome to my FND page", "isApprovedCreator": true, "moderationStatus": "ACTIVE", "joinedWaitlistAt": null, "createdAt": "2021-03-02T05:44:56.928339", "migratedToUser": null, "isApprovedForMigrationAt": null, "follows": [], "highestBidAuctions": [{"endsAt": "2021-07-13T18:29:44"}], "highestBidAuctions_aggregate": {"aggregate": {"count": 1}}}], "createdCount": 0}, "__N_SSG": true}, "page": "/[username]", "query": {"username": "0xf476cd75be8fdd197ae0b466a2ec2ae44da41897"}, "buildId": "fPHzAE9c9nph2AUK0K_6u", "isFallback": false, "dynamicIds": [33196, 55458, 54746], "gsp": true, "scriptLoader": []}