{"props": {"pageProps": {"username": "0x748659e38440a4e98e6f35ebdfb0fb90001e5c6d", "user": {"userIndex": 2229, "publicKey": "0x748659E38440A4E98e6f35ebDFb0Fb90001e5c6D", "username": "jjcworks", "profileImageUrl": "https://f8n-production.s3.amazonaws.com/creators/profile/eznu6ppvg-profile-jpg-1wtyi4.jpg", "coverImageUrl": "https://f8n-production.s3.amazonaws.com/creators/profile/d8nv169sx-untitled-1-jpg-98qxmv.jpg", "name": "Jerome Jofred", "bio": "19 Year old self-taught 3D artist from South India changing dreams, emotions and imagination to image files.\n", "isApprovedCreator": true, "moderationStatus": "ACTIVE", "joinedWaitlistAt": null, "createdAt": "2021-02-20T06:54:59.616376", "migratedToUser": null, "isApprovedForMigrationAt": null, "firstName": null, "lastName": null, "isAdmin": false, "links": {"tiktok": {"handle": "", "platform": "tiktok"}, "twitch": {"handle": "", "platform": "twitch"}, "discord": {"handle": "jjcworks#9068", "platform": "discord"}, "twitter": {"handle": "jjcworks", "platform": "twitter"}, "website": {"handle": "", "platform": "website"}, "youtube": {"handle": "", "platform": "youtube"}, "facebook": {"handle": "", "platform": "facebook"}, "snapchat": {"handle": "", "platform": "snapchat"}, "instagram": {"handle": "jjcworks", "platform": "instagram"}}, "acceptedInvite": {"senderPublicKey": "0x7629e7a0a5d274a84757Fb655864143DC9Fb5ED2", "redeemerPublicKey": "0x748659E38440A4E98e6f35ebDFb0Fb90001e5c6D", "redeemedAt": "2021-03-03T12:30:14.07"}, "twitSocialVerifs": [{"id": "ec267e7f-3c31-4f61-9c73-396d4b1da62a", "user": "0x748659E38440A4E98e6f35ebDFb0Fb90001e5c6D", "createdAt": "2021-03-29T03:48:11.676663", "updatedAt": "2021-03-29T03:48:15.549083", "lastCheckedAt": "2021-03-29T03:48:15.541", "socialVerificationURL": "https://twitter.com/jjcworks/status/1376380412721651719?s=21", "verificationText": "Can\u2019t believe I didn\u2019t verify my Twitter profile on Foundation \ud83e\udd26\ud83c\udffb\u200d\u2642\ufe0f \nWallet address:\n0x748659E38440A4E98e6f35ebDFb0Fb90001e5c6D", "userId": "1328904469052985344", "username": "jjcworks", "isValid": true, "service": "TWITTER", "failedReason": null, "status": null}], "instaSocialVerifs": [{"id": "4acaecba-0863-411a-b6c3-969430c5186f", "user": "0x748659E38440A4E98e6f35ebDFb0Fb90001e5c6D", "createdAt": "2021-04-20T11:16:41.431457", "updatedAt": "2021-04-20T11:16:41.431457", "lastCheckedAt": "2021-04-20T11:16:41.391", "socialVerificationURL": null, "verificationText": null, "userId": "17841404304601820", "username": "jjcworks", "isValid": true, "service": "INSTAGRAM", "failedReason": null, "status": null}]}, "profileExists": true, "collectors": [{"userIndex": 70990, "publicKey": "0x97a99Da15fc89d96B3FBE673ffD8f69F6ce7C9B1", "username": "mojomoby", "profileImageUrl": "https://f8n-production.s3.amazonaws.com/creators/profile/hfnulhmaj-moby-big-2021-png-zwtbwd.png", "coverImageUrl": "https://f8n-production.s3.amazonaws.com/creators/profile/arej9ny16-stairs-jpg-si5w8u.jpg", "name": "moby.eth", "bio": "Helping to spread the mojo!  \u2728\n\nI store other NFTs in my vault @mobyvault , for safe keeping.", "isApprovedCreator": true, "moderationStatus": "ACTIVE", "joinedWaitlistAt": "2021-05-25T22:59:34.514", "createdAt": "2021-05-25T22:56:03.233396", "migratedToUser": null, "isApprovedForMigrationAt": null, "follows": [], "highestBidAuctions": [{"endsAt": "2021-07-04T03:12:49"}], "highestBidAuctions_aggregate": {"aggregate": {"count": 1}}}, {"userIndex": 10609, "publicKey": "0x9b5C8aABf848a89B1378a930D42Fb094A7d94C74", "username": "ricky1337", "profileImageUrl": "https://f8n-production.s3.amazonaws.com/creators/profile/s983onsd9-portrait-daniel-jpeg-opbygr.jpeg", "coverImageUrl": "", "name": "ricky1337", "bio": "", "isApprovedCreator": false, "moderationStatus": "ACTIVE", "joinedWaitlistAt": null, "createdAt": "2021-03-03T07:26:27.049321", "migratedToUser": null, "isApprovedForMigrationAt": null, "follows": [], "highestBidAuctions": [{"endsAt": "2021-03-10T07:47:52"}], "highestBidAuctions_aggregate": {"aggregate": {"count": 1}}}, {"userIndex": 13346, "publicKey": "0xab3632eFf96cFC184F6CE73BCB87d96EAd14E8EA", "username": "0degree", "profileImageUrl": "", "coverImageUrl": "", "name": "0degree", "bio": "", "isApprovedCreator": false, "moderationStatus": "ACTIVE", "joinedWaitlistAt": null, "createdAt": "2021-03-04T02:24:01.492594", "migratedToUser": null, "isApprovedForMigrationAt": null, "follows": [], "highestBidAuctions": [{"endsAt": "2021-03-13T03:31:39"}], "highestBidAuctions_aggregate": {"aggregate": {"count": 1}}}, {"userIndex": 13569, "publicKey": "0xfc38641c2DBD49BCC0A746C68BAF4ae7BeD4d2F4", "username": "Pulkit", "profileImageUrl": "https://f8n-production.s3.amazonaws.com/creators/profile/oofadzv0w-pic-jpg-u4tlzi.jpg", "coverImageUrl": "https://f8n-production.s3.amazonaws.com/creators/profile/5kfu7m2py-cover-jpg-f2yas2.jpg", "name": "Pulkit Kudiwal", "bio": "I am a self-taught Digital 2D and 3D artist from India who has been creating for the last 4 years. I have been featured by Hindustan Times, Adobe Photoshop, Bored Panda, and many others.", "isApprovedCreator": true, "moderationStatus": "ACTIVE", "joinedWaitlistAt": null, "createdAt": "2021-03-12T16:02:32.371942", "migratedToUser": null, "isApprovedForMigrationAt": null, "follows": [], "highestBidAuctions": [{"endsAt": "2021-04-07T08:16:55"}], "highestBidAuctions_aggregate": {"aggregate": {"count": 1}}}], "createdCount": 0}, "__N_SSG": true}, "page": "/[username]", "query": {"username": "0x748659e38440a4e98e6f35ebdfb0fb90001e5c6d"}, "buildId": "fPHzAE9c9nph2AUK0K_6u", "isFallback": false, "dynamicIds": [33196, 55458, 54746], "gsp": true, "scriptLoader": []}