{"props": {"pageProps": {"username": "0xa3075cddd709dd8efd023f2af192fc2d8aabf2b2", "user": {"userIndex": 6461, "publicKey": "0xa3075cDdD709dD8EfD023f2aF192FC2D8AAbF2B2", "username": "catherinekochen", "profileImageUrl": "https://f8n-production.s3.amazonaws.com/creators/profile/itvgsydoh-000071210017-jpeg-o80eye.jpeg", "coverImageUrl": "", "name": "Catherine", "bio": "Artist and researcher based in London, UK. Interested in the things and the representation of the things.", "isApprovedCreator": true, "moderationStatus": "ACTIVE", "joinedWaitlistAt": null, "createdAt": "2021-03-03T18:46:47.394318", "migratedToUser": null, "isApprovedForMigrationAt": null, "firstName": null, "lastName": null, "isAdmin": false, "links": {"tiktok": {"handle": "", "platform": "tiktok"}, "twitch": {"handle": "", "platform": "twitch"}, "discord": {"handle": "", "platform": "discord"}, "twitter": {"handle": "catherinekochen", "platform": "twitter"}, "website": {"handle": "http://www.catherinekochen.com/", "platform": "website"}, "youtube": {"handle": "", "platform": "youtube"}, "facebook": {"handle": "", "platform": "facebook"}, "snapchat": {"handle": "", "platform": "snapchat"}, "instagram": {"handle": "catherinekochen", "platform": "instagram"}}, "acceptedInvite": {"senderPublicKey": "0x5740BfB810DA95e5B443599f1F0B192F2513ecf6", "redeemerPublicKey": "0xa3075cDdD709dD8EfD023f2aF192FC2D8AAbF2B2", "redeemedAt": "2021-03-03T18:50:00.155"}, "twitSocialVerifs": [], "instaSocialVerifs": []}, "profileExists": true, "collectors": [], "createdCount": 0}, "__N_SSG": true}, "page": "/[username]", "query": {"username": "0xa3075cddd709dd8efd023f2af192fc2d8aabf2b2"}, "buildId": "fPHzAE9c9nph2AUK0K_6u", "isFallback": false, "dynamicIds": [33196, 55458, 54746], "gsp": true, "scriptLoader": []}