{"props": {"pageProps": {"username": "0x9d1c3dd03600c46ead7fbfbf011ea670ee4c7fd4", "user": {"userIndex": 12361, "publicKey": "0x9d1C3dD03600C46EaD7FbFBf011Ea670EE4c7FD4", "username": "taibhsiuil", "profileImageUrl": "https://f8n-production.s3.amazonaws.com/creators/profile/msp9xvccb-bio-jpg-5w3q8g.jpg", "coverImageUrl": "", "name": "Taibhsiuil", "bio": "collector of rarities", "isApprovedCreator": false, "moderationStatus": "ACTIVE", "joinedWaitlistAt": null, "createdAt": "2021-03-08T10:56:41.707765", "migratedToUser": null, "isApprovedForMigrationAt": null, "firstName": null, "lastName": null, "isAdmin": false, "links": {"tiktok": {"handle": "", "platform": "tiktok"}, "twitch": {"handle": "", "platform": "twitch"}, "discord": {"handle": "", "platform": "discord"}, "twitter": {"handle": "", "platform": "twitter"}, "website": {"handle": "", "platform": "website"}, "youtube": {"handle": "", "platform": "youtube"}, "facebook": {"handle": "", "platform": "facebook"}, "snapchat": {"handle": "", "platform": "snapchat"}, "instagram": {"handle": "", "platform": "instagram"}}, "acceptedInvite": null, "twitSocialVerifs": [{"id": "c9f0f683-31db-4502-8d85-41e70cf3a5a0", "user": "0x9d1C3dD03600C46EaD7FbFBf011Ea670EE4c7FD4", "createdAt": "2021-05-10T10:36:14.997776", "updatedAt": "2021-05-10T10:36:17.116227", "lastCheckedAt": "2021-05-10T10:36:17.082", "socialVerificationURL": "https://twitter.com/Taibhsiuil1/status/1391703492734115840", "verificationText": "I\u2019m on @withFND \ud83c\udf10\n\n0x9d1C3dD03600C46EaD7FbFBf011Ea670EE4c7FD4\n\nhttps://t.co/kqxAubbVlm", "userId": "1368867191408443392", "username": "Taibhsiuil1", "isValid": true, "service": "TWITTER", "failedReason": null, "status": null}], "instaSocialVerifs": []}, "profileExists": true, "collectors": [], "createdCount": 0}, "__N_SSG": true}, "page": "/[username]", "query": {"username": "0x9d1c3dd03600c46ead7fbfbf011ea670ee4c7fd4"}, "buildId": "fPHzAE9c9nph2AUK0K_6u", "isFallback": false, "dynamicIds": [33196, 55458, 54746], "gsp": true, "scriptLoader": []}