{"props": {"pageProps": {"username": "0xf500b563ae401a17b1288b65885106eebdd6992f", "user": {"userIndex": 38459, "publicKey": "0xF500B563aE401A17B1288B65885106eEBDd6992F", "username": "sirreal", "profileImageUrl": "https://f8n-production.s3.amazonaws.com/creators/profile/xw3k66x20-sirreal-jpg-x1bo5l.jpg", "coverImageUrl": "https://f8n-production.s3.amazonaws.com/creators/profile/4koy7jy9u-sirreal-jpg-yuf4bz.jpg", "name": "Sir REAL", "bio": "An artist from the Far East, currently living in the US. I am trying to make sense of the world by working out what is real and what is not.", "isApprovedCreator": true, "moderationStatus": "ACTIVE", "joinedWaitlistAt": null, "createdAt": "2021-04-05T19:04:27.975013", "migratedToUser": null, "isApprovedForMigrationAt": null, "firstName": null, "lastName": null, "isAdmin": false, "links": {"tiktok": {"handle": "", "platform": "tiktok"}, "twitch": {"handle": "", "platform": "twitch"}, "discord": {"handle": "", "platform": "discord"}, "twitter": {"handle": "", "platform": "twitter"}, "website": {"handle": "", "platform": "website"}, "youtube": {"handle": "", "platform": "youtube"}, "facebook": {"handle": "", "platform": "facebook"}, "snapchat": {"handle": "", "platform": "snapchat"}, "instagram": {"handle": "", "platform": "instagram"}}, "acceptedInvite": {"senderPublicKey": "0x8c5461D9b6992D12FAd3Ae70943066BD32f9A86C", "redeemerPublicKey": "0xF500B563aE401A17B1288B65885106eEBDd6992F", "redeemedAt": "2021-04-05T19:07:03.356"}, "twitSocialVerifs": [{"id": "d9dfbb5d-8f19-48ce-8013-374273f0696f", "user": "0xF500B563aE401A17B1288B65885106eEBDd6992F", "createdAt": "2021-04-05T19:22:03.563645", "updatedAt": "2021-04-05T19:22:04.530324", "lastCheckedAt": "2021-04-05T19:22:04.519", "socialVerificationURL": "https://twitter.com/SirREAL2003/status/1379152250807943169?s=20", "verificationText": "\ud83d\udda4 0xF500B563aE401A17B1288B65885106eEBDd6992F", "userId": "1379150334669512705", "username": "SirREAL2003", "isValid": true, "service": "TWITTER", "failedReason": null, "status": null}], "instaSocialVerifs": []}, "profileExists": true, "collectors": [], "createdCount": 0}, "__N_SSG": true}, "page": "/[username]", "query": {"username": "0xf500b563ae401a17b1288b65885106eebdd6992f"}, "buildId": "fPHzAE9c9nph2AUK0K_6u", "isFallback": false, "dynamicIds": [33196, 55458, 54746], "gsp": true, "scriptLoader": []}