{"props": {"pageProps": {"username": "0x9aef7c447f6bc8d010b22aff52d5b67785ed942c", "user": {"userIndex": null, "publicKey": "0x9AEF7C447F6BC8D010B22afF52d5b67785ED942C", "username": null, "profileImageUrl": null, "coverImageUrl": null, "name": null, "bio": null, "isApprovedCreator": false, "moderationStatus": "ACTIVE", "joinedWaitlistAt": null, "createdAt": "2021-03-19T07:42:43.737947", "migratedToUser": null, "isApprovedForMigrationAt": null, "firstName": null, "lastName": null, "isAdmin": false, "links": {}, "acceptedInvite": null, "twitSocialVerifs": [], "instaSocialVerifs": []}, "profileExists": true, "collectors": [], "createdCount": 0}, "__N_SSG": true}, "page": "/[username]", "query": {"username": "0x9aef7c447f6bc8d010b22aff52d5b67785ed942c"}, "buildId": "fPHzAE9c9nph2AUK0K_6u", "isFallback": false, "dynamicIds": [33196, 55458, 54746], "gsp": true, "scriptLoader": []}