{"props": {"pageProps": {"username": "0xdf491c713dccb1881bd8fd97a1e3ee66eb8406a2", "user": {"userIndex": 45759, "publicKey": "0xdf491C713dCcb1881Bd8fd97A1E3ee66eb8406a2", "username": "980702", "profileImageUrl": "https://f8n-production.s3.amazonaws.com/creators/profile/t2q402ud5-png-wtjsh8.png", "coverImageUrl": "https://f8n-production.s3.amazonaws.com/creators/profile/bfpo7tojt-zxcvb-png-nlxepc.png", "name": "980702", "bio": "https://www.instagram.com/98070.2/", "isApprovedCreator": true, "moderationStatus": "ACTIVE", "joinedWaitlistAt": null, "createdAt": "2021-04-13T15:13:56.954369", "migratedToUser": null, "isApprovedForMigrationAt": null, "firstName": null, "lastName": null, "isAdmin": false, "links": {"tiktok": {"handle": "", "platform": "tiktok"}, "twitch": {"handle": "", "platform": "twitch"}, "discord": {"handle": "\uce68\ud32c\uce58#3113", "platform": "discord"}, "twitter": {"handle": "", "platform": "twitter"}, "website": {"handle": "", "platform": "website"}, "youtube": {"handle": "", "platform": "youtube"}, "facebook": {"handle": "profile.php?id=100004893941871", "platform": "facebook"}, "snapchat": {"handle": "", "platform": "snapchat"}, "instagram": {"handle": "980702", "platform": "instagram"}}, "acceptedInvite": {"senderPublicKey": "0x462ef9d93bC037B104C84bB90F167f6B6A511581", "redeemerPublicKey": "0xdf491C713dCcb1881Bd8fd97A1E3ee66eb8406a2", "redeemedAt": "2021-04-13T15:13:59.988"}, "twitSocialVerifs": [{"id": "361fbaa8-ceed-41e7-8186-ccaa2427576d", "user": "0xdf491C713dCcb1881Bd8fd97A1E3ee66eb8406a2", "createdAt": "2021-04-13T15:18:52.389161", "updatedAt": "2021-04-13T15:18:54.89627", "lastCheckedAt": "2021-04-13T15:18:54.879", "socialVerificationURL": "https://twitter.com/rccXKrhysiz3jV1/status/1381990149156823040", "verificationText": "I\u2019m on @withFND \ud83c\udf10\n\n0xdf491C713dCcb1881Bd8fd97A1E3ee66eb8406a2\n\nhttps://t.co/Wjjz2AoL3Q", "userId": "1349158716558299137", "username": "rccXKrhysiz3jV1", "isValid": true, "service": "TWITTER", "failedReason": null, "status": null}], "instaSocialVerifs": []}, "profileExists": true, "collectors": [], "createdCount": 0}, "__N_SSG": true}, "page": "/[username]", "query": {"username": "0xdf491c713dccb1881bd8fd97a1e3ee66eb8406a2"}, "buildId": "fPHzAE9c9nph2AUK0K_6u", "isFallback": false, "dynamicIds": [33196, 55458, 54746], "gsp": true, "scriptLoader": []}