{"props": {"pageProps": {"username": "0x7423da99a6d914ff58f1c6dfb5e5422cb59e4158", "user": {"userIndex": 44654, "publicKey": "0x7423dA99A6D914Ff58f1C6DfB5e5422Cb59e4158", "username": "Lazmitev", "profileImageUrl": "https://f8n-production.s3.amazonaws.com/creators/profile/8127xd4se-cold-death-2-30x43-4-jpg-s2u4si.jpg", "coverImageUrl": "https://f8n-production.s3.amazonaws.com/creators/profile/p09djglkw-img-20200919-195428-jpg-mkkr1p.jpg", "name": "Lazar Mitev", "bio": "I work in 3D and 2D\nBoth Digital and traditional\nI mix both thus creating my own watercolor/digital style of pieces.", "isApprovedCreator": true, "moderationStatus": "ACTIVE", "joinedWaitlistAt": null, "createdAt": "2021-04-10T23:09:09.174127", "migratedToUser": null, "isApprovedForMigrationAt": null, "firstName": null, "lastName": null, "isAdmin": false, "links": {"tiktok": {"handle": "", "platform": "tiktok"}, "twitch": {"handle": "", "platform": "twitch"}, "discord": {"handle": "Lazmitev#8455", "platform": "discord"}, "twitter": {"handle": "", "platform": "twitter"}, "website": {"handle": "https://www.liinks.co/lazmitev", "platform": "website"}, "youtube": {"handle": "", "platform": "youtube"}, "facebook": {"handle": "", "platform": "facebook"}, "snapchat": {"handle": "", "platform": "snapchat"}, "instagram": {"handle": "https://www.instagram.com/lazmitev/", "platform": "instagram"}}, "acceptedInvite": {"senderPublicKey": "0xEB6e8e9e816d34bF2Ba1a598828aaCfE61e799D4", "redeemerPublicKey": "0x7423dA99A6D914Ff58f1C6DfB5e5422Cb59e4158", "redeemedAt": "2021-04-12T10:59:32.059"}, "twitSocialVerifs": [{"id": "9256a134-af4b-4f58-9413-2c9b47db8e0c", "user": "0x7423dA99A6D914Ff58f1C6DfB5e5422Cb59e4158", "createdAt": "2021-04-12T10:44:15.704859", "updatedAt": "2021-04-12T10:44:21.090011", "lastCheckedAt": "2021-04-12T10:44:21.077", "socialVerificationURL": "https://twitter.com/uUQ05dVABy06fPl/status/1381558547385835523", "verificationText": "I\u2019m on @withFND \ud83c\udf10\n\n0x7423dA99A6D914Ff58f1C6DfB5e5422Cb59e4158\n\nhttps://t.co/TY8wuxPcCH", "userId": "1093117084916240384", "username": "uUQ05dVABy06fPl", "isValid": true, "service": "TWITTER", "failedReason": null, "status": null}], "instaSocialVerifs": []}, "profileExists": true, "collectors": [], "createdCount": 0}, "__N_SSG": true}, "page": "/[username]", "query": {"username": "0x7423da99a6d914ff58f1c6dfb5e5422cb59e4158"}, "buildId": "fPHzAE9c9nph2AUK0K_6u", "isFallback": false, "dynamicIds": [33196, 55458, 54746], "gsp": true, "scriptLoader": []}