{"props": {"pageProps": {"username": "0x00f7d0175e3aac3f2c90da0e41f61480d55339f1", "user": {"userIndex": 74211, "publicKey": "0x00f7d0175e3AAc3f2C90Da0E41f61480d55339F1", "username": "kylehelmond", "profileImageUrl": "https://f8n-production.s3.amazonaws.com/creators/profile/1dbg87fh6-aa893341-48f7-45aa-aad5-84370a50d304-jpeg-szomw3.jpeg", "coverImageUrl": "https://f8n-production.s3.amazonaws.com/creators/profile/s4aispzvk-8e3a4ad2-b282-4cd3-9046-568cd2d7369f-jpeg-inzm4g.jpeg", "name": "Kyle Helmond", "bio": "Landscape photographer. \nConquistador of the useless. \nI always wanted to be a tenenbaum. ", "isApprovedCreator": true, "moderationStatus": "ACTIVE", "joinedWaitlistAt": null, "createdAt": "2021-06-03T22:34:45.501567", "migratedToUser": null, "isApprovedForMigrationAt": null, "firstName": null, "lastName": null, "isAdmin": false, "links": {"tiktok": {"handle": "", "platform": "tiktok"}, "twitch": {"handle": "", "platform": "twitch"}, "discord": {"handle": "", "platform": "discord"}, "twitter": {"handle": "", "platform": "twitter"}, "website": {"handle": "www.kylehelmond.com", "platform": "website"}, "youtube": {"handle": "", "platform": "youtube"}, "facebook": {"handle": "", "platform": "facebook"}, "snapchat": {"handle": "", "platform": "snapchat"}, "instagram": {"handle": "", "platform": "instagram"}}, "acceptedInvite": {"senderPublicKey": "0x089D3D1A1d25F565BC556D7f10b0fb35ddfd2cE4", "redeemerPublicKey": "0x00f7d0175e3AAc3f2C90Da0E41f61480d55339F1", "redeemedAt": "2021-06-03T22:34:59.506"}, "twitSocialVerifs": [{"id": "0df251fe-ce8d-43b5-b0df-6962e73229c0", "user": "0x00f7d0175e3AAc3f2C90Da0E41f61480d55339F1", "createdAt": "2021-06-04T02:45:24.395599", "updatedAt": "2021-06-04T02:45:26.248531", "lastCheckedAt": "2021-06-04T02:45:26.227", "socialVerificationURL": "https://twitter.com/kylehelmond/status/1400644736336211979?s=21", "verificationText": "I\u2019m on @withFND \ud83c\udf10\n\n0x00f7d0175e3AAc3f2C90Da0E41f61480d55339F1\n\nhttps://t.co/3KVqzbNwHP", "userId": "480366688", "username": "kylehelmond", "isValid": true, "service": "TWITTER", "failedReason": null, "status": null}], "instaSocialVerifs": [{"id": "a1d00696-1a02-489a-b115-44757f363c79", "user": "0x00f7d0175e3AAc3f2C90Da0E41f61480d55339F1", "createdAt": "2021-06-03T22:41:35.482559", "updatedAt": "2021-06-03T22:41:35.482559", "lastCheckedAt": "2021-06-03T22:41:35.479", "socialVerificationURL": null, "verificationText": null, "userId": "17841401168620015", "username": "kylehelmond", "isValid": true, "service": "INSTAGRAM", "failedReason": null, "status": null}]}, "profileExists": true, "collectors": [{"userIndex": 1563, "publicKey": "0x378BCce7235D53BBc3774BFf8559191F06E6818E", "username": "caktux", "profileImageUrl": "https://f8n-production.s3.amazonaws.com/creators/profile/fallmzs84-baloo-caktux-by-mbsjq-jpg-gc9ch1.jpg", "coverImageUrl": "https://f8n-production.s3.amazonaws.com/creators/profile/cxp6nlcoa-worldeaterswarm-header-jpeg-inep1u.jpeg", "name": "Vince", "bio": "", "isApprovedCreator": false, "moderationStatus": "ACTIVE", "joinedWaitlistAt": null, "createdAt": "2021-02-16T14:09:30.455424", "migratedToUser": null, "isApprovedForMigrationAt": null, "follows": [], "highestBidAuctions": [{"endsAt": "2021-06-08T20:20:00"}], "highestBidAuctions_aggregate": {"aggregate": {"count": 1}}}], "createdCount": 0}, "__N_SSG": true}, "page": "/[username]", "query": {"username": "0x00f7d0175e3aac3f2c90da0e41f61480d55339f1"}, "buildId": "fPHzAE9c9nph2AUK0K_6u", "isFallback": false, "dynamicIds": [33196, 55458, 54746], "gsp": true, "scriptLoader": []}