{"props": {"pageProps": {"username": "0x69920af1f78a3d725e323f29d458cfb6d16c4b70", "user": {"userIndex": 49504, "publicKey": "0x69920Af1F78A3d725E323F29D458cfB6D16C4B70", "username": "josephsatter", "profileImageUrl": "https://f8n-production.s3.amazonaws.com/creators/profile/s1hy6mpes-3-jpg-yusess.jpg", "coverImageUrl": "https://f8n-production.s3.amazonaws.com/creators/profile/ikdmdc1r3-for-fnds-jpg-javfsm.jpg", "name": "Joseph Satter", "bio": "Hi! \nI am Alexander, artist from Kyrgyzstan.\nI create worlds and stories in my own art.\nGlad to see everyone!\n\n3D Artist, Graphic designer, NFT artist.", "isApprovedCreator": true, "moderationStatus": "ACTIVE", "joinedWaitlistAt": null, "createdAt": "2021-04-18T14:03:07.016387", "migratedToUser": null, "isApprovedForMigrationAt": null, "firstName": null, "lastName": null, "isAdmin": false, "links": {"tiktok": {"handle": "", "platform": "tiktok"}, "twitch": {"handle": "", "platform": "twitch"}, "discord": {"handle": "josephsatter#9785", "platform": "discord"}, "twitter": {"handle": "", "platform": "twitter"}, "website": {"handle": "https://www.artstation.com/josephsatter", "platform": "website"}, "youtube": {"handle": "", "platform": "youtube"}, "facebook": {"handle": "", "platform": "facebook"}, "snapchat": {"handle": "", "platform": "snapchat"}, "instagram": {"handle": "@josephsatter", "platform": "instagram"}}, "acceptedInvite": {"senderPublicKey": "0xD56262c98068AF239818B691723EAcC06d3BDfed", "redeemerPublicKey": "0x69920Af1F78A3d725E323F29D458cfB6D16C4B70", "redeemedAt": "2021-04-18T14:03:24.531"}, "twitSocialVerifs": [{"id": "ee2d3726-cda0-490d-8a22-c163a283a049", "user": "0x69920Af1F78A3d725E323F29D458cfB6D16C4B70", "createdAt": "2021-04-18T14:12:26.367939", "updatedAt": "2021-04-18T14:12:28.413136", "lastCheckedAt": "2021-04-18T14:12:28.406", "socialVerificationURL": "https://twitter.com/josephsatter2/status/1383785281833160705", "verificationText": "I\u2019m on @withFND \ud83c\udf10\n\n0x69920Af1F78A3d725E323F29D458cfB6D16C4B70\n\nhttps://t.co/rdyH2AMW9l", "userId": "1376194451148840960", "username": "josephsatter2", "isValid": true, "service": "TWITTER", "failedReason": null, "status": null}], "instaSocialVerifs": [{"id": "47b453e5-d94c-469b-817b-6e8060add8c5", "user": "0x69920Af1F78A3d725E323F29D458cfB6D16C4B70", "createdAt": "2021-04-21T20:18:18.683218", "updatedAt": "2021-04-21T20:18:18.683218", "lastCheckedAt": "2021-04-21T20:18:18.68", "socialVerificationURL": null, "verificationText": null, "userId": "17841404421959997", "username": "josephsatter", "isValid": true, "service": "INSTAGRAM", "failedReason": null, "status": null}]}, "profileExists": true, "collectors": [], "createdCount": 0}, "__N_SSG": true}, "page": "/[username]", "query": {"username": "0x69920af1f78a3d725e323f29d458cfb6d16c4b70"}, "buildId": "fPHzAE9c9nph2AUK0K_6u", "isFallback": false, "dynamicIds": [33196, 55458, 54746], "gsp": true, "scriptLoader": []}