{"props": {"pageProps": {"username": "0xe0e1bf9d035f6d2f2ac889b467841e6148b117dd", "user": {"userIndex": 28161, "publicKey": "0xE0E1bf9D035f6d2f2ac889B467841E6148b117dd", "username": "paperboyo", "profileImageUrl": "https://f8n-production.s3.amazonaws.com/creators/profile/q4gk17a1x-mecropped-jpg-mdmznh.jpg", "coverImageUrl": "https://f8n-production.s3.amazonaws.com/creators/profile/oazik5pop-nft-tease-jpg-lrswrt.jpg", "name": "paperboyo", "bio": "Since 2015 Rich McCor, who goes by the alias, paperboyo, has travelled the globe with bespoke paper cut-outs and his camera to transform famous, and not so famous, scenery into something new. ", "isApprovedCreator": true, "moderationStatus": "ACTIVE", "joinedWaitlistAt": "2021-03-26T15:05:07.896", "createdAt": "2021-03-26T14:55:03.79898", "migratedToUser": null, "isApprovedForMigrationAt": null, "firstName": null, "lastName": null, "isAdmin": false, "links": {"tiktok": {"handle": "", "platform": "tiktok"}, "twitch": {"handle": "", "platform": "twitch"}, "discord": {"handle": "", "platform": "discord"}, "twitter": {"handle": "", "platform": "twitter"}, "website": {"handle": "www.instagram.com/paperboyo", "platform": "website"}, "youtube": {"handle": "", "platform": "youtube"}, "facebook": {"handle": "paperboyo", "platform": "facebook"}, "snapchat": {"handle": "", "platform": "snapchat"}, "instagram": {"handle": "paperboyo", "platform": "instagram"}}, "acceptedInvite": {"senderPublicKey": "0x7C141BbAE844B045357D64Acfee0F6eE4953b3D9", "redeemerPublicKey": "0xE0E1bf9D035f6d2f2ac889B467841E6148b117dd", "redeemedAt": "2021-06-14T08:53:24.895"}, "twitSocialVerifs": [{"id": "7dd32c94-bfe8-44c7-972b-cb586aa0f8e4", "user": "0xE0E1bf9D035f6d2f2ac889B467841E6148b117dd", "createdAt": "2021-03-26T15:04:50.733262", "updatedAt": "2021-03-26T15:04:53.482598", "lastCheckedAt": "2021-03-26T15:04:53.472", "socialVerificationURL": "https://twitter.com/paperboyotweets/status/1375462658804215808", "verificationText": "I\u2019m on @withFND \ud83c\udf10\n\n0xE0E1bf9D035f6d2f2ac889B467841E6148b117dd\n\nhttps://t.co/mZdxf3Auml", "userId": "1304427263430201349", "username": "paperboyotweets", "isValid": true, "service": "TWITTER", "failedReason": null, "status": null}], "instaSocialVerifs": [{"id": "0f39fcc8-b3b1-4c97-9a55-5618b76b6375", "user": "0xE0E1bf9D035f6d2f2ac889B467841E6148b117dd", "createdAt": "2021-06-12T12:05:50.78266", "updatedAt": "2021-06-12T12:05:50.78266", "lastCheckedAt": "2021-06-12T12:05:50.761", "socialVerificationURL": null, "verificationText": null, "userId": "17841401599744111", "username": "paperboyo", "isValid": true, "service": "INSTAGRAM", "failedReason": null, "status": null}]}, "profileExists": true, "collectors": [{"userIndex": 86094, "publicKey": "0xeD1Da9DA6Dc03401b7B31AD9D9d529Af3C924a3F", "username": "_Unnamed_", "profileImageUrl": "", "coverImageUrl": "", "name": "_Unnamed_", "bio": "Moved to a new address, but you can find me on Foundation and Twitter as 'w3arth'. Thanks \ud83d\ude43", "isApprovedCreator": false, "moderationStatus": "ACTIVE", "joinedWaitlistAt": null, "createdAt": "2021-05-28T12:02:53.753285", "migratedToUser": null, "isApprovedForMigrationAt": null, "follows": [], "highestBidAuctions": [{"endsAt": "2021-07-15T22:45:33"}], "highestBidAuctions_aggregate": {"aggregate": {"count": 2}}}], "createdCount": 0}, "__N_SSG": true}, "page": "/[username]", "query": {"username": "0xe0e1bf9d035f6d2f2ac889b467841e6148b117dd"}, "buildId": "fPHzAE9c9nph2AUK0K_6u", "isFallback": false, "dynamicIds": [33196, 55458, 54746], "gsp": true, "scriptLoader": []}