{"props": {"pageProps": {"username": "0xe6633e92f12a23b465e09944d551bbaefa8e36e4", "user": {"userIndex": 25736, "publicKey": "0xE6633E92F12a23B465e09944D551BBaEfA8e36E4", "username": "nelsondearaujodesign", "profileImageUrl": "https://f8n-production.s3.amazonaws.com/creators/profile/6srj4fjj7-000028-1-1-jpg-rl0q7x.jpg", "coverImageUrl": "https://f8n-production.s3.amazonaws.com/creators/profile/dzs090s7v-11144-jpg-bss1ay.jpg", "name": "Nelson de Ara\u00fajo", "bio": "Nelson de Ara\u00fajo Design is a multidisciplinary studio, with an extensive  know-how in design and 3D visualization.", "isApprovedCreator": true, "moderationStatus": "ACTIVE", "joinedWaitlistAt": "2021-03-24T22:55:09.144", "createdAt": "2021-03-17T21:58:36.262225", "migratedToUser": null, "isApprovedForMigrationAt": null, "firstName": null, "lastName": null, "isAdmin": false, "links": {"tiktok": {"handle": "", "platform": "tiktok"}, "twitch": {"handle": "", "platform": "twitch"}, "discord": {"handle": "", "platform": "discord"}, "twitter": {"handle": "", "platform": "twitter"}, "website": {"handle": "https://www.nelsondearaujodesign.com/", "platform": "website"}, "youtube": {"handle": "", "platform": "youtube"}, "facebook": {"handle": "", "platform": "facebook"}, "snapchat": {"handle": "", "platform": "snapchat"}, "instagram": {"handle": "nelsondearaujodesign", "platform": "instagram"}}, "acceptedInvite": {"senderPublicKey": "0x386376a1B85033661F64Eb6001ba524cB2142F55", "redeemerPublicKey": "0xE6633E92F12a23B465e09944D551BBaEfA8e36E4", "redeemedAt": "2021-03-25T11:26:55.096"}, "twitSocialVerifs": [{"id": "1a15da6c-1e66-442f-b19c-d044c129f19b", "user": "0xE6633E92F12a23B465e09944D551BBaEfA8e36E4", "createdAt": "2021-03-24T21:52:40.443187", "updatedAt": "2021-03-24T21:52:45.592878", "lastCheckedAt": "2021-03-24T21:52:45.588", "socialVerificationURL": "https://twitter.com/nelsonde_araujo/status/1374841546097491977", "verificationText": "I\u2019m on @withFND \ud83c\udf10\n\n0xE6633E92F12a23B465e09944D551BBaEfA8e36E4\n\nhttps://t.co/hQJKRyGpEG", "userId": "1373296336087420928", "username": "nelsonde_araujo", "isValid": true, "service": "TWITTER", "failedReason": null, "status": null}], "instaSocialVerifs": [{"id": "0f3ce747-dfaa-44fb-b554-fd0ef77a8e1e", "user": "0xE6633E92F12a23B465e09944D551BBaEfA8e36E4", "createdAt": "2021-04-21T20:35:07.338489", "updatedAt": "2021-04-21T20:35:07.338489", "lastCheckedAt": "2021-04-21T20:35:07.313", "socialVerificationURL": null, "verificationText": null, "userId": "17841406426520527", "username": "nelsondearaujodesign", "isValid": true, "service": "INSTAGRAM", "failedReason": null, "status": null}]}, "profileExists": true, "collectors": [], "createdCount": 0}, "__N_SSG": true}, "page": "/[username]", "query": {"username": "0xe6633e92f12a23b465e09944d551bbaefa8e36e4"}, "buildId": "fPHzAE9c9nph2AUK0K_6u", "isFallback": false, "dynamicIds": [33196, 55458, 54746], "gsp": true, "scriptLoader": []}