{"props": {"pageProps": {"username": "0x5424aa2bf1a5078cd70aebfe6b0f2ae19cd37c05", "user": {"userIndex": 47424, "publicKey": "0x5424Aa2Bf1A5078cd70aeBfe6b0f2aE19cD37C05", "username": "Don_shrimp", "profileImageUrl": "https://f8n-production.s3.amazonaws.com/creators/profile/4vr56ff3q-profile-png-0m3zcz.png", "coverImageUrl": "https://f8n-production.s3.amazonaws.com/creators/profile/vnpdg5l18-cover-3-jpg-w932ra.jpg", "name": "Don Shrimp", "bio": "Digital Artist", "isApprovedCreator": true, "moderationStatus": "ACTIVE", "joinedWaitlistAt": "2021-04-15T17:34:21.23", "createdAt": "2021-04-15T16:44:50.237106", "migratedToUser": null, "isApprovedForMigrationAt": null, "firstName": null, "lastName": null, "isAdmin": false, "links": {"tiktok": {"handle": "", "platform": "tiktok"}, "twitch": {"handle": "", "platform": "twitch"}, "discord": {"handle": "", "platform": "discord"}, "twitter": {"handle": "", "platform": "twitter"}, "website": {"handle": "", "platform": "website"}, "youtube": {"handle": "", "platform": "youtube"}, "facebook": {"handle": "", "platform": "facebook"}, "snapchat": {"handle": "", "platform": "snapchat"}, "instagram": {"handle": "", "platform": "instagram"}}, "acceptedInvite": {"senderPublicKey": "0x5023D6C1FC2a9879249cae026d5E7F2dd23e5cDe", "redeemerPublicKey": "0x5424Aa2Bf1A5078cd70aeBfe6b0f2aE19cD37C05", "redeemedAt": "2021-06-23T10:23:05.677"}, "twitSocialVerifs": [{"id": "00508140-ef00-4277-a370-aada88411d45", "user": "0x5424Aa2Bf1A5078cd70aeBfe6b0f2aE19cD37C05", "createdAt": "2021-04-15T17:38:31.064671", "updatedAt": "2021-04-15T17:38:33.928886", "lastCheckedAt": "2021-04-15T17:38:33.915", "socialVerificationURL": "https://twitter.com/DonShrimp_/status/1382745174451834880", "verificationText": "I\u2019m on @withFND \ud83c\udf10\n\n0x5424Aa2Bf1A5078cd70aeBfe6b0f2aE19cD37C05\n\nhttps://t.co/WFNgVhcJ4M", "userId": "1382738927828795393", "username": "DonShrimp_", "isValid": true, "service": "TWITTER", "failedReason": null, "status": null}], "instaSocialVerifs": [{"id": "487b8e73-b8aa-4a49-9cab-e7cb4f4fc9ef", "user": "0x5424Aa2Bf1A5078cd70aeBfe6b0f2aE19cD37C05", "createdAt": "2021-04-24T11:25:42.519115", "updatedAt": "2021-04-24T11:25:42.519115", "lastCheckedAt": "2021-04-24T11:25:42.497", "socialVerificationURL": null, "verificationText": null, "userId": "17841447705880301", "username": "don_the_shrimp", "isValid": true, "service": "INSTAGRAM", "failedReason": null, "status": null}]}, "profileExists": true, "collectors": [{"userIndex": null, "publicKey": "0x7CA53CD5fBB2EFD87331727b9318E58cC34D1079", "username": null, "profileImageUrl": null, "coverImageUrl": null, "name": null, "bio": null, "isApprovedCreator": false, "moderationStatus": "ACTIVE", "joinedWaitlistAt": null, "createdAt": "2021-07-12T01:19:23.418103", "migratedToUser": null, "isApprovedForMigrationAt": null, "follows": [], "highestBidAuctions": [{"endsAt": "2021-07-13T02:01:20"}], "highestBidAuctions_aggregate": {"aggregate": {"count": 1}}}], "createdCount": 0}, "__N_SSG": true}, "page": "/[username]", "query": {"username": "0x5424aa2bf1a5078cd70aebfe6b0f2ae19cd37c05"}, "buildId": "fPHzAE9c9nph2AUK0K_6u", "isFallback": false, "dynamicIds": [33196, 55458, 54746], "gsp": true, "scriptLoader": []}