{"props": {"pageProps": {"username": "0x0e0e8925eb8c08445cfac26bd59880e1bdecf474", "user": {"userIndex": 7959, "publicKey": "0x0E0E8925eb8C08445Cfac26BD59880e1BdECf474", "username": "0xKarma", "profileImageUrl": "https://f8n-production.s3.amazonaws.com/creators/profile/ls4irsgo8-0000-low-res-png-6wzdox.png", "coverImageUrl": "https://f8n-production.s3.amazonaws.com/creators/profile/xsqarzhx3-0000-low-res-png-zgn8yb.png", "name": "0xKarma", "bio": "Would you like to know more?", "isApprovedCreator": true, "moderationStatus": "ACTIVE", "joinedWaitlistAt": null, "createdAt": "2021-03-05T17:19:00.66421", "migratedToUser": null, "isApprovedForMigrationAt": null, "firstName": null, "lastName": null, "isAdmin": false, "links": {"tiktok": {"handle": "", "platform": "tiktok"}, "twitch": {"handle": "", "platform": "twitch"}, "discord": {"handle": "", "platform": "discord"}, "twitter": {"handle": "nostradamus_mp", "platform": "twitter"}, "website": {"handle": "", "platform": "website"}, "youtube": {"handle": "", "platform": "youtube"}, "facebook": {"handle": "", "platform": "facebook"}, "snapchat": {"handle": "", "platform": "snapchat"}, "instagram": {"handle": "nostradamus_mp", "platform": "instagram"}}, "acceptedInvite": {"senderPublicKey": "0xDf6e59c6DF1E9500fd35A76FF4C62F9901E90019", "redeemerPublicKey": "0x0E0E8925eb8C08445Cfac26BD59880e1BdECf474", "redeemedAt": "2021-07-03T10:18:51.532"}, "twitSocialVerifs": [{"id": "24ea250c-65e4-4562-8ac2-eae49a114b80", "user": "0x0E0E8925eb8C08445Cfac26BD59880e1BdECf474", "createdAt": "2021-07-08T15:53:20.621801", "updatedAt": "2021-07-08T15:53:23.151608", "lastCheckedAt": "2021-07-08T15:53:23.109", "socialVerificationURL": "https://twitter.com/00xKarma/status/1413164263766564867", "verificationText": "I\u2019m on @withFND \ud83c\udf10\n\n0x0E0E8925eb8C08445Cfac26BD59880e1BdECf474\n\nhttps://t.co/gEmty96mej", "userId": "1411190708782854147", "username": "00xKarma", "isValid": true, "service": "TWITTER", "failedReason": null, "status": null}], "instaSocialVerifs": []}, "profileExists": true, "collectors": [], "createdCount": 0}, "__N_SSG": true}, "page": "/[username]", "query": {"username": "0x0e0e8925eb8c08445cfac26bd59880e1bdecf474"}, "buildId": "fPHzAE9c9nph2AUK0K_6u", "isFallback": false, "dynamicIds": [33196, 55458, 54746], "gsp": true, "scriptLoader": []}