{"props": {"pageProps": {"username": "0xf19f6ac8e91291260b71aa0341ca021c21836e43", "user": {"userIndex": 6628, "publicKey": "0xF19f6Ac8E91291260b71AA0341cA021C21836e43", "username": "sitaramdas", "profileImageUrl": "https://f8n-production.s3.amazonaws.com/creators/profile/bdam9rtij-daniel-marin-jpg-bdipco.jpg", "coverImageUrl": "", "name": "Sitaram Das", "bio": "Sitaram Das, aka Daniel Shankin is a mindfulness based leadership coach and consultant.\n\nI love art and all creative expression.", "isApprovedCreator": false, "moderationStatus": "ACTIVE", "joinedWaitlistAt": null, "createdAt": "2021-03-03T23:11:14.279668", "migratedToUser": null, "isApprovedForMigrationAt": null, "firstName": null, "lastName": null, "isAdmin": false, "links": {"tiktok": {"handle": "", "platform": "tiktok"}, "twitch": {"handle": "", "platform": "twitch"}, "discord": {"handle": "", "platform": "discord"}, "twitter": {"handle": "tamintegration", "platform": "twitter"}, "website": {"handle": "tamintegration.com", "platform": "website"}, "youtube": {"handle": "https://youtube.com/tamintegration", "platform": "youtube"}, "facebook": {"handle": "tamintegration", "platform": "facebook"}, "snapchat": {"handle": "", "platform": "snapchat"}, "instagram": {"handle": "tamintegration", "platform": "instagram"}}, "acceptedInvite": null, "twitSocialVerifs": [], "instaSocialVerifs": []}, "profileExists": true, "collectors": [], "createdCount": 0}, "__N_SSG": true}, "page": "/[username]", "query": {"username": "0xf19f6ac8e91291260b71aa0341ca021c21836e43"}, "buildId": "fPHzAE9c9nph2AUK0K_6u", "isFallback": false, "dynamicIds": [33196, 55458, 54746], "gsp": true, "scriptLoader": []}