{"props": {"pageProps": {"username": "0x91704a684bfc76f52e502848d7a3ea6d00fa8473", "user": {"userIndex": 9078, "publicKey": "0x91704a684bfc76f52e502848D7a3ea6D00fa8473", "username": "polarajartist", "profileImageUrl": "https://f8n-production.s3.amazonaws.com/creators/profile/w9z8056s5-profil-jpg-olsfxo.jpg", "coverImageUrl": "https://f8n-production.s3.amazonaws.com/creators/profile/fxp9g10xt-doge-png-l4pfqo.png", "name": "Pola Raj", "bio": "Hi! 20 yo conceptual/minimal painter from Krakow. Paintings based on children\u2019s drawings created to cope with Post-Traumatic Stress Disorder. 20% of my NFT money will help a PTSD-children charity. ", "isApprovedCreator": true, "moderationStatus": "ACTIVE", "joinedWaitlistAt": null, "createdAt": "2021-03-07T06:05:40.633957", "migratedToUser": null, "isApprovedForMigrationAt": null, "firstName": null, "lastName": null, "isAdmin": false, "links": {"tiktok": {"handle": "", "platform": "tiktok"}, "twitch": {"handle": "", "platform": "twitch"}, "discord": {"handle": "polarajartist#2761", "platform": "discord"}, "twitter": {"handle": "", "platform": "twitter"}, "website": {"handle": "", "platform": "website"}, "youtube": {"handle": "", "platform": "youtube"}, "facebook": {"handle": "pola.raj.14", "platform": "facebook"}, "snapchat": {"handle": "", "platform": "snapchat"}, "instagram": {"handle": "polarajartist", "platform": "instagram"}}, "acceptedInvite": {"senderPublicKey": "0x79c93ac0878AC9C1F5d9C76ca0b1dC29042d5078", "redeemerPublicKey": "0x91704a684bfc76f52e502848D7a3ea6D00fa8473", "redeemedAt": "2021-03-08T13:22:09.647"}, "twitSocialVerifs": [{"id": "48961212-6e5c-44db-8986-d12c10c31f24", "user": "0x91704a684bfc76f52e502848D7a3ea6D00fa8473", "createdAt": "2021-03-10T15:11:03.248679", "updatedAt": "2021-03-10T15:11:06.85624", "lastCheckedAt": "2021-03-10T15:11:06.73", "socialVerificationURL": "https://twitter.com/Pola09278061/status/1369665646296973312?s=20", "verificationText": "I\u2019m on @withFND \ud83c\udf10\n\n0x91704a684bfc76f52e502848D7a3ea6D00fa8473\n\nhttps://t.co/d2vFR0FFSS", "userId": "1369660098264588296", "username": "Pola09278061", "isValid": true, "service": "TWITTER", "failedReason": null, "status": null}], "instaSocialVerifs": []}, "profileExists": true, "collectors": [], "createdCount": 0}, "__N_SSG": true}, "page": "/[username]", "query": {"username": "0x91704a684bfc76f52e502848d7a3ea6d00fa8473"}, "buildId": "fPHzAE9c9nph2AUK0K_6u", "isFallback": false, "dynamicIds": [33196, 55458, 54746], "gsp": true, "scriptLoader": []}