{"props": {"pageProps": {"username": "0xe7925d190aea9279400cd9a005e33ceb9389cc2b", "user": {"userIndex": 269, "publicKey": "0xe7925D190aea9279400cD9a005E33CEB9389Cc2b", "username": "jessewldn", "profileImageUrl": "https://f8n-production.s3.amazonaws.com/creators/profile/jmikt6op3-vkpb901p-400x400-png-o3irsu.png", "coverImageUrl": "https://f8n-production.s3.amazonaws.com/creators/profile/yrfp387ii-tumblr-nrlh5tcjdl1qeq75so1-1280-jpg-tylh8o.jpg", "name": "Jesse Walden", "bio": "", "isApprovedCreator": false, "moderationStatus": "ACTIVE", "joinedWaitlistAt": null, "createdAt": "2021-02-02T21:14:46.662809", "migratedToUser": null, "isApprovedForMigrationAt": null, "firstName": null, "lastName": null, "isAdmin": false, "links": {"tiktok": {"handle": "", "platform": "tiktok"}, "twitch": {"handle": "", "platform": "twitch"}, "twitter": {"handle": "jessewldn", "platform": "twitter"}, "website": {"handle": "variant.fund", "platform": "website"}, "youtube": {"handle": "", "platform": "youtube"}, "facebook": {"handle": "", "platform": "facebook"}, "instagram": {"handle": "", "platform": "instagram"}}, "acceptedInvite": null, "twitSocialVerifs": [{"id": "9d402894-7686-450f-8dec-47aa66a4bfc4", "user": "0xe7925D190aea9279400cD9a005E33CEB9389Cc2b", "createdAt": "2021-03-23T01:08:18.432481", "updatedAt": "2021-03-23T01:08:22.223599", "lastCheckedAt": "2021-03-23T01:08:22.195", "socialVerificationURL": "https://twitter.com/jessewldn/status/1374166037520916482?s=20", "verificationText": "I\u2019m on @withFND \ud83c\udf10\n\n0xe7925D190aea9279400cD9a005E33CEB9389Cc2b\n\nhttps://t.co/oKRPZxHNEH", "userId": "26149295", "username": "jessewldn", "isValid": true, "service": "TWITTER", "failedReason": null, "status": null}], "instaSocialVerifs": []}, "profileExists": true, "collectors": [], "createdCount": 0}, "__N_SSG": true}, "page": "/[username]", "query": {"username": "0xe7925d190aea9279400cd9a005e33ceb9389cc2b"}, "buildId": "fPHzAE9c9nph2AUK0K_6u", "isFallback": false, "dynamicIds": [33196, 55458, 54746], "gsp": true, "scriptLoader": []}