{"props": {"pageProps": {"username": "0xbd6f2b3d305c4bab015cc4ab0a6227eee4052f4f", "user": {"userIndex": 59685, "publicKey": "0xBd6F2b3d305c4bAb015cC4ab0a6227eee4052F4F", "username": "ARL", "profileImageUrl": "https://f8n-production.s3.amazonaws.com/creators/profile/avyxvu0jp-profile-01-png-5ntuv1.png", "coverImageUrl": "https://f8n-production.s3.amazonaws.com/creators/profile/n2ihxpp7e-arlbanner-01-01-png-p3ibla.png", "name": "ARL", "bio": "ARL unfolds her creativity to convey and explore sensual territories. She deliberately leaves room for imagination in her creations so her drawings grow in the mind and heart of the observer.", "isApprovedCreator": true, "moderationStatus": "ACTIVE", "joinedWaitlistAt": null, "createdAt": "2021-05-02T12:22:13.940524", "migratedToUser": null, "isApprovedForMigrationAt": null, "firstName": null, "lastName": null, "isAdmin": false, "links": {"tiktok": {"handle": "", "platform": "tiktok"}, "twitch": {"handle": "", "platform": "twitch"}, "discord": {"handle": "ARL#4425", "platform": "discord"}, "twitter": {"handle": "", "platform": "twitter"}, "website": {"handle": "arl.ink", "platform": "website"}, "youtube": {"handle": "", "platform": "youtube"}, "facebook": {"handle": "", "platform": "facebook"}, "snapchat": {"handle": "", "platform": "snapchat"}, "instagram": {"handle": "", "platform": "instagram"}}, "acceptedInvite": {"senderPublicKey": "0xd906979081fcB040F00213E86fb887A12DE2c495", "redeemerPublicKey": "0xBd6F2b3d305c4bAb015cC4ab0a6227eee4052F4F", "redeemedAt": "2021-05-02T12:22:31.735"}, "twitSocialVerifs": [], "instaSocialVerifs": [{"id": "2a72694d-41cc-4617-b50c-2da58060c757", "user": "0xBd6F2b3d305c4bAb015cC4ab0a6227eee4052F4F", "createdAt": "2021-05-02T12:39:55.633846", "updatedAt": "2021-05-02T12:39:55.633846", "lastCheckedAt": "2021-05-02T12:39:55.616", "socialVerificationURL": null, "verificationText": null, "userId": "17841410603002906", "username": "arldrawing", "isValid": true, "service": "INSTAGRAM", "failedReason": null, "status": null}]}, "profileExists": true, "collectors": [], "createdCount": 0}, "__N_SSG": true}, "page": "/[username]", "query": {"username": "0xbd6f2b3d305c4bab015cc4ab0a6227eee4052f4f"}, "buildId": "fPHzAE9c9nph2AUK0K_6u", "isFallback": false, "dynamicIds": [33196, 55458, 54746], "gsp": true, "scriptLoader": []}