{"props": {"pageProps": {"username": "0x0f83d34b74663afb9a67d2205786f4e6f3a05a10", "user": {"userIndex": 79446, "publicKey": "0x0f83d34b74663aFb9A67D2205786f4e6F3a05A10", "username": "ladyofemoji", "profileImageUrl": "https://f8n-production.s3.amazonaws.com/creators/profile/lmkzqhhmz-1793824c40ea564ff4975a88d642f9f3copy-jpg-3hke75.jpg", "coverImageUrl": "https://f8n-production.s3.amazonaws.com/creators/profile/ra9opsqzs-bitcoin-btc-header-jpg-9xd1fo.jpg", "name": "Adinda", "bio": "In early 2019 I decided to use emoji as paint. I really enjoy the whole process and of course makes me happy because I can combine different emojis and colors together into the beautiful shape.", "isApprovedCreator": true, "moderationStatus": "ACTIVE", "joinedWaitlistAt": null, "createdAt": "2021-06-09T02:48:50.855661", "migratedToUser": null, "isApprovedForMigrationAt": null, "firstName": null, "lastName": null, "isAdmin": false, "links": {"tiktok": {"handle": "", "platform": "tiktok"}, "twitch": {"handle": "", "platform": "twitch"}, "discord": {"handle": "ladyofemoji#7664", "platform": "discord"}, "twitter": {"handle": "", "platform": "twitter"}, "website": {"handle": "https://tryshowtime.com/ladyofemoji?list=created", "platform": "website"}, "youtube": {"handle": "", "platform": "youtube"}, "facebook": {"handle": "", "platform": "facebook"}, "snapchat": {"handle": "", "platform": "snapchat"}, "instagram": {"handle": "", "platform": "instagram"}}, "acceptedInvite": {"senderPublicKey": "0xee193f18Cc3549e1158e4b940f065D8f460C143E", "redeemerPublicKey": "0x0f83d34b74663aFb9A67D2205786f4e6F3a05A10", "redeemedAt": "2021-06-20T17:34:51.389"}, "twitSocialVerifs": [{"id": "48054404-4cbf-4c4b-bb31-4382a1638ad3", "user": "0x0f83d34b74663aFb9A67D2205786f4e6F3a05A10", "createdAt": "2021-06-20T17:35:33.214335", "updatedAt": "2021-06-20T17:35:50.775091", "lastCheckedAt": "2021-06-20T17:35:42.252", "socialVerificationURL": "https://twitter.com/ladyofemoji/status/1406666986659082243?s=20", "verificationText": "I\u2019m on @withFND \ud83c\udf10\n\n0x0f83d34b74663aFb9A67D2205786f4e6F3a05A10\n\nhttps://t.co/lnjZoTLhUS", "userId": "1328219288277139456", "username": "ladyofemoji", "isValid": true, "service": "TWITTER", "failedReason": null, "status": null}], "instaSocialVerifs": [{"id": "af8445b0-4c35-4cb4-9e3c-69ca248f6185", "user": "0x0f83d34b74663aFb9A67D2205786f4e6F3a05A10", "createdAt": "2021-07-20T15:56:49.029696", "updatedAt": "2021-07-20T15:56:49.029696", "lastCheckedAt": "2021-07-20T15:56:49.028", "socialVerificationURL": null, "verificationText": null, "userId": "17841438566111192", "username": "ladyofemoji", "isValid": true, "service": "INSTAGRAM", "failedReason": null, "status": null}]}, "profileExists": true, "collectors": [{"userIndex": 70990, "publicKey": "0x97a99Da15fc89d96B3FBE673ffD8f69F6ce7C9B1", "username": "mojomoby", "profileImageUrl": "https://f8n-production.s3.amazonaws.com/creators/profile/hfnulhmaj-moby-big-2021-png-zwtbwd.png", "coverImageUrl": "https://f8n-production.s3.amazonaws.com/creators/profile/arej9ny16-stairs-jpg-si5w8u.jpg", "name": "moby.eth", "bio": "Helping to spread the mojo!  \u2728\n\nI store other NFTs in my vault @mobyvault , for safe keeping.", "isApprovedCreator": true, "moderationStatus": "ACTIVE", "joinedWaitlistAt": "2021-05-25T22:59:34.514", "createdAt": "2021-05-25T22:56:03.233396", "migratedToUser": null, "isApprovedForMigrationAt": null, "follows": [], "highestBidAuctions": [{"endsAt": "2021-07-22T01:01:40"}], "highestBidAuctions_aggregate": {"aggregate": {"count": 1}}}], "createdCount": 0}, "__N_SSG": true}, "page": "/[username]", "query": {"username": "0x0f83d34b74663afb9a67d2205786f4e6f3a05a10"}, "buildId": "fPHzAE9c9nph2AUK0K_6u", "isFallback": false, "dynamicIds": [33196, 55458, 54746], "gsp": true, "scriptLoader": []}