{"props": {"pageProps": {"username": "0xccf241c6a030f6e3bc36fbb192b2d7f7dba7ce33", "user": {"userIndex": 7785, "publicKey": "0xcCf241C6A030f6e3BC36fBB192b2D7f7dbA7Ce33", "username": "Mz", "profileImageUrl": "https://f8n-production.s3.amazonaws.com/creators/profile/dzqv4lruf-dot-6775-png-2ioioy.png", "coverImageUrl": "https://f8n-production.s3.amazonaws.com/creators/profile/i227ey711-untitled-3-jpg-xl5zze.jpg", "name": "Mz", "bio": "Michael Menzelincev Digital Concept Artist based in Amsterdam. +15Y exp  Games, Films, Design ", "isApprovedCreator": true, "moderationStatus": "ACTIVE", "joinedWaitlistAt": null, "createdAt": "2021-03-05T13:09:28.314475", "migratedToUser": null, "isApprovedForMigrationAt": null, "firstName": null, "lastName": null, "isAdmin": false, "links": {"tiktok": {"handle": "", "platform": "tiktok"}, "twitch": {"handle": "", "platform": "twitch"}, "discord": {"handle": "Michael-Mz#3778", "platform": "discord"}, "twitter": {"handle": "https://twitter.com/menzelincef", "platform": "twitter"}, "website": {"handle": "https://www.behance.net/Menzelincef", "platform": "website"}, "youtube": {"handle": "", "platform": "youtube"}, "facebook": {"handle": "", "platform": "facebook"}, "snapchat": {"handle": "", "platform": "snapchat"}, "instagram": {"handle": "https://www.instagram.com/menzelincef", "platform": "instagram"}}, "acceptedInvite": {"senderPublicKey": "0x078fE17468c53149EC921BF0938CE8F491883070", "redeemerPublicKey": "0xcCf241C6A030f6e3BC36fBB192b2D7f7dbA7Ce33", "redeemedAt": "2021-03-17T15:40:09.156"}, "twitSocialVerifs": [{"id": "5bf12a7f-6227-444a-85a4-e6e0b7667d8b", "user": "0xcCf241C6A030f6e3BC36fBB192b2D7f7dbA7Ce33", "createdAt": "2021-03-17T16:48:09.508549", "updatedAt": "2021-03-17T16:48:11.789013", "lastCheckedAt": "2021-03-17T16:48:11.78", "socialVerificationURL": "https://twitter.com/menzelincef/status/1372228162705354756?s=20", "verificationText": "I\u2019m on @withFND \ud83c\udf10\n\n0xcCf241C6A030f6e3BC36fBB192b2D7f7dbA7Ce33\n\nhttps://t.co/PvWvPxjzRj", "userId": "799065608201584643", "username": "menzelincef", "isValid": true, "service": "TWITTER", "failedReason": null, "status": null}], "instaSocialVerifs": []}, "profileExists": true, "collectors": [], "createdCount": 0}, "__N_SSG": true}, "page": "/[username]", "query": {"username": "0xccf241c6a030f6e3bc36fbb192b2d7f7dba7ce33"}, "buildId": "fPHzAE9c9nph2AUK0K_6u", "isFallback": false, "dynamicIds": [33196, 55458, 54746], "gsp": true, "scriptLoader": []}