{"props": {"pageProps": {"username": "0xc557aeab461d49cd466ee5fd803bc1c4d20da23f", "user": {"userIndex": 2222, "publicKey": "0xC557AEab461d49cd466EE5Fd803bC1C4D20Da23f", "username": "probzzzz", "profileImageUrl": "https://f8n-production.s3.amazonaws.com/creators/profile/29jg0ncy2-profiletest1-png-rdq3he.png", "coverImageUrl": "https://f8n-production.s3.amazonaws.com/creators/profile/jvp8fjqax-headertest1-png-1kp94j.png", "name": "Paul Robertson", "bio": "Pixel artist in the nightmare zone.", "isApprovedCreator": true, "moderationStatus": "ACTIVE", "joinedWaitlistAt": null, "createdAt": "2021-02-20T06:15:26.308906", "migratedToUser": null, "isApprovedForMigrationAt": null, "firstName": null, "lastName": null, "isAdmin": false, "links": {"tiktok": {"handle": "", "platform": "tiktok"}, "twitch": {"handle": "", "platform": "twitch"}, "discord": {"handle": "", "platform": "discord"}, "twitter": {"handle": "probzz", "platform": "twitter"}, "website": {"handle": "", "platform": "website"}, "youtube": {"handle": "https://www.youtube.com/user/paullrobertson", "platform": "youtube"}, "facebook": {"handle": "", "platform": "facebook"}, "snapchat": {"handle": "", "platform": "snapchat"}, "instagram": {"handle": "probzzzz", "platform": "instagram"}}, "acceptedInvite": {"senderPublicKey": "0xbD395d7cE71aa2747673288119cE54ed03fc90EF", "redeemerPublicKey": "0xC557AEab461d49cd466EE5Fd803bC1C4D20Da23f", "redeemedAt": "2021-02-20T06:16:04.387"}, "twitSocialVerifs": [{"id": "a64e1245-dddd-4697-a728-91f1f8abc587", "user": "0xC557AEab461d49cd466EE5Fd803bC1C4D20Da23f", "createdAt": "2021-03-22T09:18:39.202394", "updatedAt": "2021-03-22T09:18:43.295835", "lastCheckedAt": "2021-03-22T09:18:43.263", "socialVerificationURL": "https://twitter.com/probzz/status/1373926973467062278", "verificationText": "I\u2019m on @withFND \ud83c\udf10\n\n0xC557AEab461d49cd466EE5Fd803bC1C4D20Da23f\n\nhttps://t.co/D7FNRRu31Z", "userId": "264348615", "username": "probzz", "isValid": true, "service": "TWITTER", "failedReason": null, "status": null}], "instaSocialVerifs": [{"id": "d74d0368-5d54-45d8-a527-35fb1fbd28af", "user": "0xC557AEab461d49cd466EE5Fd803bC1C4D20Da23f", "createdAt": "2021-04-25T01:40:28.774112", "updatedAt": "2021-04-25T01:40:28.774112", "lastCheckedAt": "2021-04-25T01:40:28.759", "socialVerificationURL": null, "verificationText": null, "userId": "17841402009138307", "username": "probzzzz", "isValid": true, "service": "INSTAGRAM", "failedReason": null, "status": null}]}, "profileExists": true, "collectors": [{"userIndex": 37802, "publicKey": "0x09D4083fFD20D21ACb9118465aD7C52Ac8B548f7", "username": "ViewsJaded", "profileImageUrl": "https://f8n-production.s3.amazonaws.com/creators/profile/1pbdojgxm-1619262634069-jpg-1puhnp.jpg", "coverImageUrl": "", "name": "ViewsJaded", "bio": "", "isApprovedCreator": false, "moderationStatus": "ACTIVE", "joinedWaitlistAt": null, "createdAt": "2021-02-22T19:33:51.213248", "migratedToUser": null, "isApprovedForMigrationAt": null, "follows": [], "highestBidAuctions": [{"endsAt": "2021-04-05T01:39:28"}], "highestBidAuctions_aggregate": {"aggregate": {"count": 1}}}, {"userIndex": 3317, "publicKey": "0x0a2542a170aA02B96B588aA3AF8B09AB22a9D7ac", "username": "888", "profileImageUrl": "https://f8n-production.s3.amazonaws.com/creators/profile/lee2riion-screen-shot-2021-02-15-at-11-54-55-pm-png-9bobwf.png", "coverImageUrl": "", "name": "888", "bio": "", "isApprovedCreator": false, "moderationStatus": "ACTIVE", "joinedWaitlistAt": null, "createdAt": "2021-02-22T20:15:15.967795", "migratedToUser": null, "isApprovedForMigrationAt": null, "follows": [], "highestBidAuctions": [{"endsAt": "2021-03-02T05:36:07"}], "highestBidAuctions_aggregate": {"aggregate": {"count": 1}}}, {"userIndex": null, "publicKey": "0x0E91f1BF71D176052a127b6dD680B333b4284B89", "username": null, "profileImageUrl": null, "coverImageUrl": null, "name": null, "bio": null, "isApprovedCreator": false, "moderationStatus": "ACTIVE", "joinedWaitlistAt": null, "createdAt": "2021-02-28T15:33:09.913924", "migratedToUser": null, "isApprovedForMigrationAt": null, "follows": [], "highestBidAuctions": [{"endsAt": "2021-04-01T08:00:25"}], "highestBidAuctions_aggregate": {"aggregate": {"count": 1}}}, {"userIndex": 29825, "publicKey": "0x1d4B9b250B1Bd41DAA35d94BF9204Ec1b0494eE3", "username": "siinamota", "profileImageUrl": "https://f8n-production.s3.amazonaws.com/creators/profile/tsjryvbb9-20151110223859584-png-xysoe9.png", "coverImageUrl": "https://f8n-production.s3.amazonaws.com/creators/profile/4wd7yvcf0-31dc4f1a-8c21-415a-a53c-85e7a3a6f358-base-resized-jpg-hb9a71.jpg", "name": "path", "bio": "", "isApprovedCreator": false, "moderationStatus": "ACTIVE", "joinedWaitlistAt": null, "createdAt": "2021-03-26T04:05:54.281063", "migratedToUser": null, "isApprovedForMigrationAt": null, "follows": [], "highestBidAuctions": [{"endsAt": "2021-05-30T14:38:05"}], "highestBidAuctions_aggregate": {"aggregate": {"count": 1}}}, {"userIndex": 15697, "publicKey": "0x2Debdf4427CcBcfDbC7f29D63964499a0ec184F6", "username": "krybharat", "profileImageUrl": "https://f8n-production.s3.amazonaws.com/creators/profile/4hf80pzao-revolution-jpeg-4620f2.jpeg", "coverImageUrl": "", "name": "Bharat Krymo", "bio": "", "isApprovedCreator": false, "moderationStatus": "ACTIVE", "joinedWaitlistAt": null, "createdAt": "2021-03-13T13:07:45.934968", "migratedToUser": null, "isApprovedForMigrationAt": null, "follows": [], "highestBidAuctions": [{"endsAt": "2021-06-04T01:30:11"}], "highestBidAuctions_aggregate": {"aggregate": {"count": 1}}}, {"userIndex": 17581, "publicKey": "0x3432B45B9ee95BD5C31a726B936CF2ec719A2153", "username": "3FMusic", "profileImageUrl": "https://f8n-production.s3.amazonaws.com/creators/profile/s8wtdn6uo-3f-music-new-logo-png-grvgaj.png", "coverImageUrl": "https://f8n-production.s3.amazonaws.com/creators/profile/fmjvj3zy7-3fmusic-com-18-jpg-9cx7zb.jpg", "name": "Farzin", "bio": "", "isApprovedCreator": true, "moderationStatus": "ACTIVE", "joinedWaitlistAt": "2021-03-23T20:42:01.871", "createdAt": "2021-03-16T20:07:51.167953", "migratedToUser": null, "isApprovedForMigrationAt": null, "follows": [], "highestBidAuctions": [{"endsAt": "2021-03-18T15:57:36"}], "highestBidAuctions_aggregate": {"aggregate": {"count": 1}}}, {"userIndex": 70680, "publicKey": "0x3b22621A2B0e1F8Dd3056975eFc2150d5FBeE980", "username": "auregimon", "profileImageUrl": "https://f8n-production.s3.amazonaws.com/creators/profile/nw3j790kl-aure-gif-70flwh.gif", "coverImageUrl": "", "name": "Aure Gimon", "bio": "I like games", "isApprovedCreator": true, "moderationStatus": "ACTIVE", "joinedWaitlistAt": "2021-05-30T21:46:18.197", "createdAt": "2021-05-23T16:58:51.270352", "migratedToUser": null, "isApprovedForMigrationAt": null, "follows": [], "highestBidAuctions": [{"endsAt": "2021-07-06T02:05:51"}], "highestBidAuctions_aggregate": {"aggregate": {"count": 1}}}, {"userIndex": 1116, "publicKey": "0x484eC62385e780f2460fEaC34864A77bA5A18134", "username": "NyanCat", "profileImageUrl": "https://f8n-production.s3.amazonaws.com/creators/profile/c8gley51s-nyan-cat-large-gif-gif-mbf1sa.gif", "coverImageUrl": "https://f8n-production.s3.amazonaws.com/creators/profile/fcusz42mh-obs-gif-4i7ctk.gif", "name": "\u2606Chris\u2606", "bio": "Artist.  Creator of memes. Cat lover.", "isApprovedCreator": true, "moderationStatus": "ACTIVE", "joinedWaitlistAt": null, "createdAt": "2021-02-09T22:00:48.250161", "migratedToUser": null, "isApprovedForMigrationAt": null, "follows": [], "highestBidAuctions": [{"endsAt": "2021-02-26T00:13:21"}], "highestBidAuctions_aggregate": {"aggregate": {"count": 1}}}, {"userIndex": 67660, "publicKey": "0x57115F7D04C16f3983802b7C5a2d5089A188d76A", "username": "NotTodayNoNoNo", "profileImageUrl": "https://f8n-production.s3.amazonaws.com/creators/profile/8ilpgj931-thumbnail-8-jpg-g46rn3.jpg", "coverImageUrl": "https://f8n-production.s3.amazonaws.com/creators/profile/u7v68nosb-thumbnail-8-jpg-wboi7d.jpg", "name": "NotTodayNoNoNo", "bio": "I enjoy art.. I also appreciate talent ", "isApprovedCreator": false, "moderationStatus": "ACTIVE", "joinedWaitlistAt": null, "createdAt": "2021-05-15T23:43:20.395241", "migratedToUser": null, "isApprovedForMigrationAt": null, "follows": [], "highestBidAuctions": [{"endsAt": "2021-06-17T21:35:26"}], "highestBidAuctions_aggregate": {"aggregate": {"count": 1}}}, {"userIndex": 25593, "publicKey": "0x8a9d49a6e9D037843560091fC280B9Ff9819e462", "username": "jdor", "profileImageUrl": "https://f8n-production.s3.amazonaws.com/creators/profile/w2fw20p2s-ae2-5a-png-n3sx23.png", "coverImageUrl": "", "name": "jdor", "bio": "", "isApprovedCreator": false, "moderationStatus": "ACTIVE", "joinedWaitlistAt": "2021-03-30T01:47:09.152", "createdAt": "2021-03-21T20:24:22.203029", "migratedToUser": null, "isApprovedForMigrationAt": null, "follows": [], "highestBidAuctions": [{"endsAt": "2021-03-23T19:04:30"}], "highestBidAuctions_aggregate": {"aggregate": {"count": 1}}}, {"userIndex": 19876, "publicKey": "0x96E1199931A9e201a4d209262c8C379e2c0e4852", "username": "jabulon", "profileImageUrl": "https://f8n-production.s3.amazonaws.com/creators/profile/u42lvfyim-finaltake-jpg-kc895p.jpg", "coverImageUrl": "https://f8n-production.s3.amazonaws.com/creators/profile/iogtxagmj-bannertile-png-jxs722.png", "name": "Jabulon", "bio": "Director/Producer at Obsidian Pictures. Meisner trained stage & film actor;  music composer and experimental visual artist;  Eulerbeats Genesis/Enigma OG: https://opensea.io/collection/jabulonog   ", "isApprovedCreator": true, "moderationStatus": "ACTIVE", "joinedWaitlistAt": null, "createdAt": "2021-03-19T14:16:05.557913", "migratedToUser": null, "isApprovedForMigrationAt": null, "follows": [], "highestBidAuctions": [{"endsAt": "2021-05-10T12:44:00"}], "highestBidAuctions_aggregate": {"aggregate": {"count": 1}}}, {"userIndex": null, "publicKey": "0xA970D535e6C95be7Ccab4cCA90208c2293F981af", "username": null, "profileImageUrl": null, "coverImageUrl": null, "name": null, "bio": null, "isApprovedCreator": false, "moderationStatus": "ACTIVE", "joinedWaitlistAt": null, "createdAt": "2021-03-05T19:03:13.100893", "migratedToUser": null, "isApprovedForMigrationAt": null, "follows": [], "highestBidAuctions": [{"endsAt": "2021-03-05T23:11:31"}], "highestBidAuctions_aggregate": {"aggregate": {"count": 1}}}, {"userIndex": null, "publicKey": "0xa9782643B047DE459d37a4951a1cd7cA46AA1932", "username": null, "profileImageUrl": null, "coverImageUrl": null, "name": null, "bio": null, "isApprovedCreator": false, "moderationStatus": "ACTIVE", "joinedWaitlistAt": null, "createdAt": "2021-04-26T01:44:11.611203", "migratedToUser": null, "isApprovedForMigrationAt": null, "follows": [], "highestBidAuctions": [{"endsAt": "2021-04-26T02:23:35"}], "highestBidAuctions_aggregate": {"aggregate": {"count": 1}}}, {"userIndex": 5933, "publicKey": "0xAB6cA2017548A170699890214bFd66583A0C1754", "username": "mondo", "profileImageUrl": "https://f8n-production.s3.amazonaws.com/creators/profile/24a2m2ja5-imb-ypfx1o-gif-tg7sjh.GIF", "coverImageUrl": "https://f8n-production.s3.amazonaws.com/creators/profile/3475klk3e-iranflagribon3-png-e9b7ej.png", "name": "Amir", "bio": "#FreeIran", "isApprovedCreator": true, "moderationStatus": "ACTIVE", "joinedWaitlistAt": "2021-03-23T19:23:00.708", "createdAt": "2021-02-28T19:50:18.551826", "migratedToUser": null, "isApprovedForMigrationAt": null, "follows": [], "highestBidAuctions": [{"endsAt": "2021-03-14T08:41:30"}], "highestBidAuctions_aggregate": {"aggregate": {"count": 2}}}, {"userIndex": null, "publicKey": "0xb1Cd544eCA6F2a590F68D810d805c9D0C9534222", "username": null, "profileImageUrl": null, "coverImageUrl": null, "name": null, "bio": null, "isApprovedCreator": false, "moderationStatus": "ACTIVE", "joinedWaitlistAt": null, "createdAt": "2021-04-13T22:39:23.52314", "migratedToUser": null, "isApprovedForMigrationAt": null, "follows": [], "highestBidAuctions": [{"endsAt": "2021-04-18T07:20:45"}], "highestBidAuctions_aggregate": {"aggregate": {"count": 1}}}, {"userIndex": null, "publicKey": "0xCbD6b0DeE49EeA88a3343Ff4E5a2423586B4C1D6", "username": null, "profileImageUrl": null, "coverImageUrl": null, "name": null, "bio": null, "isApprovedCreator": false, "moderationStatus": "ACTIVE", "joinedWaitlistAt": null, "createdAt": "2021-02-23T02:51:35.7804", "migratedToUser": null, "isApprovedForMigrationAt": null, "follows": [], "highestBidAuctions": [{"endsAt": "2021-02-23T05:00:37"}], "highestBidAuctions_aggregate": {"aggregate": {"count": 1}}}, {"userIndex": null, "publicKey": "0xFd4c0B4Fe619596899DAA2e38636e812DAFEF426", "username": null, "profileImageUrl": null, "coverImageUrl": null, "name": null, "bio": null, "isApprovedCreator": false, "moderationStatus": "ACTIVE", "joinedWaitlistAt": null, "createdAt": "2021-03-05T12:08:07.989972", "migratedToUser": null, "isApprovedForMigrationAt": null, "follows": [], "highestBidAuctions": [{"endsAt": "2021-03-09T05:45:11"}], "highestBidAuctions_aggregate": {"aggregate": {"count": 1}}}], "createdCount": 0}, "__N_SSG": true}, "page": "/[username]", "query": {"username": "0xc557aeab461d49cd466ee5fd803bc1c4d20da23f"}, "buildId": "fPHzAE9c9nph2AUK0K_6u", "isFallback": false, "dynamicIds": [33196, 55458, 54746], "gsp": true, "scriptLoader": []}