{"props": {"pageProps": {"username": "0x2d2a434f52b48f86a9dd3b3999aacf87c6014cb1", "user": {"userIndex": 10041, "publicKey": "0x2D2A434f52B48f86a9dd3b3999AAcf87C6014cb1", "username": "nerual", "profileImageUrl": "https://f8n-production.s3.amazonaws.com/creators/profile/d04dkdmnx-https-specials-images-forbesimg-com-imageserve-5ed6636cdd5d320006caf841-0x0-jpg-ba599g.jpg", "coverImageUrl": "https://f8n-production.s3.amazonaws.com/creators/profile/tin7f8osi-screen-shot-2021-03-19-at-9-28-04-pm-png-5xchk6.png", "name": "Lauren Pedrosa", "bio": "Lauren Pedrosa is an interdisciplinary creative and digital artist, exploring perception, perspective, reality and reflection since 2012.\n\nSelected partners include: Microsoft, MoMA PS1, Marvel", "isApprovedCreator": true, "moderationStatus": "ACTIVE", "joinedWaitlistAt": null, "createdAt": "2021-03-08T17:08:24.652173", "migratedToUser": null, "isApprovedForMigrationAt": null, "firstName": null, "lastName": null, "isAdmin": false, "links": {"tiktok": {"handle": "", "platform": "tiktok"}, "twitch": {"handle": "", "platform": "twitch"}, "discord": {"handle": "", "platform": "discord"}, "twitter": {"handle": "", "platform": "twitter"}, "website": {"handle": "www.nerual.design", "platform": "website"}, "youtube": {"handle": "https://vimeo.com/user12163054", "platform": "youtube"}, "facebook": {"handle": "", "platform": "facebook"}, "snapchat": {"handle": "", "platform": "snapchat"}, "instagram": {"handle": "lauuuurrrren ", "platform": "instagram"}}, "acceptedInvite": {"senderPublicKey": "0xB2e5e0b53BB7dE89D44EdA301c66EFe75678d072", "redeemerPublicKey": "0x2D2A434f52B48f86a9dd3b3999AAcf87C6014cb1", "redeemedAt": "2021-03-18T14:52:44.336"}, "twitSocialVerifs": [{"id": "4d841b54-ea8b-4bae-b72d-73434f42c8ad", "user": "0x2D2A434f52B48f86a9dd3b3999AAcf87C6014cb1", "createdAt": "2021-03-28T16:21:53.353617", "updatedAt": "2021-03-28T16:21:56.601377", "lastCheckedAt": "2021-03-28T16:21:56.582", "socialVerificationURL": "https://twitter.com/NerualOfficial/status/1376207800012046336", "verificationText": "I\u2019m on @withFND \ud83c\udf10\n\n0x2D2A434f52B48f86a9dd3b3999AAcf87C6014cb1\n\nhttps://t.co/DOHxGZsc2b", "userId": "1367610544820224006", "username": "NerualOfficial", "isValid": true, "service": "TWITTER", "failedReason": null, "status": null}], "instaSocialVerifs": []}, "profileExists": true, "collectors": [{"userIndex": 20147, "publicKey": "0x97F7f3e62b8De844aa5430f162C189B027A3a093", "username": "TheLionKing", "profileImageUrl": "", "coverImageUrl": "", "name": "", "bio": "", "isApprovedCreator": false, "moderationStatus": "ACTIVE", "joinedWaitlistAt": null, "createdAt": "2021-03-20T01:02:45.22342", "migratedToUser": null, "isApprovedForMigrationAt": null, "follows": [], "highestBidAuctions": [{"endsAt": "2021-03-29T17:08:31"}], "highestBidAuctions_aggregate": {"aggregate": {"count": 2}}}], "createdCount": 0}, "__N_SSG": true}, "page": "/[username]", "query": {"username": "0x2d2a434f52b48f86a9dd3b3999aacf87c6014cb1"}, "buildId": "fPHzAE9c9nph2AUK0K_6u", "isFallback": false, "dynamicIds": [33196, 55458, 54746], "gsp": true, "scriptLoader": []}