{"props": {"pageProps": {"username": "0x035d3821c7c166517cce0e05a9c6c23a807a4b78", "user": {"userIndex": 56076, "publicKey": "0x035d3821C7C166517CCE0e05a9c6C23a807a4B78", "username": "Shuiuiuii", "profileImageUrl": "https://f8n-production.s3.amazonaws.com/creators/profile/6jbljjewg-logo-shui-zeichenfla-che-1-jpg-mp3pep.jpg", "coverImageUrl": "https://f8n-production.s3.amazonaws.com/creators/profile/vet6381qn-116737530-116910180113761-89364120355995582-n-jpg-q9hh6a.jpg", "name": "Shuiuiuii", "bio": "media artist and graphic designer based in Berlin.\n\n", "isApprovedCreator": true, "moderationStatus": "ACTIVE", "joinedWaitlistAt": "2021-04-27T08:15:56.771", "createdAt": "2021-04-27T08:15:07.157551", "migratedToUser": null, "isApprovedForMigrationAt": null, "firstName": null, "lastName": null, "isAdmin": false, "links": {"tiktok": {"handle": "", "platform": "tiktok"}, "twitch": {"handle": "", "platform": "twitch"}, "discord": {"handle": "Shuibuh#9310", "platform": "discord"}, "twitter": {"handle": "", "platform": "twitter"}, "website": {"handle": "", "platform": "website"}, "youtube": {"handle": "https://www.youtube.com/channel/UCsgyduo128ZiU2GTjJvL80w", "platform": "youtube"}, "facebook": {"handle": "https://www.facebook.com/Shuiuiuii", "platform": "facebook"}, "snapchat": {"handle": "", "platform": "snapchat"}, "instagram": {"handle": "", "platform": "instagram"}}, "acceptedInvite": {"senderPublicKey": "0x0E5E9eC9DeDfbbD1cf97318a30831b008bd295C1", "redeemerPublicKey": "0x035d3821C7C166517CCE0e05a9c6C23a807a4B78", "redeemedAt": "2021-04-27T10:00:05.296"}, "twitSocialVerifs": [{"id": "894eb444-e782-4417-994c-9dca96ae13be", "user": "0x035d3821C7C166517CCE0e05a9c6C23a807a4B78", "createdAt": "2021-05-28T10:36:26.442096", "updatedAt": "2021-05-28T10:36:27.52859", "lastCheckedAt": "2021-05-28T10:36:27.509", "socialVerificationURL": "https://twitter.com/shui_zong/status/1398226399329230850?ref_src=twsrc%5Etfw%7Ctwcamp%5Etweetembed%7Ctwterm%5E1398226399329230850%7Ctwgr%5E%7Ctwcon%5Es1_c10&ref_url=https%3A%2F%2Fpublish.twitter.com%2F%3Fquery%3Dhttps3A2F2Ftwitter.com2Fshui_zong2Fstatus2F1398226399329230850widget%3DTweet", "verificationText": "I\u2019m on @withFND \ud83c\udf10\n\n0x035d3821C7C166517CCE0e05a9c6C23a807a4B78\n\nhttps://t.co/owrflJT4es", "userId": "868758645210841088", "username": "shui_zong", "isValid": true, "service": "TWITTER", "failedReason": null, "status": null}], "instaSocialVerifs": [{"id": "9702e8dd-fccf-4820-8b2f-1cfc956cd080", "user": "0x035d3821C7C166517CCE0e05a9c6C23a807a4B78", "createdAt": "2021-04-27T08:15:43.714071", "updatedAt": "2021-04-27T08:15:43.714071", "lastCheckedAt": "2021-04-27T08:15:43.642", "socialVerificationURL": null, "verificationText": null, "userId": "17841402031219175", "username": "shuiuiuii", "isValid": true, "service": "INSTAGRAM", "failedReason": null, "status": null}]}, "profileExists": true, "collectors": [], "createdCount": 0}, "__N_SSG": true}, "page": "/[username]", "query": {"username": "0x035d3821c7c166517cce0e05a9c6c23a807a4b78"}, "buildId": "fPHzAE9c9nph2AUK0K_6u", "isFallback": false, "dynamicIds": [33196, 55458, 54746], "gsp": true, "scriptLoader": []}