{"props": {"pageProps": {"username": "0x7d76e14487567008cc4c583adcba38206eec7c00", "user": {"userIndex": 76954, "publicKey": "0x7D76e14487567008cC4C583ADcBa38206eec7C00", "username": "DylanMayoral", "profileImageUrl": "https://f8n-production.s3.amazonaws.com/creators/profile/3h0ax7m6t-ape-jpg-e6cdgk.JPG", "coverImageUrl": "https://f8n-production.s3.amazonaws.com/creators/profile/d241suvy0-wp2601899-space-wallpaper-jpg-mtug5n.jpg", "name": "Dylan Mayoral", "bio": "Dylan Mayoral is an Award Winning Dancer/Choreographer from London who has trained for over 17 years in 14 different Dance styles and is the first professional Dancer to sell an NFT.\n\n\n", "isApprovedCreator": true, "moderationStatus": "ACTIVE", "joinedWaitlistAt": null, "createdAt": "2021-06-11T20:24:01.526997", "migratedToUser": null, "isApprovedForMigrationAt": null, "firstName": null, "lastName": null, "isAdmin": false, "links": {"tiktok": {"handle": "", "platform": "tiktok"}, "twitch": {"handle": "", "platform": "twitch"}, "discord": {"handle": "", "platform": "discord"}, "twitter": {"handle": "", "platform": "twitter"}, "website": {"handle": "", "platform": "website"}, "youtube": {"handle": "youtube.com/dylanmayoralofficial", "platform": "youtube"}, "facebook": {"handle": "", "platform": "facebook"}, "snapchat": {"handle": "", "platform": "snapchat"}, "instagram": {"handle": "", "platform": "instagram"}}, "acceptedInvite": {"senderPublicKey": "0x2b1c5CDc5C8fdd1bB44D275e60f4F32c7D055a03", "redeemerPublicKey": "0x7D76e14487567008cC4C583ADcBa38206eec7C00", "redeemedAt": "2021-06-11T20:32:31.255"}, "twitSocialVerifs": [{"id": "81f4ee2d-fb20-4bf3-b461-3e7997cd095e", "user": "0x7D76e14487567008cC4C583ADcBa38206eec7C00", "createdAt": "2021-06-11T20:26:24.969265", "updatedAt": "2021-06-11T20:26:30.400867", "lastCheckedAt": "2021-06-11T20:26:30.382", "socialVerificationURL": "https://twitter.com/DylanMayoralNFT/status/1403448518640025600?s=20", "verificationText": "I\u2019m on @withFND \ud83c\udf10\n\n0x7D76e14487567008cC4C583ADcBa38206eec7C00\n\nhttps://t.co/6rzKbqvFSL", "userId": "975809949455519745", "username": "DylanMayoralNFT", "isValid": true, "service": "TWITTER", "failedReason": null, "status": null}], "instaSocialVerifs": [{"id": "f1e81f35-3e08-43b9-800d-65f11499b32d", "user": "0x7D76e14487567008cC4C583ADcBa38206eec7C00", "createdAt": "2021-06-11T20:26:58.58683", "updatedAt": "2021-06-11T20:26:58.58683", "lastCheckedAt": "2021-06-11T20:26:49.464", "socialVerificationURL": null, "verificationText": null, "userId": "17841400045180802", "username": "dylanmayoral", "isValid": true, "service": "INSTAGRAM", "failedReason": null, "status": null}]}, "profileExists": true, "collectors": [{"userIndex": 78106, "publicKey": "0x1F50172AC57c288100a709e379dbB6Ab04BD8627", "username": "ORSONHey", "profileImageUrl": "https://f8n-production.s3.amazonaws.com/creators/profile/sxp3bdunp-unnamed-png-ezsdki.png", "coverImageUrl": "https://f8n-production.s3.amazonaws.com/creators/profile/vzv7vyg4y-unnamed-1-jpg-8zkkbi.jpg", "name": "ORSONHey", "bio": "", "isApprovedCreator": true, "moderationStatus": "ACTIVE", "joinedWaitlistAt": "2021-07-21T13:49:00.957", "createdAt": "2021-04-26T11:57:41.76037", "migratedToUser": null, "isApprovedForMigrationAt": null, "follows": [], "highestBidAuctions": [{"endsAt": "2021-07-21T06:58:33"}], "highestBidAuctions_aggregate": {"aggregate": {"count": 1}}}, {"userIndex": 60448, "publicKey": "0x3a2Ea5595098565e7362e04dA30C5ec29435731F", "username": "mentalist420", "profileImageUrl": "https://f8n-production.s3.amazonaws.com/creators/profile/bbghprit2-150-jpg-ui5rhn.jpg", "coverImageUrl": "https://f8n-production.s3.amazonaws.com/creators/profile/lv53pukcn-ghouls-gif-tx3as4.gif", "name": "", "bio": "#NFTcollector #Blockchain AI visionary", "isApprovedCreator": false, "moderationStatus": "ACTIVE", "joinedWaitlistAt": null, "createdAt": "2021-05-01T00:35:38.087656", "migratedToUser": null, "isApprovedForMigrationAt": null, "follows": [], "highestBidAuctions": [{"endsAt": "2021-07-17T07:34:40"}], "highestBidAuctions_aggregate": {"aggregate": {"count": 1}}}, {"userIndex": 83714, "publicKey": "0x98c7F6037Dc4eCB8DBE0d64272ba662a821F437b", "username": "bropane", "profileImageUrl": "https://f8n-production.s3.amazonaws.com/creators/profile/ers9fi2b9-screenshot-20210710-111516-png-acq79q.png", "coverImageUrl": "", "name": "bropane glass", "bio": "Just a bro looking out through his pane", "isApprovedCreator": false, "moderationStatus": "ACTIVE", "joinedWaitlistAt": null, "createdAt": "2021-07-01T15:49:50.592444", "migratedToUser": null, "isApprovedForMigrationAt": null, "follows": [], "highestBidAuctions": [{"endsAt": "2021-07-02T20:24:56"}], "highestBidAuctions_aggregate": {"aggregate": {"count": 1}}}, {"userIndex": null, "publicKey": "0xBE768445210ec2219f0565f88d8F4ED0a4e9ab62", "username": null, "profileImageUrl": null, "coverImageUrl": null, "name": null, "bio": null, "isApprovedCreator": false, "moderationStatus": "ACTIVE", "joinedWaitlistAt": null, "createdAt": "2021-07-21T03:03:22.19516", "migratedToUser": null, "isApprovedForMigrationAt": null, "follows": [], "highestBidAuctions": [{"endsAt": "2021-07-22T07:26:37"}], "highestBidAuctions_aggregate": {"aggregate": {"count": 1}}}], "createdCount": 0}, "__N_SSG": true}, "page": "/[username]", "query": {"username": "0x7d76e14487567008cc4c583adcba38206eec7c00"}, "buildId": "fPHzAE9c9nph2AUK0K_6u", "isFallback": false, "dynamicIds": [33196, 55458, 54746], "gsp": true, "scriptLoader": []}