{"props": {"pageProps": {"username": "0x9a5ae3bc20cc64332e1ad5ce2054bce763dfa6aa", "user": {"userIndex": 27612, "publicKey": "0x9A5AE3Bc20cc64332e1AD5cE2054BCE763Dfa6aa", "username": "oguzhnkr", "profileImageUrl": "https://f8n-production.s3.amazonaws.com/creators/profile/08rdnz0o6-oguzhanlogo01-jpg-qkn1lg.jpg", "coverImageUrl": "https://f8n-production.s3.amazonaws.com/creators/profile/qmivood71-oguzhan-kar-02-jpg-24wij6.jpg", "name": "Oguzhan Kar", "bio": "Oguzhan Kar is experienced Digital Artist . Creating 3D and 2D Environment Artworks using Unreal Engine 4 and Photoshop.\nPrevious work experiences in :\nMicrosoft\nNetease\nPlatige Image", "isApprovedCreator": true, "moderationStatus": "ACTIVE", "joinedWaitlistAt": null, "createdAt": "2021-03-26T06:01:20.5087", "migratedToUser": null, "isApprovedForMigrationAt": null, "firstName": null, "lastName": null, "isAdmin": false, "links": {"tiktok": {"handle": "", "platform": "tiktok"}, "twitch": {"handle": "", "platform": "twitch"}, "discord": {"handle": "", "platform": "discord"}, "twitter": {"handle": "", "platform": "twitter"}, "website": {"handle": "https://www.artstation.com/oguzhnkr", "platform": "website"}, "youtube": {"handle": "", "platform": "youtube"}, "facebook": {"handle": "", "platform": "facebook"}, "snapchat": {"handle": "", "platform": "snapchat"}, "instagram": {"handle": "", "platform": "instagram"}}, "acceptedInvite": {"senderPublicKey": "0x544600697EA7b12FCA4262Ca0477d51A6A160090", "redeemerPublicKey": "0x9A5AE3Bc20cc64332e1AD5cE2054BCE763Dfa6aa", "redeemedAt": "2021-04-02T11:31:28.205"}, "twitSocialVerifs": [{"id": "e175c20c-d0ac-4109-9884-892d07962ab2", "user": "0x9A5AE3Bc20cc64332e1AD5cE2054BCE763Dfa6aa", "createdAt": "2021-04-02T11:37:36.444033", "updatedAt": "2021-04-02T11:37:40.969037", "lastCheckedAt": "2021-04-02T11:37:40.961", "socialVerificationURL": "https://twitter.com/oguzhnkr/status/1377948255103946753", "verificationText": "I\u2019m on @withFND \ud83c\udf10\n\n0x9A5AE3Bc20cc64332e1AD5cE2054BCE763Dfa6aa\n\nhttps://t.co/B18SROkql8", "userId": "460432753", "username": "oguzhnkr", "isValid": true, "service": "TWITTER", "failedReason": null, "status": null}], "instaSocialVerifs": []}, "profileExists": true, "collectors": [], "createdCount": 0}, "__N_SSG": true}, "page": "/[username]", "query": {"username": "0x9a5ae3bc20cc64332e1ad5ce2054bce763dfa6aa"}, "buildId": "fPHzAE9c9nph2AUK0K_6u", "isFallback": false, "dynamicIds": [33196, 55458, 54746], "gsp": true, "scriptLoader": []}