{"props": {"pageProps": {"username": "0xc57d987584cd1ee9dbe2c1f7e7d1b2cfb7cc4261", "user": {"userIndex": 78331, "publicKey": "0xc57d987584cD1ee9dbE2C1F7e7d1b2CfB7CC4261", "username": "villegonz", "profileImageUrl": "https://f8n-production.s3.amazonaws.com/creators/profile/dv8pswdg6-futuristic-pfp-jpg-ez93iu.jpg", "coverImageUrl": "", "name": "Emilio ", "bio": "NFT artist", "isApprovedCreator": false, "moderationStatus": "ACTIVE", "joinedWaitlistAt": null, "createdAt": "2021-06-15T00:19:39.526681", "migratedToUser": null, "isApprovedForMigrationAt": null, "firstName": null, "lastName": null, "isAdmin": false, "links": {"tiktok": {"handle": "", "platform": "tiktok"}, "twitch": {"handle": "", "platform": "twitch"}, "discord": {"handle": "", "platform": "discord"}, "twitter": {"handle": "", "platform": "twitter"}, "website": {"handle": "", "platform": "website"}, "youtube": {"handle": "", "platform": "youtube"}, "facebook": {"handle": "", "platform": "facebook"}, "snapchat": {"handle": "", "platform": "snapchat"}, "instagram": {"handle": "", "platform": "instagram"}}, "acceptedInvite": {"senderPublicKey": "0x6ea9C6542E992f563E686530FA6b07CBD32b427E", "redeemerPublicKey": "0xc57d987584cD1ee9dbE2C1F7e7d1b2CfB7CC4261", "redeemedAt": "2021-06-15T00:23:18.098"}, "twitSocialVerifs": [{"id": "30e2e878-a5de-4202-8ea4-47c824301d94", "user": "0xc57d987584cD1ee9dbE2C1F7e7d1b2CfB7CC4261", "createdAt": "2021-07-01T01:18:57.079487", "updatedAt": "2021-07-01T01:18:59.032789", "lastCheckedAt": "2021-07-01T01:18:59.021", "socialVerificationURL": "https://twitter.com/villegonz_/status/1410407408413802497", "verificationText": "I\u2019m on @withFND \ud83c\udf10\n\n0xc57d987584cD1ee9dbE2C1F7e7d1b2CfB7CC4261\n\nhttps://t.co/vtqdDHenCl", "userId": "1404928774240555008", "username": "villegonz_", "isValid": true, "service": "TWITTER", "failedReason": null, "status": null}], "instaSocialVerifs": []}, "profileExists": true, "collectors": [], "createdCount": 0}, "__N_SSG": true}, "page": "/[username]", "query": {"username": "0xc57d987584cd1ee9dbe2c1f7e7d1b2cfb7cc4261"}, "buildId": "fPHzAE9c9nph2AUK0K_6u", "isFallback": false, "dynamicIds": [33196, 55458, 54746], "gsp": true, "scriptLoader": []}