{"props": {"pageProps": {"username": "0xf8cebbc2ff47265d18ee8fc6749ef3a690ca487f", "user": {"userIndex": 68978, "publicKey": "0xF8CeBbc2FF47265D18EE8fc6749Ef3a690CA487F", "username": "bg_kreativa", "profileImageUrl": "https://f8n-production.s3.amazonaws.com/creators/profile/xo57547p0-blue-heron-jpg-tu075p.jpg", "coverImageUrl": "https://f8n-production.s3.amazonaws.com/creators/profile/ptfeannh7-crymsonumbrela-jpg-t8fzj7.jpg", "name": "Boris Gvozderac", "bio": "Inspiration: fantasy, spirituallity, and surreal imagery. \nBoris uses art to express and better understand the psychology and inner workings of the mind and the world surrounding us. ", "isApprovedCreator": true, "moderationStatus": "ACTIVE", "joinedWaitlistAt": null, "createdAt": "2021-05-19T23:59:06.388982", "migratedToUser": null, "isApprovedForMigrationAt": null, "firstName": null, "lastName": null, "isAdmin": false, "links": {"tiktok": {"handle": "", "platform": "tiktok"}, "twitch": {"handle": "", "platform": "twitch"}, "discord": {"handle": "", "platform": "discord"}, "twitter": {"handle": "", "platform": "twitter"}, "website": {"handle": "https://www.artstation.com/bgkreativa", "platform": "website"}, "youtube": {"handle": "", "platform": "youtube"}, "facebook": {"handle": "", "platform": "facebook"}, "snapchat": {"handle": "", "platform": "snapchat"}, "instagram": {"handle": "", "platform": "instagram"}}, "acceptedInvite": {"senderPublicKey": "0x1C78E6505B3c6A97e3f742CCDc5868bfDcbF0Fa7", "redeemerPublicKey": "0xF8CeBbc2FF47265D18EE8fc6749Ef3a690CA487F", "redeemedAt": "2021-05-19T23:59:09.042"}, "twitSocialVerifs": [{"id": "f1afb08a-f0d5-43a6-a20a-3a6bbced0067", "user": "0xF8CeBbc2FF47265D18EE8fc6749Ef3a690CA487F", "createdAt": "2021-05-20T00:55:30.831921", "updatedAt": "2021-05-20T00:55:31.888889", "lastCheckedAt": "2021-05-20T00:55:31.876", "socialVerificationURL": "https://twitter.com/BorisGvozderac/status/1395181239385169920", "verificationText": "I\u2019m on @withFND \ud83c\udf10 \ud83d\ude0a\n\n0xF8CeBbc2FF47265D18EE8fc6749Ef3a690CA487F\n\nhttps://t.co/4XoHWI7Gov", "userId": "1395173326000111618", "username": "BorisGvozderac", "isValid": true, "service": "TWITTER", "failedReason": null, "status": null}], "instaSocialVerifs": [{"id": "bb539198-5fe0-405c-8cff-335abf0ea636", "user": "0xF8CeBbc2FF47265D18EE8fc6749Ef3a690CA487F", "createdAt": "2021-05-20T00:05:15.13253", "updatedAt": "2021-05-20T00:05:15.13253", "lastCheckedAt": "2021-05-20T00:05:13.828", "socialVerificationURL": null, "verificationText": null, "userId": "17841429610607305", "username": "bg.kreativa", "isValid": true, "service": "INSTAGRAM", "failedReason": null, "status": null}]}, "profileExists": true, "collectors": [], "createdCount": 0}, "__N_SSG": true}, "page": "/[username]", "query": {"username": "0xf8cebbc2ff47265d18ee8fc6749ef3a690ca487f"}, "buildId": "fPHzAE9c9nph2AUK0K_6u", "isFallback": false, "dynamicIds": [33196, 55458, 54746], "gsp": true, "scriptLoader": []}