{"props": {"pageProps": {"username": "0xa5c4a99986e5ea6854fe2819a33e44dddc362e49", "user": {"userIndex": 43781, "publicKey": "0xA5C4a99986e5EA6854fe2819a33E44DDdC362E49", "username": "Czls", "profileImageUrl": "https://f8n-production.s3.amazonaws.com/creators/profile/rwabxknjd-6-png-a2gow2.png", "coverImageUrl": "https://f8n-production.s3.amazonaws.com/creators/profile/4jsrrvo0p-4-png-n247p1.png", "name": "Czls", "bio": "Each piece I make tells a story but in a poetic way. It must hide a strong message, blur for some, clear for others. I like to think my art speak to people who understand me.\n\nPhotoshop Wizard - Paris", "isApprovedCreator": true, "moderationStatus": "ACTIVE", "joinedWaitlistAt": "2021-04-11T13:49:50.524", "createdAt": "2021-04-11T13:22:46.146657", "migratedToUser": null, "isApprovedForMigrationAt": null, "firstName": null, "lastName": null, "isAdmin": false, "links": {"tiktok": {"handle": "", "platform": "tiktok"}, "twitch": {"handle": "", "platform": "twitch"}, "discord": {"handle": "", "platform": "discord"}, "twitter": {"handle": "", "platform": "twitter"}, "website": {"handle": "", "platform": "website"}, "youtube": {"handle": "", "platform": "youtube"}, "facebook": {"handle": "https://www.facebook.com/guillaume.cazals.creatif", "platform": "facebook"}, "snapchat": {"handle": "", "platform": "snapchat"}, "instagram": {"handle": "https://www.instagram.com/cazalsguillaume/", "platform": "instagram"}}, "acceptedInvite": {"senderPublicKey": "0xD7049630A45F2A48ff8d770A03899E11f00DCcEA", "redeemerPublicKey": "0xA5C4a99986e5EA6854fe2819a33E44DDdC362E49", "redeemedAt": "2021-04-11T18:44:30.65"}, "twitSocialVerifs": [{"id": "068c4746-057d-4857-b6d9-defbe023fdad", "user": "0xA5C4a99986e5EA6854fe2819a33E44DDdC362E49", "createdAt": "2021-04-11T13:49:41.418533", "updatedAt": "2021-04-11T13:49:42.85261", "lastCheckedAt": "2021-04-11T13:49:42.849", "socialVerificationURL": "https://twitter.com/Glme_Czls/status/1381242940341809153", "verificationText": "I\u2019m on @withFND \ud83c\udf10\n\n0xA5C4a99986e5EA6854fe2819a33E44DDdC362E49\n\nhttps://t.co/xjO5smwO6K", "userId": "457556662", "username": "Glme_Czls", "isValid": true, "service": "TWITTER", "failedReason": null, "status": null}], "instaSocialVerifs": [{"id": "794307d8-0a54-4507-907b-88cbafd86f4a", "user": "0xA5C4a99986e5EA6854fe2819a33E44DDdC362E49", "createdAt": "2021-04-20T12:26:08.462623", "updatedAt": "2021-04-20T12:26:08.462623", "lastCheckedAt": "2021-04-20T12:26:08.458", "socialVerificationURL": null, "verificationText": null, "userId": "17841405888087227", "username": "cazalsguillaume", "isValid": true, "service": "INSTAGRAM", "failedReason": null, "status": null}]}, "profileExists": true, "collectors": [{"userIndex": 29825, "publicKey": "0x1d4B9b250B1Bd41DAA35d94BF9204Ec1b0494eE3", "username": "siinamota", "profileImageUrl": "https://f8n-production.s3.amazonaws.com/creators/profile/tsjryvbb9-20151110223859584-png-xysoe9.png", "coverImageUrl": "https://f8n-production.s3.amazonaws.com/creators/profile/4wd7yvcf0-31dc4f1a-8c21-415a-a53c-85e7a3a6f358-base-resized-jpg-hb9a71.jpg", "name": "path", "bio": "", "isApprovedCreator": false, "moderationStatus": "ACTIVE", "joinedWaitlistAt": null, "createdAt": "2021-03-26T04:05:54.281063", "migratedToUser": null, "isApprovedForMigrationAt": null, "follows": [], "highestBidAuctions": [{"endsAt": "2021-04-13T00:53:26"}], "highestBidAuctions_aggregate": {"aggregate": {"count": 1}}}, {"userIndex": 62335, "publicKey": "0x9De08FD109bC231880f6b196A58cdAd392481207", "username": "monoaxial", "profileImageUrl": "https://f8n-production.s3.amazonaws.com/creators/profile/rnclxd79y-awena-png-s5n9k5.png", "coverImageUrl": "https://f8n-production.s3.amazonaws.com/creators/profile/paad5ymlb-img-20210109-140106-jpg-0d0ihr.jpg", "name": "monoaxial", "bio": "Be elusive, let it be found.", "isApprovedCreator": true, "moderationStatus": "ACTIVE", "joinedWaitlistAt": "2021-05-06T10:17:53.85", "createdAt": "2021-05-06T08:03:16.60477", "migratedToUser": null, "isApprovedForMigrationAt": null, "follows": [], "highestBidAuctions": [{"endsAt": "2021-06-17T08:20:12"}], "highestBidAuctions_aggregate": {"aggregate": {"count": 2}}}], "createdCount": 0}, "__N_SSG": true}, "page": "/[username]", "query": {"username": "0xa5c4a99986e5ea6854fe2819a33e44dddc362e49"}, "buildId": "fPHzAE9c9nph2AUK0K_6u", "isFallback": false, "dynamicIds": [33196, 55458, 54746], "gsp": true, "scriptLoader": []}