{"props": {"pageProps": {"username": "0xef66692cb6f33ac6833d743283801ca8dcf656a9", "user": {"userIndex": 1412, "publicKey": "0xEF66692cb6f33ac6833d743283801Ca8dcf656a9", "username": "afterfuture", "profileImageUrl": "https://f8n-production.s3.amazonaws.com/creators/profile/n514tzg9t-0af-logo-1080-png-91risk.png", "coverImageUrl": "https://f8n-production.s3.amazonaws.com/creators/profile/rinse83cd-aeternia-cover-png-lhcyqu.png", "name": "AFTERFUTURE", "bio": "Welcome to the time of all times. Let the realms guide you towards a world built on symbiosis, towards a goal achieved only in unity.\n", "isApprovedCreator": true, "moderationStatus": "ACTIVE", "joinedWaitlistAt": null, "createdAt": "2020-10-13T14:49:02.029433", "migratedToUser": null, "isApprovedForMigrationAt": null, "firstName": null, "lastName": null, "isAdmin": false, "links": {"tiktok": {"handle": "", "platform": "tiktok"}, "twitch": {"handle": "", "platform": "twitch"}, "discord": {"handle": "AFTERFUTURE#1618", "platform": "discord"}, "twitter": {"handle": "afterfuture_nft", "platform": "twitter"}, "website": {"handle": "", "platform": "website"}, "youtube": {"handle": "", "platform": "youtube"}, "facebook": {"handle": "", "platform": "facebook"}, "snapchat": {"handle": "", "platform": "snapchat"}, "instagram": {"handle": "vfxfreek", "platform": "instagram"}}, "acceptedInvite": {"senderPublicKey": "0x4da48Ac48b782A7C01E70065E4a51fAf2C3F7B09", "redeemerPublicKey": "0xEF66692cb6f33ac6833d743283801Ca8dcf656a9", "redeemedAt": "2021-02-14T00:14:40.029"}, "twitSocialVerifs": [{"id": "9e094e28-a039-4faa-bd25-629c62aa38a5", "user": "0xEF66692cb6f33ac6833d743283801Ca8dcf656a9", "createdAt": "2021-03-09T09:27:59.518018", "updatedAt": "2021-03-09T09:28:03.417847", "lastCheckedAt": "2021-03-09T09:28:03.364", "socialVerificationURL": "https://twitter.com/afterfuture_nft/status/1369218376418070534", "verificationText": "I\u2019m on @withFND \ud83c\udf10\n\n0xEF66692cb6f33ac6833d743283801Ca8dcf656a9\n\nhttps://t.co/cgaiH7AeKM", "userId": "1317725270821011458", "username": "afterfuture_nft", "isValid": true, "service": "TWITTER", "failedReason": null, "status": null}], "instaSocialVerifs": [{"id": "4fb16cad-aa18-4b85-933e-0edc61e3dd8d", "user": "0xEF66692cb6f33ac6833d743283801Ca8dcf656a9", "createdAt": "2021-04-21T14:02:57.366729", "updatedAt": "2021-04-21T14:02:57.366729", "lastCheckedAt": "2021-04-21T14:02:57.365", "socialVerificationURL": null, "verificationText": null, "userId": "17841400223671122", "username": "vfxfreek", "isValid": true, "service": "INSTAGRAM", "failedReason": null, "status": null}]}, "profileExists": true, "collectors": [{"userIndex": null, "publicKey": "0x0d4DDeA3849C54E16C85cB4354943dC876e05552", "username": null, "profileImageUrl": null, "coverImageUrl": null, "name": null, "bio": null, "isApprovedCreator": false, "moderationStatus": "ACTIVE", "joinedWaitlistAt": null, "createdAt": "2021-02-17T13:46:12.694363", "migratedToUser": null, "isApprovedForMigrationAt": null, "follows": [], "highestBidAuctions": [{"endsAt": "2021-02-24T03:35:46"}], "highestBidAuctions_aggregate": {"aggregate": {"count": 2}}}, {"userIndex": null, "publicKey": "0xcCa71809E8870AFEB72c4720d0fe50d5C3230e05", "username": null, "profileImageUrl": null, "coverImageUrl": null, "name": null, "bio": null, "isApprovedCreator": false, "moderationStatus": "ACTIVE", "joinedWaitlistAt": null, "createdAt": "2021-02-14T21:28:02.054651", "migratedToUser": null, "isApprovedForMigrationAt": null, "follows": [], "highestBidAuctions": [{"endsAt": "2021-02-15T21:52:00"}], "highestBidAuctions_aggregate": {"aggregate": {"count": 1}}}], "createdCount": 0}, "__N_SSG": true}, "page": "/[username]", "query": {"username": "0xef66692cb6f33ac6833d743283801ca8dcf656a9"}, "buildId": "fPHzAE9c9nph2AUK0K_6u", "isFallback": false, "dynamicIds": [33196, 55458, 54746], "gsp": true, "scriptLoader": []}