{"props": {"pageProps": {"username": "0xa81e6bd2d970ccfd5b7286221c6a1065fa20ec8f", "user": {"userIndex": 85937, "publicKey": "0xa81e6BD2D970cCFd5B7286221c6A1065fa20Ec8F", "username": "Lynn97YL", "profileImageUrl": "https://f8n-production.s3.amazonaws.com/creators/profile/oc3simg5z-whatsapp-image-2021-06-24-at-11-20-08-am-jpeg-ponvwp.jpeg", "coverImageUrl": "", "name": "Lynd ", "bio": "I am Lynn \n\nMy account will be only Axie Infinity related content.\nAround every week I will drop one piece. \nNot an expert, but time and effort will master my digital art skills quickly.\n", "isApprovedCreator": true, "moderationStatus": "ACTIVE", "joinedWaitlistAt": null, "createdAt": "2021-07-19T11:00:08.875402", "migratedToUser": null, "isApprovedForMigrationAt": null, "firstName": null, "lastName": null, "isAdmin": false, "links": {"tiktok": {"handle": "", "platform": "tiktok"}, "twitch": {"handle": "", "platform": "twitch"}, "discord": {"handle": "Lynn97YL#5571", "platform": "discord"}, "twitter": {"handle": "", "platform": "twitter"}, "website": {"handle": "", "platform": "website"}, "youtube": {"handle": "", "platform": "youtube"}, "facebook": {"handle": "", "platform": "facebook"}, "snapchat": {"handle": "", "platform": "snapchat"}, "instagram": {"handle": "", "platform": "instagram"}}, "acceptedInvite": {"senderPublicKey": "0x7D76e14487567008cC4C583ADcBa38206eec7C00", "redeemerPublicKey": "0xa81e6BD2D970cCFd5B7286221c6A1065fa20Ec8F", "redeemedAt": "2021-07-19T11:07:01.44"}, "twitSocialVerifs": [{"id": "2ad9c90e-92bb-43fb-b72e-9fe4fa41b479", "user": "0xa81e6BD2D970cCFd5B7286221c6A1065fa20Ec8F", "createdAt": "2021-07-19T11:06:09.18708", "updatedAt": "2021-07-19T11:06:11.91877", "lastCheckedAt": "2021-07-19T11:06:11.905", "socialVerificationURL": "https://twitter.com/Lynn97YL/status/1417078227605000193", "verificationText": "I\u2019m on @withFND \ud83c\udf10\n\n0xa81e6BD2D970cCFd5B7286221c6A1065fa20Ec8F\n\nhttps://t.co/udN9TJnzKw", "userId": "1404044624897978370", "username": "Lynn97YL", "isValid": true, "service": "TWITTER", "failedReason": null, "status": null}], "instaSocialVerifs": []}, "profileExists": true, "collectors": [{"userIndex": 86507, "publicKey": "0x2E7B037020C642471620f2caeEF77F77dA904CEA", "username": "AxieSando", "profileImageUrl": "", "coverImageUrl": "", "name": "Sando", "bio": "", "isApprovedCreator": false, "moderationStatus": "ACTIVE", "joinedWaitlistAt": null, "createdAt": "2021-07-21T20:18:35.953649", "migratedToUser": null, "isApprovedForMigrationAt": null, "follows": [], "highestBidAuctions": [{"endsAt": "2021-07-21T20:34:57"}], "highestBidAuctions_aggregate": {"aggregate": {"count": 1}}}], "createdCount": 0}, "__N_SSG": true}, "page": "/[username]", "query": {"username": "0xa81e6bd2d970ccfd5b7286221c6a1065fa20ec8f"}, "buildId": "fPHzAE9c9nph2AUK0K_6u", "isFallback": false, "dynamicIds": [33196, 55458, 54746], "gsp": true, "scriptLoader": []}