{"props": {"pageProps": {"username": "0x38039481fcb9892302282b3ea05827336e492ad5", "user": {"userIndex": 43625, "publicKey": "0x38039481FCb9892302282B3EA05827336E492aD5", "username": "Enover", "profileImageUrl": "https://f8n-production.s3.amazonaws.com/creators/profile/mc7y4bw33-65-jpg-9w1mww.jpg", "coverImageUrl": "https://f8n-production.s3.amazonaws.com/creators/profile/g6f4xlj0t-222-jpg-tycfqd.jpg", "name": "Elina Sabzehha", "bio": "I draw what you can't see.\n-/Surreal Illustrator/Graphist\n", "isApprovedCreator": true, "moderationStatus": "ACTIVE", "joinedWaitlistAt": null, "createdAt": "2021-04-11T09:42:43.017658", "migratedToUser": null, "isApprovedForMigrationAt": null, "firstName": null, "lastName": null, "isAdmin": false, "links": {"tiktok": {"handle": "", "platform": "tiktok"}, "twitch": {"handle": "", "platform": "twitch"}, "discord": {"handle": "Enover#0131", "platform": "discord"}, "twitter": {"handle": "", "platform": "twitter"}, "website": {"handle": "", "platform": "website"}, "youtube": {"handle": "", "platform": "youtube"}, "facebook": {"handle": "", "platform": "facebook"}, "snapchat": {"handle": "", "platform": "snapchat"}, "instagram": {"handle": "", "platform": "instagram"}}, "acceptedInvite": {"senderPublicKey": "0xc47d29721fE16FC2ebFEc903b1A2526d9667c07C", "redeemerPublicKey": "0x38039481FCb9892302282B3EA05827336E492aD5", "redeemedAt": "2021-04-25T18:27:55.776"}, "twitSocialVerifs": [{"id": "a7693f96-e2b6-47de-8952-24d98c0eeca5", "user": "0x38039481FCb9892302282B3EA05827336E492aD5", "createdAt": "2021-04-25T19:09:38.904428", "updatedAt": "2021-04-25T19:09:43.972378", "lastCheckedAt": "2021-04-25T19:09:43.945", "socialVerificationURL": "https://twitter.com/theenover/status/1386396900677521413?s=20", "verificationText": "I\u2019m on @withFND \ud83c\udf10\n\n0x38039481FCb9892302282B3EA05827336E492aD5\n\nhttps://t.co/qFZmV6m7No", "userId": "952900090603155457", "username": "theenover", "isValid": true, "service": "TWITTER", "failedReason": null, "status": null}], "instaSocialVerifs": [{"id": "6779fc32-a4da-4ac6-b5a8-976fe46dd96f", "user": "0x38039481FCb9892302282B3EA05827336E492aD5", "createdAt": "2021-04-27T07:29:07.095983", "updatedAt": "2021-04-27T07:29:07.095983", "lastCheckedAt": "2021-04-27T07:29:07.054", "socialVerificationURL": null, "verificationText": null, "userId": "17841443725886873", "username": "theenover", "isValid": true, "service": "INSTAGRAM", "failedReason": null, "status": null}]}, "profileExists": true, "collectors": [{"userIndex": 52362, "publicKey": "0xB62B05f72881CE39fAD0cb2F448D51a4ae7aCa09", "username": "sohayl", "profileImageUrl": "https://f8n-production.s3.amazonaws.com/creators/profile/8xm2yc19q-lxxml9iz-400x400-jpg-5vwxfe.jpg", "coverImageUrl": "https://f8n-production.s3.amazonaws.com/creators/profile/fepg94fbl-x-jpg-07vaox.jpg", "name": "Soheil Moradi", "bio": "", "isApprovedCreator": true, "moderationStatus": "ACTIVE", "joinedWaitlistAt": "2021-04-21T19:21:26.777", "createdAt": "2021-04-21T19:17:31.675653", "migratedToUser": null, "isApprovedForMigrationAt": null, "follows": [], "highestBidAuctions": [{"endsAt": "2021-05-02T20:19:34"}], "highestBidAuctions_aggregate": {"aggregate": {"count": 1}}}], "createdCount": 0}, "__N_SSG": true}, "page": "/[username]", "query": {"username": "0x38039481fcb9892302282b3ea05827336e492ad5"}, "buildId": "fPHzAE9c9nph2AUK0K_6u", "isFallback": false, "dynamicIds": [33196, 55458, 54746], "gsp": true, "scriptLoader": []}