{"props": {"pageProps": {"username": "0x1b95664844b2854997d468211f02dff2b601febd", "user": {"userIndex": 78950, "publicKey": "0x1b95664844b2854997d468211f02dFf2B601Febd", "username": "ArtofAttia", "profileImageUrl": "https://f8n-production.s3.amazonaws.com/creators/profile/z0kzzv026-166413758-10158946136860943-2790492515290499665-n-jpg-jtzsdw.jpg", "coverImageUrl": "", "name": "mohamed attia", "bio": "", "isApprovedCreator": true, "moderationStatus": "ACTIVE", "joinedWaitlistAt": null, "createdAt": "2021-06-17T14:36:31.020819", "migratedToUser": null, "isApprovedForMigrationAt": null, "firstName": null, "lastName": null, "isAdmin": false, "links": {"tiktok": {"handle": "", "platform": "tiktok"}, "twitch": {"handle": "", "platform": "twitch"}, "discord": {"handle": "", "platform": "discord"}, "twitter": {"handle": "", "platform": "twitter"}, "website": {"handle": "", "platform": "website"}, "youtube": {"handle": "", "platform": "youtube"}, "facebook": {"handle": "", "platform": "facebook"}, "snapchat": {"handle": "", "platform": "snapchat"}, "instagram": {"handle": "", "platform": "instagram"}}, "acceptedInvite": {"senderPublicKey": "0xF9add84E8476754273D8850F047497538AE07941", "redeemerPublicKey": "0x1b95664844b2854997d468211f02dFf2B601Febd", "redeemedAt": "2021-06-17T14:36:33.825"}, "twitSocialVerifs": [{"id": "99056ba4-bb9e-4948-af7e-a9aaf0d1b1f5", "user": "0x1b95664844b2854997d468211f02dFf2B601Febd", "createdAt": "2021-06-17T14:43:35.706203", "updatedAt": "2021-06-17T14:43:38.484201", "lastCheckedAt": "2021-06-17T14:43:38.471", "socialVerificationURL": "https://twitter.com/ArtofAttia/status/1405536482421399557?ref_src=twsrc%5Etfw%7Ctwcamp%5Etweetembed%7Ctwterm%5E1405536482421399557%7Ctwgr%5E%7Ctwcon%5Es1_&ref_url=https%3A%2F%2Fpublish.twitter.com%2F%3Fquery%3Dhttps3A2F2Ftwitter.com2FArtofAttia2Fstatus2F1405536482421399557widget%3DTweet", "verificationText": "I\u2019m on @withFND \ud83c\udf10 Giving this a whirl\n\n0x1b95664844b2854997d468211f02dFf2B601Febd\n\nhttps://t.co/RFCgTCLddW", "userId": "131682724", "username": "ArtofAttia", "isValid": true, "service": "TWITTER", "failedReason": null, "status": null}], "instaSocialVerifs": [{"id": "972f7ca6-b64d-442e-9799-7f426fe6666f", "user": "0x1b95664844b2854997d468211f02dFf2B601Febd", "createdAt": "2021-06-17T14:42:29.46771", "updatedAt": "2021-06-17T14:42:29.46771", "lastCheckedAt": "2021-06-17T14:42:29.466", "socialVerificationURL": null, "verificationText": null, "userId": "17841407390112711", "username": "artofattia", "isValid": true, "service": "INSTAGRAM", "failedReason": null, "status": null}]}, "profileExists": true, "collectors": [], "createdCount": 0}, "__N_SSG": true}, "page": "/[username]", "query": {"username": "0x1b95664844b2854997d468211f02dff2b601febd"}, "buildId": "fPHzAE9c9nph2AUK0K_6u", "isFallback": false, "dynamicIds": [33196, 55458, 54746], "gsp": true, "scriptLoader": []}