{"props": {"pageProps": {"username": "0x0f25f312e4133ff70086c4921d2082ddf2efd8aa", "user": {"userIndex": 15177, "publicKey": "0x0f25F312E4133fF70086c4921d2082Ddf2eFd8aA", "username": "DemonG3", "profileImageUrl": "https://f8n-production.s3.amazonaws.com/creators/profile/nknu8v2h4-pos1-jpg-9w8ey5.jpg", "coverImageUrl": "https://f8n-production.s3.amazonaws.com/creators/profile/re1ybspmt-cover2-jpg-kuo6r9.jpg", "name": "narupiti harunsong", "bio": "I\u2019m narupiti harunsong\nI come from thailand I\u2019m a concept artist, illustrator and visual development artist.\n", "isApprovedCreator": true, "moderationStatus": "ACTIVE", "joinedWaitlistAt": null, "createdAt": "2021-03-14T09:37:44.550425", "migratedToUser": null, "isApprovedForMigrationAt": null, "firstName": null, "lastName": null, "isAdmin": false, "links": {"tiktok": {"handle": "", "platform": "tiktok"}, "twitch": {"handle": "", "platform": "twitch"}, "discord": {"handle": "", "platform": "discord"}, "twitter": {"handle": "https://twitter.com/G3Demon", "platform": "twitter"}, "website": {"handle": "https://www.artstation.com/demong3", "platform": "website"}, "youtube": {"handle": "", "platform": "youtube"}, "facebook": {"handle": "https://www.facebook.com/profile.php?id=100044443776014", "platform": "facebook"}, "snapchat": {"handle": "", "platform": "snapchat"}, "instagram": {"handle": "https://www.instagram.com/narupiti.dg3/", "platform": "instagram"}}, "acceptedInvite": {"senderPublicKey": "0x15691bfeCc999C5c7ec5E96fB50BcF17EdB22b01", "redeemerPublicKey": "0x0f25F312E4133fF70086c4921d2082Ddf2eFd8aA", "redeemedAt": "2021-03-14T09:37:52.471"}, "twitSocialVerifs": [{"id": "852e60c6-781e-4dbc-b3cc-7fb6cce7fa3d", "user": "0x0f25F312E4133fF70086c4921d2082Ddf2eFd8aA", "createdAt": "2021-07-03T12:40:26.206712", "updatedAt": "2021-07-03T12:40:29.998009", "lastCheckedAt": "2021-07-03T12:40:29.983", "socialVerificationURL": "https://twitter.com/G3Demon/status/1411303612190322689", "verificationText": "I\u2019m on @withFND \ud83c\udf10\n\n0x0f25F312E4133fF70086c4921d2082Ddf2eFd8aA\n\nhttps://t.co/imc0AlJUdh", "userId": "991895710659297282", "username": "G3Demon", "isValid": true, "service": "TWITTER", "failedReason": null, "status": null}], "instaSocialVerifs": []}, "profileExists": true, "collectors": [{"userIndex": 82142, "publicKey": "0xc2d14C396822bA325Aa8C8D0f6213828Cb69d925", "username": "frenchy", "profileImageUrl": "https://f8n-production.s3.amazonaws.com/creators/profile/3li1kxd0o-unnamed-2-copy-jpg-zcomgy.jpg", "coverImageUrl": "https://f8n-production.s3.amazonaws.com/creators/profile/caladivox-nft-6-jpg-qiw0jn.jpg", "name": "Frenchy", "bio": "", "isApprovedCreator": false, "moderationStatus": "ACTIVE", "joinedWaitlistAt": null, "createdAt": "2021-07-03T11:17:17.674476", "migratedToUser": null, "isApprovedForMigrationAt": null, "follows": [], "highestBidAuctions": [{"endsAt": "2021-07-05T21:20:12"}], "highestBidAuctions_aggregate": {"aggregate": {"count": 1}}}], "createdCount": 0}, "__N_SSG": true}, "page": "/[username]", "query": {"username": "0x0f25f312e4133ff70086c4921d2082ddf2efd8aa"}, "buildId": "fPHzAE9c9nph2AUK0K_6u", "isFallback": false, "dynamicIds": [33196, 55458, 54746], "gsp": true, "scriptLoader": []}