{"props": {"pageProps": {"username": "0xa0957bb86d08205307848dc4924509ad8bf4faea", "user": {"userIndex": 52670, "publicKey": "0xa0957bb86D08205307848Dc4924509aD8Bf4FAeA", "username": "SamanFani", "profileImageUrl": "https://f8n-production.s3.amazonaws.com/creators/profile/mnwjg4ekb-6dbfa5f9-e2c3-4dc2-bb22-1c07d93cc018-jpg-67sxka.JPG", "coverImageUrl": "https://f8n-production.s3.amazonaws.com/creators/profile/v9qtw41o7-bg-png-5p3cx0.png", "name": "Saman Fani", "bio": "Motion Designer / 3DArtist\nFounder of RGB ICE\n", "isApprovedCreator": true, "moderationStatus": "ACTIVE", "joinedWaitlistAt": "2021-04-22T07:50:46.051", "createdAt": "2021-04-22T07:40:05.603101", "migratedToUser": null, "isApprovedForMigrationAt": null, "firstName": null, "lastName": null, "isAdmin": false, "links": {"tiktok": {"handle": "", "platform": "tiktok"}, "twitch": {"handle": "", "platform": "twitch"}, "discord": {"handle": "", "platform": "discord"}, "twitter": {"handle": "", "platform": "twitter"}, "website": {"handle": "www.rgbice.com", "platform": "website"}, "youtube": {"handle": "", "platform": "youtube"}, "facebook": {"handle": "", "platform": "facebook"}, "snapchat": {"handle": "", "platform": "snapchat"}, "instagram": {"handle": "", "platform": "instagram"}}, "acceptedInvite": {"senderPublicKey": "0xA10e9C4a644d00Fc191B6d26581B363F5ec71c05", "redeemerPublicKey": "0xa0957bb86D08205307848Dc4924509aD8Bf4FAeA", "redeemedAt": "2021-05-21T09:19:00.089"}, "twitSocialVerifs": [], "instaSocialVerifs": [{"id": "c418966a-fccb-4756-b662-d97f9ae1fc62", "user": "0xa0957bb86D08205307848Dc4924509aD8Bf4FAeA", "createdAt": "2021-04-22T07:49:57.485247", "updatedAt": "2021-04-22T07:49:57.485247", "lastCheckedAt": "2021-04-22T07:49:57.467", "socialVerificationURL": null, "verificationText": null, "userId": "17841402256355938", "username": "rgbice", "isValid": true, "service": "INSTAGRAM", "failedReason": null, "status": null}]}, "profileExists": true, "collectors": [], "createdCount": 0}, "__N_SSG": true}, "page": "/[username]", "query": {"username": "0xa0957bb86d08205307848dc4924509ad8bf4faea"}, "buildId": "fPHzAE9c9nph2AUK0K_6u", "isFallback": false, "dynamicIds": [33196, 55458, 54746], "gsp": true, "scriptLoader": []}