{"props": {"pageProps": {"username": "0xb393e1f7e748cdfd41f1157dd9fd25ac8e7315ad", "user": {"userIndex": 76054, "publicKey": "0xb393E1f7e748cDFd41F1157Dd9FD25ac8E7315aD", "username": "STEAMCLAM", "profileImageUrl": "https://f8n-production.s3.amazonaws.com/creators/profile/1a3qjioq5-screen-shot-2021-06-08-at-9-26-47-pm-png-2r0f0m.png", "coverImageUrl": "https://f8n-production.s3.amazonaws.com/creators/profile/pbdxoq0mf-screen-shot-2021-06-08-at-9-34-57-pm-2-png-u0o8x6.png", "name": "steamclam", "bio": "Destroy the Image/Break the Enemy", "isApprovedCreator": true, "moderationStatus": "ACTIVE", "joinedWaitlistAt": null, "createdAt": "2021-03-01T17:22:51.907202", "migratedToUser": null, "isApprovedForMigrationAt": null, "firstName": null, "lastName": null, "isAdmin": false, "links": {"tiktok": {"handle": "", "platform": "tiktok"}, "twitch": {"handle": "", "platform": "twitch"}, "discord": {"handle": "", "platform": "discord"}, "twitter": {"handle": "", "platform": "twitter"}, "website": {"handle": "", "platform": "website"}, "youtube": {"handle": "", "platform": "youtube"}, "facebook": {"handle": "", "platform": "facebook"}, "snapchat": {"handle": "", "platform": "snapchat"}, "instagram": {"handle": "", "platform": "instagram"}}, "acceptedInvite": {"senderPublicKey": "0x81d77BAAe7DE903cB32dFE674F4a0Ee07Db9ffdd", "redeemerPublicKey": "0xb393E1f7e748cDFd41F1157Dd9FD25ac8E7315aD", "redeemedAt": "2021-06-08T19:40:20.394"}, "twitSocialVerifs": [{"id": "b4402cb5-db63-4022-9ce2-7ff4c160358d", "user": "0xb393E1f7e748cDFd41F1157Dd9FD25ac8E7315aD", "createdAt": "2021-06-09T01:44:48.777994", "updatedAt": "2021-06-09T01:44:52.322289", "lastCheckedAt": "2021-06-09T01:44:52.303", "socialVerificationURL": "https://twitter.com/steamclam/status/1402441422742118404", "verificationText": "NFT slingin on @withFND \ud83c\udf10\n\n0xb393E1f7e748cDFd41F1157Dd9FD25ac8E7315aD\n\nhttps://t.co/GTALpGL1ba", "userId": "7121502", "username": "steamclam", "isValid": true, "service": "TWITTER", "failedReason": null, "status": null}], "instaSocialVerifs": [{"id": "07780bed-5974-469a-8627-20bfad5bf88c", "user": "0xb393E1f7e748cDFd41F1157Dd9FD25ac8E7315aD", "createdAt": "2021-06-09T01:42:32.161088", "updatedAt": "2021-06-09T01:42:32.161088", "lastCheckedAt": "2021-06-09T01:42:32.132", "socialVerificationURL": null, "verificationText": null, "userId": "17841401129650115", "username": "steamclam", "isValid": true, "service": "INSTAGRAM", "failedReason": null, "status": null}]}, "profileExists": true, "collectors": [], "createdCount": 0}, "__N_SSG": true}, "page": "/[username]", "query": {"username": "0xb393e1f7e748cdfd41f1157dd9fd25ac8e7315ad"}, "buildId": "fPHzAE9c9nph2AUK0K_6u", "isFallback": false, "dynamicIds": [33196, 55458, 54746], "gsp": true, "scriptLoader": []}