{"props": {"pageProps": {"username": "0xeaf9728051457196afa50803eba24fe0f98e7600", "user": {"userIndex": 42546, "publicKey": "0xEaf9728051457196aFa50803EBA24fe0F98E7600", "username": "christrueman", "profileImageUrl": "https://f8n-production.s3.amazonaws.com/creators/profile/fg86wlmvu-portrait-m-jpg-ylerpg.jpg", "coverImageUrl": "https://f8n-production.s3.amazonaws.com/creators/profile/98sklokbb-foundation-banner-jpg-dz4dc6.jpg", "name": "Chris Trueman", "bio": "Chris Trueman holds a double major BFA in Painting and Digital Media from the San Francisco Art Institute and a MFA from Claremont Graduate University. He has exhibited his work Internationally.", "isApprovedCreator": true, "moderationStatus": "ACTIVE", "joinedWaitlistAt": null, "createdAt": "2021-04-10T04:29:46.007095", "migratedToUser": null, "isApprovedForMigrationAt": null, "firstName": null, "lastName": null, "isAdmin": false, "links": {"tiktok": {"handle": "", "platform": "tiktok"}, "twitch": {"handle": "", "platform": "twitch"}, "discord": {"handle": "Chris Trueman#6801", "platform": "discord"}, "twitter": {"handle": "", "platform": "twitter"}, "website": {"handle": "www.christrueman.com", "platform": "website"}, "youtube": {"handle": "", "platform": "youtube"}, "facebook": {"handle": "trueman.chris", "platform": "facebook"}, "snapchat": {"handle": "", "platform": "snapchat"}, "instagram": {"handle": "truemanchris", "platform": "instagram"}}, "acceptedInvite": {"senderPublicKey": "0x7d42611012FDbE366Bf4A0481FC0E1aBf15E245A", "redeemerPublicKey": "0xEaf9728051457196aFa50803EBA24fe0F98E7600", "redeemedAt": "2021-04-10T04:29:49.312"}, "twitSocialVerifs": [{"id": "0c3b3ad6-6c23-4280-a187-95e792a9b409", "user": "0xEaf9728051457196aFa50803EBA24fe0F98E7600", "createdAt": "2021-04-10T04:41:52.094106", "updatedAt": "2021-04-10T04:41:55.658308", "lastCheckedAt": "2021-04-10T04:41:55.621", "socialVerificationURL": "https://twitter.com/ctrueman/status/1380742702334013445?s=20", "verificationText": "I\u2019m on @withFND \ud83c\udf10\n\n0xEaf9728051457196aFa50803EBA24fe0F98E7600\n\nhttps://t.co/wvv28L2joB", "userId": "16697129", "username": "ctrueman", "isValid": true, "service": "TWITTER", "failedReason": null, "status": null}], "instaSocialVerifs": [{"id": "60e448be-0136-4729-853e-59d7c50a83a8", "user": "0xEaf9728051457196aFa50803EBA24fe0F98E7600", "createdAt": "2021-04-30T05:35:03.71518", "updatedAt": "2021-04-30T05:35:03.71518", "lastCheckedAt": "2021-04-30T05:35:03.652", "socialVerificationURL": null, "verificationText": null, "userId": "17841400651602979", "username": "truemanchris", "isValid": true, "service": "INSTAGRAM", "failedReason": null, "status": null}]}, "profileExists": true, "collectors": [{"userIndex": 43577, "publicKey": "0xAD950bABed19971577dac5A7eb662923Da771EED", "username": "trialsleet", "profileImageUrl": "https://f8n-production.s3.amazonaws.com/creators/profile/mvnekbnj3-imperfection-avatar-png-bzs5jp.PNG", "coverImageUrl": "https://f8n-production.s3.amazonaws.com/creators/profile/7eezw8crq-twitter-cover-final-jpg-q52h31.jpg", "name": "", "bio": "My $LINK stays $PNK", "isApprovedCreator": false, "moderationStatus": "ACTIVE", "joinedWaitlistAt": null, "createdAt": "2021-03-29T04:17:43.164737", "migratedToUser": null, "isApprovedForMigrationAt": null, "follows": [], "highestBidAuctions": [{"endsAt": "2021-04-11T05:51:05"}], "highestBidAuctions_aggregate": {"aggregate": {"count": 1}}}], "createdCount": 0}, "__N_SSG": true}, "page": "/[username]", "query": {"username": "0xeaf9728051457196afa50803eba24fe0f98e7600"}, "buildId": "fPHzAE9c9nph2AUK0K_6u", "isFallback": false, "dynamicIds": [33196, 55458, 54746], "gsp": true, "scriptLoader": []}