{"props": {"pageProps": {"username": "0xc926ea5c9897ccbb7932bdfcc5aff8e903804559", "user": {"userIndex": 38687, "publicKey": "0xc926Ea5c9897cCBB7932BDfCC5AFF8e903804559", "username": "neverland", "profileImageUrl": "https://f8n-production.s3.amazonaws.com/creators/profile/te1ok6ijf-1-png-ygjztf.png", "coverImageUrl": "https://f8n-production.s3.amazonaws.com/creators/profile/9vuuqfao-2-png-5y7toq.png", "name": "neverland", "bio": "before", "isApprovedCreator": false, "moderationStatus": "ACTIVE", "joinedWaitlistAt": null, "createdAt": "2021-04-06T01:44:42.613897", "migratedToUser": null, "isApprovedForMigrationAt": null, "firstName": null, "lastName": null, "isAdmin": false, "links": {"tiktok": {"handle": "", "platform": "tiktok"}, "twitch": {"handle": "", "platform": "twitch"}, "discord": {"handle": "", "platform": "discord"}, "twitter": {"handle": "", "platform": "twitter"}, "website": {"handle": "", "platform": "website"}, "youtube": {"handle": "", "platform": "youtube"}, "facebook": {"handle": "", "platform": "facebook"}, "snapchat": {"handle": "", "platform": "snapchat"}, "instagram": {"handle": "", "platform": "instagram"}}, "acceptedInvite": null, "twitSocialVerifs": [{"id": "7ca9d60f-8a3b-4f12-aeb0-f10258fbc2fa", "user": "0xc926Ea5c9897cCBB7932BDfCC5AFF8e903804559", "createdAt": "2021-04-06T01:51:08.576361", "updatedAt": "2021-04-06T01:51:10.192573", "lastCheckedAt": "2021-04-06T01:51:10.136", "socialVerificationURL": "https://twitter.com/neverlily/status/1379250251425439747", "verificationText": "I\u2019m on @withFND \ud83c\udf10\n\n0xc926Ea5c9897cCBB7932BDfCC5AFF8e903804559\n\nhttps://t.co/ikP4KrW7Eb", "userId": "1835661", "username": "neverlily", "isValid": true, "service": "TWITTER", "failedReason": null, "status": null}], "instaSocialVerifs": []}, "profileExists": true, "collectors": [], "createdCount": 0}, "__N_SSG": true}, "page": "/[username]", "query": {"username": "0xc926ea5c9897ccbb7932bdfcc5aff8e903804559"}, "buildId": "fPHzAE9c9nph2AUK0K_6u", "isFallback": false, "dynamicIds": [33196, 55458, 54746], "gsp": true, "scriptLoader": []}