{"props": {"pageProps": {"username": "0x8c1509d217f478cbeb62fb2e90ff28340248b135", "user": {"userIndex": 66218, "publicKey": "0x8c1509D217F478cBeB62fB2e90FF28340248b135", "username": "ALEHKZ", "profileImageUrl": "https://f8n-production.s3.amazonaws.com/creators/profile/wjb1ac96v-bildschirmfoto-2021-05-13-um-12-45-05-png-5xg3cy.png", "coverImageUrl": "https://f8n-production.s3.amazonaws.com/creators/profile/v9g3t5bl1-bildschirmfoto-2021-05-13-um-13-05-46-png-rc0bnr.png", "name": "ALEHKZ", "bio": "28yo Graphic Designer from Germany.\nI put my inner world on the canvas.\nConnect with me thru my vision!\n\n\nDo you enjoy spiritual trippy art?\nNew work every week!", "isApprovedCreator": true, "moderationStatus": "ACTIVE", "joinedWaitlistAt": null, "createdAt": "2021-04-29T21:32:43.963833", "migratedToUser": null, "isApprovedForMigrationAt": null, "firstName": null, "lastName": null, "isAdmin": false, "links": {"tiktok": {"handle": "", "platform": "tiktok"}, "twitch": {"handle": "", "platform": "twitch"}, "discord": {"handle": "", "platform": "discord"}, "twitter": {"handle": "", "platform": "twitter"}, "website": {"handle": "", "platform": "website"}, "youtube": {"handle": "", "platform": "youtube"}, "facebook": {"handle": "", "platform": "facebook"}, "snapchat": {"handle": "", "platform": "snapchat"}, "instagram": {"handle": "", "platform": "instagram"}}, "acceptedInvite": {"senderPublicKey": "0x4bc157074D05459eb95acCCcC1939EEA59d3fE4b", "redeemerPublicKey": "0x8c1509D217F478cBeB62fB2e90FF28340248b135", "redeemedAt": "2021-04-29T21:32:49.955"}, "twitSocialVerifs": [], "instaSocialVerifs": [{"id": "a64fe121-fb99-47b7-b71b-cb39d5c1fec1", "user": "0x8c1509D217F478cBeB62fB2e90FF28340248b135", "createdAt": "2021-04-29T22:56:59.429079", "updatedAt": "2021-04-29T22:56:59.429079", "lastCheckedAt": "2021-04-29T22:56:59.402", "socialVerificationURL": null, "verificationText": null, "userId": "17841400736380068", "username": "alehkz_", "isValid": true, "service": "INSTAGRAM", "failedReason": null, "status": null}]}, "profileExists": true, "collectors": [], "createdCount": 0}, "__N_SSG": true}, "page": "/[username]", "query": {"username": "0x8c1509d217f478cbeb62fb2e90ff28340248b135"}, "buildId": "fPHzAE9c9nph2AUK0K_6u", "isFallback": false, "dynamicIds": [33196, 55458, 54746], "gsp": true, "scriptLoader": []}