{"props": {"pageProps": {"username": "0x0d414455d419538fdb06f11148a3bdb0cd4379d3", "user": {"userIndex": null, "publicKey": "0x0d414455d419538FdB06f11148A3bDb0Cd4379D3", "username": null, "profileImageUrl": null, "coverImageUrl": null, "name": null, "bio": null, "isApprovedCreator": false, "moderationStatus": "ACTIVE", "joinedWaitlistAt": "2021-04-10T23:41:59.74", "createdAt": "2021-03-10T11:49:55.073965", "migratedToUser": null, "isApprovedForMigrationAt": null, "firstName": null, "lastName": null, "isAdmin": false, "links": {}, "acceptedInvite": null, "twitSocialVerifs": [{"id": "5589717d-b761-4ce9-b993-9f1c5912d363", "user": "0x0d414455d419538FdB06f11148A3bDb0Cd4379D3", "createdAt": "2021-04-10T23:41:40.293593", "updatedAt": "2021-04-10T23:41:45.226338", "lastCheckedAt": "2021-04-10T23:41:45.201", "socialVerificationURL": "https://twitter.com/JrawMr/status/1381029611161718786", "verificationText": "I\u2019m on @withFND \ud83c\udf10\n\n0x0d414455d419538FdB06f11148A3bDb0Cd4379D3\n\nhttps://t.co/H8Q41AulE1", "userId": "1105687019706073088", "username": "JrawMr", "isValid": true, "service": "TWITTER", "failedReason": null, "status": null}], "instaSocialVerifs": []}, "profileExists": true, "collectors": [], "createdCount": 0}, "__N_SSG": true}, "page": "/[username]", "query": {"username": "0x0d414455d419538fdb06f11148a3bdb0cd4379d3"}, "buildId": "fPHzAE9c9nph2AUK0K_6u", "isFallback": false, "dynamicIds": [33196, 55458, 54746], "gsp": true, "scriptLoader": []}