{"props": {"pageProps": {"username": "0x94f601d264d562a351d2cb354b78bf0b2cd703be", "user": {"userIndex": 54982, "publicKey": "0x94f601D264d562a351D2cb354B78BF0B2cd703BE", "username": "Beefy", "profileImageUrl": "https://f8n-production.s3.amazonaws.com/creators/profile/o8kcqlopr-soul-png-h0c55o.png", "coverImageUrl": "", "name": "Beefy", "bio": "", "isApprovedCreator": false, "moderationStatus": "ACTIVE", "joinedWaitlistAt": null, "createdAt": "2021-04-25T15:53:13.082003", "migratedToUser": null, "isApprovedForMigrationAt": null, "firstName": null, "lastName": null, "isAdmin": false, "links": {"tiktok": {"handle": "", "platform": "tiktok"}, "twitch": {"handle": "", "platform": "twitch"}, "discord": {"handle": "", "platform": "discord"}, "twitter": {"handle": "", "platform": "twitter"}, "website": {"handle": "", "platform": "website"}, "youtube": {"handle": "", "platform": "youtube"}, "facebook": {"handle": "", "platform": "facebook"}, "snapchat": {"handle": "", "platform": "snapchat"}, "instagram": {"handle": "", "platform": "instagram"}}, "acceptedInvite": null, "twitSocialVerifs": [{"id": "1216c0d0-31ac-44a5-b08d-13f9bcea4ed0", "user": "0x94f601D264d562a351D2cb354B78BF0B2cd703BE", "createdAt": "2021-07-12T19:46:14.447592", "updatedAt": "2021-07-12T19:46:15.443633", "lastCheckedAt": "2021-07-12T19:46:15.436", "socialVerificationURL": "https://twitter.com/llBeefyll/status/1414672401036627974?s=20", "verificationText": "I\u2019m on @withFND \ud83c\udf10\n\n0x94f601D264d562a351D2cb354B78BF0B2cd703BE\n\nhttps://t.co/W1lSMTEJjH", "userId": "395015851", "username": "llBeefyll", "isValid": true, "service": "TWITTER", "failedReason": null, "status": null}], "instaSocialVerifs": []}, "profileExists": true, "collectors": [], "createdCount": 0}, "__N_SSG": true}, "page": "/[username]", "query": {"username": "0x94f601d264d562a351d2cb354b78bf0b2cd703be"}, "buildId": "fPHzAE9c9nph2AUK0K_6u", "isFallback": false, "dynamicIds": [33196, 55458, 54746], "gsp": true, "scriptLoader": []}