{"props": {"pageProps": {"username": "0xbd578dc08e60cbb31f597a012bcb0ccf3a466d64", "user": {"userIndex": 84778, "publicKey": "0xBd578DC08e60Cbb31F597A012bcB0CCf3A466d64", "username": "nourv2", "profileImageUrl": "", "coverImageUrl": "", "name": "nourv2", "bio": "", "isApprovedCreator": true, "moderationStatus": "ACTIVE", "joinedWaitlistAt": null, "createdAt": "2021-07-14T20:15:08.155327", "migratedToUser": null, "isApprovedForMigrationAt": null, "firstName": null, "lastName": null, "isAdmin": false, "links": {"tiktok": {"handle": "", "platform": "tiktok"}, "twitch": {"handle": "", "platform": "twitch"}, "discord": {"handle": "", "platform": "discord"}, "twitter": {"handle": "", "platform": "twitter"}, "website": {"handle": "", "platform": "website"}, "youtube": {"handle": "", "platform": "youtube"}, "facebook": {"handle": "", "platform": "facebook"}, "snapchat": {"handle": "", "platform": "snapchat"}, "instagram": {"handle": "", "platform": "instagram"}}, "acceptedInvite": {"senderPublicKey": "0x874f50f5F9B1eDe8110772463524786ff7d74877", "redeemerPublicKey": "0xBd578DC08e60Cbb31F597A012bcB0CCf3A466d64", "redeemedAt": "2021-07-14T20:15:15.504"}, "twitSocialVerifs": [{"id": "d2855345-9ee9-49ec-8936-66b74635efba", "user": "0xBd578DC08e60Cbb31F597A012bcB0CCf3A466d64", "createdAt": "2021-07-14T20:17:31.966304", "updatedAt": "2021-07-14T20:17:36.028231", "lastCheckedAt": "2021-07-14T20:17:36.019", "socialVerificationURL": "https://twitter.com/dliteiv/status/1415405079478243332?s=20", "verificationText": "I\u2019m on @withFND \ud83c\udf10\n\n0xBd578DC08e60Cbb31F597A012bcB0CCf3A466d64\n\nhttps://t.co/nLuQudsUfE", "userId": "4830359374", "username": "dliteiv", "isValid": true, "service": "TWITTER", "failedReason": null, "status": null}], "instaSocialVerifs": []}, "profileExists": true, "collectors": [], "createdCount": 0}, "__N_SSG": true}, "page": "/[username]", "query": {"username": "0xbd578dc08e60cbb31f597a012bcb0ccf3a466d64"}, "buildId": "fPHzAE9c9nph2AUK0K_6u", "isFallback": false, "dynamicIds": [33196, 55458, 54746], "gsp": true, "scriptLoader": []}