{"props": {"pageProps": {"username": "0x0d9789be670106b0e31f0742282421f32332a6d0", "user": {"userIndex": 44162, "publicKey": "0x0D9789bE670106b0E31f0742282421F32332a6d0", "username": "metalkanery", "profileImageUrl": "https://f8n-production.s3.amazonaws.com/creators/profile/ln4yuah3o-photo-2020-08-22-16-09-13-jpg-rvn3gz.jpg", "coverImageUrl": "https://f8n-production.s3.amazonaws.com/creators/profile/7w41osv4c-poster-1-jpg-gith5i.jpg", "name": "metalkanery", "bio": "Hello friends, my name is Nazar, I am an artist from Ukraine. I draw oil and study CG. In my works, I try to show the state of mind", "isApprovedCreator": true, "moderationStatus": "ACTIVE", "joinedWaitlistAt": null, "createdAt": "2021-04-11T20:04:07.111122", "migratedToUser": null, "isApprovedForMigrationAt": null, "firstName": null, "lastName": null, "isAdmin": false, "links": {"tiktok": {"handle": "", "platform": "tiktok"}, "twitch": {"handle": "", "platform": "twitch"}, "discord": {"handle": "", "platform": "discord"}, "twitter": {"handle": "https://twitter.com/metalkanery", "platform": "twitter"}, "website": {"handle": "", "platform": "website"}, "youtube": {"handle": "", "platform": "youtube"}, "facebook": {"handle": "https://www.facebook.com/nazar.mudrak.9", "platform": "facebook"}, "snapchat": {"handle": "", "platform": "snapchat"}, "instagram": {"handle": "https://www.instagram.com/metalkanery", "platform": "instagram"}}, "acceptedInvite": {"senderPublicKey": "0xA3757a1a61533934170CDec99c39BAdEEE6f4bc9", "redeemerPublicKey": "0x0D9789bE670106b0E31f0742282421F32332a6d0", "redeemedAt": "2021-04-11T20:04:12.758"}, "twitSocialVerifs": [{"id": "98ec9870-2c43-475a-9b69-58a8bd6268c1", "user": "0x0D9789bE670106b0E31f0742282421F32332a6d0", "createdAt": "2021-04-11T20:35:14.957226", "updatedAt": "2021-04-11T20:35:15.165271", "lastCheckedAt": "2021-04-11T20:35:15.159", "socialVerificationURL": "https://twitter.com/metalkanery/status/1381345052715278342?s=20", "verificationText": "0x0D9789bE670106b0E31f0742282421F32332a6d0", "userId": "1375421227108548609", "username": "metalkanery", "isValid": true, "service": "TWITTER", "failedReason": null, "status": null}], "instaSocialVerifs": [{"id": "41a6fbfe-11e4-406c-b40a-657d7e558451", "user": "0x0D9789bE670106b0E31f0742282421F32332a6d0", "createdAt": "2021-04-20T09:31:19.997999", "updatedAt": "2021-04-20T09:31:19.997999", "lastCheckedAt": "2021-04-20T09:31:19.971", "socialVerificationURL": null, "verificationText": null, "userId": "17841447332211779", "username": "metalkanery", "isValid": true, "service": "INSTAGRAM", "failedReason": null, "status": null}]}, "profileExists": true, "collectors": [], "createdCount": 0}, "__N_SSG": true}, "page": "/[username]", "query": {"username": "0x0d9789be670106b0e31f0742282421f32332a6d0"}, "buildId": "fPHzAE9c9nph2AUK0K_6u", "isFallback": false, "dynamicIds": [33196, 55458, 54746], "gsp": true, "scriptLoader": []}