{"props": {"pageProps": {"username": "0x156881c10c748b6338921c850daa96ee0b41b9ea", "user": {"userIndex": 55966, "publicKey": "0x156881C10C748B6338921c850daA96ee0b41b9eA", "username": "Chigladze", "profileImageUrl": "https://f8n-production.s3.amazonaws.com/creators/profile/89t61wjg4-blad-jpg-gnffqb.jpg", "coverImageUrl": "", "name": "Nikita Chigladze", "bio": "", "isApprovedCreator": true, "moderationStatus": "ACTIVE", "joinedWaitlistAt": "2021-04-27T01:53:58.74", "createdAt": "2021-04-27T01:53:02.614096", "migratedToUser": null, "isApprovedForMigrationAt": null, "firstName": null, "lastName": null, "isAdmin": false, "links": {"tiktok": {"handle": "", "platform": "tiktok"}, "twitch": {"handle": "", "platform": "twitch"}, "discord": {"handle": "Anicetus#5293", "platform": "discord"}, "twitter": {"handle": "", "platform": "twitter"}, "website": {"handle": "", "platform": "website"}, "youtube": {"handle": "", "platform": "youtube"}, "facebook": {"handle": "anicetus.cleon", "platform": "facebook"}, "snapchat": {"handle": "", "platform": "snapchat"}, "instagram": {"handle": "", "platform": "instagram"}}, "acceptedInvite": {"senderPublicKey": "0xB46688c1e04506E010096859e6a80E439B6c4F13", "redeemerPublicKey": "0x156881C10C748B6338921c850daA96ee0b41b9eA", "redeemedAt": "2021-05-15T15:12:03.793"}, "twitSocialVerifs": [{"id": "41c8da3a-80ea-4e40-b0cd-2d0bfb838c06", "user": "0x156881C10C748B6338921c850daA96ee0b41b9eA", "createdAt": "2021-04-27T01:56:02.233122", "updatedAt": "2021-04-27T01:56:06.332189", "lastCheckedAt": "2021-04-27T01:56:06.258", "socialVerificationURL": "https://twitter.com/Anicetus_Cleon/status/1386861389906644998", "verificationText": "I\u2019m on @withFND \ud83c\udf10\n\n0x156881C10C748B6338921c850daA96ee0b41b9eA\n\nhttps://t.co/7kF0cJs5dg", "userId": "2176903795", "username": "Anicetus_Cleon", "isValid": true, "service": "TWITTER", "failedReason": null, "status": null}], "instaSocialVerifs": [{"id": "204d2d71-02e1-4e73-b6ee-3cf25e18db98", "user": "0x156881C10C748B6338921c850daA96ee0b41b9eA", "createdAt": "2021-04-27T01:53:41.53649", "updatedAt": "2021-04-27T01:53:41.53649", "lastCheckedAt": "2021-04-27T01:53:41.495", "socialVerificationURL": null, "verificationText": null, "userId": "17841404451734957", "username": "anicetuscleon", "isValid": true, "service": "INSTAGRAM", "failedReason": null, "status": null}]}, "profileExists": true, "collectors": [], "createdCount": 0}, "__N_SSG": true}, "page": "/[username]", "query": {"username": "0x156881c10c748b6338921c850daa96ee0b41b9ea"}, "buildId": "fPHzAE9c9nph2AUK0K_6u", "isFallback": false, "dynamicIds": [33196, 55458, 54746], "gsp": true, "scriptLoader": []}