{"props": {"pageProps": {"username": "0x372e2d6f74efa2c5a4c72dac4a31da09e8505995", "user": {"userIndex": 76915, "publicKey": "0x372e2D6f74eFA2C5A4C72DAC4A31da09E8505995", "username": "vishva", "profileImageUrl": "https://f8n-production.s3.amazonaws.com/creators/profile/bnon4i0fr-img-6437-jpg-0ewe6q.jpg", "coverImageUrl": "https://f8n-production.s3.amazonaws.com/creators/profile/vjh4fjoic-img-4869-jpg-27vvpr.jpg", "name": "Vishva", "bio": "I capture what catches my eye. ", "isApprovedCreator": true, "moderationStatus": "ACTIVE", "joinedWaitlistAt": "2021-06-11T17:46:33.306", "createdAt": "2021-06-11T17:29:39.705798", "migratedToUser": null, "isApprovedForMigrationAt": null, "firstName": null, "lastName": null, "isAdmin": false, "links": {"tiktok": {"handle": "", "platform": "tiktok"}, "twitch": {"handle": "", "platform": "twitch"}, "discord": {"handle": "", "platform": "discord"}, "twitter": {"handle": "", "platform": "twitter"}, "website": {"handle": "vsco.co/vixhva/gallery", "platform": "website"}, "youtube": {"handle": "", "platform": "youtube"}, "facebook": {"handle": "", "platform": "facebook"}, "snapchat": {"handle": "", "platform": "snapchat"}, "instagram": {"handle": "", "platform": "instagram"}}, "acceptedInvite": {"senderPublicKey": "0x9EC5c0dee95cE7F106010f3f636c4170d6D44D81", "redeemerPublicKey": "0x372e2D6f74eFA2C5A4C72DAC4A31da09E8505995", "redeemedAt": "2021-06-13T16:52:14.576"}, "twitSocialVerifs": [{"id": "6a374c22-16ac-45a1-a6ee-ee2023af31e1", "user": "0x372e2D6f74eFA2C5A4C72DAC4A31da09E8505995", "createdAt": "2021-06-11T17:45:47.181885", "updatedAt": "2021-06-11T17:45:58.066961", "lastCheckedAt": "2021-06-11T17:45:57.993", "socialVerificationURL": "https://twitter.com/vishvadavee/status/1403408045011439620", "verificationText": "I\u2019m on @withFND \ud83c\udf10\n\n0x372e2D6f74eFA2C5A4C72DAC4A31da09E8505995\n\nhttps://t.co/h1zp4NA8vA", "userId": "1014809506616836097", "username": "vishvadavee", "isValid": true, "service": "TWITTER", "failedReason": null, "status": null}], "instaSocialVerifs": []}, "profileExists": true, "collectors": [], "createdCount": 0}, "__N_SSG": true}, "page": "/[username]", "query": {"username": "0x372e2d6f74efa2c5a4c72dac4a31da09e8505995"}, "buildId": "fPHzAE9c9nph2AUK0K_6u", "isFallback": false, "dynamicIds": [33196, 55458, 54746], "gsp": true, "scriptLoader": []}