{"props": {"pageProps": {"username": "0x51fac3a2cecffe84f5d04c0cce96744e610b793d", "user": {"userIndex": 11858, "publicKey": "0x51fAC3A2CeCFFe84f5d04c0cCe96744e610b793D", "username": "annamcnaughty", "profileImageUrl": "https://f8n-production.s3.amazonaws.com/creators/profile/iph3h0rc4-img-1282-2-gif-kiglzb.GIF", "coverImageUrl": "https://f8n-production.s3.amazonaws.com/creators/profile/tcfdvdap5-twitter-jpg-s6ix3g.jpg", "name": "Anna McNaught", "bio": "Anna is a Digital/Photoshop artist, photographer, designer, and full-time traveler. She creates vibrant and glowing dreamscapes inspired by surrealism, lucid dreams, nature, and the universe.", "isApprovedCreator": true, "moderationStatus": "ACTIVE", "joinedWaitlistAt": null, "createdAt": "2021-03-10T20:04:31.745899", "migratedToUser": null, "isApprovedForMigrationAt": null, "firstName": null, "lastName": null, "isAdmin": false, "links": {"tiktok": {"handle": "@leavethemap", "platform": "tiktok"}, "twitch": {"handle": "", "platform": "twitch"}, "discord": {"handle": "annamcnaught#5081", "platform": "discord"}, "twitter": {"handle": "annamcnaughty", "platform": "twitter"}, "website": {"handle": "annamcnaught.com", "platform": "website"}, "youtube": {"handle": "youtube.com/leavethemap", "platform": "youtube"}, "facebook": {"handle": "", "platform": "facebook"}, "snapchat": {"handle": "", "platform": "snapchat"}, "instagram": {"handle": "annamcnaughty", "platform": "instagram"}}, "acceptedInvite": {"senderPublicKey": "0x6Cb40aF34b689CA917A97067C446694D1FEade40", "redeemerPublicKey": "0x51fAC3A2CeCFFe84f5d04c0cCe96744e610b793D", "redeemedAt": "2021-03-10T20:04:36.118"}, "twitSocialVerifs": [{"id": "531dcaac-c36c-4853-82ec-d7c7aa9777c6", "user": "0x51fAC3A2CeCFFe84f5d04c0cCe96744e610b793D", "createdAt": "2021-03-10T20:10:37.058602", "updatedAt": "2021-03-10T20:10:42.082856", "lastCheckedAt": "2021-03-10T20:10:41.94", "socialVerificationURL": "https://twitter.com/annamcnaughty/status/1369742456032555011?s=20", "verificationText": "I\u2019m on @withFND \ud83c\udf10\n\n0x51fAC3A2CeCFFe84f5d04c0cCe96744e610b793D\n\nhttps://t.co/lAePPw6Bax", "userId": "278768038", "username": "annamcnaughty", "isValid": true, "service": "TWITTER", "failedReason": null, "status": null}], "instaSocialVerifs": [{"id": "6c8f4a21-9faf-45d6-a214-7cd5f7a51803", "user": "0x51fAC3A2CeCFFe84f5d04c0cCe96744e610b793D", "createdAt": "2021-04-20T14:18:05.767255", "updatedAt": "2021-04-20T14:18:05.767255", "lastCheckedAt": "2021-04-20T14:18:05.766", "socialVerificationURL": null, "verificationText": null, "userId": "17841401447140179", "username": "annamcnaughty", "isValid": true, "service": "INSTAGRAM", "failedReason": null, "status": null}]}, "profileExists": true, "collectors": [{"userIndex": 17487, "publicKey": "0x0C4c5509929475BfF676b5fC62879f8Ea4B84d11", "username": "ZEDLVL100", "profileImageUrl": "https://f8n-production.s3.amazonaws.com/creators/profile/2r84tafkg-nft-art-jpg-ambtuo.jpg", "coverImageUrl": "https://f8n-production.s3.amazonaws.com/creators/profile/qpl6n1f7d-nft-cover-jpg-uvdlyd.jpg", "name": "ZEDLVL100", "bio": "Digital Art & NFT collector by passion expressed by their creators", "isApprovedCreator": false, "moderationStatus": "ACTIVE", "joinedWaitlistAt": null, "createdAt": "2021-03-15T19:10:49.686624", "migratedToUser": null, "isApprovedForMigrationAt": null, "follows": [], "highestBidAuctions": [{"endsAt": "2021-03-16T18:57:49"}], "highestBidAuctions_aggregate": {"aggregate": {"count": 1}}}, {"userIndex": 1563, "publicKey": "0x378BCce7235D53BBc3774BFf8559191F06E6818E", "username": "caktux", "profileImageUrl": "https://f8n-production.s3.amazonaws.com/creators/profile/fallmzs84-baloo-caktux-by-mbsjq-jpg-gc9ch1.jpg", "coverImageUrl": "https://f8n-production.s3.amazonaws.com/creators/profile/cxp6nlcoa-worldeaterswarm-header-jpeg-inep1u.jpeg", "name": "Vince", "bio": "", "isApprovedCreator": false, "moderationStatus": "ACTIVE", "joinedWaitlistAt": null, "createdAt": "2021-02-16T14:09:30.455424", "migratedToUser": null, "isApprovedForMigrationAt": null, "follows": [], "highestBidAuctions": [{"endsAt": "2021-06-23T20:25:12"}], "highestBidAuctions_aggregate": {"aggregate": {"count": 4}}}, {"userIndex": 2791, "publicKey": "0x484A12a27E8c95718e0B60d14369bfeAa426AFF3", "username": "freezedrychief", "profileImageUrl": "https://f8n-production.s3.amazonaws.com/creators/profile/m1tldswrx-unnamed-png-s0d8gl.png", "coverImageUrl": "https://f8n-production.s3.amazonaws.com/creators/profile/ovrqyi71x-nft-png-9un2ve.png", "name": "freezedrychief", "bio": "", "isApprovedCreator": false, "moderationStatus": "ACTIVE", "joinedWaitlistAt": null, "createdAt": "2021-02-22T16:34:04.433349", "migratedToUser": null, "isApprovedForMigrationAt": null, "follows": [], "highestBidAuctions": [{"endsAt": "2021-05-03T20:45:25"}], "highestBidAuctions_aggregate": {"aggregate": {"count": 1}}}], "createdCount": 0}, "__N_SSG": true}, "page": "/[username]", "query": {"username": "0x51fac3a2cecffe84f5d04c0cce96744e610b793d"}, "buildId": "fPHzAE9c9nph2AUK0K_6u", "isFallback": false, "dynamicIds": [33196, 55458, 54746], "gsp": true, "scriptLoader": []}