{"props": {"pageProps": {"username": "0x5dd226b3d34540c335a01667bd8595820e950698", "user": {"userIndex": 85301, "publicKey": "0x5dD226b3d34540C335A01667Bd8595820E950698", "username": "Hamahaswings", "profileImageUrl": "https://f8n-production.s3.amazonaws.com/creators/profile/arfgfv73q-261f71ab-c545-49e0-9f1c-757c9be2536a-jpeg-bbtag3.jpeg", "coverImageUrl": "", "name": "Hamahaswings", "bio": "A drone pilot and photographer that would go under water space and in a volcano for a pic", "isApprovedCreator": true, "moderationStatus": "ACTIVE", "joinedWaitlistAt": null, "createdAt": "2021-07-16T16:46:05.748711", "migratedToUser": null, "isApprovedForMigrationAt": null, "firstName": null, "lastName": null, "isAdmin": false, "links": {"tiktok": {"handle": "", "platform": "tiktok"}, "twitch": {"handle": "", "platform": "twitch"}, "discord": {"handle": "", "platform": "discord"}, "twitter": {"handle": "", "platform": "twitter"}, "website": {"handle": "", "platform": "website"}, "youtube": {"handle": "", "platform": "youtube"}, "facebook": {"handle": "", "platform": "facebook"}, "snapchat": {"handle": "", "platform": "snapchat"}, "instagram": {"handle": "", "platform": "instagram"}}, "acceptedInvite": {"senderPublicKey": "0xf75D58aDdAD7086Cc37AAeAd7929D2FD0d5A523D", "redeemerPublicKey": "0x5dD226b3d34540C335A01667Bd8595820E950698", "redeemedAt": "2021-07-16T17:55:46.32"}, "twitSocialVerifs": [{"id": "9584dda4-5cab-4e94-81cd-48518eca64ed", "user": "0x5dD226b3d34540C335A01667Bd8595820E950698", "createdAt": "2021-07-16T17:53:53.767627", "updatedAt": "2021-07-16T17:53:54.856836", "lastCheckedAt": "2021-07-16T17:53:54.847", "socialVerificationURL": "https://mobile.twitter.com/hamahaswings/status/1416093284515172354", "verificationText": "I\u2019m on @withFND \ud83c\udf10\n\n0x5dD226b3d34540C335A01667Bd8595820E950698\n\nhttps://t.co/WdCZjOdZ8l", "userId": "2156166597", "username": "hamahaswings", "isValid": true, "service": "TWITTER", "failedReason": null, "status": null}], "instaSocialVerifs": [{"id": "cd8ec9e5-2fc8-4662-a30c-132d01b004a4", "user": "0x5dD226b3d34540C335A01667Bd8595820E950698", "createdAt": "2021-07-16T17:56:21.714284", "updatedAt": "2021-07-16T17:56:21.714284", "lastCheckedAt": "2021-07-16T17:56:21.69", "socialVerificationURL": null, "verificationText": null, "userId": "17841404557924502", "username": "hamahaswings", "isValid": true, "service": "INSTAGRAM", "failedReason": null, "status": null}]}, "profileExists": true, "collectors": [], "createdCount": 0}, "__N_SSG": true}, "page": "/[username]", "query": {"username": "0x5dd226b3d34540c335a01667bd8595820e950698"}, "buildId": "fPHzAE9c9nph2AUK0K_6u", "isFallback": false, "dynamicIds": [33196, 55458, 54746], "gsp": true, "scriptLoader": []}