{"props": {"pageProps": {"username": "0xc5313741910e21a4c0eea0b09a7efcdc961a86fd", "user": {"userIndex": 61892, "publicKey": "0xC5313741910E21a4c0EeA0b09a7eFcDC961A86fD", "username": "agalliat", "profileImageUrl": "https://f8n-production.s3.amazonaws.com/creators/profile/bu92o24ln-profilfoto-jpg-zi8y4i.jpg", "coverImageUrl": "", "name": "Angela Galliat", "bio": "Web Unicorn \ud83e\udd84 \ud83c\udf08 | \ud83c\udf6a | HH.js Co-Orga | CodePen Hamburg Co-Orga | bullgit | LiveJS Network Fan | Crazy Hacker Woman @ \ud83c\udfe1 | http://ko-fi.com/agalliat | https://codepen.io/agalliat/pens/public", "isApprovedCreator": true, "moderationStatus": "ACTIVE", "joinedWaitlistAt": null, "createdAt": "2021-05-05T11:23:33.778883", "migratedToUser": null, "isApprovedForMigrationAt": null, "firstName": null, "lastName": null, "isAdmin": false, "links": {"tiktok": {"handle": "", "platform": "tiktok"}, "twitch": {"handle": "agalliat", "platform": "twitch"}, "discord": {"handle": "", "platform": "discord"}, "twitter": {"handle": "", "platform": "twitter"}, "website": {"handle": "https://codepen.io/agalliat/pens/public", "platform": "website"}, "youtube": {"handle": "", "platform": "youtube"}, "facebook": {"handle": "", "platform": "facebook"}, "snapchat": {"handle": "", "platform": "snapchat"}, "instagram": {"handle": "", "platform": "instagram"}}, "acceptedInvite": {"senderPublicKey": "0x99e0a9e19775b61b50C690E8F713a588eA3F28bF", "redeemerPublicKey": "0xC5313741910E21a4c0EeA0b09a7eFcDC961A86fD", "redeemedAt": "2021-05-05T11:24:23.026"}, "twitSocialVerifs": [{"id": "ce10c259-c889-4d82-8547-fe43359927e8", "user": "0xC5313741910E21a4c0EeA0b09a7eFcDC961A86fD", "createdAt": "2021-05-05T16:08:45.219735", "updatedAt": "2021-05-05T16:08:49.542473", "lastCheckedAt": "2021-05-05T16:08:49.527", "socialVerificationURL": "https://twitter.com/agalliat/status/1389975268056514567", "verificationText": "I\u2019m on @withFND \ud83c\udf10\n\n0xC5313741910E21a4c0EeA0b09a7eFcDC961A86fD\n\nhttps://t.co/cBxk9AOWVs", "userId": "225833462", "username": "agalliat", "isValid": true, "service": "TWITTER", "failedReason": null, "status": null}], "instaSocialVerifs": []}, "profileExists": true, "collectors": [], "createdCount": 0}, "__N_SSG": true}, "page": "/[username]", "query": {"username": "0xc5313741910e21a4c0eea0b09a7efcdc961a86fd"}, "buildId": "fPHzAE9c9nph2AUK0K_6u", "isFallback": false, "dynamicIds": [33196, 55458, 54746], "gsp": true, "scriptLoader": []}