{"props": {"pageProps": {"username": "0x1a3868b2669f56e428f64479f08b2f9d396f09f3", "user": {"userIndex": 59841, "publicKey": "0x1A3868b2669f56e428f64479F08b2F9d396f09F3", "username": "tsvisuals_", "profileImageUrl": "", "coverImageUrl": "", "name": "", "bio": "A boy who loves digital art and makes his crazy ideas come alive.\nAnd hello there!", "isApprovedCreator": true, "moderationStatus": "ACTIVE", "joinedWaitlistAt": null, "createdAt": "2021-05-02T17:05:46.968925", "migratedToUser": null, "isApprovedForMigrationAt": null, "firstName": null, "lastName": null, "isAdmin": false, "links": {"tiktok": {"handle": "", "platform": "tiktok"}, "twitch": {"handle": "", "platform": "twitch"}, "discord": {"handle": "", "platform": "discord"}, "twitter": {"handle": "", "platform": "twitter"}, "website": {"handle": "", "platform": "website"}, "youtube": {"handle": "", "platform": "youtube"}, "facebook": {"handle": "", "platform": "facebook"}, "snapchat": {"handle": "", "platform": "snapchat"}, "instagram": {"handle": "", "platform": "instagram"}}, "acceptedInvite": {"senderPublicKey": "0x569094FD670a30A29489769024f89312464692bA", "redeemerPublicKey": "0x1A3868b2669f56e428f64479F08b2F9d396f09F3", "redeemedAt": "2021-05-02T17:05:50.811"}, "twitSocialVerifs": [], "instaSocialVerifs": []}, "profileExists": true, "collectors": [], "createdCount": 0}, "__N_SSG": true}, "page": "/[username]", "query": {"username": "0x1a3868b2669f56e428f64479f08b2f9d396f09f3"}, "buildId": "fPHzAE9c9nph2AUK0K_6u", "isFallback": false, "dynamicIds": [33196, 55458, 54746], "gsp": true, "scriptLoader": []}