{"props": {"pageProps": {"username": "0xca1f85dcf517e28497291ccd00990c390fa6b9f7", "user": {"userIndex": 34079, "publicKey": "0xca1F85Dcf517E28497291CCD00990c390fA6b9f7", "username": "petto_visual", "profileImageUrl": "https://f8n-production.s3.amazonaws.com/creators/profile/u1k3f1n6y-cloyster-render1-sfondo-png-b5mp4l.png", "coverImageUrl": "https://f8n-production.s3.amazonaws.com/creators/profile/ea9btqb3y-socialboh-postprocessing-png-irj68n.png", "name": "petto_visual", "bio": "\ud83e\uddff An alternative world of toys!\n\ud83d\udcbb Designer, Illustrator, 3D Artist\n\ud83d\udccd Milan, Italy", "isApprovedCreator": true, "moderationStatus": "ACTIVE", "joinedWaitlistAt": null, "createdAt": "2021-03-30T23:07:11.317446", "migratedToUser": null, "isApprovedForMigrationAt": null, "firstName": null, "lastName": null, "isAdmin": false, "links": {"tiktok": {"handle": "", "platform": "tiktok"}, "twitch": {"handle": "", "platform": "twitch"}, "discord": {"handle": "petto_visual#3687", "platform": "discord"}, "twitter": {"handle": "", "platform": "twitter"}, "website": {"handle": "", "platform": "website"}, "youtube": {"handle": "", "platform": "youtube"}, "facebook": {"handle": "", "platform": "facebook"}, "snapchat": {"handle": "", "platform": "snapchat"}, "instagram": {"handle": "petto_visual", "platform": "instagram"}}, "acceptedInvite": {"senderPublicKey": "0x5De968DFBD438DBBCF4B5AD9d2A958974570Aa37", "redeemerPublicKey": "0xca1F85Dcf517E28497291CCD00990c390fA6b9f7", "redeemedAt": "2021-04-01T08:51:56.006"}, "twitSocialVerifs": [{"id": "8f2eed48-30da-4423-b69a-ad9c94bc0666", "user": "0xca1F85Dcf517E28497291CCD00990c390fA6b9f7", "createdAt": "2021-04-01T09:07:30.365532", "updatedAt": "2021-04-01T09:07:32.260403", "lastCheckedAt": "2021-04-01T09:07:32.235", "socialVerificationURL": "https://twitter.com/petto_visual/status/1377547998855577609", "verificationText": "I\u2019m on @withFND \ud83c\udf10\n\n0xca1F85Dcf517E28497291CCD00990c390fA6b9f7\n\nhttps://t.co/gwLn6LEcJK", "userId": "1260596742225047552", "username": "petto_visual", "isValid": true, "service": "TWITTER", "failedReason": null, "status": null}], "instaSocialVerifs": [{"id": "98e6ef68-b63b-4312-ab27-a1e8da878c37", "user": "0xca1F85Dcf517E28497291CCD00990c390fA6b9f7", "createdAt": "2021-05-04T11:35:04.233923", "updatedAt": "2021-05-04T11:35:04.233923", "lastCheckedAt": "2021-05-04T11:35:04.203", "socialVerificationURL": null, "verificationText": null, "userId": "17841401572566665", "username": "petto_visual", "isValid": true, "service": "INSTAGRAM", "failedReason": null, "status": null}]}, "profileExists": true, "collectors": [{"userIndex": null, "publicKey": "0xD07bE42A914500dacD34AFEA9664d604a5c6b46D", "username": null, "profileImageUrl": null, "coverImageUrl": null, "name": null, "bio": null, "isApprovedCreator": false, "moderationStatus": "ACTIVE", "joinedWaitlistAt": null, "createdAt": "2021-04-27T15:04:48.317195", "migratedToUser": null, "isApprovedForMigrationAt": null, "follows": [], "highestBidAuctions": [{"endsAt": "2021-05-05T10:12:36"}], "highestBidAuctions_aggregate": {"aggregate": {"count": 1}}}], "createdCount": 0}, "__N_SSG": true}, "page": "/[username]", "query": {"username": "0xca1f85dcf517e28497291ccd00990c390fa6b9f7"}, "buildId": "fPHzAE9c9nph2AUK0K_6u", "isFallback": false, "dynamicIds": [33196, 55458, 54746], "gsp": true, "scriptLoader": []}