{"props": {"pageProps": {"username": "0x950d874b885c73b06cafe1b7089d6e085bf15335", "user": {"userIndex": 11337, "publicKey": "0x950D874b885c73b06Cafe1B7089D6E085bf15335", "username": "alexnegrea", "profileImageUrl": "https://f8n-production.s3.amazonaws.com/creators/profile/7r0zm0zfh-skype-avatar-jpg-p8ppyb.jpg", "coverImageUrl": "https://f8n-production.s3.amazonaws.com/creators/profile/ypvufdspu-banner-jpg-lmz06j.jpg", "name": "Alex Negrea", "bio": "Multidisciplinary artist with 12 years of experience.", "isApprovedCreator": true, "moderationStatus": "ACTIVE", "joinedWaitlistAt": null, "createdAt": "2021-03-09T23:27:51.20982", "migratedToUser": null, "isApprovedForMigrationAt": null, "firstName": null, "lastName": null, "isAdmin": false, "links": {"tiktok": {"handle": "", "platform": "tiktok"}, "twitch": {"handle": "", "platform": "twitch"}, "discord": {"handle": "", "platform": "discord"}, "twitter": {"handle": "", "platform": "twitter"}, "website": {"handle": "https://www.artstation.com/alexnegrea", "platform": "website"}, "youtube": {"handle": "", "platform": "youtube"}, "facebook": {"handle": "", "platform": "facebook"}, "snapchat": {"handle": "", "platform": "snapchat"}, "instagram": {"handle": "alexnegrea09", "platform": "instagram"}}, "acceptedInvite": {"senderPublicKey": "0x4BEe79A3330061DF33C0f1A30261561Ffb8a1aA9", "redeemerPublicKey": "0x950D874b885c73b06Cafe1B7089D6E085bf15335", "redeemedAt": "2021-03-09T23:27:54.751"}, "twitSocialVerifs": [{"id": "e6f7aa8d-09ae-405c-a1d7-f23301844f07", "user": "0x950D874b885c73b06Cafe1B7089D6E085bf15335", "createdAt": "2021-03-10T00:53:15.232502", "updatedAt": "2021-03-10T00:53:18.727235", "lastCheckedAt": "2021-03-10T00:53:18.63", "socialVerificationURL": "https://twitter.com/alexnegrea_art/status/1369451091264430080", "verificationText": "I\u2019m on @withFND \ud83c\udf10\n\n0x950D874b885c73b06Cafe1B7089D6E085bf15335\n\nhttps://t.co/rQXtBkSOXS", "userId": "2938133650", "username": "alexnegrea_art", "isValid": true, "service": "TWITTER", "failedReason": null, "status": null}], "instaSocialVerifs": []}, "profileExists": true, "collectors": [], "createdCount": 0}, "__N_SSG": true}, "page": "/[username]", "query": {"username": "0x950d874b885c73b06cafe1b7089d6e085bf15335"}, "buildId": "fPHzAE9c9nph2AUK0K_6u", "isFallback": false, "dynamicIds": [33196, 55458, 54746], "gsp": true, "scriptLoader": []}