{"props": {"pageProps": {"username": "0xd5f7500f921b9ab9f8aa21dd0713d1b9bf051766", "user": {"userIndex": 11971, "publicKey": "0xd5f7500F921b9Ab9f8aa21DD0713D1B9BF051766", "username": "richenks", "profileImageUrl": "https://f8n-production.s3.amazonaws.com/creators/profile/ih3hlzq5e-169563309-200607281516669-5841049625423629858-n-jpg-9q79mt.jpg", "coverImageUrl": "https://f8n-production.s3.amazonaws.com/creators/profile/qcdfv99re-greek-320cover-jpg-vqfy47.jpg", "name": "Richie mason", "bio": "im a self taught 3D sculptor from the UK,  Father of 3, passionate about 3D sculptures, hopefully that comes across well in my work. \n ", "isApprovedCreator": true, "moderationStatus": "ACTIVE", "joinedWaitlistAt": null, "createdAt": "2021-03-10T23:12:43.534178", "migratedToUser": null, "isApprovedForMigrationAt": null, "firstName": null, "lastName": null, "isAdmin": false, "links": {"tiktok": {"handle": "", "platform": "tiktok"}, "twitch": {"handle": "", "platform": "twitch"}, "discord": {"handle": "Mason#0755", "platform": "discord"}, "twitter": {"handle": "", "platform": "twitter"}, "website": {"handle": "https://www.artstation.com/richenks", "platform": "website"}, "youtube": {"handle": "", "platform": "youtube"}, "facebook": {"handle": "https://www.facebook.com/Richenks/", "platform": "facebook"}, "snapchat": {"handle": "", "platform": "snapchat"}, "instagram": {"handle": "https://www.instagram.com/richiejmason/", "platform": "instagram"}}, "acceptedInvite": {"senderPublicKey": "0x32e1254CAd225FF9E41BF456577479cd4197Ae2A", "redeemerPublicKey": "0xd5f7500F921b9Ab9f8aa21DD0713D1B9BF051766", "redeemedAt": "2021-03-13T06:18:20.045"}, "twitSocialVerifs": [{"id": "7fcd5899-d105-48b2-a851-5762c079fa41", "user": "0xd5f7500F921b9Ab9f8aa21DD0713D1B9BF051766", "createdAt": "2021-03-10T23:29:38.528796", "updatedAt": "2021-03-10T23:29:43.5921", "lastCheckedAt": "2021-03-10T23:29:43.554", "socialVerificationURL": "https://twitter.com/Richenks/status/1369792494544818178", "verificationText": "I\u2019m on @withFND \ud83c\udf10\n\n0xd5f7500F921b9Ab9f8aa21DD0713D1B9BF051766\n\nhttps://t.co/NLW1fLnMOw", "userId": "99800391", "username": "Richenks", "isValid": true, "service": "TWITTER", "failedReason": null, "status": null}], "instaSocialVerifs": [{"id": "a5494935-04c2-4516-ae86-82cab62f61ea", "user": "0xd5f7500F921b9Ab9f8aa21DD0713D1B9BF051766", "createdAt": "2021-04-20T04:25:36.727542", "updatedAt": "2021-04-20T04:25:36.727542", "lastCheckedAt": "2021-04-20T04:25:36.726", "socialVerificationURL": null, "verificationText": null, "userId": "17841400393986410", "username": "richiejmason", "isValid": true, "service": "INSTAGRAM", "failedReason": null, "status": null}]}, "profileExists": true, "collectors": [{"userIndex": 74342, "publicKey": "0x0D31b3D8831B33305BfEc2676e19d981241a5F53", "username": "Unorthofox", "profileImageUrl": "https://f8n-production.s3.amazonaws.com/creators/profile/r461cmaor-5e07edf5-a12c-480a-844c-cdf90de225b2-gif-eurc73.gif", "coverImageUrl": "https://f8n-production.s3.amazonaws.com/creators/profile/e550gn519-1b7fee8d-5eab-4de9-b206-6e6892da9ffb-jpeg-2s9qc7.jpeg", "name": "Unorthofox", "bio": "", "isApprovedCreator": false, "moderationStatus": "ACTIVE", "joinedWaitlistAt": "2021-07-18T23:55:01.632", "createdAt": "2021-04-07T08:52:45.7429", "migratedToUser": null, "isApprovedForMigrationAt": null, "follows": [], "highestBidAuctions": [{"endsAt": "2021-07-18T00:08:55"}], "highestBidAuctions_aggregate": {"aggregate": {"count": 1}}}, {"userIndex": 4629, "publicKey": "0x1E936cB14D3dBE800833492C95AECBFd7EF127c9", "username": "gltr", "profileImageUrl": "https://f8n-production.s3.amazonaws.com/creators/profile/59r4zjxql-screen-shot-2020-10-03-at-3-53-30-am-png-j8f1k1.png", "coverImageUrl": "", "name": "Gold Tree", "bio": "Are you Ancient Gods?", "isApprovedCreator": false, "moderationStatus": "ACTIVE", "joinedWaitlistAt": null, "createdAt": "2021-02-26T17:49:56.134156", "migratedToUser": null, "isApprovedForMigrationAt": null, "follows": [], "highestBidAuctions": [{"endsAt": "2021-04-05T00:08:59"}], "highestBidAuctions_aggregate": {"aggregate": {"count": 1}}}, {"userIndex": 50200, "publicKey": "0x32Bd8289c9c411127047FA3AC8FA52f66dA9977C", "username": "Eirian", "profileImageUrl": "https://f8n-production.s3.amazonaws.com/creators/profile/dr53hbluo-eirian-logo-jpg-ge0tkx.jpg", "coverImageUrl": "", "name": "Jaime D.", "bio": "All gas no break", "isApprovedCreator": true, "moderationStatus": "ACTIVE", "joinedWaitlistAt": null, "createdAt": "2021-03-05T21:42:43.321404", "migratedToUser": null, "isApprovedForMigrationAt": null, "follows": [], "highestBidAuctions": [{"endsAt": "2021-05-28T01:35:47"}], "highestBidAuctions_aggregate": {"aggregate": {"count": 1}}}, {"userIndex": 11736, "publicKey": "0x3401eA5a8d91c5e3944962C0148b08AC4A77f153", "username": "Satman", "profileImageUrl": "https://f8n-production.s3.amazonaws.com/creators/profile/v9imkl6jy-super-plastic-png-pdohaq.png", "coverImageUrl": "https://f8n-production.s3.amazonaws.com/creators/profile/j9uubbgj8-satman-productions-jpg-3we80y.JPG", "name": "Satman", "bio": "NFT Curator collector", "isApprovedCreator": false, "moderationStatus": "ACTIVE", "joinedWaitlistAt": null, "createdAt": "2021-03-10T16:09:36.644431", "migratedToUser": null, "isApprovedForMigrationAt": null, "follows": [], "highestBidAuctions": [{"endsAt": "2021-04-01T03:37:07"}], "highestBidAuctions_aggregate": {"aggregate": {"count": 7}}}, {"userIndex": 31977, "publicKey": "0x3cd378C9B1cB5f147eBF1b2c2564118946AE4ba1", "username": "chikai", "profileImageUrl": "https://f8n-production.s3.amazonaws.com/creators/profile/4vj1rhgz3-poac-profile3-png-3ggwu6.png", "coverImageUrl": "https://f8n-production.s3.amazonaws.com/creators/profile/h9irhvysp-composite-colors-wide-png-yspltc.png", "name": "chikai", "bio": "", "isApprovedCreator": true, "moderationStatus": "ACTIVE", "joinedWaitlistAt": null, "createdAt": "2021-03-28T18:12:56.782656", "migratedToUser": null, "isApprovedForMigrationAt": null, "follows": [], "highestBidAuctions": [{"endsAt": "2021-07-07T00:27:55"}], "highestBidAuctions_aggregate": {"aggregate": {"count": 1}}}, {"userIndex": 31462, "publicKey": "0x477E1398B71238f0AEC7a583323719076E788462", "username": "domiri", "profileImageUrl": "https://f8n-production.s3.amazonaws.com/creators/profile/4686pryu1-azadi-bird-jpg-mwlpb0.jpg", "coverImageUrl": "https://f8n-production.s3.amazonaws.com/creators/profile/5dp0gqsjh-vakil-bathxx-jpg-lwc92q.jpg", "name": "MohammadReza Domiri Ganji", "bio": "Persian Artist, \nGravity.ir/links\n\nPhotos Exhibited worldwide, \n\nFeatured by leading news channels:\nCNN, Yahoo,Dailymail,BBC, ABC, Spiegel, Ipost, N24, MSN, Blic, Politiken,Quarts,Bussinesinsider\n\n", "isApprovedCreator": true, "moderationStatus": "ACTIVE", "joinedWaitlistAt": null, "createdAt": "2021-03-20T15:09:07.574403", "migratedToUser": null, "isApprovedForMigrationAt": null, "follows": [], "highestBidAuctions": [{"endsAt": "2021-04-08T18:52:22"}], "highestBidAuctions_aggregate": {"aggregate": {"count": 1}}}, {"userIndex": null, "publicKey": "0x764F4D8c637F5E1c7359E1ccD631728bFCb94397", "username": null, "profileImageUrl": null, "coverImageUrl": null, "name": null, "bio": null, "isApprovedCreator": false, "moderationStatus": "ACTIVE", "joinedWaitlistAt": null, "createdAt": "2021-03-23T03:39:27.134946", "migratedToUser": null, "isApprovedForMigrationAt": null, "follows": [], "highestBidAuctions": [{"endsAt": "2021-03-29T05:27:07"}], "highestBidAuctions_aggregate": {"aggregate": {"count": 1}}}, {"userIndex": 21702, "publicKey": "0x89F6915C272D10F4094396945DBAD062A2767415", "username": "Alireza", "profileImageUrl": "https://f8n-production.s3.amazonaws.com/creators/profile/qmseuimqg-mylogountitled-png-k6yrjn.png", "coverImageUrl": "", "name": "Fatehism", "bio": "Life is a game,\nenjoy your life", "isApprovedCreator": false, "moderationStatus": "ACTIVE", "joinedWaitlistAt": null, "createdAt": "2021-03-22T08:28:38.111378", "migratedToUser": null, "isApprovedForMigrationAt": null, "follows": [], "highestBidAuctions": [{"endsAt": "2021-03-24T21:26:14"}], "highestBidAuctions_aggregate": {"aggregate": {"count": 2}}}, {"userIndex": 8090, "publicKey": "0xB5696E4057B9BA76616cEcB5A537eAcA7B3CDf54", "username": "FeelFeltFound", "profileImageUrl": "", "coverImageUrl": "", "name": "@FeelFeltFound", "bio": "collector", "isApprovedCreator": true, "moderationStatus": "ACTIVE", "joinedWaitlistAt": "2021-04-03T21:31:51.018", "createdAt": "2021-03-05T02:30:23.863826", "migratedToUser": null, "isApprovedForMigrationAt": null, "follows": [], "highestBidAuctions": [{"endsAt": "2021-03-26T00:49:40"}], "highestBidAuctions_aggregate": {"aggregate": {"count": 1}}}], "createdCount": 0}, "__N_SSG": true}, "page": "/[username]", "query": {"username": "0xd5f7500f921b9ab9f8aa21dd0713d1b9bf051766"}, "buildId": "fPHzAE9c9nph2AUK0K_6u", "isFallback": false, "dynamicIds": [33196, 55458, 54746], "gsp": true, "scriptLoader": []}