{"props": {"pageProps": {"username": "0x13ea53d87397c8d30e0abb7ebbd1f84b80cb7cda", "user": {"userIndex": 73990, "publicKey": "0x13eA53D87397c8D30E0aBb7eBBd1f84B80CB7CDA", "username": "roberto_pazzi", "profileImageUrl": "https://f8n-production.s3.amazonaws.com/creators/profile/zi7th1ikm-logo-hands-1000-120-jpg-u829nt.jpg", "coverImageUrl": "https://f8n-production.s3.amazonaws.com/creators/profile/vbhy75kpo-dsc-backroung-portraits-website-homepage-jpg-rbgjfp.jpg", "name": "Roberto Pazzi", "bio": "Award winning and published Travel Photographer, organizing and leading photo expeditions to remote cultures.", "isApprovedCreator": true, "moderationStatus": "ACTIVE", "joinedWaitlistAt": null, "createdAt": "2021-06-03T12:43:00.403848", "migratedToUser": null, "isApprovedForMigrationAt": null, "firstName": null, "lastName": null, "isAdmin": false, "links": {"tiktok": {"handle": "", "platform": "tiktok"}, "twitch": {"handle": "", "platform": "twitch"}, "discord": {"handle": "roberto_pazzi#2753", "platform": "discord"}, "twitter": {"handle": "", "platform": "twitter"}, "website": {"handle": "robertopazziphoto.com", "platform": "website"}, "youtube": {"handle": "https://www.youtube.com/channel/UC3y4fM80KSGC0LtMWRJMIRw", "platform": "youtube"}, "facebook": {"handle": "", "platform": "facebook"}, "snapchat": {"handle": "", "platform": "snapchat"}, "instagram": {"handle": "", "platform": "instagram"}}, "acceptedInvite": {"senderPublicKey": "0x2A40E8eB5CE03Cc5327f8326040781Cdb8e36b16", "redeemerPublicKey": "0x13eA53D87397c8D30E0aBb7eBBd1f84B80CB7CDA", "redeemedAt": "2021-06-06T20:35:04.713"}, "twitSocialVerifs": [{"id": "793cec20-8d1c-456f-9361-995dfe953679", "user": "0x13eA53D87397c8D30E0aBb7eBBd1f84B80CB7CDA", "createdAt": "2021-06-07T15:30:06.27408", "updatedAt": "2021-06-07T15:30:10.786349", "lastCheckedAt": "2021-06-07T15:30:10.761", "socialVerificationURL": "https://twitter.com/RobertoPazzi/status/1401924248151728132", "verificationText": "I\u2019m on @withFND \ud83c\udf10\n\n0x13eA53D87397c8D30E0aBb7eBBd1f84B80CB7CDA\n\nhttps://t.co/TWGdG6TGzG", "userId": "3624015742", "username": "RobertoPazzi", "isValid": true, "service": "TWITTER", "failedReason": null, "status": null}], "instaSocialVerifs": [{"id": "eddd5ccc-a16c-4637-b1f1-898b3f2b9a38", "user": "0x13eA53D87397c8D30E0aBb7eBBd1f84B80CB7CDA", "createdAt": "2021-06-03T14:01:23.380225", "updatedAt": "2021-06-03T14:01:23.380225", "lastCheckedAt": "2021-06-03T14:01:23.345", "socialVerificationURL": null, "verificationText": null, "userId": "17841400589548730", "username": "roberto_pazzi_photo", "isValid": true, "service": "INSTAGRAM", "failedReason": null, "status": null}]}, "profileExists": true, "collectors": [{"userIndex": 85866, "publicKey": "0x0BC4f582e5332a54944586cB15897454a990292D", "username": "luiz", "profileImageUrl": "", "coverImageUrl": "", "name": "Luiz DT", "bio": "", "isApprovedCreator": false, "moderationStatus": "ACTIVE", "joinedWaitlistAt": null, "createdAt": "2021-07-18T23:00:35.566591", "migratedToUser": null, "isApprovedForMigrationAt": null, "follows": [], "highestBidAuctions": [{"endsAt": "2021-07-24T12:18:45"}], "highestBidAuctions_aggregate": {"aggregate": {"count": 2}}}, {"userIndex": 87610, "publicKey": "0x3451A16bC9c5410438114d406eEb320fD6e6EbF1", "username": "metamato", "profileImageUrl": "", "coverImageUrl": "", "name": "metamato", "bio": "", "isApprovedCreator": false, "moderationStatus": "ACTIVE", "joinedWaitlistAt": null, "createdAt": "2021-07-23T14:42:44.046064", "migratedToUser": null, "isApprovedForMigrationAt": null, "follows": [], "highestBidAuctions": [{"endsAt": "2021-07-26T15:39:05"}], "highestBidAuctions_aggregate": {"aggregate": {"count": 3}}}, {"userIndex": 87227, "publicKey": "0x3FcDDB0dd912e6f68927B448546cCE99F22A3e31", "username": "studio137", "profileImageUrl": "https://f8n-production.s3.amazonaws.com/creators/profile/wz5o5ud7r-logo-2-jpeg-tb9p17.jpeg", "coverImageUrl": "", "name": "Studio137", "bio": "", "isApprovedCreator": false, "moderationStatus": "ACTIVE", "joinedWaitlistAt": null, "createdAt": "2021-05-27T20:06:16.649301", "migratedToUser": null, "isApprovedForMigrationAt": null, "follows": [], "highestBidAuctions": [{"endsAt": "2021-07-27T18:13:13"}], "highestBidAuctions_aggregate": {"aggregate": {"count": 5}}}, {"userIndex": 64600, "publicKey": "0xdFe279c336e767bEB9FB1c19C1695e2000A2c720", "username": "lazerviking", "profileImageUrl": "https://f8n-production.s3.amazonaws.com/creators/profile/1ph83o38l-lazerviking-cryptoanarchist2-png-ul980q.png", "coverImageUrl": "", "name": "LazerViking", "bio": "", "isApprovedCreator": false, "moderationStatus": "ACTIVE", "joinedWaitlistAt": null, "createdAt": "2021-05-02T09:02:10.274461", "migratedToUser": null, "isApprovedForMigrationAt": null, "follows": [], "highestBidAuctions": [{"endsAt": "2021-07-26T01:25:36"}], "highestBidAuctions_aggregate": {"aggregate": {"count": 1}}}], "createdCount": 0}, "__N_SSG": true}, "page": "/[username]", "query": {"username": "0x13ea53d87397c8d30e0abb7ebbd1f84b80cb7cda"}, "buildId": "fPHzAE9c9nph2AUK0K_6u", "isFallback": false, "dynamicIds": [33196, 55458, 54746], "gsp": true, "scriptLoader": []}