{"props": {"pageProps": {"username": "0xd98b545dc6188cd76c817bb061050ec45dbd64a7", "user": {"userIndex": 8067, "publicKey": "0xd98B545Dc6188Cd76C817Bb061050eC45DBD64a7", "username": "Dennkay", "profileImageUrl": "https://f8n-production.s3.amazonaws.com/creators/profile/mvp9bzrd2-dwv-gif-qp9z8a.gif", "coverImageUrl": "https://f8n-production.s3.amazonaws.com/creators/profile/6rnzswxfv-untitled-1-jpg-l9v6k8.jpg", "name": "Denn Kay", "bio": "Denn Kay is an Artist and Designer based in Providence, RI (New England).", "isApprovedCreator": true, "moderationStatus": "ACTIVE", "joinedWaitlistAt": null, "createdAt": "2021-03-05T19:45:23.154686", "migratedToUser": null, "isApprovedForMigrationAt": null, "firstName": null, "lastName": null, "isAdmin": false, "links": {"tiktok": {"handle": "", "platform": "tiktok"}, "twitch": {"handle": "", "platform": "twitch"}, "discord": {"handle": "", "platform": "discord"}, "twitter": {"handle": "D3nnKay", "platform": "twitter"}, "website": {"handle": "Dennkay.com", "platform": "website"}, "youtube": {"handle": "", "platform": "youtube"}, "facebook": {"handle": "", "platform": "facebook"}, "snapchat": {"handle": "", "platform": "snapchat"}, "instagram": {"handle": "D3nnKay", "platform": "instagram"}}, "acceptedInvite": {"senderPublicKey": "0x001aC2767d39341A4b8fD9e6360b96071fBA27F0", "redeemerPublicKey": "0xd98B545Dc6188Cd76C817Bb061050eC45DBD64a7", "redeemedAt": "2021-04-02T05:50:34.98"}, "twitSocialVerifs": [], "instaSocialVerifs": [{"id": "fcd0546f-803b-44f1-844c-3878a9e16b92", "user": "0xd98B545Dc6188Cd76C817Bb061050eC45DBD64a7", "createdAt": "2021-05-02T00:34:46.137654", "updatedAt": "2021-05-02T00:34:46.137654", "lastCheckedAt": "2021-05-02T00:34:46.102", "socialVerificationURL": null, "verificationText": null, "userId": "17841401488077439", "username": "d3nnkay", "isValid": true, "service": "INSTAGRAM", "failedReason": null, "status": null}]}, "profileExists": true, "collectors": [], "createdCount": 0}, "__N_SSG": true}, "page": "/[username]", "query": {"username": "0xd98b545dc6188cd76c817bb061050ec45dbd64a7"}, "buildId": "fPHzAE9c9nph2AUK0K_6u", "isFallback": false, "dynamicIds": [33196, 55458, 54746], "gsp": true, "scriptLoader": []}