{"props": {"pageProps": {"username": "0x1d4f3c6d485f9fe04116386cbc3b903d5e36d263", "user": {"userIndex": 46928, "publicKey": "0x1d4f3C6d485F9fE04116386CBC3b903D5E36D263", "username": "dreambear", "profileImageUrl": "https://f8n-production.s3.amazonaws.com/creators/profile/bie5srarn-img-5435-png-havq9b.PNG", "coverImageUrl": "https://f8n-production.s3.amazonaws.com/creators/profile/ibng5hbnr-img-5435-png-vpu6u7.PNG", "name": "dreambear", "bio": "Dreambear is a contemporary production company and animation studio based in Brooklyn, New York. We engage with artists all over the world to create impactful visual stories and experiences.", "isApprovedCreator": true, "moderationStatus": "ACTIVE", "joinedWaitlistAt": null, "createdAt": "2021-03-19T14:40:08.393366", "migratedToUser": null, "isApprovedForMigrationAt": null, "firstName": null, "lastName": null, "isAdmin": false, "links": {"tiktok": {"handle": "drmbear", "platform": "tiktok"}, "twitch": {"handle": "", "platform": "twitch"}, "discord": {"handle": "", "platform": "discord"}, "twitter": {"handle": "", "platform": "twitter"}, "website": {"handle": "https://www.dreambear.org/about", "platform": "website"}, "youtube": {"handle": "", "platform": "youtube"}, "facebook": {"handle": "", "platform": "facebook"}, "snapchat": {"handle": "", "platform": "snapchat"}, "instagram": {"handle": "drmbear", "platform": "instagram"}}, "acceptedInvite": {"senderPublicKey": "0x40b4E394267B280d4a887e1DB0D389ca92E723b4", "redeemerPublicKey": "0x1d4f3C6d485F9fE04116386CBC3b903D5E36D263", "redeemedAt": "2021-04-15T14:53:12.637"}, "twitSocialVerifs": [{"id": "36f755e7-0a26-4214-a063-ce63e06606cc", "user": "0x1d4f3C6d485F9fE04116386CBC3b903D5E36D263", "createdAt": "2021-04-15T14:59:01.002691", "updatedAt": "2021-04-15T14:59:02.513947", "lastCheckedAt": "2021-04-15T14:59:02.503", "socialVerificationURL": "https://twitter.com/drmbear/status/1382709738366963722?s=20", "verificationText": "I\u2019m on @withFND \ud83c\udf10\n\n0x1d4f3C6d485F9fE04116386CBC3b903D5E36D263\n\nhttps://t.co/usO38us0ej", "userId": "236197194", "username": "drmbear", "isValid": true, "service": "TWITTER", "failedReason": null, "status": null}], "instaSocialVerifs": [{"id": "f47f42a3-bbc6-4f8a-8a8c-a707e4e8a983", "user": "0x1d4f3C6d485F9fE04116386CBC3b903D5E36D263", "createdAt": "2021-04-21T14:29:47.786011", "updatedAt": "2021-04-21T14:29:47.786011", "lastCheckedAt": "2021-04-21T14:29:47.726", "socialVerificationURL": null, "verificationText": null, "userId": "17841401217193367", "username": "drmbear", "isValid": true, "service": "INSTAGRAM", "failedReason": null, "status": null}]}, "profileExists": true, "collectors": [], "createdCount": 0}, "__N_SSG": true}, "page": "/[username]", "query": {"username": "0x1d4f3c6d485f9fe04116386cbc3b903d5e36d263"}, "buildId": "fPHzAE9c9nph2AUK0K_6u", "isFallback": false, "dynamicIds": [33196, 55458, 54746], "gsp": true, "scriptLoader": []}