{"props": {"pageProps": {"username": "0x5f5b2274b19ea3c6746fd8ca1e8d049bc0223387", "user": {"userIndex": 44878, "publicKey": "0x5f5B2274B19eA3C6746FD8CA1E8D049bc0223387", "username": "shayea", "profileImageUrl": "https://f8n-production.s3.amazonaws.com/creators/profile/trp6gtnyz-e702f5e5-8cd8-4474-a3d5-905e6a60c615-jpg-ax2lrc.JPG", "coverImageUrl": "https://f8n-production.s3.amazonaws.com/creators/profile/ifb9twpq5-img-4780-jpg-rkrrbk.JPG", "name": "Shayea", "bio": "Iranian Hip-Hop Artist / Rapper", "isApprovedCreator": true, "moderationStatus": "ACTIVE", "joinedWaitlistAt": "2021-04-12T15:59:38.632", "createdAt": "2021-04-12T15:38:52.346899", "migratedToUser": null, "isApprovedForMigrationAt": null, "firstName": null, "lastName": null, "isAdmin": false, "links": {"tiktok": {"handle": "", "platform": "tiktok"}, "twitch": {"handle": "", "platform": "twitch"}, "discord": {"handle": "", "platform": "discord"}, "twitter": {"handle": "", "platform": "twitter"}, "website": {"handle": "www.asabani.me", "platform": "website"}, "youtube": {"handle": "https://www.youtube.com/channel/UCpuRiENTBMX5aAfFikudpUw", "platform": "youtube"}, "facebook": {"handle": "https://www.facebook.com/Shayea.official", "platform": "facebook"}, "snapchat": {"handle": "", "platform": "snapchat"}, "instagram": {"handle": "shayea.official", "platform": "instagram"}}, "acceptedInvite": {"senderPublicKey": "0x9A074adBE8CB59f4DeaFFc4dfA46F98D5a719190", "redeemerPublicKey": "0x5f5B2274B19eA3C6746FD8CA1E8D049bc0223387", "redeemedAt": "2021-04-12T17:13:06.771"}, "twitSocialVerifs": [{"id": "56d7ae1a-6d1a-44eb-86c5-be9aa7a29eca", "user": "0x5f5B2274B19eA3C6746FD8CA1E8D049bc0223387", "createdAt": "2021-04-12T15:47:49.979773", "updatedAt": "2021-04-12T15:47:54.796859", "lastCheckedAt": "2021-04-12T15:47:54.781", "socialVerificationURL": "https://twitter.com/Shayea_official/status/1381634965696315396", "verificationText": "I\u2019m on @withFND \ud83c\udf10\n1st Shayea NFT Is Coming Soon...\n0x5f5B2274B19eA3C6746FD8CA1E8D049bc0223387\n\nhttps://t.co/f6yLNsHu1k", "userId": "1170115492264239104", "username": "Shayea_official", "isValid": true, "service": "TWITTER", "failedReason": null, "status": null}], "instaSocialVerifs": []}, "profileExists": true, "collectors": [], "createdCount": 0}, "__N_SSG": true}, "page": "/[username]", "query": {"username": "0x5f5b2274b19ea3c6746fd8ca1e8d049bc0223387"}, "buildId": "fPHzAE9c9nph2AUK0K_6u", "isFallback": false, "dynamicIds": [33196, 55458, 54746], "gsp": true, "scriptLoader": []}