{"props": {"pageProps": {"username": "0x5927a78a04b6057ad4852cb339d6f29b77629641", "user": {"userIndex": 14710, "publicKey": "0x5927A78A04b6057aD4852cB339d6F29B77629641", "username": "jaway", "profileImageUrl": "https://f8n-production.s3.amazonaws.com/creators/profile/9j3i1u1dv-j-away-logo-ig-circle-png-14tb1d.png", "coverImageUrl": "https://f8n-production.s3.amazonaws.com/creators/profile/gs2wh2o26-abrartct-bg-cover-jpg-buoavz.jpg", "name": "J aWay", "bio": "LA/NYC/ATL \n\nMotion Graphics Artist. Since 2004\n\nProjection Mapping/Experiential Art/Show Visuals/TV/Film/Commercials/Branding\n\n\u2022Apple \u2022Google \u2022Netflix \u2022Nike \u2022Star Wars \u2022Game of Thrones \u2022SNL \u2022NBA \u2022NFL", "isApprovedCreator": true, "moderationStatus": "ACTIVE", "joinedWaitlistAt": null, "createdAt": "2021-03-13T20:15:54.635064", "migratedToUser": null, "isApprovedForMigrationAt": null, "firstName": null, "lastName": null, "isAdmin": false, "links": {"tiktok": {"handle": "", "platform": "tiktok"}, "twitch": {"handle": "", "platform": "twitch"}, "discord": {"handle": "", "platform": "discord"}, "twitter": {"handle": "", "platform": "twitter"}, "website": {"handle": "www.joshcrews.net", "platform": "website"}, "youtube": {"handle": "", "platform": "youtube"}, "facebook": {"handle": "", "platform": "facebook"}, "snapchat": {"handle": "", "platform": "snapchat"}, "instagram": {"handle": "J._.away", "platform": "instagram"}}, "acceptedInvite": {"senderPublicKey": "0xa74cf67d26A19544235FAA8611E672551Ca3d450", "redeemerPublicKey": "0x5927A78A04b6057aD4852cB339d6F29B77629641", "redeemedAt": "2021-04-05T04:30:57.796"}, "twitSocialVerifs": [{"id": "422434b4-9fc5-4e1d-a88b-4d6aa3f1966f", "user": "0x5927A78A04b6057aD4852cB339d6F29B77629641", "createdAt": "2021-04-05T04:33:00.135539", "updatedAt": "2021-04-05T04:33:01.112163", "lastCheckedAt": "2021-04-05T04:33:01.075", "socialVerificationURL": "https://twitter.com/JaWayAllDay/status/1378928555640254464?s=20", "verificationText": "I\u2019m on @withFND \ud83c\udf10\n\n0x5927A78A04b6057aD4852cB339d6F29B77629641\n\nhttps://t.co/SifdU7ANcm", "userId": "1376949687001870336", "username": "JaWayAllDay", "isValid": true, "service": "TWITTER", "failedReason": null, "status": null}], "instaSocialVerifs": [{"id": "db51742a-57dc-4446-a17d-f9df9cc27793", "user": "0x5927A78A04b6057aD4852cB339d6F29B77629641", "createdAt": "2021-04-26T23:43:38.867149", "updatedAt": "2021-04-26T23:43:38.867149", "lastCheckedAt": "2021-04-26T23:43:38.844", "socialVerificationURL": null, "verificationText": null, "userId": "17841401086172687", "username": "j._.away", "isValid": true, "service": "INSTAGRAM", "failedReason": null, "status": null}]}, "profileExists": true, "collectors": [{"userIndex": null, "publicKey": "0x3CA7A1FC77E880f8609a90A37BbA14D2A4dCe504", "username": null, "profileImageUrl": null, "coverImageUrl": null, "name": null, "bio": null, "isApprovedCreator": false, "moderationStatus": "ACTIVE", "joinedWaitlistAt": null, "createdAt": "2021-05-05T19:33:15.334266", "migratedToUser": null, "isApprovedForMigrationAt": null, "follows": [], "highestBidAuctions": [{"endsAt": "2021-05-06T19:54:59"}], "highestBidAuctions_aggregate": {"aggregate": {"count": 1}}}, {"userIndex": 69707, "publicKey": "0xC6f52B0d8c52d3D0FA75d67A1B3B6c337577f53A", "username": "SasquatchCosmonaut", "profileImageUrl": "https://f8n-production.s3.amazonaws.com/creators/profile/08y8sy7by-screen-shot-2021-05-21-at-3-45-40-pm-png-nn5aqt.png", "coverImageUrl": "", "name": "Sasquatch Cosmonaut", "bio": "", "isApprovedCreator": false, "moderationStatus": "ACTIVE", "joinedWaitlistAt": null, "createdAt": "2021-04-06T20:05:00.184083", "migratedToUser": null, "isApprovedForMigrationAt": null, "follows": [], "highestBidAuctions": [{"endsAt": "2021-05-22T01:09:43"}], "highestBidAuctions_aggregate": {"aggregate": {"count": 1}}}], "createdCount": 0}, "__N_SSG": true}, "page": "/[username]", "query": {"username": "0x5927a78a04b6057ad4852cb339d6f29b77629641"}, "buildId": "fPHzAE9c9nph2AUK0K_6u", "isFallback": false, "dynamicIds": [33196, 55458, 54746], "gsp": true, "scriptLoader": []}