{"props": {"pageProps": {"username": "0x422e9fc4997dfaff11607efcfeef4eb5c2849866", "user": {"userIndex": 17254, "publicKey": "0x422e9FC4997dFAFF11607efcFEEF4eb5C2849866", "username": "bruteforceworks", "profileImageUrl": "https://f8n-production.s3.amazonaws.com/creators/profile/61mx1tl3w-oryx-png-n051fm.png", "coverImageUrl": "", "name": "Bruteforce Works", "bio": "Animated sketches that capture a minimal narrative. I used to be a writer, then I discovered the joy of animating. This allowed me to incorporate time into the visuals, so I'm still a writer in a way.", "isApprovedCreator": true, "moderationStatus": "ACTIVE", "joinedWaitlistAt": null, "createdAt": "2021-03-16T14:34:11.783185", "migratedToUser": null, "isApprovedForMigrationAt": null, "firstName": null, "lastName": null, "isAdmin": false, "links": {"tiktok": {"handle": "", "platform": "tiktok"}, "twitch": {"handle": "", "platform": "twitch"}, "discord": {"handle": "", "platform": "discord"}, "twitter": {"handle": "", "platform": "twitter"}, "website": {"handle": "", "platform": "website"}, "youtube": {"handle": "", "platform": "youtube"}, "facebook": {"handle": "", "platform": "facebook"}, "snapchat": {"handle": "", "platform": "snapchat"}, "instagram": {"handle": "", "platform": "instagram"}}, "acceptedInvite": {"senderPublicKey": "0xBD7a1C16D7B3Af4AF6d1A0fD7437466d765656CE", "redeemerPublicKey": "0x422e9FC4997dFAFF11607efcFEEF4eb5C2849866", "redeemedAt": "2021-03-16T14:34:15.956"}, "twitSocialVerifs": [{"id": "32c51c83-f5c0-4c6f-b2bd-56b34ad6ff39", "user": "0x422e9FC4997dFAFF11607efcFEEF4eb5C2849866", "createdAt": "2021-06-06T14:10:26.423024", "updatedAt": "2021-06-06T14:10:29.91245", "lastCheckedAt": "2021-06-06T14:10:29.895", "socialVerificationURL": "https://twitter.com/BruteforceW/status/1401541930459226113", "verificationText": "I\u2019m on @withFND \ud83c\udf10\n\n0x422e9FC4997dFAFF11607efcFEEF4eb5C2849866\n\nhttps://t.co/cP2LNm2cXC", "userId": "1373171023856680960", "username": "BruteforceW", "isValid": true, "service": "TWITTER", "failedReason": null, "status": null}], "instaSocialVerifs": []}, "profileExists": true, "collectors": [{"userIndex": 4882, "publicKey": "0x18C5eA5B6441D99d621cEC21e9c034d97124d267", "username": "Swopes", "profileImageUrl": "https://f8n-production.s3.amazonaws.com/creators/profile/ow7793ryq-by-amanda-how-5-jpg-3wflag.jpg", "coverImageUrl": "", "name": "Elise Swopes", "bio": "", "isApprovedCreator": false, "moderationStatus": "ACTIVE", "joinedWaitlistAt": null, "createdAt": "2021-02-28T21:54:33.599763", "migratedToUser": null, "isApprovedForMigrationAt": null, "follows": [], "highestBidAuctions": [{"endsAt": "2021-07-23T00:04:17"}], "highestBidAuctions_aggregate": {"aggregate": {"count": 1}}}, {"userIndex": 37705, "publicKey": "0x679FB30118F6DC318c8B4089edf39637DBA64D71", "username": "davidafterdentist", "profileImageUrl": "https://f8n-production.s3.amazonaws.com/creators/profile/0cwjqfd7h-screenshot-1-png-3ewem1.png", "coverImageUrl": "https://f8n-production.s3.amazonaws.com/creators/profile/bxa8zq6bn-screenshot-2-png-o2mnp1.png", "name": "David DeVore", "bio": "Hey! it's David from the viral YouTube video David After Dentist. \n\nI was the loopy kid in the back of the car after dental surgery with the famous line \"Is This Real Life?\"\n\nIt's 2009 all over again!", "isApprovedCreator": true, "moderationStatus": "ACTIVE", "joinedWaitlistAt": null, "createdAt": "2021-04-04T23:51:47.418802", "migratedToUser": null, "isApprovedForMigrationAt": null, "follows": [], "highestBidAuctions": [{"endsAt": "2021-06-07T15:44:12"}], "highestBidAuctions_aggregate": {"aggregate": {"count": 1}}}], "createdCount": 0}, "__N_SSG": true}, "page": "/[username]", "query": {"username": "0x422e9fc4997dfaff11607efcfeef4eb5c2849866"}, "buildId": "fPHzAE9c9nph2AUK0K_6u", "isFallback": false, "dynamicIds": [33196, 55458, 54746], "gsp": true, "scriptLoader": []}