{"props": {"pageProps": {"username": "0xfbc5d2479e8ebc4e3b5f75113852b14742e7c58a", "user": {"userIndex": 45689, "publicKey": "0xfBc5d2479E8ebC4e3b5f75113852B14742e7c58A", "username": "Mahboobeh", "profileImageUrl": "https://f8n-production.s3.amazonaws.com/creators/profile/8s84ydp41-profile-new-jpg-wb33c1.jpg", "coverImageUrl": "https://f8n-production.s3.amazonaws.com/creators/profile/4077q5m1y-coverrr-jpg-wfxbaj.jpg", "name": "Me.graphics", "bio": "I am a freelance motion graphic designer with over 15 years of experience in various fields of Graphic Design as well as teaching them. I am also acquainted with cryptocurrency market and NFT.", "isApprovedCreator": true, "moderationStatus": "ACTIVE", "joinedWaitlistAt": "2021-04-13T12:57:51.039", "createdAt": "2021-04-13T12:38:44.636155", "migratedToUser": null, "isApprovedForMigrationAt": null, "firstName": null, "lastName": null, "isAdmin": false, "links": {"tiktok": {"handle": "", "platform": "tiktok"}, "twitch": {"handle": "", "platform": "twitch"}, "discord": {"handle": "", "platform": "discord"}, "twitter": {"handle": "", "platform": "twitter"}, "website": {"handle": "", "platform": "website"}, "youtube": {"handle": "", "platform": "youtube"}, "facebook": {"handle": "", "platform": "facebook"}, "snapchat": {"handle": "", "platform": "snapchat"}, "instagram": {"handle": "me.graphicss", "platform": "instagram"}}, "acceptedInvite": {"senderPublicKey": "0x202cAACe9CcCF84C6A4112fD8Fc273F20D5d1d2A", "redeemerPublicKey": "0xfBc5d2479E8ebC4e3b5f75113852B14742e7c58A", "redeemedAt": "2021-05-21T13:34:17.097"}, "twitSocialVerifs": [{"id": "cec0cbd6-b804-421b-b841-2e7b0827810d", "user": "0xfBc5d2479E8ebC4e3b5f75113852B14742e7c58A", "createdAt": "2021-04-13T12:56:15.736533", "updatedAt": "2021-04-13T12:56:17.671781", "lastCheckedAt": "2021-04-13T12:56:17.623", "socialVerificationURL": "https://twitter.com/Me_Graphicss/status/1381953753847316480", "verificationText": "I\u2019m on @withFND \ud83c\udf10\n\n0xfBc5d2479E8ebC4e3b5f75113852B14742e7c58A\n\nhttps://t.co/7edKp1PBoY", "userId": "1308305365927211008", "username": "Me_Graphicss", "isValid": true, "service": "TWITTER", "failedReason": null, "status": null}], "instaSocialVerifs": [{"id": "0d77f8b6-ed29-4617-9d67-b82e4404a72c", "user": "0xfBc5d2479E8ebC4e3b5f75113852B14742e7c58A", "createdAt": "2021-04-20T08:15:16.127516", "updatedAt": "2021-04-20T08:15:16.127516", "lastCheckedAt": "2021-04-20T08:15:16.101", "socialVerificationURL": null, "verificationText": null, "userId": "17841401192220311", "username": "me.graphicss", "isValid": true, "service": "INSTAGRAM", "failedReason": null, "status": null}]}, "profileExists": true, "collectors": [], "createdCount": 0}, "__N_SSG": true}, "page": "/[username]", "query": {"username": "0xfbc5d2479e8ebc4e3b5f75113852b14742e7c58a"}, "buildId": "fPHzAE9c9nph2AUK0K_6u", "isFallback": false, "dynamicIds": [33196, 55458, 54746], "gsp": true, "scriptLoader": []}