{"props": {"pageProps": {"username": "0x9e3358829008b45c7a9b6ba4fe4ed937f6739c4c", "user": {"userIndex": 19920, "publicKey": "0x9e3358829008B45C7a9B6Ba4FE4Ed937f6739c4C", "username": "fridawhy", "profileImageUrl": "https://f8n-production.s3.amazonaws.com/creators/profile/b58j485td-ezgif-com-gif-maker-gif-7byuym.gif", "coverImageUrl": "https://f8n-production.s3.amazonaws.com/creators/profile/pnwxxnbmc-untitled-1-png-z7w17h.png", "name": "Frida Why", "bio": "_I'm a Spacer woman, I don't want to hurt you..._  \nDigital collage & Photo manipulation artist,\nwho loves Surrealism, Philosophy and Poetry.\n\u25aa\ufe0f female artist from Greece \u25aa\ufe0f", "isApprovedCreator": true, "moderationStatus": "ACTIVE", "joinedWaitlistAt": null, "createdAt": "2021-03-19T18:56:45.89579", "migratedToUser": null, "isApprovedForMigrationAt": null, "firstName": null, "lastName": null, "isAdmin": false, "links": {"tiktok": {"handle": "", "platform": "tiktok"}, "twitch": {"handle": "", "platform": "twitch"}, "discord": {"handle": "Fridawhy#8543", "platform": "discord"}, "twitter": {"handle": "frida_why", "platform": "twitter"}, "website": {"handle": "liinks.co/fridawhy", "platform": "website"}, "youtube": {"handle": "", "platform": "youtube"}, "facebook": {"handle": "", "platform": "facebook"}, "snapchat": {"handle": "", "platform": "snapchat"}, "instagram": {"handle": "fridawhy", "platform": "instagram"}}, "acceptedInvite": {"senderPublicKey": "0xcF2BCB670a7f63C42B938C7C50201F482D0d2Fb2", "redeemerPublicKey": "0x9e3358829008B45C7a9B6Ba4FE4Ed937f6739c4C", "redeemedAt": "2021-03-20T08:13:45.278"}, "twitSocialVerifs": [{"id": "a815c174-7ebe-4f4a-9140-ced0cf276921", "user": "0x9e3358829008B45C7a9B6Ba4FE4Ed937f6739c4C", "createdAt": "2021-03-20T11:11:02.664635", "updatedAt": "2021-03-20T11:11:06.370399", "lastCheckedAt": "2021-03-20T11:11:06.348", "socialVerificationURL": "https://twitter.com/frida_why/status/1373230065962606593", "verificationText": "I\u2019m on @withFND \ud83c\udf10\n\n0x9e3358829008B45C7a9B6Ba4FE4Ed937f6739c4C\n\nhttps://t.co/lKIpdKr0hG", "userId": "1372981831218397188", "username": "frida_why", "isValid": true, "service": "TWITTER", "failedReason": null, "status": null}], "instaSocialVerifs": [{"id": "7c518a16-58f1-433b-8473-552bf0e64588", "user": "0x9e3358829008B45C7a9B6Ba4FE4Ed937f6739c4C", "createdAt": "2021-04-20T11:17:09.202143", "updatedAt": "2021-04-20T11:17:09.202143", "lastCheckedAt": "2021-04-20T11:17:09.153", "socialVerificationURL": null, "verificationText": null, "userId": "17841441640432800", "username": "fridawhy", "isValid": true, "service": "INSTAGRAM", "failedReason": null, "status": null}]}, "profileExists": true, "collectors": [{"userIndex": 3725, "publicKey": "0x0150B0ec3c7b72879FbfdbDD79c18a8368B194E0", "username": "Aito", "profileImageUrl": "https://f8n-production.s3.amazonaws.com/creators/profile/6rfsu1wgr-te-le-chargement-jpeg-ou9rte.jpeg", "coverImageUrl": "", "name": "Aito", "bio": "a r t ", "isApprovedCreator": false, "moderationStatus": "ACTIVE", "joinedWaitlistAt": null, "createdAt": "2021-02-25T15:46:03.219345", "migratedToUser": null, "isApprovedForMigrationAt": null, "follows": [], "highestBidAuctions": [{"endsAt": "2021-04-30T13:35:12"}], "highestBidAuctions_aggregate": {"aggregate": {"count": 1}}}, {"userIndex": 1563, "publicKey": "0x378BCce7235D53BBc3774BFf8559191F06E6818E", "username": "caktux", "profileImageUrl": "https://f8n-production.s3.amazonaws.com/creators/profile/fallmzs84-baloo-caktux-by-mbsjq-jpg-gc9ch1.jpg", "coverImageUrl": "https://f8n-production.s3.amazonaws.com/creators/profile/cxp6nlcoa-worldeaterswarm-header-jpeg-inep1u.jpeg", "name": "Vince", "bio": "", "isApprovedCreator": false, "moderationStatus": "ACTIVE", "joinedWaitlistAt": null, "createdAt": "2021-02-16T14:09:30.455424", "migratedToUser": null, "isApprovedForMigrationAt": null, "follows": [], "highestBidAuctions": [{"endsAt": "2021-05-20T22:28:29"}], "highestBidAuctions_aggregate": {"aggregate": {"count": 1}}}], "createdCount": 0}, "__N_SSG": true}, "page": "/[username]", "query": {"username": "0x9e3358829008b45c7a9b6ba4fe4ed937f6739c4c"}, "buildId": "fPHzAE9c9nph2AUK0K_6u", "isFallback": false, "dynamicIds": [33196, 55458, 54746], "gsp": true, "scriptLoader": []}