{"props": {"pageProps": {"username": "0x30833a7e724ff75e189cf9023a642c148c732c37", "user": {"userIndex": 81220, "publicKey": "0x30833a7E724fF75E189Cf9023A642c148c732C37", "username": "beaveess", "profileImageUrl": "https://f8n-production.s3.amazonaws.com/creators/profile/8o15089rz-jpg-4mchhg.jpg", "coverImageUrl": "https://f8n-production.s3.amazonaws.com/creators/profile/p5pj06o3x-jpg-z0djzb.jpg", "name": "beaveess", "bio": "My name is Dmitry, I'm an artist and designer, working in handmade technique. The unique fact about me is that every artwork I post here is hanging somewhere on my wall. Glad to see you in my profile!", "isApprovedCreator": true, "moderationStatus": "ACTIVE", "joinedWaitlistAt": null, "createdAt": "2021-06-29T00:19:16.580476", "migratedToUser": null, "isApprovedForMigrationAt": null, "firstName": null, "lastName": null, "isAdmin": false, "links": {"tiktok": {"handle": "", "platform": "tiktok"}, "twitch": {"handle": "", "platform": "twitch"}, "discord": {"handle": "Beaveess#5216", "platform": "discord"}, "twitter": {"handle": "", "platform": "twitter"}, "website": {"handle": "https://vk.com/narr_schweitzer", "platform": "website"}, "youtube": {"handle": "", "platform": "youtube"}, "facebook": {"handle": "", "platform": "facebook"}, "snapchat": {"handle": "", "platform": "snapchat"}, "instagram": {"handle": "", "platform": "instagram"}}, "acceptedInvite": {"senderPublicKey": "0x4B7816A33A8C9De00591d9A684B3360385BA42f7", "redeemerPublicKey": "0x30833a7E724fF75E189Cf9023A642c148c732C37", "redeemedAt": "2021-06-29T00:19:36.697"}, "twitSocialVerifs": [{"id": "ab25acf5-34ed-4fcd-969c-b7567cd5a716", "user": "0x30833a7E724fF75E189Cf9023A642c148c732C37", "createdAt": "2021-06-29T00:41:28.383494", "updatedAt": "2021-06-29T00:41:33.16212", "lastCheckedAt": "2021-06-29T00:41:33.121", "socialVerificationURL": "https://twitter.com/_beaveess/status/1409673063407316996?s=20", "verificationText": "I\u2019m on @withFND \ud83c\udf10\n\n0x30833a7E724fF75E189Cf9023A642c148c732C37\n\nhttps://t.co/HY6HGCQC4y", "userId": "1054432600532676610", "username": "_beaveess", "isValid": true, "service": "TWITTER", "failedReason": null, "status": null}], "instaSocialVerifs": [{"id": "887a9a80-5975-485f-9c3d-0a7f1275484d", "user": "0x30833a7E724fF75E189Cf9023A642c148c732C37", "createdAt": "2021-06-29T00:34:37.31288", "updatedAt": "2021-06-29T00:34:37.31288", "lastCheckedAt": "2021-06-29T00:34:37.296", "socialVerificationURL": null, "verificationText": null, "userId": "17841405548160227", "username": "beaveess", "isValid": true, "service": "INSTAGRAM", "failedReason": null, "status": null}]}, "profileExists": true, "collectors": [], "createdCount": 0}, "__N_SSG": true}, "page": "/[username]", "query": {"username": "0x30833a7e724ff75e189cf9023a642c148c732c37"}, "buildId": "fPHzAE9c9nph2AUK0K_6u", "isFallback": false, "dynamicIds": [33196, 55458, 54746], "gsp": true, "scriptLoader": []}