{"props": {"pageProps": {"username": "0x8a571a321f772ed37e766c8d1b40af312da571df", "user": {"userIndex": 57915, "publicKey": "0x8A571a321F772eD37e766c8D1b40AF312da571DF", "username": "fairmint", "profileImageUrl": "https://f8n-production.s3.amazonaws.com/creators/profile/bw404jh3b-group-405-3-png-4ke4lb.png", "coverImageUrl": "https://f8n-production.s3.amazonaws.com/creators/profile/9k8kzwwxv-own-a-moment-of-fairmint-s-story-2-png-fg7rsr.png", "name": "Fairmint", "bio": "Here to shake up capitalism! \ud83d\udcaa\ud83c\udffb", "isApprovedCreator": true, "moderationStatus": "ACTIVE", "joinedWaitlistAt": "2021-04-29T18:56:08.3", "createdAt": "2021-04-29T18:17:58.568919", "migratedToUser": null, "isApprovedForMigrationAt": null, "firstName": null, "lastName": null, "isAdmin": false, "links": {"tiktok": {"handle": "", "platform": "tiktok"}, "twitch": {"handle": "", "platform": "twitch"}, "discord": {"handle": "", "platform": "discord"}, "twitter": {"handle": "", "platform": "twitter"}, "website": {"handle": "fairmint.co", "platform": "website"}, "youtube": {"handle": "", "platform": "youtube"}, "facebook": {"handle": "", "platform": "facebook"}, "snapchat": {"handle": "", "platform": "snapchat"}, "instagram": {"handle": "", "platform": "instagram"}}, "acceptedInvite": {"senderPublicKey": "0x427416Ed90A4953046718694093223D19C8b2BC2", "redeemerPublicKey": "0x8A571a321F772eD37e766c8D1b40AF312da571DF", "redeemedAt": "2021-04-29T19:41:57.512"}, "twitSocialVerifs": [{"id": "610afc63-f1db-489e-baf4-169d38008742", "user": "0x8A571a321F772eD37e766c8D1b40AF312da571DF", "createdAt": "2021-04-29T18:55:45.929251", "updatedAt": "2021-04-29T18:55:47.970289", "lastCheckedAt": "2021-04-29T18:55:47.95", "socialVerificationURL": "https://twitter.com/FairmintCO/status/1387842961212313600", "verificationText": "I\u2019m on @withFND \ud83c\udf10\n\n0x8A571a321F772eD37e766c8D1b40AF312da571DF\n\nhttps://t.co/2tDklSubZt", "userId": "1057613644589133824", "username": "FairmintCO", "isValid": true, "service": "TWITTER", "failedReason": null, "status": null}], "instaSocialVerifs": []}, "profileExists": true, "collectors": [{"userIndex": null, "publicKey": "0x6032cC6C2D95817034c987c826C999077cFf9Ae0", "username": null, "profileImageUrl": null, "coverImageUrl": null, "name": null, "bio": null, "isApprovedCreator": false, "moderationStatus": "ACTIVE", "joinedWaitlistAt": null, "createdAt": "2020-12-26T17:58:10.930633", "migratedToUser": null, "isApprovedForMigrationAt": null, "follows": [], "highestBidAuctions": [{"endsAt": "2021-05-01T19:50:02"}], "highestBidAuctions_aggregate": {"aggregate": {"count": 1}}}], "createdCount": 0}, "__N_SSG": true}, "page": "/[username]", "query": {"username": "0x8a571a321f772ed37e766c8d1b40af312da571df"}, "buildId": "fPHzAE9c9nph2AUK0K_6u", "isFallback": false, "dynamicIds": [33196, 55458, 54746], "gsp": true, "scriptLoader": []}