{"props": {"pageProps": {"username": "0x90930a49dc1ca3a5758ebbb7f443b604211a27f1", "user": {"userIndex": 69838, "publicKey": "0x90930a49Dc1Ca3a5758EbbB7f443B604211a27f1", "username": "Parisakhazaee", "profileImageUrl": "https://f8n-production.s3.amazonaws.com/creators/profile/vb02fxubs-profile-nft-ok-jpg-2511o2.jpg", "coverImageUrl": "https://f8n-production.s3.amazonaws.com/creators/profile/ga5q0lnes-nft-jpg-qqbj4g.jpg", "name": "Parisa Khazaee", "bio": "Interdisciplinary Artist, Painter, and Graphic designer.\nFascinated by the Qajar period in Iran. \nCreating artworks since 2011", "isApprovedCreator": true, "moderationStatus": "ACTIVE", "joinedWaitlistAt": null, "createdAt": "2021-05-22T12:13:54.103385", "migratedToUser": null, "isApprovedForMigrationAt": null, "firstName": null, "lastName": null, "isAdmin": false, "links": {"tiktok": {"handle": "", "platform": "tiktok"}, "twitch": {"handle": "", "platform": "twitch"}, "discord": {"handle": "", "platform": "discord"}, "twitter": {"handle": "", "platform": "twitter"}, "website": {"handle": "", "platform": "website"}, "youtube": {"handle": "", "platform": "youtube"}, "facebook": {"handle": "", "platform": "facebook"}, "snapchat": {"handle": "", "platform": "snapchat"}, "instagram": {"handle": "", "platform": "instagram"}}, "acceptedInvite": {"senderPublicKey": "0x8eD893e132e37e5440D01fe0839Fd0Bb941Da061", "redeemerPublicKey": "0x90930a49Dc1Ca3a5758EbbB7f443B604211a27f1", "redeemedAt": "2021-05-24T08:47:10.92"}, "twitSocialVerifs": [{"id": "7442648a-9a0c-466b-a0e6-f9ae4e964d4d", "user": "0x90930a49Dc1Ca3a5758EbbB7f443B604211a27f1", "createdAt": "2021-05-24T09:18:58.101141", "updatedAt": "2021-05-24T09:19:00.725572", "lastCheckedAt": "2021-05-24T09:19:00.715", "socialVerificationURL": "https://twitter.com/PKhazaeee/status/1396755073649238017?s=20", "verificationText": "I\u2019m on @withFND \ud83c\udf10\n\n0x90930a49Dc1Ca3a5758EbbB7f443B604211a27f1\n\nhttps://t.co/rYmCNyQfk6", "userId": "1396061510586208261", "username": "PKhazaeee", "isValid": true, "service": "TWITTER", "failedReason": null, "status": null}], "instaSocialVerifs": [{"id": "6e18ec4b-f8df-488f-a133-4cd6d727e3e6", "user": "0x90930a49Dc1Ca3a5758EbbB7f443B604211a27f1", "createdAt": "2021-05-24T09:05:56.811476", "updatedAt": "2021-05-24T09:05:56.811476", "lastCheckedAt": "2021-05-24T09:05:56.753", "socialVerificationURL": null, "verificationText": null, "userId": "17841447227670671", "username": "parisa_khazaeee", "isValid": true, "service": "INSTAGRAM", "failedReason": null, "status": null}]}, "profileExists": true, "collectors": [], "createdCount": 0}, "__N_SSG": true}, "page": "/[username]", "query": {"username": "0x90930a49dc1ca3a5758ebbb7f443b604211a27f1"}, "buildId": "fPHzAE9c9nph2AUK0K_6u", "isFallback": false, "dynamicIds": [33196, 55458, 54746], "gsp": true, "scriptLoader": []}