{"props": {"pageProps": {"username": "0x576f98239a71c53cf0a748e7b78240311d9629ee", "user": {"userIndex": 33351, "publicKey": "0x576F98239A71c53CF0a748E7b78240311D9629EE", "username": "daniel_kole", "profileImageUrl": "https://f8n-production.s3.amazonaws.com/creators/profile/nazrqlkjr-frame-15-png-dcx8pw.png", "coverImageUrl": "https://f8n-production.s3.amazonaws.com/creators/profile/ri7rit871-frame-16-png-kjrzrr.png", "name": "Daniel Kole", "bio": "Digital artist \n3d / motion / Enviopment", "isApprovedCreator": true, "moderationStatus": "ACTIVE", "joinedWaitlistAt": "2021-03-31T16:16:58.343", "createdAt": "2021-03-31T16:14:19.514373", "migratedToUser": null, "isApprovedForMigrationAt": null, "firstName": null, "lastName": null, "isAdmin": false, "links": {"tiktok": {"handle": "", "platform": "tiktok"}, "twitch": {"handle": "", "platform": "twitch"}, "discord": {"handle": "", "platform": "discord"}, "twitter": {"handle": "", "platform": "twitter"}, "website": {"handle": "https://y.at/\ud83e\udd84\ud83d\ude80\u26f5\ud83c\udf0a", "platform": "website"}, "youtube": {"handle": "", "platform": "youtube"}, "facebook": {"handle": "", "platform": "facebook"}, "snapchat": {"handle": "", "platform": "snapchat"}, "instagram": {"handle": "daniel_kole", "platform": "instagram"}}, "acceptedInvite": {"senderPublicKey": "0xDf3f5EDd0931068B6BBbD803F792C7fAA1B480ff", "redeemerPublicKey": "0x576F98239A71c53CF0a748E7b78240311D9629EE", "redeemedAt": "2021-04-08T00:03:27.737"}, "twitSocialVerifs": [{"id": "27bbc7df-9bec-4fa1-a8b7-582ed3cab5b2", "user": "0x576F98239A71c53CF0a748E7b78240311D9629EE", "createdAt": "2021-03-31T16:16:50.575288", "updatedAt": "2021-03-31T16:16:52.966315", "lastCheckedAt": "2021-03-31T16:16:52.904", "socialVerificationURL": "https://twitter.com/Daniel_kole/status/1377293772967575553", "verificationText": "0x576F98239A71c53CF0a748E7b78240311D9629EE", "userId": "910632114", "username": "Daniel_kole", "isValid": true, "service": "TWITTER", "failedReason": null, "status": null}], "instaSocialVerifs": [{"id": "3c7e8e1c-f713-4346-9d84-c20900f44f34", "user": "0x576F98239A71c53CF0a748E7b78240311D9629EE", "createdAt": "2021-04-21T07:06:03.331224", "updatedAt": "2021-04-21T07:06:03.331224", "lastCheckedAt": "2021-04-21T07:06:03.328", "socialVerificationURL": null, "verificationText": null, "userId": "17841401555530510", "username": "daniel_kole", "isValid": true, "service": "INSTAGRAM", "failedReason": null, "status": null}]}, "profileExists": true, "collectors": [{"userIndex": 56988, "publicKey": "0x0791F8C1776fE248Ee72668460e3e1eE039d6366", "username": "CrptGllr", "profileImageUrl": "https://f8n-production.s3.amazonaws.com/creators/profile/5xwd1rrcs-1-0001-png-5n2jsp.png", "coverImageUrl": "", "name": "CrptGllr", "bio": "", "isApprovedCreator": false, "moderationStatus": "ACTIVE", "joinedWaitlistAt": null, "createdAt": "2021-04-28T12:07:15.766951", "migratedToUser": null, "isApprovedForMigrationAt": null, "follows": [], "highestBidAuctions": [{"endsAt": "2021-04-29T12:20:18"}], "highestBidAuctions_aggregate": {"aggregate": {"count": 1}}}, {"userIndex": 4944, "publicKey": "0x3173303e94B4F2EC4E53406909513171AFa5c647", "username": "A4Astro", "profileImageUrl": "", "coverImageUrl": "", "name": "Mark Bagby", "bio": "", "isApprovedCreator": false, "moderationStatus": "ACTIVE", "joinedWaitlistAt": null, "createdAt": "2021-02-28T20:45:30.335603", "migratedToUser": null, "isApprovedForMigrationAt": null, "follows": [], "highestBidAuctions": [{"endsAt": "2021-04-14T01:55:30"}], "highestBidAuctions_aggregate": {"aggregate": {"count": 1}}}, {"userIndex": 57349, "publicKey": "0x7768a6Fa6F9812F3aA91a9f827E5948F7e0b5486", "username": "tomkysar", "profileImageUrl": "https://f8n-production.s3.amazonaws.com/creators/profile/4rjed3hvy-npcgyemz-400x400-jpeg-jfztfm.jpeg", "coverImageUrl": "https://f8n-production.s3.amazonaws.com/creators/profile/3t1e7a3pj-1500x500-1-jpeg-ckwscg.jpeg", "name": "tomkysar", "bio": "", "isApprovedCreator": false, "moderationStatus": "ACTIVE", "joinedWaitlistAt": "2021-07-27T13:51:26.512", "createdAt": "2021-04-28T20:34:07.332627", "migratedToUser": null, "isApprovedForMigrationAt": null, "follows": [], "highestBidAuctions": [{"endsAt": "2021-04-30T21:48:42"}], "highestBidAuctions_aggregate": {"aggregate": {"count": 1}}}], "createdCount": 0}, "__N_SSG": true}, "page": "/[username]", "query": {"username": "0x576f98239a71c53cf0a748e7b78240311d9629ee"}, "buildId": "fPHzAE9c9nph2AUK0K_6u", "isFallback": false, "dynamicIds": [33196, 55458, 54746], "gsp": true, "scriptLoader": []}