{"props": {"pageProps": {"username": "0xd3ea93b78fb9218b43da2113c0b84fe07b34bd9f", "user": {"userIndex": 64448, "publicKey": "0xD3EA93B78FB9218b43da2113C0b84fE07b34Bd9f", "username": "hsprengel", "profileImageUrl": "", "coverImageUrl": "", "name": "Holger Sprengel", "bio": "Entrepreneur & Investor\n\nIncluding\nCo-Founder of Espronceda, (www.espronceda.net) and Immensiva (www.immensiva.com)", "isApprovedCreator": false, "moderationStatus": "ACTIVE", "joinedWaitlistAt": null, "createdAt": "2021-05-08T07:49:01.204036", "migratedToUser": null, "isApprovedForMigrationAt": null, "firstName": null, "lastName": null, "isAdmin": false, "links": {"tiktok": {"handle": "", "platform": "tiktok"}, "twitch": {"handle": "", "platform": "twitch"}, "discord": {"handle": "", "platform": "discord"}, "twitter": {"handle": "", "platform": "twitter"}, "website": {"handle": "www.hs3.biz", "platform": "website"}, "youtube": {"handle": "", "platform": "youtube"}, "facebook": {"handle": "", "platform": "facebook"}, "snapchat": {"handle": "", "platform": "snapchat"}, "instagram": {"handle": "", "platform": "instagram"}}, "acceptedInvite": null, "twitSocialVerifs": [], "instaSocialVerifs": []}, "profileExists": true, "collectors": [], "createdCount": 0}, "__N_SSG": true}, "page": "/[username]", "query": {"username": "0xd3ea93b78fb9218b43da2113c0b84fe07b34bd9f"}, "buildId": "fPHzAE9c9nph2AUK0K_6u", "isFallback": false, "dynamicIds": [33196, 55458, 54746], "gsp": true, "scriptLoader": []}