{"props": {"pageProps": {"username": "0x3a177c925a38035d23ded10cd01489148090fb62", "user": {"userIndex": 15674, "publicKey": "0x3a177c925A38035D23dED10cd01489148090Fb62", "username": "LgnArt", "profileImageUrl": "https://f8n-production.s3.amazonaws.com/creators/profile/td3l2ous4-sdfgdsfgsdfgsdfg-jpg-y7alut.jpg", "coverImageUrl": "", "name": "Marco Fornaciari", "bio": "I'm a professional freelance 2D digital artist. I love portraits and fine art, I work mainly on Photoshop or CSP but i always try to give a \"traditional\" feeling to my pieces!", "isApprovedCreator": true, "moderationStatus": "ACTIVE", "joinedWaitlistAt": "2021-03-22T23:33:45.521", "createdAt": "2021-03-14T19:58:31.76495", "migratedToUser": null, "isApprovedForMigrationAt": null, "firstName": null, "lastName": null, "isAdmin": false, "links": {"tiktok": {"handle": "", "platform": "tiktok"}, "twitch": {"handle": "", "platform": "twitch"}, "discord": {"handle": "Lgn#2817", "platform": "discord"}, "twitter": {"handle": "", "platform": "twitter"}, "website": {"handle": "https://www.artstation.com/lgn", "platform": "website"}, "youtube": {"handle": "", "platform": "youtube"}, "facebook": {"handle": "", "platform": "facebook"}, "snapchat": {"handle": "", "platform": "snapchat"}, "instagram": {"handle": "lgn__art", "platform": "instagram"}}, "acceptedInvite": {"senderPublicKey": "0xD06aEf0c2F9A6Ad47e262E8f3e2b64b9F553D8F5", "redeemerPublicKey": "0x3a177c925A38035D23dED10cd01489148090Fb62", "redeemedAt": "2021-03-23T17:28:51.86"}, "twitSocialVerifs": [{"id": "7fc0e11d-3b5b-4364-9b19-e5ec477b9807", "user": "0x3a177c925A38035D23dED10cd01489148090Fb62", "createdAt": "2021-03-22T23:16:35.603477", "updatedAt": "2021-03-22T23:16:37.38252", "lastCheckedAt": "2021-03-22T23:16:37.374", "socialVerificationURL": "https://twitter.com/aNcLgn/status/1374137848119578624", "verificationText": "I\u2019m on @withFND \ud83c\udf10\n\n0x3a177c925A38035D23dED10cd01489148090Fb62\n\nhttps://t.co/pXJGB7ioe0", "userId": "4052211202", "username": "aNcLgn", "isValid": true, "service": "TWITTER", "failedReason": null, "status": null}], "instaSocialVerifs": []}, "profileExists": true, "collectors": [{"userIndex": 22006, "publicKey": "0x8b9cde6c79a74CbC9209298304967478f627765D", "username": "leontales", "profileImageUrl": "https://f8n-production.s3.amazonaws.com/creators/profile/arhr148pu-dsc02439-crop-jpg-dgoo0l.jpg", "coverImageUrl": "https://f8n-production.s3.amazonaws.com/creators/profile/39nm8qrgm-dsc00136-jpg-yrprpk.jpg", "name": "Leonardo Fiori", "bio": "Leonardo Fiori is a photographer, designer, and artist based in Tuscany, Italy. He is currently majoring in Graphic Design and Visual Communication in Florence.", "isApprovedCreator": true, "moderationStatus": "ACTIVE", "joinedWaitlistAt": "2021-03-23T12:50:46.188", "createdAt": "2021-03-22T15:37:50.014003", "migratedToUser": null, "isApprovedForMigrationAt": null, "follows": [], "highestBidAuctions": [{"endsAt": "2021-03-24T23:35:41"}], "highestBidAuctions_aggregate": {"aggregate": {"count": 1}}}], "createdCount": 0}, "__N_SSG": true}, "page": "/[username]", "query": {"username": "0x3a177c925a38035d23ded10cd01489148090fb62"}, "buildId": "fPHzAE9c9nph2AUK0K_6u", "isFallback": false, "dynamicIds": [33196, 55458, 54746], "gsp": true, "scriptLoader": []}