{"props": {"pageProps": {"username": "0xd0cfc5427d788c1435d582af02f8e04b4ee6adb7", "user": {"userIndex": 11731, "publicKey": "0xd0CFc5427d788c1435D582AF02F8E04b4eE6adB7", "username": "Anderlaxe", "profileImageUrl": "https://f8n-production.s3.amazonaws.com/creators/profile/i891voz9s-avataroklm-jpg-yhsyeu.jpg", "coverImageUrl": "", "name": "ander", "bio": "I love and i do art since 2017. Hi from Paris !", "isApprovedCreator": true, "moderationStatus": "ACTIVE", "joinedWaitlistAt": null, "createdAt": "2021-03-10T16:27:35.066963", "migratedToUser": null, "isApprovedForMigrationAt": null, "firstName": null, "lastName": null, "isAdmin": false, "links": {"tiktok": {"handle": "", "platform": "tiktok"}, "twitch": {"handle": "anderlaxe", "platform": "twitch"}, "discord": {"handle": "Anderlaxe#1643", "platform": "discord"}, "twitter": {"handle": "anderlaxe", "platform": "twitter"}, "website": {"handle": "", "platform": "website"}, "youtube": {"handle": "", "platform": "youtube"}, "facebook": {"handle": "", "platform": "facebook"}, "snapchat": {"handle": "", "platform": "snapchat"}, "instagram": {"handle": "anderlaxe", "platform": "instagram"}}, "acceptedInvite": {"senderPublicKey": "0xbC10CD06B201DdBE419119b4bfB5a7dAc24c2753", "redeemerPublicKey": "0xd0CFc5427d788c1435D582AF02F8E04b4eE6adB7", "redeemedAt": "2021-03-11T13:24:07.359"}, "twitSocialVerifs": [{"id": "1b400d50-4d18-4143-8cad-f219f8b8c146", "user": "0xd0CFc5427d788c1435D582AF02F8E04b4eE6adB7", "createdAt": "2021-03-11T14:55:39.338033", "updatedAt": "2021-03-11T14:55:44.692683", "lastCheckedAt": "2021-03-11T14:55:44.619", "socialVerificationURL": "https://twitter.com/Anderlaxe/status/1370025564577275904", "verificationText": "I\u2019m on @withFND \ud83c\udf10\n\n0xd0CFc5427d788c1435D582AF02F8E04b4eE6adB7\n\nhttps://t.co/mi9BvhdRi4", "userId": "336672326", "username": "Anderlaxe", "isValid": true, "service": "TWITTER", "failedReason": null, "status": null}], "instaSocialVerifs": []}, "profileExists": true, "collectors": [], "createdCount": 0}, "__N_SSG": true}, "page": "/[username]", "query": {"username": "0xd0cfc5427d788c1435d582af02f8e04b4ee6adb7"}, "buildId": "fPHzAE9c9nph2AUK0K_6u", "isFallback": false, "dynamicIds": [33196, 55458, 54746], "gsp": true, "scriptLoader": []}