{"props": {"pageProps": {"username": "0x9c2102354978525f11ae0bca8cf7c1dc65f1632a", "user": {"userIndex": 29291, "publicKey": "0x9C2102354978525F11AE0BCa8cf7C1dc65F1632a", "username": "lazyants", "profileImageUrl": "https://f8n-production.s3.amazonaws.com/creators/profile/z7lu84bqt-411bbf8c-f5ce-43b8-a8f1-7f3b21dba0dd-jpg-tzmyq6.jpg", "coverImageUrl": "", "name": "Lazy Ants", "bio": "DJ and musician class 1982.\nI did music with Crookers, Fatboy Slim, Klever and many others.\nSound designer at Coreless Collective. I worked for Honda Motors, Giorgio Armani, Police, Pirelli and more.", "isApprovedCreator": true, "moderationStatus": "ACTIVE", "joinedWaitlistAt": null, "createdAt": "2021-03-27T14:48:09.019144", "migratedToUser": null, "isApprovedForMigrationAt": null, "firstName": null, "lastName": null, "isAdmin": false, "links": {"tiktok": {"handle": "", "platform": "tiktok"}, "twitch": {"handle": "", "platform": "twitch"}, "discord": {"handle": "", "platform": "discord"}, "twitter": {"handle": "lazyants", "platform": "twitter"}, "website": {"handle": "", "platform": "website"}, "youtube": {"handle": "", "platform": "youtube"}, "facebook": {"handle": "", "platform": "facebook"}, "snapchat": {"handle": "", "platform": "snapchat"}, "instagram": {"handle": "lazyants", "platform": "instagram"}}, "acceptedInvite": {"senderPublicKey": "0x37EB4427E279FCb182A928c816cb5f13f18FB809", "redeemerPublicKey": "0x9C2102354978525F11AE0BCa8cf7C1dc65F1632a", "redeemedAt": "2021-03-27T14:49:48.926"}, "twitSocialVerifs": [{"id": "0cd8e5ae-2458-4702-9f05-e34076fe8645", "user": "0x9C2102354978525F11AE0BCa8cf7C1dc65F1632a", "createdAt": "2021-03-27T14:57:53.512603", "updatedAt": "2021-03-27T14:57:55.127685", "lastCheckedAt": "2021-03-27T14:57:55.095", "socialVerificationURL": "https://twitter.com/LazyAnts/status/1375824255435309057", "verificationText": "I\u2019m on @withFND \ud83c\udf10\n\n0x9C2102354978525F11AE0BCa8cf7C1dc65F1632a\n\nhttps://t.co/2HMJE1qasf", "userId": "24715727", "username": "LazyAnts", "isValid": true, "service": "TWITTER", "failedReason": null, "status": null}], "instaSocialVerifs": []}, "profileExists": true, "collectors": [{"userIndex": 12363, "publicKey": "0x9b6985A0d3616b9BE7C9200D9E1aED49E6eEa5A7", "username": "mrclflv0001", "profileImageUrl": "https://f8n-production.s3.amazonaws.com/creators/profile/x2xawm58y-6p8vo-zg-400x400-jpg-02joh6.jpg", "coverImageUrl": "https://f8n-production.s3.amazonaws.com/creators/profile/nayjwbba0-600x200-jpg-q0jb7q.jpg", "name": "mrclflv0001", "bio": "Cryptoartist, post industrial musician, founder of White Forest Records and Overture Militia Inc., LaVeyan satanist, animal lover and NFT enthusiast", "isApprovedCreator": true, "moderationStatus": "ACTIVE", "joinedWaitlistAt": "2021-04-05T17:33:22.131", "createdAt": "2021-03-09T08:37:22.663686", "migratedToUser": null, "isApprovedForMigrationAt": null, "follows": [], "highestBidAuctions": [{"endsAt": "2021-04-13T16:47:34"}], "highestBidAuctions_aggregate": {"aggregate": {"count": 1}}}], "createdCount": 0}, "__N_SSG": true}, "page": "/[username]", "query": {"username": "0x9c2102354978525f11ae0bca8cf7c1dc65f1632a"}, "buildId": "fPHzAE9c9nph2AUK0K_6u", "isFallback": false, "dynamicIds": [33196, 55458, 54746], "gsp": true, "scriptLoader": []}