{"props": {"pageProps": {"username": "0x24e5b063fbfa23a168148d102a239c139ad83cc7", "user": {"userIndex": 12010, "publicKey": "0x24e5B063fBfa23A168148d102A239C139Ad83cC7", "username": "joehamilton", "profileImageUrl": "https://f8n-production.s3.amazonaws.com/creators/profile/ibjh7x644-joe-hamilton-spectrum-still-1-jpg-22fl5a.jpg", "coverImageUrl": "https://f8n-production.s3.amazonaws.com/creators/profile/mdizd8c8x-joe-hamilton-cezanne-unfixed-png-rriq3e.png", "name": "Joe Hamilton", "bio": "Joe makes use of technology and found material to create intricate compositions. His recent work questions our established notions of nature within a society that is becoming increasingly networked.", "isApprovedCreator": true, "moderationStatus": "ACTIVE", "joinedWaitlistAt": null, "createdAt": "2021-02-28T00:22:52.690836", "migratedToUser": null, "isApprovedForMigrationAt": null, "firstName": null, "lastName": null, "isAdmin": false, "links": {"tiktok": {"handle": "", "platform": "tiktok"}, "twitch": {"handle": "", "platform": "twitch"}, "discord": {"handle": "Canary Hadoop#6566", "platform": "discord"}, "twitter": {"handle": "joehamilton", "platform": "twitter"}, "website": {"handle": "joehamilton.info", "platform": "website"}, "youtube": {"handle": "", "platform": "youtube"}, "facebook": {"handle": "", "platform": "facebook"}, "snapchat": {"handle": "", "platform": "snapchat"}, "instagram": {"handle": "keeping_up_with_the_gagosians", "platform": "instagram"}}, "acceptedInvite": {"senderPublicKey": "0xa60f9b548309Cbe75bF4A9880c69C746cB7073ae", "redeemerPublicKey": "0x24e5B063fBfa23A168148d102A239C139Ad83cC7", "redeemedAt": "2021-03-11T00:42:38.013"}, "twitSocialVerifs": [{"id": "eca1f7c1-1894-4eb1-9734-5deb72120bb6", "user": "0x24e5B063fBfa23A168148d102A239C139Ad83cC7", "createdAt": "2021-03-11T00:47:29.510002", "updatedAt": "2021-03-11T00:47:32.105481", "lastCheckedAt": "2021-03-11T00:47:32.1", "socialVerificationURL": "https://twitter.com/joehamilton/status/1369812145509081092", "verificationText": "I\u2019m on @withFND \ud83c\udf10\n\n0x24e5B063fBfa23A168148d102A239C139Ad83cC7\n\nhttps://t.co/I5Ib3bB6h8", "userId": "7740392", "username": "joehamilton", "isValid": true, "service": "TWITTER", "failedReason": null, "status": null}], "instaSocialVerifs": []}, "profileExists": true, "collectors": [{"userIndex": 10476, "publicKey": "0x0F7582941591A055795B4F3fd8f9e7b328793b81", "username": "yungjake", "profileImageUrl": "https://f8n-production.s3.amazonaws.com/creators/profile/jt8nwk9gu-whatsapp-image-2021-03-12-at-2-05-17-am-jpeg-t2katm.jpeg", "coverImageUrl": "https://f8n-production.s3.amazonaws.com/creators/profile/jbb1zn5e8-unnamed-jpg-7x1ynw.jpg", "name": "yung jake", "bio": "", "isApprovedCreator": true, "moderationStatus": "ACTIVE", "joinedWaitlistAt": null, "createdAt": "2021-03-09T02:31:00.657959", "migratedToUser": null, "isApprovedForMigrationAt": null, "follows": [], "highestBidAuctions": [{"endsAt": "2021-03-18T20:05:41"}], "highestBidAuctions_aggregate": {"aggregate": {"count": 1}}}, {"userIndex": 9618, "publicKey": "0x23385d4BA1b8B61f55e8606BeBBE7EA1f9FF15fa", "username": "CryptoBlue", "profileImageUrl": "https://f8n-production.s3.amazonaws.com/creators/profile/baovr12nq-nabil-rip-jpg-lya6ae.jpg", "coverImageUrl": "https://f8n-production.s3.amazonaws.com/creators/profile/ydfy2ssgy-banner-jpg-kipkm2.jpg", "name": "Nabil chequeiq", "bio": "3D Character Artist working in the Feature film industry with a background in TV production and video games as well.", "isApprovedCreator": true, "moderationStatus": "ACTIVE", "joinedWaitlistAt": null, "createdAt": "2021-03-04T21:12:30.555965", "migratedToUser": null, "isApprovedForMigrationAt": null, "follows": [], "highestBidAuctions": [{"endsAt": "2021-03-20T00:28:51"}], "highestBidAuctions_aggregate": {"aggregate": {"count": 1}}}, {"userIndex": 17581, "publicKey": "0x3432B45B9ee95BD5C31a726B936CF2ec719A2153", "username": "3FMusic", "profileImageUrl": "https://f8n-production.s3.amazonaws.com/creators/profile/s8wtdn6uo-3f-music-new-logo-png-grvgaj.png", "coverImageUrl": "https://f8n-production.s3.amazonaws.com/creators/profile/fmjvj3zy7-3fmusic-com-18-jpg-9cx7zb.jpg", "name": "Farzin", "bio": "", "isApprovedCreator": true, "moderationStatus": "ACTIVE", "joinedWaitlistAt": "2021-03-23T20:42:01.871", "createdAt": "2021-03-16T20:07:51.167953", "migratedToUser": null, "isApprovedForMigrationAt": null, "follows": [], "highestBidAuctions": [{"endsAt": "2021-03-23T07:12:07"}], "highestBidAuctions_aggregate": {"aggregate": {"count": 1}}}, {"userIndex": 44, "publicKey": "0x8a32Af4AfFD816978C2Fdfa7C08c27681d05d4Fe", "username": "adamludwin", "profileImageUrl": "https://f8n-production.s3.amazonaws.com/creators/profile/tfnr6hgzw-pfpt4002-png-8td75d.png", "coverImageUrl": "", "name": "adam ludwin", "bio": "artists first.", "isApprovedCreator": false, "moderationStatus": "ACTIVE", "joinedWaitlistAt": null, "createdAt": "2021-01-26T21:11:48.457951", "migratedToUser": null, "isApprovedForMigrationAt": null, "follows": [], "highestBidAuctions": [{"endsAt": "2021-04-27T17:36:22"}], "highestBidAuctions_aggregate": {"aggregate": {"count": 2}}}], "createdCount": 0}, "__N_SSG": true}, "page": "/[username]", "query": {"username": "0x24e5b063fbfa23a168148d102a239c139ad83cc7"}, "buildId": "fPHzAE9c9nph2AUK0K_6u", "isFallback": false, "dynamicIds": [33196, 55458, 54746], "gsp": true, "scriptLoader": []}