{"props": {"pageProps": {"username": "0xebf1276e9f5133fa0c44630e3724973229905357", "user": {"userIndex": 64018, "publicKey": "0xeBf1276e9F5133fA0C44630e3724973229905357", "username": "Launcher", "profileImageUrl": "https://f8n-production.s3.amazonaws.com/creators/profile/7x9qsw9ff-ihrmugyo-400x400-jpg-ij8j34.jpg", "coverImageUrl": "https://f8n-production.s3.amazonaws.com/creators/profile/g8tascsf5-1500x500-jfif-rkbqse.jfif", "name": "Launcher", "bio": "Businessman | Crypto Enthusiast | ART Collector/Lover.", "isApprovedCreator": false, "moderationStatus": "ACTIVE", "joinedWaitlistAt": null, "createdAt": "2021-05-08T21:40:25.310545", "migratedToUser": null, "isApprovedForMigrationAt": null, "firstName": null, "lastName": null, "isAdmin": false, "links": {"tiktok": {"handle": "", "platform": "tiktok"}, "twitch": {"handle": "", "platform": "twitch"}, "discord": {"handle": "", "platform": "discord"}, "twitter": {"handle": "", "platform": "twitter"}, "website": {"handle": "sanora.by", "platform": "website"}, "youtube": {"handle": "", "platform": "youtube"}, "facebook": {"handle": "", "platform": "facebook"}, "snapchat": {"handle": "", "platform": "snapchat"}, "instagram": {"handle": "", "platform": "instagram"}}, "acceptedInvite": null, "twitSocialVerifs": [{"id": "d1b0b45d-37a8-4cf1-8d41-9c57cc9fe8c5", "user": "0xeBf1276e9F5133fA0C44630e3724973229905357", "createdAt": "2021-05-08T22:10:37.015407", "updatedAt": "2021-05-08T22:10:39.29373", "lastCheckedAt": "2021-05-08T22:10:39.27", "socialVerificationURL": "https://twitter.com/LauncherNft/status/1391151756760043527?s=20", "verificationText": "@Artaffair2 I \u2764\ufe0f this #Art. I'll try to collect it.\nhttps://t.co/LtlT5vXPAF\n\nShow me more amazing \ud83d\udd25 #NFTs!\n#Follow #Like #RT\n\n#nft #defi #nftart #cryptoart #nftcollector #NFTartist #DigitalArt #NFTCommunity\n@coinkit_ mon 20 1000 BTC\n0xeBf1276e9F5133fA0C44630e3724973229905357", "userId": "1388619929260339201", "username": "LauncherNft", "isValid": true, "service": "TWITTER", "failedReason": null, "status": null}], "instaSocialVerifs": [{"id": "174df252-5830-4b22-9436-1213b434a41d", "user": "0xeBf1276e9F5133fA0C44630e3724973229905357", "createdAt": "2021-05-09T07:41:56.530984", "updatedAt": "2021-05-09T07:41:56.530984", "lastCheckedAt": "2021-05-09T07:41:56.511", "socialVerificationURL": null, "verificationText": null, "userId": "17841446211558429", "username": "sanora.by", "isValid": true, "service": "INSTAGRAM", "failedReason": null, "status": null}]}, "profileExists": true, "collectors": [], "createdCount": 0}, "__N_SSG": true}, "page": "/[username]", "query": {"username": "0xebf1276e9f5133fa0c44630e3724973229905357"}, "buildId": "fPHzAE9c9nph2AUK0K_6u", "isFallback": false, "dynamicIds": [33196, 55458, 54746], "gsp": true, "scriptLoader": []}