{"props": {"pageProps": {"username": "0x016b3541e8efb62b7ac6b7cafe23d5f4fa0c576f", "user": {"userIndex": 12621, "publicKey": "0x016b3541e8EFB62b7AC6b7CaFE23d5f4Fa0c576F", "username": "atanasio", "profileImageUrl": "https://f8n-production.s3.amazonaws.com/creators/profile/e097iiziv-e0031-jpg-sz3yh8.jpg", "coverImageUrl": "https://f8n-production.s3.amazonaws.com/creators/profile/mcfcvyii9-background-jpg-jbrmhs.jpg", "name": "Guilherme Atan\u00e1sio", "bio": "Guilherme Atan\u00e1sio is an abstract explorer. Learning by experimentation and looking into the unknown as a fuel has allowed him to explore different ways and question its meanings.", "isApprovedCreator": true, "moderationStatus": "ACTIVE", "joinedWaitlistAt": null, "createdAt": "2021-03-11T17:28:34.372184", "migratedToUser": null, "isApprovedForMigrationAt": null, "firstName": null, "lastName": null, "isAdmin": false, "links": {"tiktok": {"handle": "atanasioart", "platform": "tiktok"}, "twitch": {"handle": "", "platform": "twitch"}, "discord": {"handle": "", "platform": "discord"}, "twitter": {"handle": "", "platform": "twitter"}, "website": {"handle": "www.atanasioart.com", "platform": "website"}, "youtube": {"handle": "", "platform": "youtube"}, "facebook": {"handle": "", "platform": "facebook"}, "snapchat": {"handle": "", "platform": "snapchat"}, "instagram": {"handle": "atanasioart", "platform": "instagram"}}, "acceptedInvite": {"senderPublicKey": "0x3932F608f69Eeb3e58EE067BE0b03CA4d82da6Fb", "redeemerPublicKey": "0x016b3541e8EFB62b7AC6b7CaFE23d5f4Fa0c576F", "redeemedAt": "2021-03-11T19:38:34.709"}, "twitSocialVerifs": [{"id": "b5d5c8af-871c-4c2e-b234-fc309b874190", "user": "0x016b3541e8EFB62b7AC6b7CaFE23d5f4Fa0c576F", "createdAt": "2021-03-11T18:55:55.246809", "updatedAt": "2021-03-11T18:55:59.769843", "lastCheckedAt": "2021-03-11T18:55:59.709", "socialVerificationURL": "https://twitter.com/Guiatanasio/status/1370086071090962433", "verificationText": "I\u2019m on @withFND \ud83c\udf10\n\n0x016b3541e8EFB62b7AC6b7CaFE23d5f4Fa0c576F\n\nhttps://t.co/dgbb6OD0PT", "userId": "613765390", "username": "Guiatanasio", "isValid": true, "service": "TWITTER", "failedReason": null, "status": null}], "instaSocialVerifs": [{"id": "f33f4748-73e7-48d1-959f-a1f63c563f3c", "user": "0x016b3541e8EFB62b7AC6b7CaFE23d5f4Fa0c576F", "createdAt": "2021-05-12T10:05:37.500138", "updatedAt": "2021-05-12T10:05:37.500138", "lastCheckedAt": "2021-05-12T10:05:37.462", "socialVerificationURL": null, "verificationText": null, "userId": "17841400616545347", "username": "atanasioart", "isValid": true, "service": "INSTAGRAM", "failedReason": null, "status": null}]}, "profileExists": true, "collectors": [], "createdCount": 0}, "__N_SSG": true}, "page": "/[username]", "query": {"username": "0x016b3541e8efb62b7ac6b7cafe23d5f4fa0c576f"}, "buildId": "fPHzAE9c9nph2AUK0K_6u", "isFallback": false, "dynamicIds": [33196, 55458, 54746], "gsp": true, "scriptLoader": []}