{"props": {"pageProps": {"username": "0x1423d7ba74817a2617fa3e69b609a54e4daf6f79", "user": {"userIndex": 61862, "publicKey": "0x1423d7BA74817a2617Fa3E69b609a54E4DaF6f79", "username": "wildalps", "profileImageUrl": "https://f8n-production.s3.amazonaws.com/creators/profile/jmy4unhnn-u3rvcmfnzto6ughvdg9zojpbc3nlddo6txpcu05swjntrkziwkdnelmyuldivfz5tvdkwgr6mdk-jpeg-ru66rx.JPEG", "coverImageUrl": "https://f8n-production.s3.amazonaws.com/creators/profile/ck32oe493-dsc09589-jpg-z7euk5.jpg", "name": "Dominique Weiss", "bio": "multi awarded, exhibiting fine art photographer,digital art creator, sending out visual meditative impulses of transformation into the universe through alpine magic realism to manifest world freedom", "isApprovedCreator": true, "moderationStatus": "ACTIVE", "joinedWaitlistAt": null, "createdAt": "2021-05-05T15:00:56.439489", "migratedToUser": null, "isApprovedForMigrationAt": null, "firstName": null, "lastName": null, "isAdmin": false, "links": {"tiktok": {"handle": "", "platform": "tiktok"}, "twitch": {"handle": "", "platform": "twitch"}, "discord": {"handle": "wildalps#4728", "platform": "discord"}, "twitter": {"handle": "", "platform": "twitter"}, "website": {"handle": "wildalps.rocks", "platform": "website"}, "youtube": {"handle": "", "platform": "youtube"}, "facebook": {"handle": "wildalpsart", "platform": "facebook"}, "snapchat": {"handle": "", "platform": "snapchat"}, "instagram": {"handle": "", "platform": "instagram"}}, "acceptedInvite": {"senderPublicKey": "0x3b63410fAdbDA0ec0bA932fAD2997edd7A842679", "redeemerPublicKey": "0x1423d7BA74817a2617Fa3E69b609a54E4DaF6f79", "redeemedAt": "2021-05-05T15:01:07.437"}, "twitSocialVerifs": [{"id": "fc64b6ab-c65b-4f28-b932-aa88272880f8", "user": "0x1423d7BA74817a2617Fa3E69b609a54E4DaF6f79", "createdAt": "2021-05-05T15:08:37.881278", "updatedAt": "2021-05-05T15:08:38.367004", "lastCheckedAt": "2021-05-05T15:08:38.352", "socialVerificationURL": "https://twitter.com/wildalps/status/1389960148668518403", "verificationText": "I\u2019m on @withFND \ud83c\udf10\n\n0x1423d7BA74817a2617Fa3E69b609a54E4DaF6f79\n\nhttps://t.co/1mmaos8Hjj", "userId": "1313798818098565120", "username": "wildalps", "isValid": true, "service": "TWITTER", "failedReason": null, "status": null}], "instaSocialVerifs": [{"id": "410e02d8-971a-4d0e-8b2b-6840b8259251", "user": "0x1423d7BA74817a2617Fa3E69b609a54E4DaF6f79", "createdAt": "2021-05-05T15:10:18.450017", "updatedAt": "2021-05-05T15:10:18.450017", "lastCheckedAt": "2021-05-05T15:10:18.444", "socialVerificationURL": null, "verificationText": null, "userId": "17841407233470676", "username": "wildalps", "isValid": true, "service": "INSTAGRAM", "failedReason": null, "status": null}]}, "profileExists": true, "collectors": [], "createdCount": 0}, "__N_SSG": true}, "page": "/[username]", "query": {"username": "0x1423d7ba74817a2617fa3e69b609a54e4daf6f79"}, "buildId": "fPHzAE9c9nph2AUK0K_6u", "isFallback": false, "dynamicIds": [33196, 55458, 54746], "gsp": true, "scriptLoader": []}