{"props": {"pageProps": {"username": "0x8299b6f77b11af3040650cc77fd8a055ed6dd879", "user": {"userIndex": null, "publicKey": "0x8299B6f77B11af3040650cc77FD8a055Ed6dD879", "username": null, "profileImageUrl": null, "coverImageUrl": null, "name": null, "bio": null, "isApprovedCreator": false, "moderationStatus": "ACTIVE", "joinedWaitlistAt": null, "createdAt": "2021-03-16T17:59:48.401817", "migratedToUser": null, "isApprovedForMigrationAt": null, "firstName": null, "lastName": null, "isAdmin": false, "links": {}, "acceptedInvite": null, "twitSocialVerifs": [{"id": "00bd4385-fd41-4a1c-b1cb-1463d8afdb69", "user": "0x8299B6f77B11af3040650cc77FD8a055Ed6dD879", "createdAt": "2021-04-19T18:24:25.058658", "updatedAt": "2021-04-19T18:24:31.125228", "lastCheckedAt": "2021-04-19T18:24:31.077", "socialVerificationURL": "https://twitter.com/Hunter_NFT/status/1384211233717456906", "verificationText": "I\u2019m on @withFND \ud83c\udf10\n\n0x8299B6f77B11af3040650cc77FD8a055Ed6dD879\n\nhttps://t.co/LQJZwDWHQ5 \ud83d\ude0d", "userId": "1718887602", "username": "Hunter_NFT", "isValid": true, "service": "TWITTER", "failedReason": null, "status": null}], "instaSocialVerifs": []}, "profileExists": true, "collectors": [], "createdCount": 0}, "__N_SSG": true}, "page": "/[username]", "query": {"username": "0x8299b6f77b11af3040650cc77fd8a055ed6dd879"}, "buildId": "fPHzAE9c9nph2AUK0K_6u", "isFallback": false, "dynamicIds": [33196, 55458, 54746], "gsp": true, "scriptLoader": []}