{"props": {"pageProps": {"username": "0x3a0de989f99cec63b14de379354aec32d46367e1", "user": {"userIndex": 9612, "publicKey": "0x3A0De989F99CEc63B14dE379354AEc32d46367E1", "username": "magmablood", "profileImageUrl": "https://f8n-production.s3.amazonaws.com/creators/profile/jg5w7d766-magma-sound-profile-gradient-jpg-11cgih.jpg", "coverImageUrl": "https://f8n-production.s3.amazonaws.com/creators/profile/jrjf86m4t-magma-sound-cover1-jpg-5jdbvr.jpg", "name": "Nikolai", "bio": "\ud83d\ude3a NFT collector / artist / musician / web designer \ud83e\udda9 #NFTart - art is about the community \u270c\ufe0f", "isApprovedCreator": false, "moderationStatus": "ACTIVE", "joinedWaitlistAt": null, "createdAt": "2021-03-08T06:24:51.417172", "migratedToUser": null, "isApprovedForMigrationAt": null, "firstName": null, "lastName": null, "isAdmin": false, "links": {"tiktok": {"handle": "", "platform": "tiktok"}, "twitch": {"handle": "", "platform": "twitch"}, "discord": {"handle": "", "platform": "discord"}, "twitter": {"handle": "magmabloodart", "platform": "twitter"}, "website": {"handle": "", "platform": "website"}, "youtube": {"handle": "", "platform": "youtube"}, "facebook": {"handle": "", "platform": "facebook"}, "snapchat": {"handle": "", "platform": "snapchat"}, "instagram": {"handle": "magmablood", "platform": "instagram"}}, "acceptedInvite": null, "twitSocialVerifs": [], "instaSocialVerifs": []}, "profileExists": true, "collectors": [], "createdCount": 0}, "__N_SSG": true}, "page": "/[username]", "query": {"username": "0x3a0de989f99cec63b14de379354aec32d46367e1"}, "buildId": "fPHzAE9c9nph2AUK0K_6u", "isFallback": false, "dynamicIds": [33196, 55458, 54746], "gsp": true, "scriptLoader": []}