{"props": {"pageProps": {"username": "0xca05fe7980d202f5da7ecd2a3df5e1b51faf2b70", "user": {"userIndex": 67247, "publicKey": "0xCa05fe7980D202f5DA7eCd2a3dF5e1B51Faf2b70", "username": "lawrenceproduction", "profileImageUrl": "https://f8n-production.s3.amazonaws.com/creators/profile/4z6oc2wc3-inbound6948396156621497075-jpg-kfb1d5.jpg", "coverImageUrl": "https://f8n-production.s3.amazonaws.com/creators/profile/8gubt5ljx-05-grunge-jpg-h8ew3e.jpg", "name": "Lawrence", "bio": "The sky, over the nation, of image.", "isApprovedCreator": true, "moderationStatus": "ACTIVE", "joinedWaitlistAt": null, "createdAt": "2021-05-16T06:22:24.168488", "migratedToUser": null, "isApprovedForMigrationAt": null, "firstName": null, "lastName": null, "isAdmin": false, "links": {"tiktok": {"handle": "", "platform": "tiktok"}, "twitch": {"handle": "", "platform": "twitch"}, "discord": {"handle": "", "platform": "discord"}, "twitter": {"handle": "", "platform": "twitter"}, "website": {"handle": "", "platform": "website"}, "youtube": {"handle": "", "platform": "youtube"}, "facebook": {"handle": "", "platform": "facebook"}, "snapchat": {"handle": "", "platform": "snapchat"}, "instagram": {"handle": "", "platform": "instagram"}}, "acceptedInvite": {"senderPublicKey": "0x5c86C413E15eAB3B8374bA8A798cb254Ed54CC6F", "redeemerPublicKey": "0xCa05fe7980D202f5DA7eCd2a3dF5e1B51Faf2b70", "redeemedAt": "2021-05-20T07:04:20.394"}, "twitSocialVerifs": [{"id": "2fa5c9ef-c263-47d1-b18c-0a6696394d86", "user": "0xCa05fe7980D202f5DA7eCd2a3dF5e1B51Faf2b70", "createdAt": "2021-05-20T08:14:03.599696", "updatedAt": "2021-05-20T08:14:04.169568", "lastCheckedAt": "2021-05-20T08:14:04.156", "socialVerificationURL": "https://twitter.com/prod_lawrence/status/1393816300967890947?s=20", "verificationText": "I\u2019m on @withFND \ud83c\udf10\n\n0xCa05fe7980D202f5DA7eCd2a3dF5e1B51Faf2b70\n\nhttps://t.co/QRc0zNT0AP", "userId": "1393816095468007425", "username": "prod_lawrence", "isValid": true, "service": "TWITTER", "failedReason": null, "status": null}], "instaSocialVerifs": [{"id": "d8e4878a-29b5-4870-952b-6acf07dae6a6", "user": "0xCa05fe7980D202f5DA7eCd2a3dF5e1B51Faf2b70", "createdAt": "2021-05-16T06:26:56.578129", "updatedAt": "2021-05-16T06:26:56.578129", "lastCheckedAt": "2021-05-16T06:26:56.542", "socialVerificationURL": null, "verificationText": null, "userId": "17841401913862484", "username": "lawrence.production", "isValid": true, "service": "INSTAGRAM", "failedReason": null, "status": null}]}, "profileExists": true, "collectors": [], "createdCount": 0}, "__N_SSG": true}, "page": "/[username]", "query": {"username": "0xca05fe7980d202f5da7ecd2a3df5e1b51faf2b70"}, "buildId": "fPHzAE9c9nph2AUK0K_6u", "isFallback": false, "dynamicIds": [33196, 55458, 54746], "gsp": true, "scriptLoader": []}