{"props": {"pageProps": {"username": "0x2e1d12b72649e13d2e4a28944c3e1fb3d519d0ee", "user": {"userIndex": 48820, "publicKey": "0x2E1D12b72649E13D2E4a28944C3e1FB3d519d0eE", "username": "christocrafford", "profileImageUrl": "https://f8n-production.s3.amazonaws.com/creators/profile/kiulucktx-profile-pic-jpg-l45wuo.jpg", "coverImageUrl": "https://f8n-production.s3.amazonaws.com/creators/profile/lo0x7uudo-banner-harvesttime-png-ha0s2l.png", "name": "Christo Crafford ", "bio": "I am a concept artist in the entertainment industry. Currently working on AAA games. Credits include Love and Monsters", "isApprovedCreator": true, "moderationStatus": "ACTIVE", "joinedWaitlistAt": null, "createdAt": "2021-04-17T14:34:20.161119", "migratedToUser": null, "isApprovedForMigrationAt": null, "firstName": null, "lastName": null, "isAdmin": false, "links": {"tiktok": {"handle": "", "platform": "tiktok"}, "twitch": {"handle": "", "platform": "twitch"}, "discord": {"handle": "", "platform": "discord"}, "twitter": {"handle": "", "platform": "twitter"}, "website": {"handle": "https://www.christocrafford.art/", "platform": "website"}, "youtube": {"handle": "", "platform": "youtube"}, "facebook": {"handle": "https://www.facebook.com/christo.crafford1/", "platform": "facebook"}, "snapchat": {"handle": "", "platform": "snapchat"}, "instagram": {"handle": "https://www.instagram.com/christocrafford/", "platform": "instagram"}}, "acceptedInvite": {"senderPublicKey": "0x8c91dEB76359F5bF27342D606311E9738f444780", "redeemerPublicKey": "0x2E1D12b72649E13D2E4a28944C3e1FB3d519d0eE", "redeemedAt": "2021-04-17T14:34:24.416"}, "twitSocialVerifs": [{"id": "14d7d310-800a-4635-8061-fb419783d5b3", "user": "0x2E1D12b72649E13D2E4a28944C3e1FB3d519d0eE", "createdAt": "2021-04-17T14:53:48.260263", "updatedAt": "2021-04-17T14:53:52.893785", "lastCheckedAt": "2021-04-17T14:53:52.866", "socialVerificationURL": "https://twitter.com/Chris_Crafford/status/1383433249200893952", "verificationText": "I\u2019m on @withFND \ud83c\udf10\n\n0x2E1D12b72649E13D2E4a28944C3e1FB3d519d0eE\n\nhttps://t.co/ryvpAxDR2P", "userId": "1366256200967475200", "username": "Chris_Crafford", "isValid": true, "service": "TWITTER", "failedReason": null, "status": null}], "instaSocialVerifs": []}, "profileExists": true, "collectors": [], "createdCount": 0}, "__N_SSG": true}, "page": "/[username]", "query": {"username": "0x2e1d12b72649e13d2e4a28944c3e1fb3d519d0ee"}, "buildId": "fPHzAE9c9nph2AUK0K_6u", "isFallback": false, "dynamicIds": [33196, 55458, 54746], "gsp": true, "scriptLoader": []}