{"props": {"pageProps": {"username": "0xcdf660aeeb6dbddba0c096d1fafcb41d60f9a88b", "user": {"userIndex": 17201, "publicKey": "0xcdF660aeEB6DBdDba0C096d1FAfCb41D60f9A88B", "username": "achesdub", "profileImageUrl": "https://f8n-production.s3.amazonaws.com/creators/profile/tzx59y0tb-skullsmall-jpg-6c9bfd.JPG", "coverImageUrl": "https://f8n-production.s3.amazonaws.com/creators/profile/hwqknpbc6-comicsans-jpg-l4ux1h.jpg", "name": "Aches", "bio": "Irish Artist", "isApprovedCreator": true, "moderationStatus": "ACTIVE", "joinedWaitlistAt": null, "createdAt": "2021-03-16T12:45:49.861788", "migratedToUser": null, "isApprovedForMigrationAt": null, "firstName": null, "lastName": null, "isAdmin": false, "links": {"tiktok": {"handle": "@achesdub", "platform": "tiktok"}, "twitch": {"handle": "", "platform": "twitch"}, "discord": {"handle": "", "platform": "discord"}, "twitter": {"handle": "achesdub", "platform": "twitter"}, "website": {"handle": "www.aches.ie", "platform": "website"}, "youtube": {"handle": "", "platform": "youtube"}, "facebook": {"handle": "", "platform": "facebook"}, "snapchat": {"handle": "", "platform": "snapchat"}, "instagram": {"handle": "achesdub", "platform": "instagram"}}, "acceptedInvite": {"senderPublicKey": "0x0d89b6d9e03CAEB4EaD90445B8f9851Bff3B8454", "redeemerPublicKey": "0xcdF660aeEB6DBdDba0C096d1FAfCb41D60f9A88B", "redeemedAt": "2021-04-07T19:16:43.927"}, "twitSocialVerifs": [{"id": "891ef645-ea59-4e1f-87fe-f603b9c69959", "user": "0xcdF660aeEB6DBdDba0C096d1FAfCb41D60f9A88B", "createdAt": "2021-03-16T12:47:49.36961", "updatedAt": "2021-03-16T12:47:52.011774", "lastCheckedAt": "2021-03-16T12:47:51.95", "socialVerificationURL": "https://twitter.com/Achesdub/status/1371805360747581442", "verificationText": "I\u2019m on @withFND \ud83c\udf10\n\n0xcdF660aeEB6DBdDba0C096d1FAfCb41D60f9A88B\n\nhttps://t.co/XgSirZeIup", "userId": "1313482759491510275", "username": "Achesdub", "isValid": true, "service": "TWITTER", "failedReason": null, "status": null}], "instaSocialVerifs": []}, "profileExists": true, "collectors": [], "createdCount": 0}, "__N_SSG": true}, "page": "/[username]", "query": {"username": "0xcdf660aeeb6dbddba0c096d1fafcb41d60f9a88b"}, "buildId": "fPHzAE9c9nph2AUK0K_6u", "isFallback": false, "dynamicIds": [33196, 55458, 54746], "gsp": true, "scriptLoader": []}