{"props": {"pageProps": {"username": "0xa6155608eda2a924c7f820c2b3c82b24b9e41186", "user": {"userIndex": 81080, "publicKey": "0xa6155608eda2a924c7F820C2B3c82b24b9E41186", "username": "radugadesign", "profileImageUrl": "https://f8n-production.s3.amazonaws.com/creators/profile/fu0pxpn4k-ava-21-png-hn59l5.png", "coverImageUrl": "https://f8n-production.s3.amazonaws.com/creators/profile/l2noyipcl-snap-00000-png-4khbdk.png", "name": "radugadesign", "bio": "We are a team of multidisciplinary professionals, united by the passion for new media. For the past 14 years we've released more than 500 projects and opened representations in Russia, USA and China.", "isApprovedCreator": true, "moderationStatus": "ACTIVE", "joinedWaitlistAt": null, "createdAt": "2021-06-28T11:24:28.298452", "migratedToUser": null, "isApprovedForMigrationAt": null, "firstName": null, "lastName": null, "isAdmin": false, "links": {"tiktok": {"handle": "", "platform": "tiktok"}, "twitch": {"handle": "", "platform": "twitch"}, "discord": {"handle": "", "platform": "discord"}, "twitter": {"handle": "", "platform": "twitter"}, "website": {"handle": "https://radugadesign.com/en/", "platform": "website"}, "youtube": {"handle": "https://www.youtube.com/user/radugadesign", "platform": "youtube"}, "facebook": {"handle": "https://www.facebook.com/radugadesign", "platform": "facebook"}, "snapchat": {"handle": "", "platform": "snapchat"}, "instagram": {"handle": "", "platform": "instagram"}}, "acceptedInvite": {"senderPublicKey": "0xBa113638BC5ee6E44b59A0A37D0A0475fCA04dAb", "redeemerPublicKey": "0xa6155608eda2a924c7F820C2B3c82b24b9E41186", "redeemedAt": "2021-06-28T11:24:36.977"}, "twitSocialVerifs": [], "instaSocialVerifs": [{"id": "48c36602-67d3-441b-b97c-e8ed12211a0b", "user": "0xa6155608eda2a924c7F820C2B3c82b24b9E41186", "createdAt": "2021-06-28T11:45:51.194948", "updatedAt": "2021-06-28T11:45:51.194948", "lastCheckedAt": "2021-06-28T11:45:51.17", "socialVerificationURL": null, "verificationText": null, "userId": "17841400710102908", "username": "radugadesign", "isValid": true, "service": "INSTAGRAM", "failedReason": null, "status": null}]}, "profileExists": true, "collectors": [], "createdCount": 0}, "__N_SSG": true}, "page": "/[username]", "query": {"username": "0xa6155608eda2a924c7f820c2b3c82b24b9e41186"}, "buildId": "fPHzAE9c9nph2AUK0K_6u", "isFallback": false, "dynamicIds": [33196, 55458, 54746], "gsp": true, "scriptLoader": []}