{"props": {"pageProps": {"username": "0x08fa99a691bc8a56328a1cfd95020e4ad9eeece3", "user": {"userIndex": 19042, "publicKey": "0x08fA99A691BC8A56328a1CFd95020E4Ad9eeEce3", "username": "Muse", "profileImageUrl": "https://f8n-production.s3.amazonaws.com/creators/profile/5e8e6dz2a-barkley-png-a8tne6.png", "coverImageUrl": "https://f8n-production.s3.amazonaws.com/creators/profile/ehkzucwbn-blockjam-jpg-aeyx5c.jpg", "name": "Muse", "bio": "Pay attention to your surroundings. Muse is among us.\n\nJoin me as I bring objects to life \u2013 empowering sentience in the material world. Sound and artwork by @VvarrenMusic for muse.eth digital gallery.", "isApprovedCreator": true, "moderationStatus": "ACTIVE", "joinedWaitlistAt": null, "createdAt": "2021-03-18T17:44:06.56162", "migratedToUser": null, "isApprovedForMigrationAt": null, "firstName": null, "lastName": null, "isAdmin": false, "links": {"tiktok": {"handle": "", "platform": "tiktok"}, "twitch": {"handle": "", "platform": "twitch"}, "discord": {"handle": "", "platform": "discord"}, "twitter": {"handle": "muse_surf", "platform": "twitter"}, "website": {"handle": "muse.surf", "platform": "website"}, "youtube": {"handle": "", "platform": "youtube"}, "facebook": {"handle": "", "platform": "facebook"}, "snapchat": {"handle": "", "platform": "snapchat"}, "instagram": {"handle": "muse.surf", "platform": "instagram"}}, "acceptedInvite": {"senderPublicKey": "0x62e5f581Db2d03928E5F318Ec332368Bf1bC7567", "redeemerPublicKey": "0x08fA99A691BC8A56328a1CFd95020E4Ad9eeEce3", "redeemedAt": "2021-03-18T17:44:09.016"}, "twitSocialVerifs": [{"id": "2f2ef435-49a4-4be6-9e27-f0254eb8751d", "user": "0x08fA99A691BC8A56328a1CFd95020E4Ad9eeEce3", "createdAt": "2021-03-18T17:46:45.474273", "updatedAt": "2021-03-18T17:46:49.49303", "lastCheckedAt": "2021-03-18T17:46:49.429", "socialVerificationURL": "https://twitter.com/muse_surf/status/1372605382762188801", "verificationText": "Muse is now on foundation! @withFND \ud83c\udf10\n\n0x08fA99A691BC8A56328a1CFd95020E4Ad9eeEce3\n\nhttps://t.co/s7Et7IGHUo  #NFT\u2026 https://t.co/u9PqR85VSf", "userId": "1350792049373503490", "username": "muse_surf", "isValid": true, "service": "TWITTER", "failedReason": null, "status": null}], "instaSocialVerifs": []}, "profileExists": true, "collectors": [], "createdCount": 0}, "__N_SSG": true}, "page": "/[username]", "query": {"username": "0x08fa99a691bc8a56328a1cfd95020e4ad9eeece3"}, "buildId": "fPHzAE9c9nph2AUK0K_6u", "isFallback": false, "dynamicIds": [33196, 55458, 54746], "gsp": true, "scriptLoader": []}