{"props": {"pageProps": {"username": "0x61743f68711873d4d469ba73734444acd9c43d31", "user": {"userIndex": 32290, "publicKey": "0x61743F68711873d4D469bA73734444ACd9C43D31", "username": "NFT_midos", "profileImageUrl": "https://f8n-production.s3.amazonaws.com/creators/profile/717m08pwc-profil-jpg-sbtqbk.jpg", "coverImageUrl": "https://f8n-production.s3.amazonaws.com/creators/profile/qvak2krp6-hi-jpg-5up9yg.jpg", "name": "Midos", "bio": "This is Dila from \u0130stanbul.\nAn artist who believes that art is a more powerful way of expressing what is on her mind than words.", "isApprovedCreator": true, "moderationStatus": "ACTIVE", "joinedWaitlistAt": "2021-04-17T14:46:06.641", "createdAt": "2021-03-30T18:42:48.26819", "migratedToUser": null, "isApprovedForMigrationAt": null, "firstName": null, "lastName": null, "isAdmin": false, "links": {"tiktok": {"handle": "", "platform": "tiktok"}, "twitch": {"handle": "", "platform": "twitch"}, "discord": {"handle": "", "platform": "discord"}, "twitter": {"handle": "NFT_midos", "platform": "twitter"}, "website": {"handle": "", "platform": "website"}, "youtube": {"handle": "", "platform": "youtube"}, "facebook": {"handle": "", "platform": "facebook"}, "snapchat": {"handle": "", "platform": "snapchat"}, "instagram": {"handle": "nft_midos", "platform": "instagram"}}, "acceptedInvite": {"senderPublicKey": "0x2F27bb864A7823Bd9a24a8cbC5E0da51d9dff8E4", "redeemerPublicKey": "0x61743F68711873d4D469bA73734444ACd9C43D31", "redeemedAt": "2021-04-26T18:08:03.711"}, "twitSocialVerifs": [{"id": "33cb0c5a-03c5-4194-938b-13b1a9821812", "user": "0x61743F68711873d4D469bA73734444ACd9C43D31", "createdAt": "2021-04-17T14:36:27.281282", "updatedAt": "2021-04-17T14:36:32.489567", "lastCheckedAt": "2021-04-17T14:36:32.461", "socialVerificationURL": "https://twitter.com/NFT_midos/status/1383424528936701952", "verificationText": "I\u2019m on @withFND \ud83c\udf10\n\n0x61743F68711873d4D469bA73734444ACd9C43D31\n\nhttps://t.co/LX3QwTk6nY", "userId": "1375837826986741760", "username": "NFT_midos", "isValid": true, "service": "TWITTER", "failedReason": null, "status": null}], "instaSocialVerifs": [{"id": "09711ee5-325f-42ee-89d6-cffb036d3f08", "user": "0x61743F68711873d4D469bA73734444ACd9C43D31", "createdAt": "2021-04-20T11:03:01.925301", "updatedAt": "2021-04-20T11:03:01.925301", "lastCheckedAt": "2021-04-20T11:03:01.923", "socialVerificationURL": null, "verificationText": null, "userId": "17841439870823825", "username": "nft_midos", "isValid": true, "service": "INSTAGRAM", "failedReason": null, "status": null}]}, "profileExists": true, "collectors": [{"userIndex": 3317, "publicKey": "0x0a2542a170aA02B96B588aA3AF8B09AB22a9D7ac", "username": "888", "profileImageUrl": "https://f8n-production.s3.amazonaws.com/creators/profile/lee2riion-screen-shot-2021-02-15-at-11-54-55-pm-png-9bobwf.png", "coverImageUrl": "", "name": "888", "bio": "", "isApprovedCreator": false, "moderationStatus": "ACTIVE", "joinedWaitlistAt": null, "createdAt": "2021-02-22T20:15:15.967795", "migratedToUser": null, "isApprovedForMigrationAt": null, "follows": [], "highestBidAuctions": [{"endsAt": "2021-06-16T04:31:40"}], "highestBidAuctions_aggregate": {"aggregate": {"count": 1}}}, {"userIndex": 74708, "publicKey": "0x59968C2c25FaF934664448F5ce2C022fCE0b9398", "username": "CarlCG", "profileImageUrl": "https://f8n-production.s3.amazonaws.com/creators/profile/b98o1w3mg-internally-yours-02-jpeg-9oe31d.jpeg", "coverImageUrl": "https://f8n-production.s3.amazonaws.com/creators/profile/8n5ekcaxr-2298dfd3f52f3b41b04c11540827fd3a-01-jpeg-cpfmdt.jpeg", "name": "Carl CG", "bio": "3D/CG, freelance design, modeling, animation\n\nConcepts exploring human experience, tech advancement, futurism. Cognitive psych, consciousness. Integration of human, machine, software, AI\nNFT Collector", "isApprovedCreator": true, "moderationStatus": "ACTIVE", "joinedWaitlistAt": null, "createdAt": "2021-06-05T06:08:43.515679", "migratedToUser": null, "isApprovedForMigrationAt": null, "follows": [], "highestBidAuctions": [{"endsAt": "2021-07-10T10:19:09"}], "highestBidAuctions_aggregate": {"aggregate": {"count": 1}}}], "createdCount": 0}, "__N_SSG": true}, "page": "/[username]", "query": {"username": "0x61743f68711873d4d469ba73734444acd9c43d31"}, "buildId": "fPHzAE9c9nph2AUK0K_6u", "isFallback": false, "dynamicIds": [33196, 55458, 54746], "gsp": true, "scriptLoader": []}