{"props": {"pageProps": {"username": "0xc0f4f1c2d294ee2e66520b4a5f49dfb007d1d7c9", "user": {"userIndex": 1614, "publicKey": "0xC0f4f1C2D294ee2E66520B4A5f49dFb007d1d7c9", "username": "dghez", "profileImageUrl": "https://f8n-production.s3.amazonaws.com/creators/profile/e1c3sffrh-teauultpg-ulff9k81g-515d05e2db22-512-jpg-066yim.jpg", "coverImageUrl": "https://f8n-production.s3.amazonaws.com/creators/profile/f3l1oqch6-06679c2e2ae5aee8cf25eedc4bb41b98-jpg-vlq3p5.jpg", "name": "Robert Borghesi", "bio": "Webgl and Shaders enthusiast. \nAll of my pieces are created directly coding real\u2014time in the browser using web\u2014only technologies.", "isApprovedCreator": true, "moderationStatus": "ACTIVE", "joinedWaitlistAt": null, "createdAt": "2021-02-16T23:07:04.380621", "migratedToUser": null, "isApprovedForMigrationAt": null, "firstName": null, "lastName": null, "isAdmin": false, "links": {"tiktok": {"handle": "", "platform": "tiktok"}, "twitch": {"handle": "", "platform": "twitch"}, "discord": {"handle": "dghez #6706", "platform": "discord"}, "twitter": {"handle": "dghez_", "platform": "twitter"}, "website": {"handle": "", "platform": "website"}, "youtube": {"handle": "", "platform": "youtube"}, "facebook": {"handle": "", "platform": "facebook"}, "snapchat": {"handle": "", "platform": "snapchat"}, "instagram": {"handle": "", "platform": "instagram"}}, "acceptedInvite": {"senderPublicKey": "0xd90ec9dc6f220BE43ad88F3eFf78fBD00d8Fd1D6", "redeemerPublicKey": "0xC0f4f1C2D294ee2E66520B4A5f49dFb007d1d7c9", "redeemedAt": "2021-02-16T23:07:12.352"}, "twitSocialVerifs": [{"id": "6b2a7ab2-2020-4fa4-9690-e09d7b3e6a91", "user": "0xC0f4f1C2D294ee2E66520B4A5f49dFb007d1d7c9", "createdAt": "2021-03-24T23:17:39.132198", "updatedAt": "2021-03-24T23:17:40.584619", "lastCheckedAt": "2021-03-24T23:17:40.571", "socialVerificationURL": "https://twitter.com/dghez_/status/1374862968832327691", "verificationText": "\ud83d\udc40\n\nI\u2019m on @withFND \ud83c\udf10\n\n0xC0f4f1C2D294ee2E66520B4A5f49dFb007d1d7c9\n\nhttps://t.co/pZwisfS0tD", "userId": "914752290", "username": "dghez_", "isValid": true, "service": "TWITTER", "failedReason": null, "status": null}], "instaSocialVerifs": []}, "profileExists": true, "collectors": [], "createdCount": 0}, "__N_SSG": true}, "page": "/[username]", "query": {"username": "0xc0f4f1c2d294ee2e66520b4a5f49dfb007d1d7c9"}, "buildId": "fPHzAE9c9nph2AUK0K_6u", "isFallback": false, "dynamicIds": [33196, 55458, 54746], "gsp": true, "scriptLoader": []}