{"props": {"pageProps": {"username": "0x5dce2f5e30071d4f50c72bf3a105f819995150ea", "user": {"userIndex": 68473, "publicKey": "0x5dCE2f5E30071D4F50c72bf3A105F819995150ea", "username": "Juan_E_Jurado", "profileImageUrl": "https://f8n-production.s3.amazonaws.com/creators/profile/r56594etu-headshot-jpg-l8dfdw.jpg", "coverImageUrl": "https://f8n-production.s3.amazonaws.com/creators/profile/va97wuh28-p1230045-jpg-fp2iq3.jpg", "name": "Juan Jurado", "bio": "Juan E. Jurado is a fine art photographer focused on seizing the essence of the divine feminine, the sharp yet delicate contrast that provides beauty and elegance to a land damned by the hand of man.", "isApprovedCreator": true, "moderationStatus": "ACTIVE", "joinedWaitlistAt": "2021-05-18T22:28:26.755", "createdAt": "2021-05-18T15:52:46.086227", "migratedToUser": null, "isApprovedForMigrationAt": null, "firstName": null, "lastName": null, "isAdmin": false, "links": {"tiktok": {"handle": "juan.e.jurado", "platform": "tiktok"}, "twitch": {"handle": "", "platform": "twitch"}, "discord": {"handle": "Juan_E_Jurado#8491", "platform": "discord"}, "twitter": {"handle": "", "platform": "twitter"}, "website": {"handle": "https://www.juanejurado.com/", "platform": "website"}, "youtube": {"handle": "", "platform": "youtube"}, "facebook": {"handle": "", "platform": "facebook"}, "snapchat": {"handle": "", "platform": "snapchat"}, "instagram": {"handle": "", "platform": "instagram"}}, "acceptedInvite": {"senderPublicKey": "0x3668126a3014b402eF8a3f4fa60f7AEE65FE2033", "redeemerPublicKey": "0x5dCE2f5E30071D4F50c72bf3A105F819995150ea", "redeemedAt": "2021-07-02T16:29:48.041"}, "twitSocialVerifs": [{"id": "5e8b19e6-f101-4480-ad04-9f5f9f843cd1", "user": "0x5dCE2f5E30071D4F50c72bf3A105F819995150ea", "createdAt": "2021-05-18T16:18:50.273976", "updatedAt": "2021-05-18T16:19:05.489147", "lastCheckedAt": "2021-05-18T16:19:05.471", "socialVerificationURL": "https://twitter.com/JuanEJurado1/status/1394688850266574856?ref_src=twsrc%5Etfw%7Ctwcamp%5Etweetembed%7Ctwterm%5E1394688850266574856%7Ctwgr%5E%7Ctwcon%5Es1_c10&ref_url=https%3A%2F%2Fpublish.twitter.com%2F%3Fquery%3Dhttps3A2F2Ftwitter.com2FJuanEJurado12Fstatus2F1394688850266574856widget%3DTweet", "verificationText": "I\u2019m on @withFND \ud83c\udf10\n\n0x5dCE2f5E30071D4F50c72bf3A105F819995150ea\n\nhttps://t.co/anvnIxMBqx", "userId": "1389785865354825728", "username": "JuanEJurado1", "isValid": true, "service": "TWITTER", "failedReason": null, "status": null}], "instaSocialVerifs": [{"id": "22c1ef1d-b29a-45d6-8c51-d9ad77081ce6", "user": "0x5dCE2f5E30071D4F50c72bf3A105F819995150ea", "createdAt": "2021-05-18T18:21:59.395341", "updatedAt": "2021-05-18T18:21:59.395341", "lastCheckedAt": "2021-05-18T18:21:59.353", "socialVerificationURL": null, "verificationText": null, "userId": "17841401455093333", "username": "juan_e_jurado", "isValid": true, "service": "INSTAGRAM", "failedReason": null, "status": null}]}, "profileExists": true, "collectors": [], "createdCount": 0}, "__N_SSG": true}, "page": "/[username]", "query": {"username": "0x5dce2f5e30071d4f50c72bf3a105f819995150ea"}, "buildId": "fPHzAE9c9nph2AUK0K_6u", "isFallback": false, "dynamicIds": [33196, 55458, 54746], "gsp": true, "scriptLoader": []}