{"props": {"pageProps": {"username": "0xb6857f34206795f6fa168eaaba9d192c73244155", "user": {"userIndex": 16272, "publicKey": "0xb6857f34206795f6FA168EaABA9d192C73244155", "username": "TimFoxCultlovesyou", "profileImageUrl": "https://f8n-production.s3.amazonaws.com/creators/profile/k1h0hv4rs-style-frame-01-jpg-8c814n.jpg", "coverImageUrl": "https://f8n-production.s3.amazonaws.com/creators/profile/us74dw2sr-escapism-jpg-mm4ih3.jpg", "name": "Tim Fox", "bio": "Director. Creative. Animator. Illustrator. Sometimes all of these things at once.\n\nTim Fox has been creating art for the music industry for over a decade.  Universal, Sony, DefJam, Ministry of Sound.", "isApprovedCreator": true, "moderationStatus": "ACTIVE", "joinedWaitlistAt": null, "createdAt": "2021-03-04T15:39:37.426131", "migratedToUser": null, "isApprovedForMigrationAt": null, "firstName": null, "lastName": null, "isAdmin": false, "links": {"tiktok": {"handle": "", "platform": "tiktok"}, "twitch": {"handle": "", "platform": "twitch"}, "discord": {"handle": "TimFoxCultlovesyou#9410", "platform": "discord"}, "twitter": {"handle": "cultlovesyou", "platform": "twitter"}, "website": {"handle": "www.cultlovesyou.com", "platform": "website"}, "youtube": {"handle": "", "platform": "youtube"}, "facebook": {"handle": "", "platform": "facebook"}, "snapchat": {"handle": "", "platform": "snapchat"}, "instagram": {"handle": "timfoxcultlovesyou", "platform": "instagram"}}, "acceptedInvite": {"senderPublicKey": "0xe1F541dAeE7601ED638765a61f308670CF446D3C", "redeemerPublicKey": "0xb6857f34206795f6FA168EaABA9d192C73244155", "redeemedAt": "2021-03-15T13:36:20.234"}, "twitSocialVerifs": [{"id": "a4d460cf-6dd9-4fa9-a7e1-123df12aa47c", "user": "0xb6857f34206795f6FA168EaABA9d192C73244155", "createdAt": "2021-03-21T23:29:55.992752", "updatedAt": "2021-03-21T23:29:58.07757", "lastCheckedAt": "2021-03-21T23:29:58.052", "socialVerificationURL": "https://twitter.com/cultlovesyou/status/1373778818750636033", "verificationText": "I\u2019m on @withFND \ud83c\udf10\n\n0xb6857f34206795f6FA168EaABA9d192C73244155\n\nhttps://t.co/6BeEKB2CYs", "userId": "573789546", "username": "cultlovesyou", "isValid": true, "service": "TWITTER", "failedReason": null, "status": null}], "instaSocialVerifs": []}, "profileExists": true, "collectors": [{"userIndex": 2478, "publicKey": "0xe1F541dAeE7601ED638765a61f308670CF446D3C", "username": "DanielCrossan", "profileImageUrl": "https://f8n-production.s3.amazonaws.com/creators/profile/ps1hy77pu-crossanheadlogo-jpg-cxpgy0.jpg", "coverImageUrl": "https://f8n-production.s3.amazonaws.com/creators/profile/tk3i5zcqx-bleedingartstylebanner-jpg-gxylwe.jpg", "name": "Daniel Crossan", "bio": "London based Artist and Creator", "isApprovedCreator": true, "moderationStatus": "ACTIVE", "joinedWaitlistAt": null, "createdAt": "2021-02-21T11:54:02.135405", "migratedToUser": null, "isApprovedForMigrationAt": null, "follows": [], "highestBidAuctions": [{"endsAt": "2021-04-03T22:54:32"}], "highestBidAuctions_aggregate": {"aggregate": {"count": 1}}}], "createdCount": 0}, "__N_SSG": true}, "page": "/[username]", "query": {"username": "0xb6857f34206795f6fa168eaaba9d192c73244155"}, "buildId": "fPHzAE9c9nph2AUK0K_6u", "isFallback": false, "dynamicIds": [33196, 55458, 54746], "gsp": true, "scriptLoader": []}