{"props": {"pageProps": {"username": "0x889e9c68e6dfe89d433a4edaad2e028f36bb933e", "user": {"userIndex": 49144, "publicKey": "0x889E9c68e6dfE89D433A4edaAD2e028F36Bb933E", "username": "ramiaboulhosn94", "profileImageUrl": "https://f8n-production.s3.amazonaws.com/creators/profile/83dyc09gd-img-8634-jpg-pko8km.JPG", "coverImageUrl": "https://f8n-production.s3.amazonaws.com/creators/profile/3jksfkoq0-img-6806-1-jpg-z48tyh.JPG", "name": "Rami Aboulhosn", "bio": "Traveling the world is my favorite thing to do because i can experience different cultures of the world and the music and art that comes with it. NFTS allows the world to come right to you. Be Kind", "isApprovedCreator": true, "moderationStatus": "ACTIVE", "joinedWaitlistAt": null, "createdAt": "2021-04-06T14:55:28.880386", "migratedToUser": null, "isApprovedForMigrationAt": null, "firstName": null, "lastName": null, "isAdmin": false, "links": {"tiktok": {"handle": "", "platform": "tiktok"}, "twitch": {"handle": "", "platform": "twitch"}, "discord": {"handle": "", "platform": "discord"}, "twitter": {"handle": "", "platform": "twitter"}, "website": {"handle": "", "platform": "website"}, "youtube": {"handle": "", "platform": "youtube"}, "facebook": {"handle": "", "platform": "facebook"}, "snapchat": {"handle": "", "platform": "snapchat"}, "instagram": {"handle": "https://www.instagram.com/ramiaboulhosn94/", "platform": "instagram"}}, "acceptedInvite": {"senderPublicKey": "0xEC8F24Ec9335147844E86459fD717d31696d4Ce3", "redeemerPublicKey": "0x889E9c68e6dfE89D433A4edaAD2e028F36Bb933E", "redeemedAt": "2021-04-19T00:44:21.528"}, "twitSocialVerifs": [{"id": "d3143a9c-4c01-4802-a783-dbb5a9a4340b", "user": "0x889E9c68e6dfE89D433A4edaAD2e028F36Bb933E", "createdAt": "2021-04-18T01:02:23.361875", "updatedAt": "2021-04-18T01:02:24.555168", "lastCheckedAt": "2021-04-18T01:02:24.521", "socialVerificationURL": "https://twitter.com/ramiaboulhosn94/status/1383586598789410817", "verificationText": "I\u2019m on @withFND \ud83c\udf10\n\n0x889E9c68e6dfE89D433A4edaAD2e028F36Bb933E\n\nhttps://t.co/wevyqJxpI3", "userId": "419951830", "username": "ramiaboulhosn94", "isValid": true, "service": "TWITTER", "failedReason": null, "status": null}], "instaSocialVerifs": [{"id": "50b5da73-6b84-4989-8e88-a99951fcb0b9", "user": "0x889E9c68e6dfE89D433A4edaAD2e028F36Bb933E", "createdAt": "2021-07-12T02:02:32.452417", "updatedAt": "2021-07-12T02:02:32.452417", "lastCheckedAt": "2021-07-12T02:02:32.437", "socialVerificationURL": null, "verificationText": null, "userId": "17841400947910817", "username": "lebanesekid94", "isValid": true, "service": "INSTAGRAM", "failedReason": null, "status": null}]}, "profileExists": true, "collectors": [{"userIndex": 61936, "publicKey": "0x8a536a19A4FeADdE244dDB4FA7Ca8CE23d738083", "username": "sexartrocknroll", "profileImageUrl": "https://f8n-production.s3.amazonaws.com/creators/profile/gu6kysyzo-sexart-jpg-uerzom.jpg", "coverImageUrl": "https://f8n-production.s3.amazonaws.com/creators/profile/m1rkj9qaw-sexart-jpg-0eruc7.jpg", "name": "SexArtRocknRoll", "bio": "A serial inventor. Any industry....Don't tell me it can't be done!", "isApprovedCreator": true, "moderationStatus": "ACTIVE", "joinedWaitlistAt": null, "createdAt": "2021-05-03T14:44:09.630624", "migratedToUser": null, "isApprovedForMigrationAt": null, "follows": [], "highestBidAuctions": [{"endsAt": "2021-05-04T14:49:50"}], "highestBidAuctions_aggregate": {"aggregate": {"count": 1}}}], "createdCount": 0}, "__N_SSG": true}, "page": "/[username]", "query": {"username": "0x889e9c68e6dfe89d433a4edaad2e028f36bb933e"}, "buildId": "fPHzAE9c9nph2AUK0K_6u", "isFallback": false, "dynamicIds": [33196, 55458, 54746], "gsp": true, "scriptLoader": []}