{"props": {"pageProps": {"username": "0x69c3299deac8053a74ca5af13b58430b5c554442", "user": {"userIndex": 53063, "publicKey": "0x69c3299dEAC8053A74CA5af13B58430b5c554442", "username": "Alyss", "profileImageUrl": "https://f8n-production.s3.amazonaws.com/creators/profile/kbum8cjuy-1x1-jpg-e6jx0z.jpg", "coverImageUrl": "https://f8n-production.s3.amazonaws.com/creators/profile/u1brycu79-1500x500-jpg-1jjsb2.jpg", "name": "Alyss Strijks", "bio": "Displaying crystals as clearly and liquidly possible.", "isApprovedCreator": true, "moderationStatus": "ACTIVE", "joinedWaitlistAt": null, "createdAt": "2021-04-22T17:35:26.109895", "migratedToUser": null, "isApprovedForMigrationAt": null, "firstName": null, "lastName": null, "isAdmin": false, "links": {"tiktok": {"handle": "", "platform": "tiktok"}, "twitch": {"handle": "", "platform": "twitch"}, "discord": {"handle": "AlyssStrijks#7969", "platform": "discord"}, "twitter": {"handle": "AlyssStrijks", "platform": "twitter"}, "website": {"handle": "", "platform": "website"}, "youtube": {"handle": "", "platform": "youtube"}, "facebook": {"handle": "", "platform": "facebook"}, "snapchat": {"handle": "", "platform": "snapchat"}, "instagram": {"handle": "AlyssStrijks", "platform": "instagram"}}, "acceptedInvite": {"senderPublicKey": "0xEDD5D0a80724154C3A7EFc0aA65E5266f3627471", "redeemerPublicKey": "0x69c3299dEAC8053A74CA5af13B58430b5c554442", "redeemedAt": "2021-04-22T17:35:29.815"}, "twitSocialVerifs": [{"id": "c0e519f8-54f8-4127-842b-c155ca055388", "user": "0x69c3299dEAC8053A74CA5af13B58430b5c554442", "createdAt": "2021-04-22T18:11:49.548142", "updatedAt": "2021-04-22T18:11:52.423665", "lastCheckedAt": "2021-04-22T18:11:52.375", "socialVerificationURL": "https://twitter.com/AlyssStrijks/status/1385295068827893762", "verificationText": "I\u2019m on @withFND \ud83c\udf10\n\n0x69c3299dEAC8053A74CA5af13B58430b5c554442\n\nhttps://t.co/r12EO4K14z", "userId": "851731708890279937", "username": "AlyssStrijks", "isValid": true, "service": "TWITTER", "failedReason": null, "status": null}], "instaSocialVerifs": [{"id": "29234c5b-208c-4755-b4bc-a693943928c1", "user": "0x69c3299dEAC8053A74CA5af13B58430b5c554442", "createdAt": "2021-04-22T18:13:18.754315", "updatedAt": "2021-04-22T18:13:18.754315", "lastCheckedAt": "2021-04-22T18:13:18.726", "socialVerificationURL": null, "verificationText": null, "userId": "17841426814645076", "username": "alyssstrijks", "isValid": true, "service": "INSTAGRAM", "failedReason": null, "status": null}]}, "profileExists": true, "collectors": [], "createdCount": 0}, "__N_SSG": true}, "page": "/[username]", "query": {"username": "0x69c3299deac8053a74ca5af13b58430b5c554442"}, "buildId": "fPHzAE9c9nph2AUK0K_6u", "isFallback": false, "dynamicIds": [33196, 55458, 54746], "gsp": true, "scriptLoader": []}