{"props": {"pageProps": {"username": "0x707afbb84e1d138ca59e3989cd7b6ebd2454874a", "user": {"userIndex": 30405, "publicKey": "0x707afBb84e1D138ca59E3989CD7b6ebd2454874a", "username": "Akije", "profileImageUrl": "https://f8n-production.s3.amazonaws.com/creators/profile/ijziq0bse-avt-png-29zypx.png", "coverImageUrl": "https://f8n-production.s3.amazonaws.com/creators/profile/wflh481kk-sky2-jpg-jrcdg1.jpg", "name": "Akije", "bio": "Passionate about Japanese culture as a whole, writing and drawing. \n\nPassionn\u00e9 par la culture Japonaise dans son ensemble, l'\u00e9criture et le dessin. \n\n\u30a4\u30e9\u30b9\u30c8\u30ec\u30fc\u30bf\u30fc\u3002\u65e5\u672c\u6587\u5316\u304c\u5927\u597d\u304d\u3067\u3059\u3002", "isApprovedCreator": true, "moderationStatus": "ACTIVE", "joinedWaitlistAt": null, "createdAt": "2021-03-28T16:33:56.175415", "migratedToUser": null, "isApprovedForMigrationAt": null, "firstName": null, "lastName": null, "isAdmin": false, "links": {"tiktok": {"handle": "", "platform": "tiktok"}, "twitch": {"handle": "", "platform": "twitch"}, "discord": {"handle": "", "platform": "discord"}, "twitter": {"handle": "Akije_Hirodi", "platform": "twitter"}, "website": {"handle": "https://opensea.io/accounts/Akije", "platform": "website"}, "youtube": {"handle": "", "platform": "youtube"}, "facebook": {"handle": "Akije.Hirodi", "platform": "facebook"}, "snapchat": {"handle": "", "platform": "snapchat"}, "instagram": {"handle": "Akije_Hirodi", "platform": "instagram"}}, "acceptedInvite": {"senderPublicKey": "0x6a26D8Bb54F99a9f3C2F98f8b05D86e482bfee23", "redeemerPublicKey": "0x707afBb84e1D138ca59E3989CD7b6ebd2454874a", "redeemedAt": "2021-06-03T18:12:26.081"}, "twitSocialVerifs": [{"id": "60701282-3bae-4439-a3d6-d9c50969b55c", "user": "0x707afBb84e1D138ca59E3989CD7b6ebd2454874a", "createdAt": "2021-06-05T14:47:38.447957", "updatedAt": "2021-06-05T14:47:39.333874", "lastCheckedAt": "2021-06-05T14:47:39.32", "socialVerificationURL": "https://twitter.com/Akije_NFT/status/1401188920067559425", "verificationText": "Test : 0x707afBb84e1D138ca59E3989CD7b6ebd2454874a", "userId": "1150420822978416640", "username": "Akije_NFT", "isValid": true, "service": "TWITTER", "failedReason": null, "status": null}], "instaSocialVerifs": [{"id": "cac17cd8-cb3b-4050-a982-ea25cb0519de", "user": "0x707afBb84e1D138ca59E3989CD7b6ebd2454874a", "createdAt": "2021-04-28T09:18:53.218207", "updatedAt": "2021-04-28T09:18:53.218207", "lastCheckedAt": "2021-04-28T09:18:53.216", "socialVerificationURL": null, "verificationText": null, "userId": "17841400181004819", "username": "akije_hirodi", "isValid": true, "service": "INSTAGRAM", "failedReason": null, "status": null}]}, "profileExists": true, "collectors": [{"userIndex": 36008, "publicKey": "0xB618aaCb9DcDc21Ca69D310A6fC04674D293A193", "username": "rwx", "profileImageUrl": "https://f8n-production.s3.amazonaws.com/creators/profile/cny6rni0f-nft-3-png-qmj045.png", "coverImageUrl": "https://f8n-production.s3.amazonaws.com/creators/profile/9cjydk2uw-nft-4-png-o1vgb5.png", "name": "robekworld", "bio": "cool dude. well liked. well, mostly. i mean well.\nhttps://oncyber.io/@rwx\n\npfp: /tonakai\ncover: /0010", "isApprovedCreator": true, "moderationStatus": "ACTIVE", "joinedWaitlistAt": "2021-04-06T17:58:02.216", "createdAt": "2021-04-02T16:00:46.502284", "migratedToUser": null, "isApprovedForMigrationAt": null, "follows": [], "highestBidAuctions": [{"endsAt": "2021-07-22T15:09:35"}], "highestBidAuctions_aggregate": {"aggregate": {"count": 2}}}], "createdCount": 0}, "__N_SSG": true}, "page": "/[username]", "query": {"username": "0x707afbb84e1d138ca59e3989cd7b6ebd2454874a"}, "buildId": "fPHzAE9c9nph2AUK0K_6u", "isFallback": false, "dynamicIds": [33196, 55458, 54746], "gsp": true, "scriptLoader": []}