{"props": {"pageProps": {"username": "0x8c5eeac34dde37c27e7e10acef05c3bdddb5450d", "user": {"userIndex": 79150, "publicKey": "0x8C5eeAc34dDe37c27e7E10acEf05C3bdDDb5450d", "username": "KIMIMUTAMI", "profileImageUrl": "https://f8n-production.s3.amazonaws.com/creators/profile/amncunyk9-39341841-291547674766152-8006713256229994496-n-jpg-y8vft1.jpg", "coverImageUrl": "https://f8n-production.s3.amazonaws.com/creators/profile/tgq7d8ggv-screenshot-1-png-zjh6ig.png", "name": "KIMIMUTAMI", "bio": "Compositor Artist,I hope you enjoy my art as much as I enjoyed making them.", "isApprovedCreator": true, "moderationStatus": "ACTIVE", "joinedWaitlistAt": "2021-07-03T09:01:17.05", "createdAt": "2021-06-18T10:52:35.477016", "migratedToUser": null, "isApprovedForMigrationAt": null, "firstName": null, "lastName": null, "isAdmin": false, "links": {"tiktok": {"handle": "", "platform": "tiktok"}, "twitch": {"handle": "", "platform": "twitch"}, "discord": {"handle": "", "platform": "discord"}, "twitter": {"handle": "", "platform": "twitter"}, "website": {"handle": "https://linktr.ee/KIMIMUTAMI", "platform": "website"}, "youtube": {"handle": "", "platform": "youtube"}, "facebook": {"handle": "", "platform": "facebook"}, "snapchat": {"handle": "", "platform": "snapchat"}, "instagram": {"handle": "", "platform": "instagram"}}, "acceptedInvite": {"senderPublicKey": "0xCfC13AF3AeE314037Ba9E7Ee855c515Dbf20eDf3", "redeemerPublicKey": "0x8C5eeAc34dDe37c27e7E10acEf05C3bdDDb5450d", "redeemedAt": "2021-07-12T19:44:27.703"}, "twitSocialVerifs": [{"id": "99a16e61-c99e-46fa-82b0-8993150521f5", "user": "0x8C5eeAc34dDe37c27e7E10acEf05C3bdDDb5450d", "createdAt": "2021-06-18T11:21:14.3781", "updatedAt": "2021-06-18T11:21:18.818496", "lastCheckedAt": "2021-06-18T11:21:18.81", "socialVerificationURL": "https://twitter.com/kimimutami/status/1405847684657782788", "verificationText": "I\u2019m on @withFND \ud83c\udf10\n\n0x8C5eeAc34dDe37c27e7E10acEf05C3bdDDb5450d\n\nhttps://t.co/ESwHROImnq", "userId": "1405844767108263937", "username": "kimimutami", "isValid": true, "service": "TWITTER", "failedReason": null, "status": null}], "instaSocialVerifs": [{"id": "48a92ba6-cfa2-4f3a-b3ff-34bc7ebf82e2", "user": "0x8C5eeAc34dDe37c27e7E10acEf05C3bdDDb5450d", "createdAt": "2021-06-18T11:23:52.027565", "updatedAt": "2021-06-18T11:23:52.027565", "lastCheckedAt": "2021-06-18T11:23:51.954", "socialVerificationURL": null, "verificationText": null, "userId": "17841408550462151", "username": "kimimutami", "isValid": true, "service": "INSTAGRAM", "failedReason": null, "status": null}]}, "profileExists": true, "collectors": [], "createdCount": 0}, "__N_SSG": true}, "page": "/[username]", "query": {"username": "0x8c5eeac34dde37c27e7e10acef05c3bdddb5450d"}, "buildId": "fPHzAE9c9nph2AUK0K_6u", "isFallback": false, "dynamicIds": [33196, 55458, 54746], "gsp": true, "scriptLoader": []}