{"props": {"pageProps": {"username": "0xb852e74a56be1f8d8a6f3c24c53fd89bfcb969ac", "user": {"userIndex": 4254, "publicKey": "0xB852E74a56be1f8D8A6f3c24C53FD89BFCB969Ac", "username": "loudtenant", "profileImageUrl": "https://f8n-production.s3.amazonaws.com/creators/profile/v8sd82brq-l10-gif-u7pl1u.gif", "coverImageUrl": "https://f8n-production.s3.amazonaws.com/creators/profile/2y7oj19yz-screen-shot-2021-02-27-at-11-25-58-pm-png-phgghv.png", "name": "THE LOUDTENANT", "bio": "", "isApprovedCreator": true, "moderationStatus": "ACTIVE", "joinedWaitlistAt": null, "createdAt": "2021-02-27T05:57:33.805009", "migratedToUser": null, "isApprovedForMigrationAt": null, "firstName": null, "lastName": null, "isAdmin": false, "links": {"tiktok": {"handle": "", "platform": "tiktok"}, "twitch": {"handle": "", "platform": "twitch"}, "discord": {"handle": "", "platform": "discord"}, "twitter": {"handle": "theloudtenant", "platform": "twitter"}, "website": {"handle": "", "platform": "website"}, "youtube": {"handle": "", "platform": "youtube"}, "facebook": {"handle": "", "platform": "facebook"}, "snapchat": {"handle": "", "platform": "snapchat"}, "instagram": {"handle": "loudtenant", "platform": "instagram"}}, "acceptedInvite": {"senderPublicKey": "0x09B306F3afFd4E089d920E62272A924b8f0288b7", "redeemerPublicKey": "0xB852E74a56be1f8D8A6f3c24C53FD89BFCB969Ac", "redeemedAt": "2021-02-27T05:57:37.306"}, "twitSocialVerifs": [], "instaSocialVerifs": []}, "profileExists": true, "collectors": [], "createdCount": 0}, "__N_SSG": true}, "page": "/[username]", "query": {"username": "0xb852e74a56be1f8d8a6f3c24c53fd89bfcb969ac"}, "buildId": "fPHzAE9c9nph2AUK0K_6u", "isFallback": false, "dynamicIds": [33196, 55458, 54746], "gsp": true, "scriptLoader": []}