{"props": {"pageProps": {"username": "0x8b8355c094ef0a32b1aa4f50ed6c427a10eae723", "user": {"userIndex": 6508, "publicKey": "0x8b8355C094EF0a32b1Aa4F50ED6c427A10Eae723", "username": "RimbawanGerilya", "profileImageUrl": "https://f8n-production.s3.amazonaws.com/creators/profile/6h9udha13-rg-icon-02-jpg-vtpp4u.jpg", "coverImageUrl": "https://f8n-production.s3.amazonaws.com/creators/profile/d2d54rlg3-id-02-jpg-pt89bv.jpg", "name": "Rimbawan Gerilya", "bio": "Visual artist. Indonesia, S.E. Asia.\n", "isApprovedCreator": true, "moderationStatus": "ACTIVE", "joinedWaitlistAt": null, "createdAt": "2021-03-01T05:09:32.084782", "migratedToUser": null, "isApprovedForMigrationAt": null, "firstName": null, "lastName": null, "isAdmin": false, "links": {"tiktok": {"handle": "", "platform": "tiktok"}, "twitch": {"handle": "", "platform": "twitch"}, "discord": {"handle": "Rimbawan Gerilya#0316", "platform": "discord"}, "twitter": {"handle": "rimbawangerilya", "platform": "twitter"}, "website": {"handle": "rimbawangerilya.com", "platform": "website"}, "youtube": {"handle": "", "platform": "youtube"}, "facebook": {"handle": "", "platform": "facebook"}, "snapchat": {"handle": "", "platform": "snapchat"}, "instagram": {"handle": "rimbawangerilya", "platform": "instagram"}}, "acceptedInvite": {"senderPublicKey": "0xc4b2C37885DD5a56089fc36357153F87cF78c978", "redeemerPublicKey": "0x8b8355C094EF0a32b1Aa4F50ED6c427A10Eae723", "redeemedAt": "2021-03-11T14:55:12.891"}, "twitSocialVerifs": [{"id": "332a80fc-b37d-4f8f-8e28-3895a98a400b", "user": "0x8b8355C094EF0a32b1Aa4F50ED6c427A10Eae723", "createdAt": "2021-03-11T14:55:57.141549", "updatedAt": "2021-03-11T14:55:59.652227", "lastCheckedAt": "2021-03-11T14:55:59.624", "socialVerificationURL": "https://twitter.com/RIMBAWANGERILYA/status/1370025622685159426", "verificationText": "I\u2019m on @withFND \ud83c\udf10\n\n0x8b8355C094EF0a32b1Aa4F50ED6c427A10Eae723\n\nhttps://t.co/SvCZbDSDbc", "userId": "93973892", "username": "RIMBAWANGERILYA", "isValid": true, "service": "TWITTER", "failedReason": null, "status": null}], "instaSocialVerifs": [{"id": "1f181bdb-3f0f-4eb1-a88c-3f557198966f", "user": "0x8b8355C094EF0a32b1Aa4F50ED6c427A10Eae723", "createdAt": "2021-04-20T20:52:42.606313", "updatedAt": "2021-04-20T20:52:42.606313", "lastCheckedAt": "2021-04-20T20:52:42.598", "socialVerificationURL": null, "verificationText": null, "userId": "17841400244444113", "username": "rimbawangerilya", "isValid": true, "service": "INSTAGRAM", "failedReason": null, "status": null}]}, "profileExists": true, "collectors": [{"userIndex": 6486, "publicKey": "0x37b7458C5f14822BF423965aed077a20269011C5", "username": "xxxxizzy", "profileImageUrl": "https://f8n-production.s3.amazonaws.com/creators/profile/6bdr7kwo1-vp2mp-0v-400x400-jpg-y559wa.jpg", "coverImageUrl": "https://f8n-production.s3.amazonaws.com/creators/profile/qm70r4ngr-1500x500-jpg-k6pp42.jpg", "name": "izzy", "bio": "self-taught CG artist with a background in film from indonesia. now busy making art for the digital realm. one byte at a time.", "isApprovedCreator": true, "moderationStatus": "ACTIVE", "joinedWaitlistAt": null, "createdAt": "2021-03-03T19:31:27.859497", "migratedToUser": null, "isApprovedForMigrationAt": null, "follows": [], "highestBidAuctions": [{"endsAt": "2021-03-28T06:07:23"}], "highestBidAuctions_aggregate": {"aggregate": {"count": 1}}}], "createdCount": 0}, "__N_SSG": true}, "page": "/[username]", "query": {"username": "0x8b8355c094ef0a32b1aa4f50ed6c427a10eae723"}, "buildId": "fPHzAE9c9nph2AUK0K_6u", "isFallback": false, "dynamicIds": [33196, 55458, 54746], "gsp": true, "scriptLoader": []}