{"props": {"pageProps": {"username": "0x9226a5b766676dba0556c65cbca49de22c2a19ae", "user": {"userIndex": 7351, "publicKey": "0x9226A5B766676DBa0556c65cbCa49dE22c2A19ae", "username": "fastandre", "profileImageUrl": "https://f8n-production.s3.amazonaws.com/creators/profile/bgbkgqdel-img-5019-jpeg-wwo1ii.jpeg", "coverImageUrl": "", "name": "Andre ", "bio": "", "isApprovedCreator": false, "moderationStatus": "ACTIVE", "joinedWaitlistAt": null, "createdAt": "2021-03-04T22:15:08.958106", "migratedToUser": null, "isApprovedForMigrationAt": null, "firstName": null, "lastName": null, "isAdmin": false, "links": {"tiktok": {"handle": "", "platform": "tiktok"}, "twitch": {"handle": "", "platform": "twitch"}, "discord": {"handle": "", "platform": "discord"}, "twitter": {"handle": "AndreDeSantt", "platform": "twitter"}, "website": {"handle": "redlion.news/", "platform": "website"}, "youtube": {"handle": "", "platform": "youtube"}, "facebook": {"handle": "", "platform": "facebook"}, "snapchat": {"handle": "", "platform": "snapchat"}, "instagram": {"handle": "", "platform": "instagram"}}, "acceptedInvite": null, "twitSocialVerifs": [], "instaSocialVerifs": []}, "profileExists": true, "collectors": [], "createdCount": 0}, "__N_SSG": true}, "page": "/[username]", "query": {"username": "0x9226a5b766676dba0556c65cbca49de22c2a19ae"}, "buildId": "fPHzAE9c9nph2AUK0K_6u", "isFallback": false, "dynamicIds": [33196, 55458, 54746], "gsp": true, "scriptLoader": []}