{"props": {"pageProps": {"username": "0x76f6b8733b42ee2f847fc77405d90017871e6f1e", "user": {"userIndex": 17983, "publicKey": "0x76F6b8733b42EE2f847fC77405d90017871e6F1E", "username": "abstrahere", "profileImageUrl": "https://f8n-production.s3.amazonaws.com/creators/profile/af6wexv5x-logocreators-02-png-9h6mhx.png", "coverImageUrl": "https://f8n-production.s3.amazonaws.com/creators/profile/q24jpt397-definitivo-1-gif-vpfvmy.gif", "name": "TheCreators", "bio": "Three people, different backgrounds. From Design in Milan to Architecture in Venice. A great friendship and a shared passion led us to found TheCreators.", "isApprovedCreator": true, "moderationStatus": "ACTIVE", "joinedWaitlistAt": null, "createdAt": "2021-03-16T16:49:25.774514", "migratedToUser": null, "isApprovedForMigrationAt": null, "firstName": null, "lastName": null, "isAdmin": false, "links": {"tiktok": {"handle": "", "platform": "tiktok"}, "twitch": {"handle": "", "platform": "twitch"}, "discord": {"handle": "", "platform": "discord"}, "twitter": {"handle": "https://twitter.com/TCAbstrahere", "platform": "twitter"}, "website": {"handle": "", "platform": "website"}, "youtube": {"handle": "", "platform": "youtube"}, "facebook": {"handle": "", "platform": "facebook"}, "snapchat": {"handle": "", "platform": "snapchat"}, "instagram": {"handle": "https://www.instagram.com/abstraheretca/", "platform": "instagram"}}, "acceptedInvite": {"senderPublicKey": "0x3c0e44FD0d5Be6A210EDf9E5022CE1dC278fA85c", "redeemerPublicKey": "0x76F6b8733b42EE2f847fC77405d90017871e6F1E", "redeemedAt": "2021-03-16T16:54:29.941"}, "twitSocialVerifs": [{"id": "546fdc1d-3562-4011-a76e-3529518e5472", "user": "0x76F6b8733b42EE2f847fC77405d90017871e6F1E", "createdAt": "2021-03-24T09:03:16.318091", "updatedAt": "2021-03-24T09:03:20.293321", "lastCheckedAt": "2021-03-24T09:03:20.268", "socialVerificationURL": "https://twitter.com/TCAbstrahere/status/1374647358361849858?s=20", "verificationText": "I\u2019m on @withFND \ud83c\udf10\n\n0x76F6b8733b42EE2f847fC77405d90017871e6F1E\n\nhttps://t.co/QIonuxguBL", "userId": "1374440323301056526", "username": "TCAbstrahere", "isValid": true, "service": "TWITTER", "failedReason": null, "status": null}], "instaSocialVerifs": []}, "profileExists": true, "collectors": [], "createdCount": 0}, "__N_SSG": true}, "page": "/[username]", "query": {"username": "0x76f6b8733b42ee2f847fc77405d90017871e6f1e"}, "buildId": "fPHzAE9c9nph2AUK0K_6u", "isFallback": false, "dynamicIds": [33196, 55458, 54746], "gsp": true, "scriptLoader": []}