{"props": {"pageProps": {"username": "0xcf8d1ecb36325fb4ebdc5075f948c41182579eae", "user": {"userIndex": 13540, "publicKey": "0xCF8d1ECB36325Fb4EBDc5075F948c41182579EaE", "username": "Freya_art", "profileImageUrl": "https://f8n-production.s3.amazonaws.com/creators/profile/ax48itlhw-dsc04775-jpg-0qgbfi.JPG", "coverImageUrl": "https://f8n-production.s3.amazonaws.com/creators/profile/eyfb0go13-screen-shot-2564-03-12-at-22-49-02-png-mlw6z8.png", "name": "Freya Kotchakorn", "bio": "A professional illustrator.\nAn Instructor at Freya courses\n\nBased in Bangkok.", "isApprovedCreator": true, "moderationStatus": "ACTIVE", "joinedWaitlistAt": null, "createdAt": "2021-03-12T15:05:35.449909", "migratedToUser": null, "isApprovedForMigrationAt": null, "firstName": null, "lastName": null, "isAdmin": false, "links": {"tiktok": {"handle": "", "platform": "tiktok"}, "twitch": {"handle": "", "platform": "twitch"}, "discord": {"handle": "", "platform": "discord"}, "twitter": {"handle": "", "platform": "twitter"}, "website": {"handle": "freya.art", "platform": "website"}, "youtube": {"handle": "https://www.youtube.com/channel/UC1ml_I9U0FqJ1egf97vzAsg", "platform": "youtube"}, "facebook": {"handle": "https://www.facebook.com/freya.artss", "platform": "facebook"}, "snapchat": {"handle": "", "platform": "snapchat"}, "instagram": {"handle": "freya.arts", "platform": "instagram"}}, "acceptedInvite": {"senderPublicKey": "0x420FE6199a0612006809DC0830d3F8cC80349088", "redeemerPublicKey": "0xCF8d1ECB36325Fb4EBDc5075F948c41182579EaE", "redeemedAt": "2021-03-13T02:30:03.73"}, "twitSocialVerifs": [], "instaSocialVerifs": []}, "profileExists": true, "collectors": [], "createdCount": 0}, "__N_SSG": true}, "page": "/[username]", "query": {"username": "0xcf8d1ecb36325fb4ebdc5075f948c41182579eae"}, "buildId": "fPHzAE9c9nph2AUK0K_6u", "isFallback": false, "dynamicIds": [33196, 55458, 54746], "gsp": true, "scriptLoader": []}