{"props": {"pageProps": {"username": "0xe2b3a081e26f3646d3a4c70559f393783d2ebfe3", "user": {"userIndex": 13226, "publicKey": "0xe2b3a081e26F3646d3a4C70559f393783D2ebfe3", "username": "lorenzodepa", "profileImageUrl": "https://f8n-production.s3.amazonaws.com/creators/profile/5a476su1v-lorenzo-jpeg-qf1191.jpeg", "coverImageUrl": "https://f8n-production.s3.amazonaws.com/creators/profile/vh1m5fmcj-assenzio-min-png-dwqgin.png", "name": "lorenzo De Pascalis", "bio": "Lorenzo Here!\nCreative for music,AR & XR shows.\nusing NFT's to display more personal projects.\n\n\n\n", "isApprovedCreator": true, "moderationStatus": "ACTIVE", "joinedWaitlistAt": null, "createdAt": "2021-03-09T20:15:19.996103", "migratedToUser": null, "isApprovedForMigrationAt": null, "firstName": null, "lastName": null, "isAdmin": false, "links": {"tiktok": {"handle": "", "platform": "tiktok"}, "twitch": {"handle": "", "platform": "twitch"}, "discord": {"handle": "", "platform": "discord"}, "twitter": {"handle": "", "platform": "twitter"}, "website": {"handle": "www.ombra.world", "platform": "website"}, "youtube": {"handle": "", "platform": "youtube"}, "facebook": {"handle": "", "platform": "facebook"}, "snapchat": {"handle": "", "platform": "snapchat"}, "instagram": {"handle": "lorenzodepa", "platform": "instagram"}}, "acceptedInvite": {"senderPublicKey": "0xfbF9EfC74f0b7bA03497Be13B757fe138Eb0ffa1", "redeemerPublicKey": "0xe2b3a081e26F3646d3a4C70559f393783D2ebfe3", "redeemedAt": "2021-03-12T09:03:07.791"}, "twitSocialVerifs": [{"id": "09537082-4b0f-46d9-9c68-6bc14de3428b", "user": "0xe2b3a081e26F3646d3a4C70559f393783D2ebfe3", "createdAt": "2021-03-12T09:05:29.174126", "updatedAt": "2021-03-12T09:05:30.297972", "lastCheckedAt": "2021-03-12T09:05:30.214", "socialVerificationURL": "https://twitter.com/Lorenzo_Depa/status/1370299875015921669", "verificationText": "I\u2019m on @withFND \ud83c\udf10\n\n0xe2b3a081e26F3646d3a4C70559f393783D2ebfe3\n\nhttps://t.co/O5tqoliZXD", "userId": "989112114", "username": "Lorenzo_Depa", "isValid": true, "service": "TWITTER", "failedReason": null, "status": null}], "instaSocialVerifs": [{"id": "4b2e0ccd-6b1d-4cca-9735-db1a95c73200", "user": "0xe2b3a081e26F3646d3a4C70559f393783D2ebfe3", "createdAt": "2021-07-07T20:29:33.894872", "updatedAt": "2021-07-07T20:29:33.894872", "lastCheckedAt": "2021-07-07T20:29:33.874", "socialVerificationURL": null, "verificationText": null, "userId": "17841401607013166", "username": "lorenzodepa", "isValid": true, "service": "INSTAGRAM", "failedReason": null, "status": null}]}, "profileExists": true, "collectors": [{"userIndex": 15727, "publicKey": "0x22c7dc0a2E424882742CA34d59c011F002aDe1Ef", "username": "Nick_M", "profileImageUrl": "", "coverImageUrl": "", "name": "Nick", "bio": "", "isApprovedCreator": false, "moderationStatus": "ACTIVE", "joinedWaitlistAt": null, "createdAt": "2021-03-14T20:32:54.982109", "migratedToUser": null, "isApprovedForMigrationAt": null, "follows": [], "highestBidAuctions": [{"endsAt": "2021-03-15T16:40:15"}], "highestBidAuctions_aggregate": {"aggregate": {"count": 1}}}], "createdCount": 0}, "__N_SSG": true}, "page": "/[username]", "query": {"username": "0xe2b3a081e26f3646d3a4c70559f393783d2ebfe3"}, "buildId": "fPHzAE9c9nph2AUK0K_6u", "isFallback": false, "dynamicIds": [33196, 55458, 54746], "gsp": true, "scriptLoader": []}