{"props": {"pageProps": {"username": "0x1ade3cb27f25c424c44acd0c1598e6dbaa61d31d", "user": {"userIndex": 41821, "publicKey": "0x1ADE3CB27F25c424c44ACD0C1598E6dBaA61d31D", "username": "luac", "profileImageUrl": "https://f8n-production.s3.amazonaws.com/creators/profile/2ootrl7sr-uovo-2-png-zdp0an.png", "coverImageUrl": "https://f8n-production.s3.amazonaws.com/creators/profile/7f2sgu3y6-cover-gif-ym6ns2.gif", "name": "Luca Gandolfi", "bio": "I have done many art pieces through the years and now i am n\u0335o\u0336t\u0336h\u0336i\u0338n\u0335g\u0335 and v\u0334\u033e\u0352\u034e\u0332\u0354o\u0337\u0314\u0360i\u0336\u030c\u0302\u032c\u0347\u0331d\u0338\u0344\u0315\u033f\u0319 \u0335\u033fw\u0337\u033d\u0348\u0320il\u0338\u033d\u031f\u0325l\u0335\u0341\u0324 e\u0336\u0308\u0314\u0328\u032ba\u0334\u0351\u030f\u030c\u0321\u0323\u0332t\u0337\u033f\u0340\u0323\u032e\u0345 \u0334u\u0335\u033d\u035d\u035d\u0356\u0348s\u0338\u035d\u0300\u0341\u033c\u031f \u0337a\u0338\u0358\u033a\u0354l\u0334\u031b\u035a\u033al\u0336\u0305\u033f\u0329\u0316\n", "isApprovedCreator": true, "moderationStatus": "ACTIVE", "joinedWaitlistAt": "2021-04-09T08:28:44.706", "createdAt": "2021-04-09T07:51:25.176139", "migratedToUser": null, "isApprovedForMigrationAt": null, "firstName": null, "lastName": null, "isAdmin": false, "links": {"tiktok": {"handle": "@luaaaac", "platform": "tiktok"}, "twitch": {"handle": "", "platform": "twitch"}, "discord": {"handle": "Luac#8658", "platform": "discord"}, "twitter": {"handle": "", "platform": "twitter"}, "website": {"handle": "lynkfire.com/Luac", "platform": "website"}, "youtube": {"handle": "", "platform": "youtube"}, "facebook": {"handle": "", "platform": "facebook"}, "snapchat": {"handle": "", "platform": "snapchat"}, "instagram": {"handle": "luac_", "platform": "instagram"}}, "acceptedInvite": {"senderPublicKey": "0xdeE3e4F2FAFc1bc5dd971B2BcC583f9b2D5d5A86", "redeemerPublicKey": "0x1ADE3CB27F25c424c44ACD0C1598E6dBaA61d31D", "redeemedAt": "2021-04-12T14:04:21.946"}, "twitSocialVerifs": [{"id": "d6bf8e01-d03f-43b1-a331-6b5b37616470", "user": "0x1ADE3CB27F25c424c44ACD0C1598E6dBaA61d31D", "createdAt": "2021-04-09T08:26:26.023599", "updatedAt": "2021-04-09T08:26:26.616383", "lastCheckedAt": "2021-04-09T08:26:26.602", "socialVerificationURL": "https://twitter.com/Iosono_luca/status/1380432079209570306?s=20", "verificationText": "I\u2019m on @withFND \ud83c\udf10\n\n0x1ADE3CB27F25c424c44ACD0C1598E6dBaA61d31D\n\nhttps://t.co/gUSesfms9y", "userId": "2755534101", "username": "Lluuaacc", "isValid": true, "service": "TWITTER", "failedReason": null, "status": null}], "instaSocialVerifs": [{"id": "11c683a4-afe6-45e2-aafa-1717d56aad89", "user": "0x1ADE3CB27F25c424c44ACD0C1598E6dBaA61d31D", "createdAt": "2021-04-21T09:30:17.353066", "updatedAt": "2021-04-21T09:30:17.353066", "lastCheckedAt": "2021-04-21T09:30:17.329", "socialVerificationURL": null, "verificationText": null, "userId": "17841401745557940", "username": "luac_", "isValid": true, "service": "INSTAGRAM", "failedReason": null, "status": null}]}, "profileExists": true, "collectors": [], "createdCount": 0}, "__N_SSG": true}, "page": "/[username]", "query": {"username": "0x1ade3cb27f25c424c44acd0c1598e6dbaa61d31d"}, "buildId": "fPHzAE9c9nph2AUK0K_6u", "isFallback": false, "dynamicIds": [33196, 55458, 54746], "gsp": true, "scriptLoader": []}