{"props": {"pageProps": {"username": "0x8f8e01bac9f0480a7a89fd3a876bf031f9fbaaae", "user": {"userIndex": 371, "publicKey": "0x8f8e01bAC9f0480A7A89fD3A876bF031f9FbAaAE", "username": "ryanputnam", "profileImageUrl": "https://f8n-production.s3.amazonaws.com/creators/profile/5escsb4de-riso-me-smallest-jpg-5dsj0a.jpg", "coverImageUrl": "https://f8n-production.s3.amazonaws.com/creators/profile/e54wi3q90-rp-foundation-header-01-png-6cznpk.png", "name": "Ryan Putnam", "bio": "Designer, illustrator, artist", "isApprovedCreator": true, "moderationStatus": "ACTIVE", "joinedWaitlistAt": null, "createdAt": "2021-02-03T15:54:55.926728", "migratedToUser": null, "isApprovedForMigrationAt": null, "firstName": null, "lastName": null, "isAdmin": false, "links": {"tiktok": {"handle": "", "platform": "tiktok"}, "twitch": {"handle": "", "platform": "twitch"}, "discord": {"handle": "", "platform": "discord"}, "twitter": {"handle": "rypearts", "platform": "twitter"}, "website": {"handle": "ryanputn.am", "platform": "website"}, "youtube": {"handle": "", "platform": "youtube"}, "facebook": {"handle": "", "platform": "facebook"}, "snapchat": {"handle": "", "platform": "snapchat"}, "instagram": {"handle": "ryanputnam", "platform": "instagram"}}, "acceptedInvite": null, "twitSocialVerifs": [], "instaSocialVerifs": [{"id": "0114cb1d-b68e-4d4a-967f-a17d9ecb48d2", "user": "0x8f8e01bAC9f0480A7A89fD3A876bF031f9FbAaAE", "createdAt": "2021-05-30T14:26:51.641753", "updatedAt": "2021-05-30T14:26:51.641753", "lastCheckedAt": "2021-05-30T14:26:51.612", "socialVerificationURL": null, "verificationText": null, "userId": "17841400932310003", "username": "ryanputnam", "isValid": true, "service": "INSTAGRAM", "failedReason": null, "status": null}]}, "profileExists": true, "collectors": [{"userIndex": 901, "publicKey": "0x29cBC88A4757893eE72F99a93e1Cd51395aC1132", "username": "rk", "profileImageUrl": "", "coverImageUrl": "", "name": "Rehat Kathuria", "bio": "Artist. He/Him.", "isApprovedCreator": true, "moderationStatus": "ACTIVE", "joinedWaitlistAt": null, "createdAt": "2021-02-07T20:15:14.498491", "migratedToUser": null, "isApprovedForMigrationAt": null, "follows": [], "highestBidAuctions": [{"endsAt": "2021-02-20T17:15:48"}], "highestBidAuctions_aggregate": {"aggregate": {"count": 1}}}, {"userIndex": 381, "publicKey": "0x2aE5f36C77A736f76d61F3eEC06F12CAF2963fD6", "username": "sammdec", "profileImageUrl": "https://f8n-production.s3.amazonaws.com/creators/profile/eb2u405yk-headshot-square-png-i9zyny.png", "coverImageUrl": "https://f8n-production.s3.amazonaws.com/creators/profile/gjqsf7q1x-torus-loop-fnd-banner-png-wn5tae.png", "name": "Sam Mason de Caires", "bio": "Engineer, Creative, maker of Foundation Terminal_", "isApprovedCreator": true, "moderationStatus": "ACTIVE", "joinedWaitlistAt": null, "createdAt": "2021-02-01T20:28:17.438101", "migratedToUser": null, "isApprovedForMigrationAt": null, "follows": [], "highestBidAuctions": [{"endsAt": "2021-02-20T10:51:44"}], "highestBidAuctions_aggregate": {"aggregate": {"count": 1}}}, {"userIndex": null, "publicKey": "0x363C68f64D12C1c0663293362cC4C60D58667958", "username": null, "profileImageUrl": null, "coverImageUrl": null, "name": null, "bio": null, "isApprovedCreator": false, "moderationStatus": "ACTIVE", "joinedWaitlistAt": null, "createdAt": "2021-02-06T18:15:51.247685", "migratedToUser": null, "isApprovedForMigrationAt": null, "follows": [], "highestBidAuctions": [{"endsAt": "2021-03-04T17:19:21"}], "highestBidAuctions_aggregate": {"aggregate": {"count": 2}}}, {"userIndex": 1, "publicKey": "0x9079a0a7e0eBEe7650C8c9Da2b6946e5a5B07C19", "username": "matt", "profileImageUrl": "https://f8n-production.s3.amazonaws.com/creators/profile/4s4ipnopd-yellow-png-r929tv.png", "coverImageUrl": "https://f8n-production.s3.amazonaws.com/creators/profile/krbzgj1cs-blk-png-9gq2pr.png", "name": "\ud835\udd92\ud835\udd86\ud835\udd99\ud835\udd99", "bio": "head of de$ign at Foundation.", "isApprovedCreator": false, "moderationStatus": "ACTIVE", "joinedWaitlistAt": null, "createdAt": "2020-10-08T06:05:37.146004", "migratedToUser": null, "isApprovedForMigrationAt": null, "follows": [], "highestBidAuctions": [{"endsAt": "2021-02-12T03:38:27"}], "highestBidAuctions_aggregate": {"aggregate": {"count": 1}}}, {"userIndex": null, "publicKey": "0x91b51c173a4bDAa1A60e234fC3f705A16D228740", "username": null, "profileImageUrl": null, "coverImageUrl": null, "name": null, "bio": null, "isApprovedCreator": false, "moderationStatus": "ACTIVE", "joinedWaitlistAt": null, "createdAt": "2021-02-20T07:17:56.807741", "migratedToUser": null, "isApprovedForMigrationAt": null, "follows": [], "highestBidAuctions": [{"endsAt": "2021-02-21T18:23:51"}], "highestBidAuctions_aggregate": {"aggregate": {"count": 1}}}, {"userIndex": 52, "publicKey": "0xB630AbD9a5367763B7CBa316e870c4A54064CC9F", "username": "mikegee", "profileImageUrl": "https://f8n-production.s3.amazonaws.com/creators/profile/pgwhucwae-4892-mono-png-ptsxja.png", "coverImageUrl": "https://f8n-production.s3.amazonaws.com/creators/profile/v7cq1bar8-242424-png-uptd36.png", "name": "mikegee", "bio": "", "isApprovedCreator": true, "moderationStatus": "ACTIVE", "joinedWaitlistAt": null, "createdAt": "2021-01-27T05:05:47.319241", "migratedToUser": null, "isApprovedForMigrationAt": null, "follows": [], "highestBidAuctions": [{"endsAt": "2021-02-06T17:58:58"}], "highestBidAuctions_aggregate": {"aggregate": {"count": 2}}}, {"userIndex": 249, "publicKey": "0xBb3F043290841B97b9C92F6Bc001a020D4B33255", "username": "mikey", "profileImageUrl": "https://f8n-production.s3.amazonaws.com/creators/profile/hq33rss64-fix-mikey-jpg-fw8r63.jpg", "coverImageUrl": "", "name": "Mike", "bio": "", "isApprovedCreator": false, "moderationStatus": "ACTIVE", "joinedWaitlistAt": "2021-05-04T08:14:11.916", "createdAt": "2021-02-02T21:03:13.187166", "migratedToUser": null, "isApprovedForMigrationAt": null, "follows": [], "highestBidAuctions": [{"endsAt": "2021-02-12T09:02:06"}], "highestBidAuctions_aggregate": {"aggregate": {"count": 1}}}, {"userIndex": 343, "publicKey": "0xDe270dD37103351Cd45610539648FF9d0B32BB50", "username": "jw", "profileImageUrl": "https://f8n-production.s3.amazonaws.com/creators/profile/2oo1gwyvg-sneakerbirds-02-png-0c9pbg.png", "coverImageUrl": "https://f8n-production.s3.amazonaws.com/creators/profile/ayxtdg1no-fdnbg-png-q2mn90.png", "name": "\ud83d\ude4c jw", "bio": "\ud83e\udde1\u2764\ufe0f\ud83d\udc9c co-creator of Gowalla // \ud83e\udd9c weekend artist // \ud83c\udf92digital collector", "isApprovedCreator": true, "moderationStatus": "ACTIVE", "joinedWaitlistAt": null, "createdAt": "2021-02-03T02:35:41.147191", "migratedToUser": null, "isApprovedForMigrationAt": null, "follows": [], "highestBidAuctions": [{"endsAt": "2021-02-11T23:11:22"}], "highestBidAuctions_aggregate": {"aggregate": {"count": 1}}}], "createdCount": 0}, "__N_SSG": true}, "page": "/[username]", "query": {"username": "0x8f8e01bac9f0480a7a89fd3a876bf031f9fbaaae"}, "buildId": "fPHzAE9c9nph2AUK0K_6u", "isFallback": false, "dynamicIds": [33196, 55458, 54746], "gsp": true, "scriptLoader": []}