{"props": {"pageProps": {"username": "0x2bc2e9a18a00a47b0f65c0e89c9a80e573af549d", "user": {"userIndex": 11364, "publicKey": "0x2BC2e9A18A00A47b0F65C0e89C9A80E573AF549D", "username": "matrickphoto", "profileImageUrl": "https://f8n-production.s3.amazonaws.com/creators/profile/m06t5meq0-mat-x-ray-copy-jpg-fzn6d1.jpg", "coverImageUrl": "https://f8n-production.s3.amazonaws.com/creators/profile/1hwl8jo1g-mr-150228-alohacrab-roaming-0636-jpg-xi8mt9.jpg", "name": "mat", "bio": "P H O T O   T A K E R /\nV I D E O    M A K E R /\nD O G   S C R A T C H E R\n\nCurrently exploring the digital world with an analog mind, optimistic outlook, green sensibility, & a laidback attitude.", "isApprovedCreator": true, "moderationStatus": "ACTIVE", "joinedWaitlistAt": "2021-04-17T16:49:30.484", "createdAt": "2021-03-10T02:00:39.807779", "migratedToUser": null, "isApprovedForMigrationAt": null, "firstName": null, "lastName": null, "isAdmin": false, "links": {"tiktok": {"handle": "", "platform": "tiktok"}, "twitch": {"handle": "", "platform": "twitch"}, "discord": {"handle": "", "platform": "discord"}, "twitter": {"handle": "", "platform": "twitter"}, "website": {"handle": "https://matrickphoto.com/", "platform": "website"}, "youtube": {"handle": "https://www.youtube.com/channel/UC7SSuEaFzUWN3SaP7i49Ohg", "platform": "youtube"}, "facebook": {"handle": "matrickphoto", "platform": "facebook"}, "snapchat": {"handle": "", "platform": "snapchat"}, "instagram": {"handle": "matrickphoto", "platform": "instagram"}}, "acceptedInvite": {"senderPublicKey": "0xbd330355e09D28881BF26efAA0841F021350456b", "redeemerPublicKey": "0x2BC2e9A18A00A47b0F65C0e89C9A80E573AF549D", "redeemedAt": "2021-05-03T16:30:18.008"}, "twitSocialVerifs": [{"id": "2c6efc5e-d06c-4dab-ba55-840b81dee6aa", "user": "0x2BC2e9A18A00A47b0F65C0e89C9A80E573AF549D", "createdAt": "2021-03-10T02:04:37.804125", "updatedAt": "2021-03-10T02:04:40.517663", "lastCheckedAt": "2021-03-10T02:04:40.473", "socialVerificationURL": "https://twitter.com/MatRickPhoto/status/1369469130504507392", "verificationText": "I\u2019m on @withFND \ud83c\udf10\n\n0x2BC2e9A18A00A47b0F65C0e89C9A80E573AF549D\n\nhttps://t.co/V1MWjHJ6Da", "userId": "222243634", "username": "MatRickPhoto", "isValid": true, "service": "TWITTER", "failedReason": null, "status": null}], "instaSocialVerifs": [{"id": "cc135b4c-5b74-4b78-8888-6fc2e717e848", "user": "0x2BC2e9A18A00A47b0F65C0e89C9A80E573AF549D", "createdAt": "2021-05-03T16:39:01.03679", "updatedAt": "2021-05-03T16:39:01.03679", "lastCheckedAt": "2021-05-03T16:39:00.933", "socialVerificationURL": null, "verificationText": null, "userId": "17841401429440052", "username": "matrickphoto", "isValid": true, "service": "INSTAGRAM", "failedReason": null, "status": null}]}, "profileExists": true, "collectors": [], "createdCount": 0}, "__N_SSG": true}, "page": "/[username]", "query": {"username": "0x2bc2e9a18a00a47b0f65c0e89c9a80e573af549d"}, "buildId": "fPHzAE9c9nph2AUK0K_6u", "isFallback": false, "dynamicIds": [33196, 55458, 54746], "gsp": true, "scriptLoader": []}