{"props": {"pageProps": {"username": "0xc6d5c15a33b44efdf601e706a10dd2f2ababde88", "user": {"userIndex": 13837, "publicKey": "0xC6d5C15A33B44EfDf601E706A10DD2F2abABDE88", "username": "sdesiggn", "profileImageUrl": "https://f8n-production.s3.amazonaws.com/creators/profile/h0jujxbkj-photo-2021-05-02-01-15-22-jpg-kpaap4.jpg", "coverImageUrl": "https://f8n-production.s3.amazonaws.com/creators/profile/f9npy2aaf-banner-png-7xjia5.png", "name": "Sdesiggn", "bio": "Hi! Im a graphic designer from Moscow, usually I make a brand style for different corporations, however I spend a lot of time creating many creative projects.", "isApprovedCreator": true, "moderationStatus": "ACTIVE", "joinedWaitlistAt": null, "createdAt": "2021-02-25T10:38:04.898022", "migratedToUser": null, "isApprovedForMigrationAt": null, "firstName": null, "lastName": null, "isAdmin": false, "links": {"tiktok": {"handle": "", "platform": "tiktok"}, "twitch": {"handle": "", "platform": "twitch"}, "discord": {"handle": "", "platform": "discord"}, "twitter": {"handle": "@SShoshaev", "platform": "twitter"}, "website": {"handle": "", "platform": "website"}, "youtube": {"handle": "", "platform": "youtube"}, "facebook": {"handle": "", "platform": "facebook"}, "snapchat": {"handle": "", "platform": "snapchat"}, "instagram": {"handle": "https://www.instagram.com/sdesiggn/", "platform": "instagram"}}, "acceptedInvite": {"senderPublicKey": "0xDdA61C6A7EAE1e0224042Dd81914883a62D0f4d6", "redeemerPublicKey": "0xC6d5C15A33B44EfDf601E706A10DD2F2abABDE88", "redeemedAt": "2021-03-12T20:29:29.542"}, "twitSocialVerifs": [{"id": "ef341590-29c5-49c7-9624-7d635727f130", "user": "0xC6d5C15A33B44EfDf601E706A10DD2F2abABDE88", "createdAt": "2021-04-02T10:47:29.948704", "updatedAt": "2021-04-02T10:47:31.411047", "lastCheckedAt": "2021-04-02T10:47:31.383", "socialVerificationURL": "https://twitter.com/sdesiggn/status/1377935652176736256", "verificationText": "I\u2019m on @withFND \ud83c\udf10\n\n0xC6d5C15A33B44EfDf601E706A10DD2F2abABDE88\n\nhttps://t.co/qPrZaSsSYQ", "userId": "1363829741950795778", "username": "sdesiggn", "isValid": true, "service": "TWITTER", "failedReason": null, "status": null}], "instaSocialVerifs": [{"id": "6e4fb37b-3647-499a-85e3-0add75121332", "user": "0xC6d5C15A33B44EfDf601E706A10DD2F2abABDE88", "createdAt": "2021-04-20T18:04:07.699652", "updatedAt": "2021-04-20T18:04:07.699652", "lastCheckedAt": "2021-04-20T18:04:07.702", "socialVerificationURL": null, "verificationText": null, "userId": "17841404004204359", "username": "sdesiggn", "isValid": true, "service": "INSTAGRAM", "failedReason": null, "status": null}]}, "profileExists": true, "collectors": [{"userIndex": 11911, "publicKey": "0x45Fa9AB78aE37fbB282F8069b49765ECAa04c0e7", "username": "dondiablo", "profileImageUrl": "https://f8n-production.s3.amazonaws.com/creators/profile/m305eyfl7-eenaamloos-2-png-jfs4la.png", "coverImageUrl": "https://f8n-production.s3.amazonaws.com/creators/profile/k4xwum0fo-unreal-engine-demo-super-resolution-2020-06-27-22-49-35-14-jpg-tetski.jpg", "name": "Don Diablo", "bio": "To step inside the mind of Don Diablo is to step inside the future. Creative boundaries with his numerous endeavours across the music, art, fashion and tech realms. ", "isApprovedCreator": true, "moderationStatus": "ACTIVE", "joinedWaitlistAt": null, "createdAt": "2021-03-10T21:47:33.904219", "migratedToUser": null, "isApprovedForMigrationAt": null, "follows": [], "highestBidAuctions": [{"endsAt": "2021-04-27T01:16:00"}], "highestBidAuctions_aggregate": {"aggregate": {"count": 1}}}, {"userIndex": 11541, "publicKey": "0xf79efF7690a4AE15d53cF7b90f8c20E223f2CFa6", "username": "Kstruve", "profileImageUrl": "https://f8n-production.s3.amazonaws.com/creators/profile/bya4degxk-wiucyg0jji4-2-jpg-p65cwl.jpg", "coverImageUrl": "https://f8n-production.s3.amazonaws.com/creators/profile/ep4gk45xq-dsdsd-png-cdu6r8.png", "name": "Kstruve", "bio": "Another NFT collector and motion-designer. \nI don't have much time to make something specifically for the NFT and I don't want to create soulless 3D works. \nSo I will share with you my memories. ", "isApprovedCreator": true, "moderationStatus": "ACTIVE", "joinedWaitlistAt": null, "createdAt": "2021-03-10T10:28:53.244646", "migratedToUser": null, "isApprovedForMigrationAt": null, "follows": [], "highestBidAuctions": [{"endsAt": "2021-04-05T18:00:57"}], "highestBidAuctions_aggregate": {"aggregate": {"count": 1}}}], "createdCount": 0}, "__N_SSG": true}, "page": "/[username]", "query": {"username": "0xc6d5c15a33b44efdf601e706a10dd2f2ababde88"}, "buildId": "fPHzAE9c9nph2AUK0K_6u", "isFallback": false, "dynamicIds": [33196, 55458, 54746], "gsp": true, "scriptLoader": []}