{"props": {"pageProps": {"username": "0xb9e8861c3486efca7cf2b98482d286c9f6f44df7", "user": {"userIndex": 2004, "publicKey": "0xb9E8861c3486Efca7cf2B98482D286C9f6f44Df7", "username": "Mathijs", "profileImageUrl": "https://f8n-production.s3.amazonaws.com/creators/profile/ry5vpaxrq-profile-jpg-q160y6.jpg", "coverImageUrl": "https://f8n-production.s3.amazonaws.com/creators/profile/yzjq7x3a5-banner-jpg-50cgv0.jpg", "name": "Mathijs Vissers", "bio": "Mathijs, like Matisse but with ice.\nMixed media artist from The Netherlands, combining digital and traditional techniques. Interested in the effects of technology on mankind.\n", "isApprovedCreator": true, "moderationStatus": "ACTIVE", "joinedWaitlistAt": null, "createdAt": "2021-02-19T11:20:35.912108", "migratedToUser": null, "isApprovedForMigrationAt": null, "firstName": null, "lastName": null, "isAdmin": false, "links": {"tiktok": {"handle": "", "platform": "tiktok"}, "twitch": {"handle": "mathijsvissers", "platform": "twitch"}, "discord": {"handle": "MathijsVissers#6224", "platform": "discord"}, "twitter": {"handle": "Mathooss", "platform": "twitter"}, "website": {"handle": "www.mathijsvissers.com", "platform": "website"}, "youtube": {"handle": "", "platform": "youtube"}, "facebook": {"handle": "mathijsvissersart", "platform": "facebook"}, "snapchat": {"handle": "", "platform": "snapchat"}, "instagram": {"handle": "mathijs_vissers", "platform": "instagram"}}, "acceptedInvite": {"senderPublicKey": "0xC154962F0d6CE9f0271ec377111A7D58Eb0E2b24", "redeemerPublicKey": "0xb9E8861c3486Efca7cf2B98482D286C9f6f44Df7", "redeemedAt": "2021-02-25T20:58:29.838"}, "twitSocialVerifs": [{"id": "ecd08064-2a31-4e08-b311-d8c19cf8ff13", "user": "0xb9E8861c3486Efca7cf2B98482D286C9f6f44Df7", "createdAt": "2021-03-24T07:57:38.484752", "updatedAt": "2021-03-24T07:57:41.688744", "lastCheckedAt": "2021-03-24T07:57:41.674", "socialVerificationURL": "https://twitter.com/Mathooss/status/1374631429628387328", "verificationText": "I\u2019m on @withFND \ud83c\udf10\n\n0xb9E8861c3486Efca7cf2B98482D286C9f6f44Df7\n\nhttps://t.co/g3EjYF15vd", "userId": "78942265", "username": "Mathooss", "isValid": true, "service": "TWITTER", "failedReason": null, "status": null}], "instaSocialVerifs": []}, "profileExists": true, "collectors": [{"userIndex": 18045, "publicKey": "0x1a6B557c48BC5CC641f66e7834596D384dE2B93D", "username": "martinleen", "profileImageUrl": "https://f8n-production.s3.amazonaws.com/creators/profile/codpixri0-avatarcrypto-png-ptjjwi.png", "coverImageUrl": "https://f8n-production.s3.amazonaws.com/creators/profile/jzsphsomx-nft-png-1xnpq0.png", "name": "", "bio": "", "isApprovedCreator": false, "moderationStatus": "ACTIVE", "joinedWaitlistAt": null, "createdAt": "2021-03-17T11:52:13.830527", "migratedToUser": null, "isApprovedForMigrationAt": null, "follows": [], "highestBidAuctions": [{"endsAt": "2021-03-19T05:05:59"}], "highestBidAuctions_aggregate": {"aggregate": {"count": 1}}}, {"userIndex": 3984, "publicKey": "0x2C9F8CecAE8242654D0Bd744e3b35f5C19ab4066", "username": "Billelis", "profileImageUrl": "https://f8n-production.s3.amazonaws.com/creators/profile/y7pr7db3t-image00007-jpeg-92lhne.jpeg", "coverImageUrl": "https://f8n-production.s3.amazonaws.com/creators/profile/mxjh4ebpr-twitter-banner-png-d3uvnx.png", "name": "Billelis", "bio": "Memento Mori", "isApprovedCreator": true, "moderationStatus": "ACTIVE", "joinedWaitlistAt": null, "createdAt": "2021-02-26T10:03:34.496218", "migratedToUser": null, "isApprovedForMigrationAt": null, "follows": [], "highestBidAuctions": [{"endsAt": "2021-03-09T11:19:25"}], "highestBidAuctions_aggregate": {"aggregate": {"count": 1}}}, {"userIndex": 23764, "publicKey": "0xE8535757Cf5f775015fb870f7b333A5F178295Ed", "username": "Jop", "profileImageUrl": "https://f8n-production.s3.amazonaws.com/creators/profile/2itmahpx3-walletpf3-jpg-l1a7lp.jpg", "coverImageUrl": "https://f8n-production.s3.amazonaws.com/creators/profile/d4c82kgh9-schermafbeelding-2021-05-06-om-17-15-15-png-zkodxt.png", "name": "Jop Kras", "bio": "I'm a graphic designer from The Netherlands\nDreaming of competing in the Tour de France", "isApprovedCreator": true, "moderationStatus": "ACTIVE", "joinedWaitlistAt": "2021-03-23T18:05:06.963", "createdAt": "2021-03-23T17:45:00.126213", "migratedToUser": null, "isApprovedForMigrationAt": null, "follows": [], "highestBidAuctions": [{"endsAt": "2021-03-27T15:37:10"}], "highestBidAuctions_aggregate": {"aggregate": {"count": 1}}}], "createdCount": 0}, "__N_SSG": true}, "page": "/[username]", "query": {"username": "0xb9e8861c3486efca7cf2b98482d286c9f6f44df7"}, "buildId": "fPHzAE9c9nph2AUK0K_6u", "isFallback": false, "dynamicIds": [33196, 55458, 54746], "gsp": true, "scriptLoader": []}