{"props": {"pageProps": {"username": "0x5b0301950d850fcff4fc6a2c0b19382ca3e9646d", "user": {"userIndex": 63764, "publicKey": "0x5b0301950D850fCFf4fC6A2C0B19382cA3E9646D", "username": "shanewarephoto", "profileImageUrl": "https://f8n-production.s3.amazonaws.com/creators/profile/qgekrgkao-12a8831e-68ce-4176-b2e6-419baf804576-1-jpg-bbui88.jpg", "coverImageUrl": "https://f8n-production.s3.amazonaws.com/creators/profile/4qvmuwe1v-milkyway-nostars-edit-jpg-bexgtz.jpg", "name": "Shane Ware", "bio": "I am a travel and landscape photographer based in Austin, Texas.", "isApprovedCreator": true, "moderationStatus": "ACTIVE", "joinedWaitlistAt": null, "createdAt": "2021-05-08T14:03:35.408576", "migratedToUser": null, "isApprovedForMigrationAt": null, "firstName": null, "lastName": null, "isAdmin": false, "links": {"tiktok": {"handle": "", "platform": "tiktok"}, "twitch": {"handle": "", "platform": "twitch"}, "discord": {"handle": "", "platform": "discord"}, "twitter": {"handle": "", "platform": "twitter"}, "website": {"handle": "", "platform": "website"}, "youtube": {"handle": "", "platform": "youtube"}, "facebook": {"handle": "", "platform": "facebook"}, "snapchat": {"handle": "", "platform": "snapchat"}, "instagram": {"handle": "", "platform": "instagram"}}, "acceptedInvite": {"senderPublicKey": "0x1C5762F9899B46c19d4C9B8FBDD38D35856227f3", "redeemerPublicKey": "0x5b0301950D850fCFf4fC6A2C0B19382cA3E9646D", "redeemedAt": "2021-05-08T14:03:39.035"}, "twitSocialVerifs": [{"id": "05a18157-9aff-4794-8761-a49a5bbe0987", "user": "0x5b0301950D850fCFf4fC6A2C0B19382cA3E9646D", "createdAt": "2021-05-08T17:48:20.593244", "updatedAt": "2021-05-08T17:48:25.57216", "lastCheckedAt": "2021-05-08T17:48:25.563", "socialVerificationURL": "https://twitter.com/shanew21/status/1391087553210617860?s=20", "verificationText": "I\u2019m on @withFND \ud83c\udf10\n\n0x5b0301950D850fCFf4fC6A2C0B19382cA3E9646D\n\nhttps://t.co/0rcNK9yz2l", "userId": "90521888", "username": "shanew21", "isValid": true, "service": "TWITTER", "failedReason": null, "status": null}], "instaSocialVerifs": [{"id": "77231903-a4db-434a-9107-1c02259c7d81", "user": "0x5b0301950D850fCFf4fC6A2C0B19382cA3E9646D", "createdAt": "2021-05-08T14:04:59.822156", "updatedAt": "2021-05-08T14:04:59.822156", "lastCheckedAt": "2021-05-08T14:04:59.819", "socialVerificationURL": null, "verificationText": null, "userId": "17841400763830580", "username": "shanewarephoto", "isValid": true, "service": "INSTAGRAM", "failedReason": null, "status": null}]}, "profileExists": true, "collectors": [], "createdCount": 0}, "__N_SSG": true}, "page": "/[username]", "query": {"username": "0x5b0301950d850fcff4fc6a2c0b19382ca3e9646d"}, "buildId": "fPHzAE9c9nph2AUK0K_6u", "isFallback": false, "dynamicIds": [33196, 55458, 54746], "gsp": true, "scriptLoader": []}