{"props": {"pageProps": {"username": "0xaa402e33da2f15636aab30bbcb17b8bf9328d5ce", "user": {"userIndex": 16181, "publicKey": "0xAa402e33Da2f15636AaB30BbCb17b8bF9328D5cE", "username": "patakk", "profileImageUrl": "https://f8n-production.s3.amazonaws.com/creators/profile/el868cle9-about-jpeg-xgvm2g.jpeg", "coverImageUrl": "https://f8n-production.s3.amazonaws.com/creators/profile/23dmp5gaa-sa1-png-sp6ga1.png", "name": "Paolo \u010ceri\u0107", "bio": "born and raised", "isApprovedCreator": true, "moderationStatus": "ACTIVE", "joinedWaitlistAt": null, "createdAt": "2021-03-08T13:43:09.518256", "migratedToUser": null, "isApprovedForMigrationAt": null, "firstName": null, "lastName": null, "isAdmin": false, "links": {"tiktok": {"handle": "", "platform": "tiktok"}, "twitch": {"handle": "", "platform": "twitch"}, "discord": {"handle": "patakk#4532", "platform": "discord"}, "twitter": {"handle": "patakk", "platform": "twitter"}, "website": {"handle": "patakk.com", "platform": "website"}, "youtube": {"handle": "", "platform": "youtube"}, "facebook": {"handle": "", "platform": "facebook"}, "snapchat": {"handle": "", "platform": "snapchat"}, "instagram": {"handle": "patakk", "platform": "instagram"}}, "acceptedInvite": {"senderPublicKey": "0xe3d6Bdfa12257B3a935096537dE9707c47813f77", "redeemerPublicKey": "0xAa402e33Da2f15636AaB30BbCb17b8bF9328D5cE", "redeemedAt": "2021-03-15T10:50:30.173"}, "twitSocialVerifs": [{"id": "57aa9e83-d1bb-4dae-8433-92d5bcc9145b", "user": "0xAa402e33Da2f15636AaB30BbCb17b8bF9328D5cE", "createdAt": "2021-03-15T11:16:21.267811", "updatedAt": "2021-03-15T11:16:23.443852", "lastCheckedAt": "2021-03-15T11:16:23.336", "socialVerificationURL": "https://twitter.com/patakk/status/1371419796546465796", "verificationText": "I\u2019m on @withFND \ud83c\udf10\n\n0xAa402e33Da2f15636AaB30BbCb17b8bF9328D5cE\n\nhttps://t.co/zoAqayrG6K", "userId": "102834552", "username": "patakk", "isValid": true, "service": "TWITTER", "failedReason": null, "status": null}], "instaSocialVerifs": []}, "profileExists": true, "collectors": [{"userIndex": 46050, "publicKey": "0xaBdefC8052f5b3b25D4348bfFeaB067EDEe46367", "username": "kontimei", "profileImageUrl": "https://f8n-production.s3.amazonaws.com/creators/profile/k7fpplzpw-mountains-png-cv1s8j.png", "coverImageUrl": "https://f8n-production.s3.amazonaws.com/creators/profile/mkd16jxk6-mountains-png-4qt1vb.png", "name": "kontimei", "bio": "", "isApprovedCreator": false, "moderationStatus": "ACTIVE", "joinedWaitlistAt": null, "createdAt": "2021-04-13T21:04:32.691209", "migratedToUser": null, "isApprovedForMigrationAt": null, "follows": [], "highestBidAuctions": [{"endsAt": "2021-04-14T21:05:35"}], "highestBidAuctions_aggregate": {"aggregate": {"count": 1}}}], "createdCount": 0}, "__N_SSG": true}, "page": "/[username]", "query": {"username": "0xaa402e33da2f15636aab30bbcb17b8bf9328d5ce"}, "buildId": "fPHzAE9c9nph2AUK0K_6u", "isFallback": false, "dynamicIds": [33196, 55458, 54746], "gsp": true, "scriptLoader": []}