{"props": {"pageProps": {"username": "0x2fb03d2ed19aef9dab78f15fd630035be3543fec", "user": {"userIndex": 59725, "publicKey": "0x2FB03d2eD19aEF9dAb78F15FD630035Be3543FEC", "username": "wawawawin", "profileImageUrl": "https://f8n-production.s3.amazonaws.com/creators/profile/36hii24k8-disdis-jpg-60c3zx.jpg", "coverImageUrl": "https://f8n-production.s3.amazonaws.com/creators/profile/5tgj1pmp7-coverfoundation-5-jpg-bf0ycq.jpg", "name": "wawawawin", "bio": "Hi, I'm wawawawin\nartist/illustrator who love films, music, video games and pop culture.\n\nsometimes paint on paper,\nsometimes paint digitally.\n\nbase in Bangkok, Thailand", "isApprovedCreator": true, "moderationStatus": "ACTIVE", "joinedWaitlistAt": null, "createdAt": "2021-05-02T12:47:04.485755", "migratedToUser": null, "isApprovedForMigrationAt": null, "firstName": null, "lastName": null, "isAdmin": false, "links": {"tiktok": {"handle": "", "platform": "tiktok"}, "twitch": {"handle": "", "platform": "twitch"}, "discord": {"handle": "wawawawin#8371", "platform": "discord"}, "twitter": {"handle": "", "platform": "twitter"}, "website": {"handle": "", "platform": "website"}, "youtube": {"handle": "", "platform": "youtube"}, "facebook": {"handle": "wawawawin", "platform": "facebook"}, "snapchat": {"handle": "", "platform": "snapchat"}, "instagram": {"handle": "", "platform": "instagram"}}, "acceptedInvite": {"senderPublicKey": "0xe745dD13ed52370f1A112003F51b0E513541a657", "redeemerPublicKey": "0x2FB03d2eD19aEF9dAb78F15FD630035Be3543FEC", "redeemedAt": "2021-05-04T04:54:06.131"}, "twitSocialVerifs": [{"id": "abe596c8-9dbd-4cb3-af37-8f74a8576216", "user": "0x2FB03d2eD19aEF9dAb78F15FD630035Be3543FEC", "createdAt": "2021-05-02T14:03:23.587815", "updatedAt": "2021-05-02T14:03:26.279422", "lastCheckedAt": "2021-05-02T14:03:26.245", "socialVerificationURL": "https://twitter.com/wawawawin/status/1388856551037829130?s=20", "verificationText": "I\u2019m on @withFND \ud83c\udf10\n\n0x2FB03d2eD19aEF9dAb78F15FD630035Be3543FEC\n\nhttps://t.co/voY2A1vFvh", "userId": "942345720182448128", "username": "wawawawin", "isValid": true, "service": "TWITTER", "failedReason": null, "status": null}], "instaSocialVerifs": [{"id": "cee3b56d-5da1-42d8-955f-5c628b84c3d6", "user": "0x2FB03d2eD19aEF9dAb78F15FD630035Be3543FEC", "createdAt": "2021-05-02T14:18:47.914094", "updatedAt": "2021-05-02T14:18:47.914094", "lastCheckedAt": "2021-05-02T14:18:47.913", "socialVerificationURL": null, "verificationText": null, "userId": "17841400607492116", "username": "wawawawin", "isValid": true, "service": "INSTAGRAM", "failedReason": null, "status": null}]}, "profileExists": true, "collectors": [{"userIndex": 83753, "publicKey": "0x0F0eAE91990140C560D4156DB4f00c854Dc8F09E", "username": "VincentVanDough", "profileImageUrl": "https://f8n-production.s3.amazonaws.com/creators/profile/z8l5f6hfv-meow-jpeg-ia94r3.jpeg", "coverImageUrl": "https://f8n-production.s3.amazonaws.com/creators/profile/48jyyg7i1-nft-jpeg-t587ot.jpeg", "name": "VincentVanDough", "bio": "Purveyor of shitcoins and fine art  \n\ncontact: mastersplnter@protonmail.com\n\navatar: MEOWSHI by @0xlacroix\n\ncover image: Tri-World by @sahredtoy", "isApprovedCreator": false, "moderationStatus": "ACTIVE", "joinedWaitlistAt": null, "createdAt": "2021-07-06T01:47:27.724556", "migratedToUser": null, "isApprovedForMigrationAt": null, "follows": [], "highestBidAuctions": [{"endsAt": "2021-07-12T18:45:06"}], "highestBidAuctions_aggregate": {"aggregate": {"count": 1}}}, {"userIndex": 71466, "publicKey": "0x116611EBC0498763E2AFcaEBf876cbB14E3Ac163", "username": "qrowhop", "profileImageUrl": "https://f8n-production.s3.amazonaws.com/creators/profile/w53y6m1ml-xj1cfctr-400x400-jpg-a22ikv.jpg", "coverImageUrl": "https://f8n-production.s3.amazonaws.com/creators/profile/a6ioxv66k-c6f3720c0b56619b6f39a539fcf5b0a01297d5ee-jpg-d29vvf.jpg", "name": "Qrow", "bio": "musician, \u25b2\u25cf\u25a0, voice actor | DM on twitter for secondary market inquiries.", "isApprovedCreator": true, "moderationStatus": "ACTIVE", "joinedWaitlistAt": null, "createdAt": "2021-05-27T11:25:30.555528", "migratedToUser": null, "isApprovedForMigrationAt": null, "follows": [], "highestBidAuctions": [{"endsAt": "2021-05-30T08:29:49"}], "highestBidAuctions_aggregate": {"aggregate": {"count": 1}}}, {"userIndex": 67055, "publicKey": "0x762d222Ca6e4B309e1Cd34C1A8EF787c9A3F2D4b", "username": "pangjoonie", "profileImageUrl": "https://f8n-production.s3.amazonaws.com/creators/profile/dd9yw8j1r-screen-shot-2564-05-15-at-10-35-10-pm-png-ooczb8.png", "coverImageUrl": "", "name": "pangjoonie", "bio": "", "isApprovedCreator": false, "moderationStatus": "ACTIVE", "joinedWaitlistAt": null, "createdAt": "2021-05-15T15:13:49.423565", "migratedToUser": null, "isApprovedForMigrationAt": null, "follows": [], "highestBidAuctions": [{"endsAt": "2021-05-17T06:45:28"}], "highestBidAuctions_aggregate": {"aggregate": {"count": 1}}}], "createdCount": 0}, "__N_SSG": true}, "page": "/[username]", "query": {"username": "0x2fb03d2ed19aef9dab78f15fd630035be3543fec"}, "buildId": "fPHzAE9c9nph2AUK0K_6u", "isFallback": false, "dynamicIds": [33196, 55458, 54746], "gsp": true, "scriptLoader": []}