{"props": {"pageProps": {"username": "0x30506e3a382c2397ce95f55e7422db9e7c16d6e8", "user": {"userIndex": 23739, "publicKey": "0x30506E3A382C2397ce95f55e7422db9e7c16D6e8", "username": "yanisberrewaerts", "profileImageUrl": "https://f8n-production.s3.amazonaws.com/creators/profile/ituz4gsh6-eye-4-gif-6ay9n0.gif", "coverImageUrl": "https://f8n-production.s3.amazonaws.com/creators/profile/k146dxijo-testvirus9-0001-png-aydr6c.png", "name": "Yanis Berrewaerts", "bio": "Yanis Berrewaerts\nGraphic designer, motion designer and 3D\u2014Artist from Antwerp, Belgium.\n", "isApprovedCreator": true, "moderationStatus": "ACTIVE", "joinedWaitlistAt": "2021-03-23T18:11:53.629", "createdAt": "2021-03-23T16:09:59.693458", "migratedToUser": null, "isApprovedForMigrationAt": null, "firstName": null, "lastName": null, "isAdmin": false, "links": {"tiktok": {"handle": "", "platform": "tiktok"}, "twitch": {"handle": "", "platform": "twitch"}, "discord": {"handle": "Y7NIS#2120", "platform": "discord"}, "twitter": {"handle": "", "platform": "twitter"}, "website": {"handle": "yanisberrewaerts.be", "platform": "website"}, "youtube": {"handle": "", "platform": "youtube"}, "facebook": {"handle": "yanisberrewaerts", "platform": "facebook"}, "snapchat": {"handle": "", "platform": "snapchat"}, "instagram": {"handle": "yanisberrewaerts", "platform": "instagram"}}, "acceptedInvite": {"senderPublicKey": "0x1e930871E491cBA84670737A31e6Af15c3abc87d", "redeemerPublicKey": "0x30506E3A382C2397ce95f55e7422db9e7c16D6e8", "redeemedAt": "2021-03-25T09:09:58.996"}, "twitSocialVerifs": [{"id": "332d500a-db0d-473d-91cb-644bb5311bc0", "user": "0x30506E3A382C2397ce95f55e7422db9e7c16D6e8", "createdAt": "2021-03-23T17:38:57.157597", "updatedAt": "2021-03-23T17:38:59.671763", "lastCheckedAt": "2021-03-23T17:38:59.662", "socialVerificationURL": "https://twitter.com/YBerrewaerts/status/1374415197817892875", "verificationText": "I\u2019m on @withFND \ud83c\udf10\n\n0x30506E3A382C2397ce95f55e7422db9e7c16D6e8\n\nhttps://t.co/HnLtPgyII6", "userId": "1370355461229252620", "username": "YBerrewaerts", "isValid": true, "service": "TWITTER", "failedReason": null, "status": null}], "instaSocialVerifs": []}, "profileExists": true, "collectors": [], "createdCount": 0}, "__N_SSG": true}, "page": "/[username]", "query": {"username": "0x30506e3a382c2397ce95f55e7422db9e7c16d6e8"}, "buildId": "fPHzAE9c9nph2AUK0K_6u", "isFallback": false, "dynamicIds": [33196, 55458, 54746], "gsp": true, "scriptLoader": []}