{"props": {"pageProps": {"username": "0x8c91deb76359f5bf27342d606311e9738f444780", "user": {"userIndex": 5988, "publicKey": "0x8c91dEB76359F5bF27342D606311E9738f444780", "username": "NoelleWood", "profileImageUrl": "https://f8n-production.s3.amazonaws.com/creators/profile/rerzy6ocl-image-jpg-11z0gi.jpg", "coverImageUrl": "https://f8n-production.s3.amazonaws.com/creators/profile/mny414ha3-cover10-jpg-rzsxlu.jpg", "name": "Noelle Wood", "bio": "Visual artist with a propensity for ethereal, painterly, and haunting self portraits. ", "isApprovedCreator": true, "moderationStatus": "ACTIVE", "joinedWaitlistAt": null, "createdAt": "2021-03-02T21:20:08.740093", "migratedToUser": null, "isApprovedForMigrationAt": null, "firstName": null, "lastName": null, "isAdmin": false, "links": {"tiktok": {"handle": "", "platform": "tiktok"}, "twitch": {"handle": "", "platform": "twitch"}, "discord": {"handle": "", "platform": "discord"}, "twitter": {"handle": "NoelleAnnWood", "platform": "twitter"}, "website": {"handle": "www.mywarriorpose.com", "platform": "website"}, "youtube": {"handle": "", "platform": "youtube"}, "facebook": {"handle": "noellewoodstudio", "platform": "facebook"}, "snapchat": {"handle": "", "platform": "snapchat"}, "instagram": {"handle": "mywarriorpose", "platform": "instagram"}}, "acceptedInvite": {"senderPublicKey": "0x817C1DBaB90635450FD2c05b503de7aDA57dD9FE", "redeemerPublicKey": "0x8c91dEB76359F5bF27342D606311E9738f444780", "redeemedAt": "2021-03-10T23:00:55.829"}, "twitSocialVerifs": [{"id": "ca1bb901-931f-407b-b461-7ca93781e114", "user": "0x8c91dEB76359F5bF27342D606311E9738f444780", "createdAt": "2021-03-12T20:33:45.710324", "updatedAt": "2021-03-12T20:33:49.713122", "lastCheckedAt": "2021-03-12T20:33:49.604", "socialVerificationURL": "https://twitter.com/NoelleAnnWood/status/1370472629845565442", "verificationText": "I\u2019m on @withFND \ud83c\udf10\n\n0x8c91dEB76359F5bF27342D606311E9738f444780\n\nhttps://t.co/1eogTInSOs", "userId": "1367288166512816131", "username": "NoelleAnnWood", "isValid": true, "service": "TWITTER", "failedReason": null, "status": null}], "instaSocialVerifs": []}, "profileExists": true, "collectors": [{"userIndex": 14919, "publicKey": "0xCC75F6166E230CBBE484d534bBB0cC546366DC7D", "username": "MelonMelon", "profileImageUrl": "https://f8n-production.s3.amazonaws.com/creators/profile/6f74urj19-meloncan-copy-jpg-j2cgh3.jpg", "coverImageUrl": "", "name": "MelonMelon", "bio": "", "isApprovedCreator": false, "moderationStatus": "ACTIVE", "joinedWaitlistAt": null, "createdAt": "2021-03-14T01:07:08.778166", "migratedToUser": null, "isApprovedForMigrationAt": null, "follows": [], "highestBidAuctions": [{"endsAt": "2021-03-14T21:47:23"}], "highestBidAuctions_aggregate": {"aggregate": {"count": 1}}}], "createdCount": 0}, "__N_SSG": true}, "page": "/[username]", "query": {"username": "0x8c91deb76359f5bf27342d606311e9738f444780"}, "buildId": "fPHzAE9c9nph2AUK0K_6u", "isFallback": false, "dynamicIds": [33196, 55458, 54746], "gsp": true, "scriptLoader": []}