{"props": {"pageProps": {"username": "0xcaef0b51ac8c6e16165e199bd60055a351de52f9", "user": {"userIndex": 615, "publicKey": "0xCaef0b51aC8C6e16165E199bD60055a351de52F9", "username": "jeremymansford", "profileImageUrl": "https://f8n-production.s3.amazonaws.com/creators/profile/vu88n3c9e-profile-pic4-jpg-qf1a6i.jpg", "coverImageUrl": "https://f8n-production.s3.amazonaws.com/creators/profile/a9rfk4u9l-rck-jpg-uoclmq.jpg", "name": "Jeremy Mansford", "bio": "Director | Artist | Beatmaker of film, video game & music inspired works.", "isApprovedCreator": true, "moderationStatus": "ACTIVE", "joinedWaitlistAt": null, "createdAt": "2021-02-04T19:57:47.507056", "migratedToUser": null, "isApprovedForMigrationAt": null, "firstName": null, "lastName": null, "isAdmin": false, "links": {"tiktok": {"handle": "", "platform": "tiktok"}, "twitch": {"handle": "", "platform": "twitch"}, "discord": {"handle": "", "platform": "discord"}, "twitter": {"handle": "jeremymansford", "platform": "twitter"}, "website": {"handle": "www.jeremymansford.com", "platform": "website"}, "youtube": {"handle": "https://www.youtube.com/channel/UC_4ZNa_M1Aq3Y5cqwrKeuEg", "platform": "youtube"}, "facebook": {"handle": "", "platform": "facebook"}, "snapchat": {"handle": "", "platform": "snapchat"}, "instagram": {"handle": "jeremymansford", "platform": "instagram"}}, "acceptedInvite": {"senderPublicKey": "0xdc81304324FACBD2ad333440A760f8d2A3Df0885", "redeemerPublicKey": "0xCaef0b51aC8C6e16165E199bD60055a351de52F9", "redeemedAt": "2021-02-25T20:36:58.833"}, "twitSocialVerifs": [{"id": "c4b55efc-4d59-4bdc-b60d-f777b32c334d", "user": "0xCaef0b51aC8C6e16165E199bD60055a351de52F9", "createdAt": "2021-03-22T07:30:11.095951", "updatedAt": "2021-03-22T07:30:14.372347", "lastCheckedAt": "2021-03-22T07:30:14.343", "socialVerificationURL": "https://twitter.com/JeremyMansford/status/1373899696255557634?s=20", "verificationText": "I\u2019m on @withFND \ud83c\udf10\n\n0xCaef0b51aC8C6e16165E199bD60055a351de52F9\n\nhttps://t.co/1iGi3AhOS7", "userId": "1566946746", "username": "JeremyMansford", "isValid": true, "service": "TWITTER", "failedReason": null, "status": null}], "instaSocialVerifs": [{"id": "7af3a935-6cfd-421b-ac1f-00d8b867d48e", "user": "0xCaef0b51aC8C6e16165E199bD60055a351de52F9", "createdAt": "2021-04-29T21:25:54.090663", "updatedAt": "2021-04-29T21:25:54.090663", "lastCheckedAt": "2021-04-29T21:25:54.06", "socialVerificationURL": null, "verificationText": null, "userId": "17841401631886347", "username": "jeremymansford", "isValid": true, "service": "INSTAGRAM", "failedReason": null, "status": null}]}, "profileExists": true, "collectors": [{"userIndex": 10517, "publicKey": "0x652ea1ca01769eD819B765D87D84e11890a37716", "username": "ramenforbreakfast", "profileImageUrl": "https://f8n-production.s3.amazonaws.com/creators/profile/qi6djvchg-eezhcwzu4aadtzk-jpg-large-jpg-f10qpw.jpg", "coverImageUrl": "", "name": "ramenforbreakfast", "bio": "", "isApprovedCreator": false, "moderationStatus": "ACTIVE", "joinedWaitlistAt": null, "createdAt": "2021-03-06T04:18:18.785613", "migratedToUser": null, "isApprovedForMigrationAt": null, "follows": [], "highestBidAuctions": [{"endsAt": "2021-03-13T00:53:23"}], "highestBidAuctions_aggregate": {"aggregate": {"count": 1}}}, {"userIndex": 12110, "publicKey": "0xface2126C8DB6F9CdC56c519D0f9D54b57bCd362", "username": "0xface2126", "profileImageUrl": "https://f8n-production.s3.amazonaws.com/creators/profile/spvqfyldy-screen-shot-2021-03-11-at-9-56-32-pm-png-kyh7wh.png", "coverImageUrl": "", "name": "", "bio": "", "isApprovedCreator": false, "moderationStatus": "ACTIVE", "joinedWaitlistAt": null, "createdAt": "2021-03-11T03:14:14.534067", "migratedToUser": null, "isApprovedForMigrationAt": null, "follows": [], "highestBidAuctions": [{"endsAt": "2021-03-12T03:06:57"}], "highestBidAuctions_aggregate": {"aggregate": {"count": 2}}}], "createdCount": 0}, "__N_SSG": true}, "page": "/[username]", "query": {"username": "0xcaef0b51ac8c6e16165e199bd60055a351de52f9"}, "buildId": "fPHzAE9c9nph2AUK0K_6u", "isFallback": false, "dynamicIds": [33196, 55458, 54746], "gsp": true, "scriptLoader": []}