{"props": {"pageProps": {"username": "0xd2ef954d7e1075ac06bf5e95bf30de0d2bf50528", "user": {"userIndex": 15701, "publicKey": "0xd2EF954D7e1075AC06bf5e95bf30De0D2bF50528", "username": "louisv", "profileImageUrl": "https://f8n-production.s3.amazonaws.com/creators/profile/w8tcthldf-sans-titre-2-png-zmc0ow.png", "coverImageUrl": "https://f8n-production.s3.amazonaws.com/creators/profile/4rmxxp2qs-sans-titre-3-png-2urvia.png", "name": "Louis.V", "bio": "Im a student at MoPa \"France\" ", "isApprovedCreator": true, "moderationStatus": "ACTIVE", "joinedWaitlistAt": null, "createdAt": "2021-03-14T20:27:52.313591", "migratedToUser": null, "isApprovedForMigrationAt": null, "firstName": null, "lastName": null, "isAdmin": false, "links": {"tiktok": {"handle": "", "platform": "tiktok"}, "twitch": {"handle": "", "platform": "twitch"}, "discord": {"handle": "", "platform": "discord"}, "twitter": {"handle": "HykoosV", "platform": "twitter"}, "website": {"handle": "", "platform": "website"}, "youtube": {"handle": "", "platform": "youtube"}, "facebook": {"handle": "", "platform": "facebook"}, "snapchat": {"handle": "", "platform": "snapchat"}, "instagram": {"handle": "loui.sv3", "platform": "instagram"}}, "acceptedInvite": {"senderPublicKey": "0x8ae89CB5c27D824Ca561097E19983d1778b00bad", "redeemerPublicKey": "0xd2EF954D7e1075AC06bf5e95bf30De0D2bF50528", "redeemedAt": "2021-03-14T20:28:04.927"}, "twitSocialVerifs": [{"id": "02706736-52da-4c05-b96b-2c5e0a6b62d0", "user": "0xd2EF954D7e1075AC06bf5e95bf30De0D2bF50528", "createdAt": "2021-04-11T11:31:01.800186", "updatedAt": "2021-04-11T11:31:07.145195", "lastCheckedAt": "2021-04-11T11:31:07.09", "socialVerificationURL": "https://twitter.com/HykoosV/status/1381208120970592256", "verificationText": "( it's just to check my account ) \n\n0xd2EF954D7e1075AC06bf5e95bf30De0D2bF50528\n\nhttps://t.co/OZcMzK5XDr", "userId": "741570549529358337", "username": "HykoosV", "isValid": true, "service": "TWITTER", "failedReason": null, "status": null}], "instaSocialVerifs": []}, "profileExists": true, "collectors": [], "createdCount": 0}, "__N_SSG": true}, "page": "/[username]", "query": {"username": "0xd2ef954d7e1075ac06bf5e95bf30de0d2bf50528"}, "buildId": "fPHzAE9c9nph2AUK0K_6u", "isFallback": false, "dynamicIds": [33196, 55458, 54746], "gsp": true, "scriptLoader": []}