{"props": {"pageProps": {"username": "0x6b88ccacf59e2bd4df9481c0c90d89936c9ad021", "user": {"userIndex": 76527, "publicKey": "0x6B88cCAcF59E2BD4Df9481c0c90D89936C9aD021", "username": "PlasticFantastic", "profileImageUrl": "https://f8n-production.s3.amazonaws.com/creators/profile/0wxrn5r9a-profilepic-jpg-3sxqdp.jpg", "coverImageUrl": "https://f8n-production.s3.amazonaws.com/creators/profile/92e1xg1kg-222-cover-jpg-v7moaa.jpg", "name": "Noel Rose", "bio": "I make Psychedelic / Surreal Minecraft Art that you can explore\n", "isApprovedCreator": true, "moderationStatus": "ACTIVE", "joinedWaitlistAt": null, "createdAt": "2021-06-10T13:15:37.529375", "migratedToUser": null, "isApprovedForMigrationAt": null, "firstName": null, "lastName": null, "isAdmin": false, "links": {"tiktok": {"handle": "", "platform": "tiktok"}, "twitch": {"handle": "", "platform": "twitch"}, "discord": {"handle": "PlasticFantastic#9999", "platform": "discord"}, "twitter": {"handle": "", "platform": "twitter"}, "website": {"handle": "https://y.at/\ud83d\udc18\ud83d\udd8d\ufe0f\ud83d\udd2c", "platform": "website"}, "youtube": {"handle": "", "platform": "youtube"}, "facebook": {"handle": "", "platform": "facebook"}, "snapchat": {"handle": "", "platform": "snapchat"}, "instagram": {"handle": "", "platform": "instagram"}}, "acceptedInvite": {"senderPublicKey": "0x23598F73b9fBD281bA5646e59Ad49d04456152aF", "redeemerPublicKey": "0x6B88cCAcF59E2BD4Df9481c0c90D89936C9aD021", "redeemedAt": "2021-06-10T13:52:32.792"}, "twitSocialVerifs": [{"id": "dca9041a-aff5-4a8a-9370-6a1ecd3e26a1", "user": "0x6B88cCAcF59E2BD4Df9481c0c90D89936C9aD021", "createdAt": "2021-06-10T13:30:42.502618", "updatedAt": "2021-06-10T13:30:45.283858", "lastCheckedAt": "2021-06-10T13:30:45.249", "socialVerificationURL": "https://twitter.com/PlasticTasticc/status/1402981512815906827", "verificationText": "I\u2019m on @withFND \ud83c\udf10\n\n0x6B88cCAcF59E2BD4Df9481c0c90D89936C9aD021\n\nhttps://t.co/rHQUFtwpEb", "userId": "2380372220", "username": "PlasticTasticc", "isValid": true, "service": "TWITTER", "failedReason": null, "status": null}], "instaSocialVerifs": [{"id": "ff82237a-5bd3-45ad-b8e9-0432b08a4d76", "user": "0x6B88cCAcF59E2BD4Df9481c0c90D89936C9aD021", "createdAt": "2021-06-10T13:38:07.058056", "updatedAt": "2021-06-10T13:38:07.058056", "lastCheckedAt": "2021-06-10T13:38:07.028", "socialVerificationURL": null, "verificationText": null, "userId": "17841446331874669", "username": "plastictasticc", "isValid": true, "service": "INSTAGRAM", "failedReason": null, "status": null}]}, "profileExists": true, "collectors": [], "createdCount": 0}, "__N_SSG": true}, "page": "/[username]", "query": {"username": "0x6b88ccacf59e2bd4df9481c0c90d89936c9ad021"}, "buildId": "fPHzAE9c9nph2AUK0K_6u", "isFallback": false, "dynamicIds": [33196, 55458, 54746], "gsp": true, "scriptLoader": []}