{"props": {"pageProps": {"username": "0x5d64e414fcb67cf0a5ce8ebcf1725beccb62288e", "user": {"userIndex": 51151, "publicKey": "0x5D64E414fCB67cF0A5ce8EBCF1725bEccb62288e", "username": "MoryMO", "profileImageUrl": "https://f8n-production.s3.amazonaws.com/creators/profile/9l8d14cu1-cait-sith-portrait-jpg-7s0z1t.jpg", "coverImageUrl": "https://f8n-production.s3.amazonaws.com/creators/profile/84s4sjwq8-bleu-season-5-png-inuvxu.png", "name": "Amaury Guccio", "bio": "Living on art and fresh Redbull.", "isApprovedCreator": true, "moderationStatus": "ACTIVE", "joinedWaitlistAt": "2021-04-20T13:54:25.062", "createdAt": "2021-04-20T13:26:42.343347", "migratedToUser": null, "isApprovedForMigrationAt": null, "firstName": null, "lastName": null, "isAdmin": false, "links": {"tiktok": {"handle": "", "platform": "tiktok"}, "twitch": {"handle": "", "platform": "twitch"}, "discord": {"handle": "Yami#6190", "platform": "discord"}, "twitter": {"handle": "", "platform": "twitter"}, "website": {"handle": "", "platform": "website"}, "youtube": {"handle": "", "platform": "youtube"}, "facebook": {"handle": "", "platform": "facebook"}, "snapchat": {"handle": "", "platform": "snapchat"}, "instagram": {"handle": "https://www.instagram.com/mory.g/", "platform": "instagram"}}, "acceptedInvite": {"senderPublicKey": "0xb8cc54B65a8007c90111fF612e8b15875B3552B8", "redeemerPublicKey": "0x5D64E414fCB67cF0A5ce8EBCF1725bEccb62288e", "redeemedAt": "2021-06-23T13:39:47.243"}, "twitSocialVerifs": [{"id": "9607719c-deff-4d38-9a77-25d70b014eb5", "user": "0x5D64E414fCB67cF0A5ce8EBCF1725bEccb62288e", "createdAt": "2021-04-20T13:51:19.05777", "updatedAt": "2021-04-20T13:51:21.333736", "lastCheckedAt": "2021-04-20T13:51:21.289", "socialVerificationURL": "https://twitter.com/xMoryMO/status/1384504883378806785", "verificationText": "I\u2019m on @withFND \ud83c\udf10\n\n0x5D64E414fCB67cF0A5ce8EBCF1725bEccb62288e\n\nhttps://t.co/Zm9oZ04tWh", "userId": "1371616273298300928", "username": "xMoryMO", "isValid": true, "service": "TWITTER", "failedReason": null, "status": null}], "instaSocialVerifs": [{"id": "669b628a-afc6-49cc-8a8f-5dc87e000424", "user": "0x5D64E414fCB67cF0A5ce8EBCF1725bEccb62288e", "createdAt": "2021-04-20T13:51:41.941003", "updatedAt": "2021-04-20T13:51:41.941003", "lastCheckedAt": "2021-04-20T13:51:41.901", "socialVerificationURL": null, "verificationText": null, "userId": "17841401859273729", "username": "mory.g", "isValid": true, "service": "INSTAGRAM", "failedReason": null, "status": null}]}, "profileExists": true, "collectors": [], "createdCount": 0}, "__N_SSG": true}, "page": "/[username]", "query": {"username": "0x5d64e414fcb67cf0a5ce8ebcf1725beccb62288e"}, "buildId": "fPHzAE9c9nph2AUK0K_6u", "isFallback": false, "dynamicIds": [33196, 55458, 54746], "gsp": true, "scriptLoader": []}