{"props": {"pageProps": {"username": "0x944d74f73f639c1035593cd80e6892e132d14166", "user": {"userIndex": 10353, "publicKey": "0x944d74f73F639c1035593Cd80E6892E132D14166", "username": "NVSBLAB", "profileImageUrl": "https://f8n-production.s3.amazonaws.com/creators/profile/dqo5cilxi-nvsblab-logo-1-highres-crop-jpg-fdunt6.jpg", "coverImageUrl": "https://f8n-production.s3.amazonaws.com/creators/profile/xf3ks9xtu-nvsblab-banner-png-iwrw8c.png", "name": "Mark Pe\u00f1acerrada", "bio": "Pronounced: /in-viz-uh-bul lab/\n\nMark Pe\u00f1acerrada is a Graphic Designer and Digital Artist that has worked on projects for global brands, mom and pop shops and everything in between.", "isApprovedCreator": true, "moderationStatus": "ACTIVE", "joinedWaitlistAt": "2021-03-26T03:33:15.88", "createdAt": "2021-03-08T20:07:13.306501", "migratedToUser": null, "isApprovedForMigrationAt": null, "firstName": null, "lastName": null, "isAdmin": false, "links": {"tiktok": {"handle": "", "platform": "tiktok"}, "twitch": {"handle": "", "platform": "twitch"}, "discord": {"handle": "nvsblab#4239", "platform": "discord"}, "twitter": {"handle": "nvsblab", "platform": "twitter"}, "website": {"handle": "https://www.nvsblab.com/", "platform": "website"}, "youtube": {"handle": "", "platform": "youtube"}, "facebook": {"handle": "", "platform": "facebook"}, "snapchat": {"handle": "", "platform": "snapchat"}, "instagram": {"handle": "@mark.penacerrada", "platform": "instagram"}}, "acceptedInvite": {"senderPublicKey": "0x53AAf2B383a0Df5586dE7108BcA0E804e3f3E2EA", "redeemerPublicKey": "0x944d74f73F639c1035593Cd80E6892E132D14166", "redeemedAt": "2021-04-08T20:27:40.33"}, "twitSocialVerifs": [{"id": "cd91ad85-70ba-4e53-a07c-d9e076f7bec3", "user": "0x944d74f73F639c1035593Cd80E6892E132D14166", "createdAt": "2021-03-26T03:32:43.342422", "updatedAt": "2021-03-26T03:32:48.496954", "lastCheckedAt": "2021-03-26T03:32:48.486", "socialVerificationURL": "https://twitter.com/NVSBLAB/status/1375289527959388164?s=20", "verificationText": "Okay, let's do this! \n\nI\u2019m on @withFND \ud83c\udf10\n\n0x944d74f73F639c1035593Cd80E6892E132D14166\n\nhttps://t.co/EsjybRljRL", "userId": "757675253334102016", "username": "NVSBLAB", "isValid": true, "service": "TWITTER", "failedReason": null, "status": null}], "instaSocialVerifs": [{"id": "f3a4b45c-2be9-4344-aa4d-7f7f7d93cf7f", "user": "0x944d74f73F639c1035593Cd80E6892E132D14166", "createdAt": "2021-06-11T16:39:29.75266", "updatedAt": "2021-06-11T16:39:29.75266", "lastCheckedAt": "2021-06-11T16:39:29.73", "socialVerificationURL": null, "verificationText": null, "userId": "17841400309690487", "username": "mark.penacerrada", "isValid": true, "service": "INSTAGRAM", "failedReason": null, "status": null}]}, "profileExists": true, "collectors": [], "createdCount": 0}, "__N_SSG": true}, "page": "/[username]", "query": {"username": "0x944d74f73f639c1035593cd80e6892e132d14166"}, "buildId": "fPHzAE9c9nph2AUK0K_6u", "isFallback": false, "dynamicIds": [33196, 55458, 54746], "gsp": true, "scriptLoader": []}