{"props": {"pageProps": {"username": "0x9cbd8ed5906561f2781ad296b0e91a6dbc0671de", "user": {"userIndex": 36268, "publicKey": "0x9cBD8Ed5906561F2781aD296b0e91a6dbC0671dE", "username": "uporotuh", "profileImageUrl": "https://f8n-production.s3.amazonaws.com/creators/profile/3qgrss18c-59343131-361449481147306-3719105524130643968-n-jpg-10zlju.jpg", "coverImageUrl": "https://f8n-production.s3.amazonaws.com/creators/profile/s1vpxcj9t-header-gif-c3an6e.gif", "name": "uporotuh", "bio": "", "isApprovedCreator": true, "moderationStatus": "ACTIVE", "joinedWaitlistAt": "2021-04-03T12:14:46.531", "createdAt": "2021-04-01T17:29:32.356626", "migratedToUser": null, "isApprovedForMigrationAt": null, "firstName": null, "lastName": null, "isAdmin": false, "links": {"tiktok": {"handle": "", "platform": "tiktok"}, "twitch": {"handle": "", "platform": "twitch"}, "discord": {"handle": "", "platform": "discord"}, "twitter": {"handle": "", "platform": "twitter"}, "website": {"handle": "", "platform": "website"}, "youtube": {"handle": "", "platform": "youtube"}, "facebook": {"handle": "", "platform": "facebook"}, "snapchat": {"handle": "", "platform": "snapchat"}, "instagram": {"handle": "uporotuh", "platform": "instagram"}}, "acceptedInvite": null, "twitSocialVerifs": [{"id": "0fe0162e-2b6b-4546-b13c-affe6f247997", "user": "0x9cBD8Ed5906561F2781aD296b0e91a6dbC0671dE", "createdAt": "2021-04-03T12:14:29.583554", "updatedAt": "2021-04-03T12:14:33.01725", "lastCheckedAt": "2021-04-03T12:14:33.01", "socialVerificationURL": "https://twitter.com/uporotuh/status/1378319965581934594", "verificationText": "I\u2019m on @withFND \ud83c\udf10\n\n0x9cBD8Ed5906561F2781aD296b0e91a6dbC0671dE\n\nhttps://t.co/M2Ly8iZXAv", "userId": "1378075697378394113", "username": "uporotuh", "isValid": true, "service": "TWITTER", "failedReason": null, "status": null}], "instaSocialVerifs": []}, "profileExists": true, "collectors": [], "createdCount": 0}, "__N_SSG": true}, "page": "/[username]", "query": {"username": "0x9cbd8ed5906561f2781ad296b0e91a6dbc0671de"}, "buildId": "fPHzAE9c9nph2AUK0K_6u", "isFallback": false, "dynamicIds": [33196, 55458, 54746], "gsp": true, "scriptLoader": []}