{"props": {"pageProps": {"username": "0x420944b441715e34dd672ae0eb4526a7ad7d1eef", "user": {"userIndex": 79427, "publicKey": "0x420944b441715E34Dd672AE0Eb4526A7AD7d1EEF", "username": "miracleotugo", "profileImageUrl": "https://f8n-production.s3.amazonaws.com/creators/profile/zmknmcmc4-blackposer-png-382he7.png", "coverImageUrl": "https://f8n-production.s3.amazonaws.com/creators/profile/tv865ugjz-d22027f6-b1ae-4138-843a-1da9f12743a7-rwc-0x94x1500x233x1500-jpg-iz0swj.jpg", "name": "Miracle Otugo", "bio": "Viewpoints, Images, Memories and Lost hope- Miracle Otugo is a Lagos-based multidisciplinary artist working with photography, 3D & AR", "isApprovedCreator": true, "moderationStatus": "ACTIVE", "joinedWaitlistAt": null, "createdAt": "2021-06-19T19:01:56.167114", "migratedToUser": null, "isApprovedForMigrationAt": null, "firstName": null, "lastName": null, "isAdmin": false, "links": {"tiktok": {"handle": "", "platform": "tiktok"}, "twitch": {"handle": "", "platform": "twitch"}, "discord": {"handle": "miracleotugo#0960", "platform": "discord"}, "twitter": {"handle": "", "platform": "twitter"}, "website": {"handle": "be.net/miracleotugo", "platform": "website"}, "youtube": {"handle": "", "platform": "youtube"}, "facebook": {"handle": "", "platform": "facebook"}, "snapchat": {"handle": "", "platform": "snapchat"}, "instagram": {"handle": "", "platform": "instagram"}}, "acceptedInvite": {"senderPublicKey": "0x8D3b79Ee106C808c1fcF6972a7862aC66399ff02", "redeemerPublicKey": "0x420944b441715E34Dd672AE0Eb4526A7AD7d1EEF", "redeemedAt": "2021-06-19T19:02:03.529"}, "twitSocialVerifs": [{"id": "eb3f112c-8892-4c2c-a0e3-1ffff61c3277", "user": "0x420944b441715E34Dd672AE0Eb4526A7AD7d1EEF", "createdAt": "2021-06-19T19:09:50.126084", "updatedAt": "2021-06-19T19:09:53.154915", "lastCheckedAt": "2021-06-19T19:09:53.141", "socialVerificationURL": "https://twitter.com/MiracleOtugo/status/1406328295264862208?s=20", "verificationText": "Miracle Otugo is now live on @withFND \ud83c\udf10\n\n0x420944b441715E34Dd672AE0Eb4526A7AD7d1EEF\n\nhttps://t.co/VsX4tZPoot", "userId": "947025816776511488", "username": "MiracleOtugo", "isValid": true, "service": "TWITTER", "failedReason": null, "status": null}], "instaSocialVerifs": [{"id": "c6954122-fbb8-4e1c-9360-8f343240bcae", "user": "0x420944b441715E34Dd672AE0Eb4526A7AD7d1EEF", "createdAt": "2021-06-19T19:12:11.200583", "updatedAt": "2021-06-19T19:12:11.200583", "lastCheckedAt": "2021-06-19T19:12:11.184", "socialVerificationURL": null, "verificationText": null, "userId": "17841402925428118", "username": "miracle.otugo", "isValid": true, "service": "INSTAGRAM", "failedReason": null, "status": null}]}, "profileExists": true, "collectors": [], "createdCount": 0}, "__N_SSG": true}, "page": "/[username]", "query": {"username": "0x420944b441715e34dd672ae0eb4526a7ad7d1eef"}, "buildId": "fPHzAE9c9nph2AUK0K_6u", "isFallback": false, "dynamicIds": [33196, 55458, 54746], "gsp": true, "scriptLoader": []}