{"props": {"pageProps": {"username": "0xc65a8c475471a28af4685f2fc54e7a3b000e7e60", "user": {"userIndex": 49966, "publicKey": "0xC65a8C475471A28af4685f2fc54e7a3b000e7e60", "username": "followmeaway", "profileImageUrl": "https://f8n-production.s3.amazonaws.com/creators/profile/3ci0hd1x1-highlands-jpg-99mxsx.JPG", "coverImageUrl": "https://f8n-production.s3.amazonaws.com/creators/profile/s1l4lhii7-tjdrysdale-fine-art-photography-deadhorse-state-park-2-small-jpg-ouzay7.jpg", "name": "Follow Me Away", "bio": " Terrence (Photographer) and Victoria (Model) approach photography using natural light to create ethereal images that are reminiscent of fairy tales in their world-famous photo series Follow Me Away", "isApprovedCreator": true, "moderationStatus": "ACTIVE", "joinedWaitlistAt": null, "createdAt": "2021-04-19T01:32:59.718092", "migratedToUser": null, "isApprovedForMigrationAt": null, "firstName": null, "lastName": null, "isAdmin": false, "links": {"tiktok": {"handle": "followmeaway", "platform": "tiktok"}, "twitch": {"handle": "", "platform": "twitch"}, "discord": {"handle": "", "platform": "discord"}, "twitter": {"handle": "", "platform": "twitter"}, "website": {"handle": "https://www.tjdrysdale.com/", "platform": "website"}, "youtube": {"handle": "", "platform": "youtube"}, "facebook": {"handle": "https://www.facebook.com/TJDrysdale", "platform": "facebook"}, "snapchat": {"handle": "", "platform": "snapchat"}, "instagram": {"handle": "https://www.instagram.com/followmeaway/", "platform": "instagram"}}, "acceptedInvite": {"senderPublicKey": "0xD880de63feAFbA040DF8245A42B6592Abe6d255e", "redeemerPublicKey": "0xC65a8C475471A28af4685f2fc54e7a3b000e7e60", "redeemedAt": "2021-04-19T01:33:02.545"}, "twitSocialVerifs": [{"id": "d170a713-aa1a-4e41-87ad-9476db8c54a1", "user": "0xC65a8C475471A28af4685f2fc54e7a3b000e7e60", "createdAt": "2021-05-05T18:03:30.190791", "updatedAt": "2021-05-05T18:03:32.455571", "lastCheckedAt": "2021-05-05T18:03:32.446", "socialVerificationURL": "https://twitter.com/Followmeaway_/status/1390004157646528515", "verificationText": "I\u2019m on @withFND \ud83c\udf10\n\n0xC65a8C475471A28af4685f2fc54e7a3b000e7e60\n\nhttps://t.co/xiiL0IL7nn", "userId": "4661829257", "username": "Followmeaway_", "isValid": true, "service": "TWITTER", "failedReason": null, "status": null}], "instaSocialVerifs": [{"id": "6ebec892-8c94-4564-a7f7-44ce7f0a09a4", "user": "0xC65a8C475471A28af4685f2fc54e7a3b000e7e60", "createdAt": "2021-05-05T18:06:27.484295", "updatedAt": "2021-05-05T18:06:27.484295", "lastCheckedAt": "2021-05-05T18:06:27.468", "socialVerificationURL": null, "verificationText": null, "userId": "17841400203639930", "username": "followmeaway", "isValid": true, "service": "INSTAGRAM", "failedReason": null, "status": null}]}, "profileExists": true, "collectors": [{"userIndex": 1563, "publicKey": "0x378BCce7235D53BBc3774BFf8559191F06E6818E", "username": "caktux", "profileImageUrl": "https://f8n-production.s3.amazonaws.com/creators/profile/fallmzs84-baloo-caktux-by-mbsjq-jpg-gc9ch1.jpg", "coverImageUrl": "https://f8n-production.s3.amazonaws.com/creators/profile/cxp6nlcoa-worldeaterswarm-header-jpeg-inep1u.jpeg", "name": "Vince", "bio": "", "isApprovedCreator": false, "moderationStatus": "ACTIVE", "joinedWaitlistAt": null, "createdAt": "2021-02-16T14:09:30.455424", "migratedToUser": null, "isApprovedForMigrationAt": null, "follows": [], "highestBidAuctions": [{"endsAt": "2021-06-07T17:46:46"}], "highestBidAuctions_aggregate": {"aggregate": {"count": 1}}}], "createdCount": 0}, "__N_SSG": true}, "page": "/[username]", "query": {"username": "0xc65a8c475471a28af4685f2fc54e7a3b000e7e60"}, "buildId": "fPHzAE9c9nph2AUK0K_6u", "isFallback": false, "dynamicIds": [33196, 55458, 54746], "gsp": true, "scriptLoader": []}