{"props": {"pageProps": {"username": "0x1ac81c8f7c20d09c391b1a6f82425b5033e40a7e", "user": {"userIndex": 18588, "publicKey": "0x1ac81C8F7C20d09C391B1A6f82425B5033e40a7E", "username": "enjoylife", "profileImageUrl": "https://f8n-production.s3.amazonaws.com/creators/profile/79cspdqcc-golden-chinese-dragon-fucanglong-on-rice-paper-serge-averbukh-jpg-7833f8a52d1fea837e36776c0a09f66f-jpg-yk9btg.jpg", "coverImageUrl": "", "name": "", "bio": "", "isApprovedCreator": false, "moderationStatus": "ACTIVE", "joinedWaitlistAt": null, "createdAt": "2021-03-13T03:03:25.401238", "migratedToUser": null, "isApprovedForMigrationAt": null, "firstName": null, "lastName": null, "isAdmin": false, "links": {"tiktok": {"handle": "", "platform": "tiktok"}, "twitch": {"handle": "", "platform": "twitch"}, "discord": {"handle": "", "platform": "discord"}, "twitter": {"handle": "", "platform": "twitter"}, "website": {"handle": "", "platform": "website"}, "youtube": {"handle": "", "platform": "youtube"}, "facebook": {"handle": "", "platform": "facebook"}, "snapchat": {"handle": "", "platform": "snapchat"}, "instagram": {"handle": "", "platform": "instagram"}}, "acceptedInvite": null, "twitSocialVerifs": [], "instaSocialVerifs": []}, "profileExists": true, "collectors": [], "createdCount": 0}, "__N_SSG": true}, "page": "/[username]", "query": {"username": "0x1ac81c8f7c20d09c391b1a6f82425b5033e40a7e"}, "buildId": "fPHzAE9c9nph2AUK0K_6u", "isFallback": false, "dynamicIds": [33196, 55458, 54746], "gsp": true, "scriptLoader": []}