{"props": {"pageProps": {"username": "0x83c67c1e63304b8250ef974f191d0c5dccc74920", "user": {"userIndex": 12572, "publicKey": "0x83c67c1E63304b8250eF974F191d0C5DCCC74920", "username": "CMV", "profileImageUrl": "https://f8n-production.s3.amazonaws.com/creators/profile/1jrq718a3-av-01-gif-ol25lx.gif", "coverImageUrl": "https://f8n-production.s3.amazonaws.com/creators/profile/wpybngvsm-bg-png-xec33r.png", "name": "Krismo", "bio": "Cristian Meza is a multidisciplinary artist, he has worked 13 years in the commercial industry with digital content and loves to generate 3D content and Motion Graphics.", "isApprovedCreator": true, "moderationStatus": "ACTIVE", "joinedWaitlistAt": null, "createdAt": "2021-03-11T15:39:32.713835", "migratedToUser": null, "isApprovedForMigrationAt": null, "firstName": null, "lastName": null, "isAdmin": false, "links": {"tiktok": {"handle": "", "platform": "tiktok"}, "twitch": {"handle": "", "platform": "twitch"}, "discord": {"handle": "KrisMo#0268", "platform": "discord"}, "twitter": {"handle": "", "platform": "twitter"}, "website": {"handle": "https://www.behance.net/Cris_", "platform": "website"}, "youtube": {"handle": "", "platform": "youtube"}, "facebook": {"handle": "", "platform": "facebook"}, "snapchat": {"handle": "", "platform": "snapchat"}, "instagram": {"handle": "cris_motion", "platform": "instagram"}}, "acceptedInvite": {"senderPublicKey": "0x60e74f22084e28071Bd9bBc72208932Ed80E4C9e", "redeemerPublicKey": "0x83c67c1E63304b8250eF974F191d0C5DCCC74920", "redeemedAt": "2021-03-11T15:39:41.843"}, "twitSocialVerifs": [{"id": "af6f4cd2-e42d-4715-80aa-1b06e9f9d8ec", "user": "0x83c67c1E63304b8250eF974F191d0C5DCCC74920", "createdAt": "2021-03-11T15:46:29.756386", "updatedAt": "2021-03-11T15:46:34.081096", "lastCheckedAt": "2021-03-11T15:46:33.972", "socialVerificationURL": "https://twitter.com/Cris_M84/status/1370038352439869445?s=20", "verificationText": "I\u2019m on @withFND \ud83c\udf10\n\n0x83c67c1E63304b8250eF974F191d0C5DCCC74920\n\nhttps://t.co/F4rhrqMVoi", "userId": "3333605499", "username": "Cris_M84", "isValid": true, "service": "TWITTER", "failedReason": null, "status": null}], "instaSocialVerifs": [{"id": "e9824312-f64d-4a3d-8077-ee7c54a5de63", "user": "0x83c67c1E63304b8250eF974F191d0C5DCCC74920", "createdAt": "2021-05-02T22:00:59.931958", "updatedAt": "2021-05-02T22:00:59.931958", "lastCheckedAt": "2021-05-02T22:00:59.795", "socialVerificationURL": null, "verificationText": null, "userId": "17841434388024683", "username": "cris_motion", "isValid": true, "service": "INSTAGRAM", "failedReason": null, "status": null}]}, "profileExists": true, "collectors": [], "createdCount": 0}, "__N_SSG": true}, "page": "/[username]", "query": {"username": "0x83c67c1e63304b8250ef974f191d0c5dccc74920"}, "buildId": "fPHzAE9c9nph2AUK0K_6u", "isFallback": false, "dynamicIds": [33196, 55458, 54746], "gsp": true, "scriptLoader": []}