{"props": {"pageProps": {"username": "0xcf11040a7cfe3c190169ec51f3e8e3a0130e6770", "user": {"userIndex": 8352, "publicKey": "0xCF11040A7CfE3c190169eC51f3e8e3A0130E6770", "username": "bel", "profileImageUrl": "https://f8n-production.s3.amazonaws.com/creators/profile/pgqm9kxkr-the-foundation-app-profile-jpg-lkgxbs.jpg", "coverImageUrl": "https://f8n-production.s3.amazonaws.com/creators/profile/kk8114r9q-the-foundation-app-cover-02-png-0w69nv.png", "name": "Dani Bel", "bio": "Digital Sculptor & Art Director with more than fifteen years bringing 3D stuff to life -", "isApprovedCreator": true, "moderationStatus": "ACTIVE", "joinedWaitlistAt": null, "createdAt": "2021-03-06T04:10:29.746217", "migratedToUser": null, "isApprovedForMigrationAt": null, "firstName": null, "lastName": null, "isAdmin": false, "links": {"tiktok": {"handle": "", "platform": "tiktok"}, "twitch": {"handle": "", "platform": "twitch"}, "discord": {"handle": "", "platform": "discord"}, "twitter": {"handle": "", "platform": "twitter"}, "website": {"handle": "https://www.cryptoheroescollection.com/", "platform": "website"}, "youtube": {"handle": "https://www.youtube.com/DanielBel/", "platform": "youtube"}, "facebook": {"handle": "https://www.facebook.com/danielmbel", "platform": "facebook"}, "snapchat": {"handle": "", "platform": "snapchat"}, "instagram": {"handle": "daniel._.bel", "platform": "instagram"}}, "acceptedInvite": {"senderPublicKey": "0x41ada8B7793a00C8300476a891CC264391763FFE", "redeemerPublicKey": "0xCF11040A7CfE3c190169eC51f3e8e3A0130E6770", "redeemedAt": "2021-03-06T04:10:34.952"}, "twitSocialVerifs": [{"id": "4d2572e5-522d-4695-bcba-10ef78f39af5", "user": "0xCF11040A7CfE3c190169eC51f3e8e3A0130E6770", "createdAt": "2021-03-12T04:27:35.321225", "updatedAt": "2021-03-12T04:27:38.367971", "lastCheckedAt": "2021-03-12T04:27:37.977", "socialVerificationURL": "https://twitter.com/3d_bel/status/1370229914146893825?s=20", "verificationText": "I\u2019m on @withFND \ud83c\udf10\n\n0xCF11040A7CfE3c190169eC51f3e8e3A0130E6770\n\nhttps://t.co/qgqXFyhItt", "userId": "1368853694415069187", "username": "3d_bel", "isValid": true, "service": "TWITTER", "failedReason": null, "status": null}], "instaSocialVerifs": []}, "profileExists": true, "collectors": [{"userIndex": 3319, "publicKey": "0x1Af26c320F1598A6f447256dD75C3F34d736079f", "username": "el-berlin", "profileImageUrl": "https://f8n-production.s3.amazonaws.com/creators/profile/q0hlvtxbx-berlin-jpg-dp70u5.jpg", "coverImageUrl": "", "name": "", "bio": "", "isApprovedCreator": false, "moderationStatus": "ACTIVE", "joinedWaitlistAt": null, "createdAt": "2021-02-23T07:09:08.807469", "migratedToUser": null, "isApprovedForMigrationAt": null, "follows": [], "highestBidAuctions": [{"endsAt": "2021-03-10T10:07:18"}], "highestBidAuctions_aggregate": {"aggregate": {"count": 1}}}, {"userIndex": 4045, "publicKey": "0xc991fD20ffd2eE620A73EA7DaDD051FE86d39B15", "username": "Spacecowboy", "profileImageUrl": "https://f8n-production.s3.amazonaws.com/creators/profile/h6lk3rsje-spacecowboy-foundation-jpg-30ck6h.jpg", "coverImageUrl": "", "name": "Spacecowboy", "bio": "I am centralized. ", "isApprovedCreator": false, "moderationStatus": "ACTIVE", "joinedWaitlistAt": null, "createdAt": "2021-02-25T06:08:03.152807", "migratedToUser": null, "isApprovedForMigrationAt": null, "follows": [], "highestBidAuctions": [{"endsAt": "2021-03-14T13:45:08"}], "highestBidAuctions_aggregate": {"aggregate": {"count": 1}}}, {"userIndex": 18274, "publicKey": "0xE0A0AC581F3c585F70c73c5120EaC8B2582A6820", "username": "f3lix", "profileImageUrl": "", "coverImageUrl": "", "name": "", "bio": "", "isApprovedCreator": false, "moderationStatus": "ACTIVE", "joinedWaitlistAt": null, "createdAt": "2021-03-13T13:00:40.749492", "migratedToUser": null, "isApprovedForMigrationAt": null, "follows": [], "highestBidAuctions": [{"endsAt": "2021-03-17T18:12:52"}], "highestBidAuctions_aggregate": {"aggregate": {"count": 1}}}], "createdCount": 0}, "__N_SSG": true}, "page": "/[username]", "query": {"username": "0xcf11040a7cfe3c190169ec51f3e8e3a0130e6770"}, "buildId": "fPHzAE9c9nph2AUK0K_6u", "isFallback": false, "dynamicIds": [33196, 55458, 54746], "gsp": true, "scriptLoader": []}