{"props": {"pageProps": {"username": "0x47746ae0d828e340d2256d0f5fdc6890645ad64f", "user": {"userIndex": 9264, "publicKey": "0x47746AE0d828E340d2256D0f5fDC6890645Ad64F", "username": "D01_v2", "profileImageUrl": "https://f8n-production.s3.amazonaws.com/creators/profile/s7t3cztae-photo-2021-03-16-16-50-23-jpg-ce63sq.jpg", "coverImageUrl": "", "name": "~ Dam\u0390an\u00f8", "bio": "Founder of #ItalianCryptoClub, #TALK & #BipRadio.", "isApprovedCreator": false, "moderationStatus": "ACTIVE", "joinedWaitlistAt": null, "createdAt": "2021-03-07T17:13:54.934764", "migratedToUser": null, "isApprovedForMigrationAt": null, "firstName": null, "lastName": null, "isAdmin": false, "links": {"tiktok": {"handle": "", "platform": "tiktok"}, "twitch": {"handle": "", "platform": "twitch"}, "discord": {"handle": "", "platform": "discord"}, "twitter": {"handle": "D01_official", "platform": "twitter"}, "website": {"handle": "", "platform": "website"}, "youtube": {"handle": "", "platform": "youtube"}, "facebook": {"handle": "", "platform": "facebook"}, "snapchat": {"handle": "", "platform": "snapchat"}, "instagram": {"handle": "", "platform": "instagram"}}, "acceptedInvite": null, "twitSocialVerifs": [{"id": "83c4a5d6-1373-4c8b-87b9-4b9050946090", "user": "0x47746AE0d828E340d2256D0f5fDC6890645Ad64F", "createdAt": "2021-05-09T13:19:14.861252", "updatedAt": "2021-05-09T13:19:17.838136", "lastCheckedAt": "2021-05-09T13:19:17.826", "socialVerificationURL": "https://twitter.com/D01_official/status/1391382202907299840", "verificationText": "I\u2019m on @withFND \ud83c\udf10\n\n0x47746AE0d828E340d2256D0f5fDC6890645Ad64F\n\nhttps://t.co/iCgqQ2B36O", "userId": "2851803674", "username": "D01_official", "isValid": true, "service": "TWITTER", "failedReason": null, "status": null}], "instaSocialVerifs": []}, "profileExists": true, "collectors": [], "createdCount": 0}, "__N_SSG": true}, "page": "/[username]", "query": {"username": "0x47746ae0d828e340d2256d0f5fdc6890645ad64f"}, "buildId": "fPHzAE9c9nph2AUK0K_6u", "isFallback": false, "dynamicIds": [33196, 55458, 54746], "gsp": true, "scriptLoader": []}