{"props": {"pageProps": {"username": "0xcde6db6117adb8c3427f0ca11c643fe53f2e6bae", "user": {"userIndex": 39682, "publicKey": "0xCDE6DB6117adb8c3427F0ca11c643fE53f2E6bAE", "username": "shashaskylar", "profileImageUrl": "https://f8n-production.s3.amazonaws.com/creators/profile/ko9o27pe7-alligator-square-etsy-listing-jpg-a1y2s5.jpg", "coverImageUrl": "https://f8n-production.s3.amazonaws.com/creators/profile/t2itfq7x0-carosel-crop-jpg-vexxty.jpg", "name": "Skylar White", "bio": "Illustrator in NYC. Typically I am a children's book illustrator, and I want to use this space for any kind of art I want to make! I hope you like what you see! \nThank you for stopping by.", "isApprovedCreator": true, "moderationStatus": "ACTIVE", "joinedWaitlistAt": null, "createdAt": "2021-04-06T23:24:16.652055", "migratedToUser": null, "isApprovedForMigrationAt": null, "firstName": null, "lastName": null, "isAdmin": false, "links": {"tiktok": {"handle": "", "platform": "tiktok"}, "twitch": {"handle": "", "platform": "twitch"}, "discord": {"handle": "", "platform": "discord"}, "twitter": {"handle": "", "platform": "twitter"}, "website": {"handle": "https://www.skylar-white.com/", "platform": "website"}, "youtube": {"handle": "", "platform": "youtube"}, "facebook": {"handle": "", "platform": "facebook"}, "snapchat": {"handle": "", "platform": "snapchat"}, "instagram": {"handle": "https://www.instagram.com/", "platform": "instagram"}}, "acceptedInvite": {"senderPublicKey": "0x75e4d2CD3e6652226808D2750DEbeaF2023E5dE1", "redeemerPublicKey": "0xCDE6DB6117adb8c3427F0ca11c643fE53f2E6bAE", "redeemedAt": "2021-04-06T23:24:26.48"}, "twitSocialVerifs": [{"id": "40716a84-95cd-4c39-b9e3-cd20ca3fcbc9", "user": "0xCDE6DB6117adb8c3427F0ca11c643fE53f2E6bAE", "createdAt": "2021-04-07T20:56:31.682089", "updatedAt": "2021-04-07T20:56:36.905171", "lastCheckedAt": "2021-04-07T20:56:36.865", "socialVerificationURL": "https://twitter.com/SkylarW83067054/status/1379900766324989959", "verificationText": "I\u2019m on @withFND \ud83c\udf10\n\n0xCDE6DB6117adb8c3427F0ca11c643fE53f2E6bAE\n\nhttps://t.co/q6vSPzQQkY", "userId": "1320459272124354560", "username": "SkylarW83067054", "isValid": true, "service": "TWITTER", "failedReason": null, "status": null}], "instaSocialVerifs": []}, "profileExists": true, "collectors": [], "createdCount": 0}, "__N_SSG": true}, "page": "/[username]", "query": {"username": "0xcde6db6117adb8c3427f0ca11c643fe53f2e6bae"}, "buildId": "fPHzAE9c9nph2AUK0K_6u", "isFallback": false, "dynamicIds": [33196, 55458, 54746], "gsp": true, "scriptLoader": []}