{"props": {"pageProps": {"username": "0x4ffc98e5b460809bd73a4f6b4591a04db3c6dc95", "user": {"userIndex": 43325, "publicKey": "0x4fFC98E5b460809Bd73a4f6B4591A04db3C6Dc95", "username": "b0rch", "profileImageUrl": "https://f8n-production.s3.amazonaws.com/creators/profile/291qqsbpp-profile-pic-png-a13okx.png", "coverImageUrl": "https://f8n-production.s3.amazonaws.com/creators/profile/ncanj2y1g-material-gradient-gif-85wfmg.gif", "name": "b0rch", "bio": "Visualize my mind\n\n22 years. Half Spanish ,Half Italian. Based in Madrid.\n\n", "isApprovedCreator": true, "moderationStatus": "ACTIVE", "joinedWaitlistAt": "2021-04-11T18:04:53.937", "createdAt": "2021-04-07T13:31:10.229983", "migratedToUser": null, "isApprovedForMigrationAt": null, "firstName": null, "lastName": null, "isAdmin": false, "links": {"tiktok": {"handle": "", "platform": "tiktok"}, "twitch": {"handle": "", "platform": "twitch"}, "discord": {"handle": "Borchius#0600", "platform": "discord"}, "twitter": {"handle": "", "platform": "twitter"}, "website": {"handle": "", "platform": "website"}, "youtube": {"handle": "", "platform": "youtube"}, "facebook": {"handle": "", "platform": "facebook"}, "snapchat": {"handle": "", "platform": "snapchat"}, "instagram": {"handle": "b0rch", "platform": "instagram"}}, "acceptedInvite": {"senderPublicKey": "0x5B81319Adb0CC0B053cE74c36B9088B8E969612B", "redeemerPublicKey": "0x4fFC98E5b460809Bd73a4f6B4591A04db3C6Dc95", "redeemedAt": "2021-04-14T19:04:37.538"}, "twitSocialVerifs": [{"id": "b9ecc6ce-4228-4cf9-be13-f8f8d7486a3f", "user": "0x4fFC98E5b460809Bd73a4f6B4591A04db3C6Dc95", "createdAt": "2021-04-11T18:04:38.68943", "updatedAt": "2021-04-11T18:04:43.410225", "lastCheckedAt": "2021-04-11T18:04:43.404", "socialVerificationURL": "https://twitter.com/b0rchh/status/1381307190879879169", "verificationText": "I\u2019m on @withFND \ud83c\udf10\n\n0x4fFC98E5b460809Bd73a4f6B4591A04db3C6Dc95\n\nhttps://t.co/pGvHPMIywv", "userId": "4167227494", "username": "b0rchh", "isValid": true, "service": "TWITTER", "failedReason": null, "status": null}], "instaSocialVerifs": [{"id": "f6d4c4da-007b-4800-ac14-5b0bdc980ba7", "user": "0x4fFC98E5b460809Bd73a4f6B4591A04db3C6Dc95", "createdAt": "2021-04-21T22:08:25.832457", "updatedAt": "2021-04-21T22:08:25.832457", "lastCheckedAt": "2021-04-21T22:08:25.787", "socialVerificationURL": null, "verificationText": null, "userId": "17841408752397709", "username": "b0rch", "isValid": true, "service": "INSTAGRAM", "failedReason": null, "status": null}]}, "profileExists": true, "collectors": [{"userIndex": 82608, "publicKey": "0x745C605491F7d6Aae49E392d0846A8ea7a3EA8C6", "username": "Blasi", "profileImageUrl": "https://f8n-production.s3.amazonaws.com/creators/profile/hhs0tbrmo-blasi-jpg-ocb0s3.jpg", "coverImageUrl": "", "name": "Blasi", "bio": "Basic Logic Art Sensitive Imagination", "isApprovedCreator": false, "moderationStatus": "ACTIVE", "joinedWaitlistAt": null, "createdAt": "2021-07-05T16:14:48.148124", "migratedToUser": null, "isApprovedForMigrationAt": null, "follows": [], "highestBidAuctions": [{"endsAt": "2021-07-06T16:55:25"}], "highestBidAuctions_aggregate": {"aggregate": {"count": 1}}}], "createdCount": 0}, "__N_SSG": true}, "page": "/[username]", "query": {"username": "0x4ffc98e5b460809bd73a4f6b4591a04db3c6dc95"}, "buildId": "fPHzAE9c9nph2AUK0K_6u", "isFallback": false, "dynamicIds": [33196, 55458, 54746], "gsp": true, "scriptLoader": []}