{"props": {"pageProps": {"username": "0xb9a2a86b4eb15c6716af9bd7c7a42814e11ccb83", "user": {"userIndex": 73676, "publicKey": "0xb9A2a86b4Eb15c6716af9bd7C7a42814e11ccB83", "username": "spacehose", "profileImageUrl": "https://f8n-production.s3.amazonaws.com/creators/profile/c6zaw9yn9-untitled-artwork-png-vde0am.png", "coverImageUrl": "https://f8n-production.s3.amazonaws.com/creators/profile/fkktj6iue-untitled-artwork-1-png-ouv3cc.png", "name": "Elijah Anderson", "bio": "Multidisciplinary visual artist currently residing in Brooklyn, NY :)\n\nMultiple collaborations/features including Popeye Magazing, NY Mag, Saucony Originals, BookWorks, and Bar Part Time ", "isApprovedCreator": true, "moderationStatus": "ACTIVE", "joinedWaitlistAt": null, "createdAt": "2021-06-02T16:54:47.374958", "migratedToUser": null, "isApprovedForMigrationAt": null, "firstName": null, "lastName": null, "isAdmin": false, "links": {"tiktok": {"handle": "", "platform": "tiktok"}, "twitch": {"handle": "", "platform": "twitch"}, "discord": {"handle": "", "platform": "discord"}, "twitter": {"handle": "", "platform": "twitter"}, "website": {"handle": "elijahandersonart.com", "platform": "website"}, "youtube": {"handle": "", "platform": "youtube"}, "facebook": {"handle": "", "platform": "facebook"}, "snapchat": {"handle": "", "platform": "snapchat"}, "instagram": {"handle": "", "platform": "instagram"}}, "acceptedInvite": {"senderPublicKey": "0xa60f9b548309Cbe75bF4A9880c69C746cB7073ae", "redeemerPublicKey": "0xb9A2a86b4Eb15c6716af9bd7C7a42814e11ccB83", "redeemedAt": "2021-06-02T16:54:50.13"}, "twitSocialVerifs": [], "instaSocialVerifs": [{"id": "08a47a2e-d0fe-4a95-ae61-09cb32b406f3", "user": "0xb9A2a86b4Eb15c6716af9bd7C7a42814e11ccB83", "createdAt": "2021-06-02T16:57:03.789791", "updatedAt": "2021-06-02T16:57:03.789791", "lastCheckedAt": "2021-06-02T16:57:03.771", "socialVerificationURL": null, "verificationText": null, "userId": "17841400977820103", "username": "spacehose", "isValid": true, "service": "INSTAGRAM", "failedReason": null, "status": null}]}, "profileExists": true, "collectors": [], "createdCount": 0}, "__N_SSG": true}, "page": "/[username]", "query": {"username": "0xb9a2a86b4eb15c6716af9bd7c7a42814e11ccb83"}, "buildId": "fPHzAE9c9nph2AUK0K_6u", "isFallback": false, "dynamicIds": [33196, 55458, 54746], "gsp": true, "scriptLoader": []}