{"props": {"pageProps": {"username": "0x8e838ae5e4528bdb1e6a6a102ab3f31def399c82", "user": {"userIndex": 21362, "publicKey": "0x8E838Ae5e4528BdB1e6A6a102AB3F31dEF399C82", "username": "thehiena", "profileImageUrl": "https://f8n-production.s3.amazonaws.com/creators/profile/7vsh6kiei-unnamed-gif-10kjrv.gif", "coverImageUrl": "https://f8n-production.s3.amazonaws.com/creators/profile/3pddzx8ts-01-jpg-ptdkd8.jpg", "name": "Josip Peri\u0107", "bio": "Book Cover Artist, Lead Designer, MA Visual Communications.\n\nStill free to a certain degree?\nYou can thank the dogs for that", "isApprovedCreator": true, "moderationStatus": "ACTIVE", "joinedWaitlistAt": null, "createdAt": "2021-03-21T20:26:13.768458", "migratedToUser": null, "isApprovedForMigrationAt": null, "firstName": null, "lastName": null, "isAdmin": false, "links": {"tiktok": {"handle": "", "platform": "tiktok"}, "twitch": {"handle": "", "platform": "twitch"}, "discord": {"handle": "TheHiena#4814", "platform": "discord"}, "twitter": {"handle": "", "platform": "twitter"}, "website": {"handle": "", "platform": "website"}, "youtube": {"handle": "", "platform": "youtube"}, "facebook": {"handle": "", "platform": "facebook"}, "snapchat": {"handle": "", "platform": "snapchat"}, "instagram": {"handle": "josip.pericc", "platform": "instagram"}}, "acceptedInvite": {"senderPublicKey": "0x6a89560c4acD7100a8BF099819d213261865A346", "redeemerPublicKey": "0x8E838Ae5e4528BdB1e6A6a102AB3F31dEF399C82", "redeemedAt": "2021-04-08T11:31:21.369"}, "twitSocialVerifs": [{"id": "734cab3e-99d4-4763-b7f8-1217ded7ae26", "user": "0x8E838Ae5e4528BdB1e6A6a102AB3F31dEF399C82", "createdAt": "2021-06-15T16:42:27.000447", "updatedAt": "2021-06-15T16:42:38.415477", "lastCheckedAt": "2021-06-15T16:42:38.396", "socialVerificationURL": "https://twitter.com/thehienaart/status/1404841703643693059", "verificationText": "For FND \nWallet address is\n0x8E838Ae5e4528BdB1e6A6a102AB3F31dEF399C82", "userId": "1374114153380638721", "username": "thehienaart", "isValid": true, "service": "TWITTER", "failedReason": null, "status": null}], "instaSocialVerifs": [{"id": "fd42bc3e-7e9a-4539-9479-96d9d43f06a1", "user": "0x8E838Ae5e4528BdB1e6A6a102AB3F31dEF399C82", "createdAt": "2021-04-25T00:53:38.858103", "updatedAt": "2021-04-25T00:53:38.858103", "lastCheckedAt": "2021-04-25T00:53:38.858", "socialVerificationURL": null, "verificationText": null, "userId": "17841406132933425", "username": "josip.pericc", "isValid": true, "service": "INSTAGRAM", "failedReason": null, "status": null}]}, "profileExists": true, "collectors": [{"userIndex": 73706, "publicKey": "0x0d2F9fBC29B788a79fD53d93F9b8D495235cEC3e", "username": "ChestrCommunityCurations", "profileImageUrl": "https://f8n-production.s3.amazonaws.com/creators/profile/5eyqyiszg-chestr-logo-short-png-asdpl7.png", "coverImageUrl": "", "name": "Chestr Community Curations", "bio": "Managed by @itissoroush, this account is dedicated to community-driven curations to support emerging creators.\n\nMore on Chestr:\ntwitter.com/ChestrNft\nfoundation.app/@chestr_nft", "isApprovedCreator": false, "moderationStatus": "ACTIVE", "joinedWaitlistAt": null, "createdAt": "2021-06-02T19:20:24.289852", "migratedToUser": null, "isApprovedForMigrationAt": null, "follows": [], "highestBidAuctions": [{"endsAt": "2021-06-16T17:46:02"}], "highestBidAuctions_aggregate": {"aggregate": {"count": 1}}}, {"userIndex": 60683, "publicKey": "0x60bC3d4A757315Ff686B60f6fd7569aa4F3aCB88", "username": "Chestr_NFT", "profileImageUrl": "https://f8n-production.s3.amazonaws.com/creators/profile/a9b7ito8b-ezgif-com-gif-maker-2-gif-f3bifh.gif", "coverImageUrl": "", "name": "Chestr NFT Mystery Chests", "bio": "We're helping creators around the world monetize and distribute their creations. Join our mission!\n\n", "isApprovedCreator": true, "moderationStatus": "ACTIVE", "joinedWaitlistAt": "2021-05-03T20:38:59.937", "createdAt": "2021-05-03T20:21:39.389889", "migratedToUser": null, "isApprovedForMigrationAt": null, "follows": [], "highestBidAuctions": [{"endsAt": "2021-07-08T18:32:59"}], "highestBidAuctions_aggregate": {"aggregate": {"count": 1}}}, {"userIndex": 26625, "publicKey": "0x645C43F6585Ce982dd36E8C94b3C53f953dE3fE5", "username": "hrtkassh", "profileImageUrl": "https://f8n-production.s3.amazonaws.com/creators/profile/ir5i8wdnw-icon-copy-png-k95xo7.png", "coverImageUrl": "https://f8n-production.s3.amazonaws.com/creators/profile/jze0xlvv8-cover-copy-jpg-j32xc0.jpg", "name": "hrtkassh", "bio": "Modern Netflix Subscriber.\n\nI like,\nMads Mikkelsen (Actor),\nMatthew  McConaughey (Actor),\nYeji Kim (Choreographer),\nLudovico Einaudi (Composer).", "isApprovedCreator": true, "moderationStatus": "ACTIVE", "joinedWaitlistAt": "2021-04-03T09:39:26.706", "createdAt": "2021-03-25T14:49:47.189465", "migratedToUser": null, "isApprovedForMigrationAt": null, "follows": [], "highestBidAuctions": [{"endsAt": "2021-04-28T10:10:11"}], "highestBidAuctions_aggregate": {"aggregate": {"count": 1}}}], "createdCount": 0}, "__N_SSG": true}, "page": "/[username]", "query": {"username": "0x8e838ae5e4528bdb1e6a6a102ab3f31def399c82"}, "buildId": "fPHzAE9c9nph2AUK0K_6u", "isFallback": false, "dynamicIds": [33196, 55458, 54746], "gsp": true, "scriptLoader": []}