{"props": {"pageProps": {"username": "0x580a91fe38a42abab540cc8cc4e67fcf4c42d072", "user": {"userIndex": 69846, "publicKey": "0x580A91Fe38a42aBAB540Cc8Cc4E67fcF4c42D072", "username": "TheLeap", "profileImageUrl": "https://f8n-production.s3.amazonaws.com/creators/profile/ryg7engcr-pandemic-shock-1-1k-jpg-q0op5o.jpg", "coverImageUrl": "", "name": "Mehmet Ufuk Ko\u00e7", "bio": "", "isApprovedCreator": true, "moderationStatus": "ACTIVE", "joinedWaitlistAt": null, "createdAt": "2021-05-22T12:53:22.716968", "migratedToUser": null, "isApprovedForMigrationAt": null, "firstName": null, "lastName": null, "isAdmin": false, "links": {"tiktok": {"handle": "", "platform": "tiktok"}, "twitch": {"handle": "", "platform": "twitch"}, "discord": {"handle": "TheLeap3d#8075", "platform": "discord"}, "twitter": {"handle": "", "platform": "twitter"}, "website": {"handle": "", "platform": "website"}, "youtube": {"handle": "", "platform": "youtube"}, "facebook": {"handle": "", "platform": "facebook"}, "snapchat": {"handle": "", "platform": "snapchat"}, "instagram": {"handle": "", "platform": "instagram"}}, "acceptedInvite": {"senderPublicKey": "0x36F5BbDFE3F6D3E7C69D934ceD6De79ff6b2C24a", "redeemerPublicKey": "0x580A91Fe38a42aBAB540Cc8Cc4E67fcF4c42D072", "redeemedAt": "2021-05-22T12:53:26.192"}, "twitSocialVerifs": [{"id": "d1cf69d1-71bf-4f8b-9116-49dec866e26c", "user": "0x580A91Fe38a42aBAB540Cc8Cc4E67fcF4c42D072", "createdAt": "2021-06-28T11:46:21.405187", "updatedAt": "2021-06-28T11:46:26.326532", "lastCheckedAt": "2021-06-28T11:46:26.313", "socialVerificationURL": "https://twitter.com/TLeap3d/status/1409478248346628097", "verificationText": "I\u2019m on @withFND \ud83c\udf10\n\n0x580A91Fe38a42aBAB540Cc8Cc4E67fcF4c42D072\n\nhttps://t.co/gRdd4adTkr", "userId": "1285850961857130497", "username": "TLeap3d", "isValid": true, "service": "TWITTER", "failedReason": null, "status": null}], "instaSocialVerifs": [{"id": "259607b1-ec5f-4ba7-ae0d-549a647059b7", "user": "0x580A91Fe38a42aBAB540Cc8Cc4E67fcF4c42D072", "createdAt": "2021-05-22T12:54:30.304367", "updatedAt": "2021-05-22T12:54:30.304367", "lastCheckedAt": "2021-05-22T12:54:30.276", "socialVerificationURL": null, "verificationText": null, "userId": "17841417938095732", "username": "theleap3d", "isValid": true, "service": "INSTAGRAM", "failedReason": null, "status": null}]}, "profileExists": true, "collectors": [], "createdCount": 0}, "__N_SSG": true}, "page": "/[username]", "query": {"username": "0x580a91fe38a42abab540cc8cc4e67fcf4c42d072"}, "buildId": "fPHzAE9c9nph2AUK0K_6u", "isFallback": false, "dynamicIds": [33196, 55458, 54746], "gsp": true, "scriptLoader": []}