{"props": {"pageProps": {"username": "0x82a2d2b9d0d6908e6e7256fc2e650d825e7c236d", "user": {"userIndex": 62941, "publicKey": "0x82A2d2B9d0d6908E6e7256fc2E650D825E7c236D", "username": "aqomi", "profileImageUrl": "https://f8n-production.s3.amazonaws.com/creators/profile/mhufbqesz-aqomi-logo-jpg-ip8a9s.jpg", "coverImageUrl": "https://f8n-production.s3.amazonaws.com/creators/profile/63lpp89uk-kv-astronaut-diver-jpg-vt5ny7.jpg", "name": "Aqomi", "bio": "Tomek Jablonski is an internationally renowned Creative Director and Up & Coming Artist. His work aims to to push the boundaries of design, space, and color. \n\nDetailed Portfolio: behance.net/aqomi", "isApprovedCreator": true, "moderationStatus": "ACTIVE", "joinedWaitlistAt": "2021-05-07T04:07:10.097", "createdAt": "2021-04-29T15:24:49.059423", "migratedToUser": null, "isApprovedForMigrationAt": null, "firstName": null, "lastName": null, "isAdmin": false, "links": {"tiktok": {"handle": "", "platform": "tiktok"}, "twitch": {"handle": "", "platform": "twitch"}, "discord": {"handle": "", "platform": "discord"}, "twitter": {"handle": "", "platform": "twitter"}, "website": {"handle": "linktr.ee/aqomi", "platform": "website"}, "youtube": {"handle": "", "platform": "youtube"}, "facebook": {"handle": "", "platform": "facebook"}, "snapchat": {"handle": "", "platform": "snapchat"}, "instagram": {"handle": "", "platform": "instagram"}}, "acceptedInvite": {"senderPublicKey": "0xce84e93D86b77942E742858F98D76b51625aeFf4", "redeemerPublicKey": "0x82A2d2B9d0d6908E6e7256fc2E650D825E7c236D", "redeemedAt": "2021-05-09T19:01:08.635"}, "twitSocialVerifs": [{"id": "d27004b2-bd79-4cb8-9ebf-f43fb8bf3962", "user": "0x82A2d2B9d0d6908E6e7256fc2E650D825E7c236D", "createdAt": "2021-06-20T21:09:02.804432", "updatedAt": "2021-06-20T21:09:03.366403", "lastCheckedAt": "2021-06-20T21:09:03.348", "socialVerificationURL": "https://twitter.com/Aqomiart/status/1406720688635879424", "verificationText": "I\u2019m on @withFND \ud83c\udf10\n\n0x82A2d2B9d0d6908E6e7256fc2E650D825E7c236D\n\nhttps://t.co/aDlhOpe1aE", "userId": "1397987318875701248", "username": "Aqomiart", "isValid": true, "service": "TWITTER", "failedReason": null, "status": null}], "instaSocialVerifs": [{"id": "7176327d-df03-46ad-b80c-2c6c3d75d74f", "user": "0x82A2d2B9d0d6908E6e7256fc2E650D825E7c236D", "createdAt": "2021-05-07T04:06:06.560354", "updatedAt": "2021-05-07T04:06:06.560354", "lastCheckedAt": "2021-05-07T04:06:06.518", "socialVerificationURL": null, "verificationText": null, "userId": "17841447840885503", "username": "aqomiart", "isValid": true, "service": "INSTAGRAM", "failedReason": null, "status": null}]}, "profileExists": true, "collectors": [{"userIndex": 68601, "publicKey": "0x47969d404AC36b977F1d695C137bC6EB547242f3", "username": "KJcollection", "profileImageUrl": "https://f8n-production.s3.amazonaws.com/creators/profile/dg09nejvh-39036825-10155403996587273-8764518759110017024-n-jpeg-g00wsp.jpeg", "coverImageUrl": "", "name": "KJ", "bio": "", "isApprovedCreator": false, "moderationStatus": "ACTIVE", "joinedWaitlistAt": null, "createdAt": "2021-05-18T21:24:33.130883", "migratedToUser": null, "isApprovedForMigrationAt": null, "follows": [], "highestBidAuctions": [{"endsAt": "2021-05-19T21:25:42"}], "highestBidAuctions_aggregate": {"aggregate": {"count": 1}}}, {"userIndex": null, "publicKey": "0x87AF25dA616dBb0987644aFD2BD7F3c6b4fE644b", "username": null, "profileImageUrl": null, "coverImageUrl": null, "name": null, "bio": null, "isApprovedCreator": false, "moderationStatus": "ACTIVE", "joinedWaitlistAt": null, "createdAt": "2021-05-27T03:51:12.106755", "migratedToUser": null, "isApprovedForMigrationAt": null, "follows": [], "highestBidAuctions": [{"endsAt": "2021-05-28T03:56:24"}], "highestBidAuctions_aggregate": {"aggregate": {"count": 1}}}], "createdCount": 0}, "__N_SSG": true}, "page": "/[username]", "query": {"username": "0x82a2d2b9d0d6908e6e7256fc2e650d825e7c236d"}, "buildId": "fPHzAE9c9nph2AUK0K_6u", "isFallback": false, "dynamicIds": [33196, 55458, 54746], "gsp": true, "scriptLoader": []}