{"props": {"pageProps": {"username": "0x76b4faaa456a95a1786fa06020e9a00c0fece7c4", "user": {"userIndex": 69457, "publicKey": "0x76b4FaaA456a95A1786fA06020e9A00c0FECE7c4", "username": "graph0man", "profileImageUrl": "https://f8n-production.s3.amazonaws.com/creators/profile/90jnrurv5-1-jpg-051y8l.jpg", "coverImageUrl": "https://f8n-production.s3.amazonaws.com/creators/profile/keuh2pp9l-fnd-2-jpg-5dkiy4.jpg", "name": "Sasha Grebenyuk", "bio": "visual artist, illustrator, printmaker, dreamer from the East", "isApprovedCreator": true, "moderationStatus": "ACTIVE", "joinedWaitlistAt": null, "createdAt": "2021-05-21T09:02:07.126721", "migratedToUser": null, "isApprovedForMigrationAt": null, "firstName": null, "lastName": null, "isAdmin": false, "links": {"tiktok": {"handle": "", "platform": "tiktok"}, "twitch": {"handle": "", "platform": "twitch"}, "discord": {"handle": "Graphoman#1210", "platform": "discord"}, "twitter": {"handle": "", "platform": "twitter"}, "website": {"handle": "graph0man.com", "platform": "website"}, "youtube": {"handle": "", "platform": "youtube"}, "facebook": {"handle": "alexander.grebenyuk.1", "platform": "facebook"}, "snapchat": {"handle": "", "platform": "snapchat"}, "instagram": {"handle": "", "platform": "instagram"}}, "acceptedInvite": {"senderPublicKey": "0xf7f46A94Efd163fCcC15c4deB2D894F2F0D26E32", "redeemerPublicKey": "0x76b4FaaA456a95A1786fA06020e9A00c0FECE7c4", "redeemedAt": "2021-05-21T09:02:18.293"}, "twitSocialVerifs": [{"id": "cb284d2b-f95c-4452-8fcb-1f8f8e7b0a18", "user": "0x76b4FaaA456a95A1786fA06020e9A00c0FECE7c4", "createdAt": "2021-07-01T19:22:25.694531", "updatedAt": "2021-07-01T19:22:29.606645", "lastCheckedAt": "2021-07-01T19:22:29.57", "socialVerificationURL": "https://twitter.com/graph0man1/status/1410680044226236419?s=20", "verificationText": "I\u2019m on @withFND \ud83c\udf10\n\n0x76b4FaaA456a95A1786fA06020e9A00c0FECE7c4\n\nhttps://t.co/S9Vj7x8m81", "userId": "1381856300313804801", "username": "graph0man1", "isValid": true, "service": "TWITTER", "failedReason": null, "status": null}], "instaSocialVerifs": [{"id": "b474ecf2-2d27-40e5-8ceb-0581c87f69f5", "user": "0x76b4FaaA456a95A1786fA06020e9A00c0FECE7c4", "createdAt": "2021-05-21T09:46:00.458594", "updatedAt": "2021-05-21T09:46:00.458594", "lastCheckedAt": "2021-05-21T09:45:58.269", "socialVerificationURL": null, "verificationText": null, "userId": "17841400878515094", "username": "graph0man", "isValid": true, "service": "INSTAGRAM", "failedReason": null, "status": null}]}, "profileExists": true, "collectors": [{"userIndex": 29825, "publicKey": "0x1d4B9b250B1Bd41DAA35d94BF9204Ec1b0494eE3", "username": "siinamota", "profileImageUrl": "https://f8n-production.s3.amazonaws.com/creators/profile/tsjryvbb9-20151110223859584-png-xysoe9.png", "coverImageUrl": "https://f8n-production.s3.amazonaws.com/creators/profile/4wd7yvcf0-31dc4f1a-8c21-415a-a53c-85e7a3a6f358-base-resized-jpg-hb9a71.jpg", "name": "path", "bio": "", "isApprovedCreator": false, "moderationStatus": "ACTIVE", "joinedWaitlistAt": null, "createdAt": "2021-03-26T04:05:54.281063", "migratedToUser": null, "isApprovedForMigrationAt": null, "follows": [], "highestBidAuctions": [{"endsAt": "2021-07-16T22:54:40"}], "highestBidAuctions_aggregate": {"aggregate": {"count": 1}}}], "createdCount": 0}, "__N_SSG": true}, "page": "/[username]", "query": {"username": "0x76b4faaa456a95a1786fa06020e9a00c0fece7c4"}, "buildId": "fPHzAE9c9nph2AUK0K_6u", "isFallback": false, "dynamicIds": [33196, 55458, 54746], "gsp": true, "scriptLoader": []}