{"props": {"pageProps": {"username": "0x1a1c673ad38008d63479eb8d48edbe95ca84b7f2", "user": {"userIndex": 73695, "publicKey": "0x1A1C673AD38008D63479EB8D48Edbe95CA84B7F2", "username": "MikeyMillionaire", "profileImageUrl": "https://f8n-production.s3.amazonaws.com/creators/profile/b40n2n2i5-foundation-profile-pic-jpg-m5c42m.jpg", "coverImageUrl": "https://f8n-production.s3.amazonaws.com/creators/profile/bp1ccklfr-yellow-warblers3-671px-25fps-gif-z49xkv.gif", "name": "Mike ODonnell", "bio": " World touring award winning musician, painter, digital artist, photographer and more. I combine these and other art forms to create one of a kind NFT art. Thanks for looking! \n", "isApprovedCreator": true, "moderationStatus": "ACTIVE", "joinedWaitlistAt": null, "createdAt": "2021-06-02T17:46:45.629837", "migratedToUser": null, "isApprovedForMigrationAt": null, "firstName": null, "lastName": null, "isAdmin": false, "links": {"tiktok": {"handle": "", "platform": "tiktok"}, "twitch": {"handle": "", "platform": "twitch"}, "discord": {"handle": "", "platform": "discord"}, "twitter": {"handle": "", "platform": "twitter"}, "website": {"handle": "", "platform": "website"}, "youtube": {"handle": "", "platform": "youtube"}, "facebook": {"handle": "", "platform": "facebook"}, "snapchat": {"handle": "", "platform": "snapchat"}, "instagram": {"handle": "", "platform": "instagram"}}, "acceptedInvite": {"senderPublicKey": "0xB755a7552754Ff95d97946Bb3161ec11a7D1989b", "redeemerPublicKey": "0x1A1C673AD38008D63479EB8D48Edbe95CA84B7F2", "redeemedAt": "2021-06-02T17:46:55.173"}, "twitSocialVerifs": [{"id": "33548315-dbdb-41dc-8c10-e9f3448bd815", "user": "0x1A1C673AD38008D63479EB8D48Edbe95CA84B7F2", "createdAt": "2021-06-15T21:01:51.386973", "updatedAt": "2021-06-15T21:01:53.626054", "lastCheckedAt": "2021-06-15T21:01:53.603", "socialVerificationURL": "https://twitter.com/ODonnellRules/status/1404906926950002694", "verificationText": "I\u2019m on @withFND \ud83c\udf10\n\n0x1A1C673AD38008D63479EB8D48Edbe95CA84B7F2\n\nhttps://t.co/5cf63GKuaW", "userId": "40044887", "username": "ODonnellRules", "isValid": true, "service": "TWITTER", "failedReason": null, "status": null}], "instaSocialVerifs": [{"id": "49a18e2f-0e73-444b-ba67-bea5ea181fab", "user": "0x1A1C673AD38008D63479EB8D48Edbe95CA84B7F2", "createdAt": "2021-06-02T22:04:11.84205", "updatedAt": "2021-06-02T22:04:11.84205", "lastCheckedAt": "2021-06-02T22:04:11.838", "socialVerificationURL": null, "verificationText": null, "userId": "17841400680223237", "username": "mrmikemusic", "isValid": true, "service": "INSTAGRAM", "failedReason": null, "status": null}]}, "profileExists": true, "collectors": [{"userIndex": null, "publicKey": "0xe16dCE8e44b310953255FfEAa9086f1E3600e999", "username": null, "profileImageUrl": null, "coverImageUrl": null, "name": null, "bio": null, "isApprovedCreator": false, "moderationStatus": "ACTIVE", "joinedWaitlistAt": null, "createdAt": "2021-07-17T12:55:43.021929", "migratedToUser": null, "isApprovedForMigrationAt": null, "follows": [], "highestBidAuctions": [{"endsAt": "2021-07-18T12:57:31"}], "highestBidAuctions_aggregate": {"aggregate": {"count": 1}}}], "createdCount": 0}, "__N_SSG": true}, "page": "/[username]", "query": {"username": "0x1a1c673ad38008d63479eb8d48edbe95ca84b7f2"}, "buildId": "fPHzAE9c9nph2AUK0K_6u", "isFallback": false, "dynamicIds": [33196, 55458, 54746], "gsp": true, "scriptLoader": []}