{"props": {"pageProps": {"username": "0x585968aee16d7ca834a9c30f6603065d4df423c5", "user": {"userIndex": 41052, "publicKey": "0x585968Aee16D7CA834A9C30F6603065d4df423c5", "username": "ximena", "profileImageUrl": "https://f8n-production.s3.amazonaws.com/creators/profile/i2lfzvkxf-photo-2020-02-18-23-33-13-jpg-09bvqa.jpg", "coverImageUrl": "https://f8n-production.s3.amazonaws.com/creators/profile/wqwdqb3wi-setup-dreamworld-0866-png-wjf6kb.png", "name": "Ximena", "bio": "Diana Azzuz & Rina Priduvalova. Their practice revolves around a critical reflection on the digital reality, social responsibility, and the dystopian quality of the ever-changing environment. \n", "isApprovedCreator": true, "moderationStatus": "ACTIVE", "joinedWaitlistAt": "2021-04-11T22:09:39.458", "createdAt": "2021-04-08T13:49:04.990444", "migratedToUser": null, "isApprovedForMigrationAt": null, "firstName": null, "lastName": null, "isAdmin": false, "links": {"tiktok": {"handle": "", "platform": "tiktok"}, "twitch": {"handle": "", "platform": "twitch"}, "discord": {"handle": "rhubarb#9503", "platform": "discord"}, "twitter": {"handle": "", "platform": "twitter"}, "website": {"handle": "", "platform": "website"}, "youtube": {"handle": "https://youtu.be/YAf1BoT_NyA", "platform": "youtube"}, "facebook": {"handle": "", "platform": "facebook"}, "snapchat": {"handle": "", "platform": "snapchat"}, "instagram": {"handle": "ximena____official/", "platform": "instagram"}}, "acceptedInvite": {"senderPublicKey": "0x14263aA73b84651DcF5bA151461aA3d4D41D8365", "redeemerPublicKey": "0x585968Aee16D7CA834A9C30F6603065d4df423c5", "redeemedAt": "2021-04-15T09:04:33.402"}, "twitSocialVerifs": [{"id": "ae2efb31-64e9-4ea4-9d83-7296278a2c60", "user": "0x585968Aee16D7CA834A9C30F6603065d4df423c5", "createdAt": "2021-04-11T22:05:55.207507", "updatedAt": "2021-04-11T22:05:55.873323", "lastCheckedAt": "2021-04-11T22:05:55.869", "socialVerificationURL": "https://twitter.com/Ximena______/status/1381367894957756419?s=20", "verificationText": "I\u2019m on @withFND \ud83c\udf10\n\n0x585968Aee16D7CA834A9C30F6603065d4df423c5\n\nhttps://t.co/FjcadwbU6z", "userId": "1381297717318725639", "username": "Ximena______", "isValid": true, "service": "TWITTER", "failedReason": null, "status": null}], "instaSocialVerifs": []}, "profileExists": true, "collectors": [], "createdCount": 0}, "__N_SSG": true}, "page": "/[username]", "query": {"username": "0x585968aee16d7ca834a9c30f6603065d4df423c5"}, "buildId": "fPHzAE9c9nph2AUK0K_6u", "isFallback": false, "dynamicIds": [33196, 55458, 54746], "gsp": true, "scriptLoader": []}