{"props": {"pageProps": {"username": "0x2add7a36233cbcec85ca8660675f24095c2380b7", "user": {"userIndex": 79242, "publicKey": "0x2AdD7a36233CBceC85Ca8660675F24095c2380b7", "username": "Sina1987", "profileImageUrl": "https://f8n-production.s3.amazonaws.com/creators/profile/3tlf5a1q1-8421ff8f-4595-496d-ad6f-7e1675cbacd5-jpeg-y16llf.jpeg", "coverImageUrl": "https://f8n-production.s3.amazonaws.com/creators/profile/gc3ok1idc-91889d73-d6a7-4d7d-b70c-6d4749339718-jpeg-i4x9eb.jpeg", "name": "Sinan ", "bio": "", "isApprovedCreator": true, "moderationStatus": "ACTIVE", "joinedWaitlistAt": null, "createdAt": "2021-06-18T19:36:37.708908", "migratedToUser": null, "isApprovedForMigrationAt": null, "firstName": null, "lastName": null, "isAdmin": false, "links": {"tiktok": {"handle": "", "platform": "tiktok"}, "twitch": {"handle": "", "platform": "twitch"}, "discord": {"handle": "", "platform": "discord"}, "twitter": {"handle": "", "platform": "twitter"}, "website": {"handle": "", "platform": "website"}, "youtube": {"handle": "", "platform": "youtube"}, "facebook": {"handle": "", "platform": "facebook"}, "snapchat": {"handle": "", "platform": "snapchat"}, "instagram": {"handle": "", "platform": "instagram"}}, "acceptedInvite": {"senderPublicKey": "0xc0f374Bde998d6dA450d032e7F19fc89168A766B", "redeemerPublicKey": "0x2AdD7a36233CBceC85Ca8660675F24095c2380b7", "redeemedAt": "2021-06-27T19:18:03.95"}, "twitSocialVerifs": [], "instaSocialVerifs": [{"id": "5f84d7ad-b92d-4cd0-9a72-1d2a49fb495e", "user": "0x2AdD7a36233CBceC85Ca8660675F24095c2380b7", "createdAt": "2021-06-28T12:50:33.253416", "updatedAt": "2021-06-28T12:50:33.253416", "lastCheckedAt": "2021-06-28T12:50:33.22", "socialVerificationURL": null, "verificationText": null, "userId": "17841404122147855", "username": "sina.cpt", "isValid": true, "service": "INSTAGRAM", "failedReason": null, "status": null}]}, "profileExists": true, "collectors": [{"userIndex": 76646, "publicKey": "0x3c77BB22aB717FA9198c6658D0402b7c5B1D7ad8", "username": "Bitali", "profileImageUrl": "https://f8n-production.s3.amazonaws.com/creators/profile/shvqh3fu5-jpg-4kpkb4.jpg", "coverImageUrl": "https://f8n-production.s3.amazonaws.com/creators/profile/ly46kb12t-po-jpg-xw6nrt.jpg", "name": "Ali", "bio": "I m Just a Photographer", "isApprovedCreator": true, "moderationStatus": "ACTIVE", "joinedWaitlistAt": "2021-06-10T20:05:23.578", "createdAt": "2021-06-10T18:20:31.403569", "migratedToUser": null, "isApprovedForMigrationAt": null, "follows": [], "highestBidAuctions": [{"endsAt": "2021-06-29T21:09:48"}], "highestBidAuctions_aggregate": {"aggregate": {"count": 1}}}], "createdCount": 0}, "__N_SSG": true}, "page": "/[username]", "query": {"username": "0x2add7a36233cbcec85ca8660675f24095c2380b7"}, "buildId": "fPHzAE9c9nph2AUK0K_6u", "isFallback": false, "dynamicIds": [33196, 55458, 54746], "gsp": true, "scriptLoader": []}