{"props": {"pageProps": {"username": "0xe38411309d5047ab26550218495d5ed7b169d656", "user": {"userIndex": 18613, "publicKey": "0xe38411309d5047aB26550218495D5ed7B169d656", "username": "caramuru", "profileImageUrl": "https://f8n-production.s3.amazonaws.com/creators/profile/jzm84m2gm-perfil2-jpg-bx5vea.jpg", "coverImageUrl": "https://f8n-production.s3.amazonaws.com/creators/profile/yeli45u83-web-not-another-music-full-art-depth-darkness-energy-balance-jpg-hexc0x.jpg", "name": "Caramur\u00fa Baumgartner", "bio": "Visual artist and color alchemist from Brazil. My art reveals a unique, intimate, pop-surreal and psychedelic places.", "isApprovedCreator": true, "moderationStatus": "ACTIVE", "joinedWaitlistAt": null, "createdAt": "2021-03-18T03:16:18.32317", "migratedToUser": null, "isApprovedForMigrationAt": null, "firstName": null, "lastName": null, "isAdmin": false, "links": {"tiktok": {"handle": "", "platform": "tiktok"}, "twitch": {"handle": "", "platform": "twitch"}, "discord": {"handle": "", "platform": "discord"}, "twitter": {"handle": "", "platform": "twitter"}, "website": {"handle": "www.caramuru.art.br", "platform": "website"}, "youtube": {"handle": "", "platform": "youtube"}, "facebook": {"handle": "", "platform": "facebook"}, "snapchat": {"handle": "", "platform": "snapchat"}, "instagram": {"handle": "caramurubaumgartner", "platform": "instagram"}}, "acceptedInvite": {"senderPublicKey": "0x0ec65CFdf55d7944400709A9c5A8Da451937D23E", "redeemerPublicKey": "0xe38411309d5047aB26550218495D5ed7B169d656", "redeemedAt": "2021-03-18T03:16:23.693"}, "twitSocialVerifs": [{"id": "b6f7618d-ef78-49f8-ae2c-cd0b6d7fbebf", "user": "0xe38411309d5047aB26550218495D5ed7B169d656", "createdAt": "2021-03-18T03:19:39.639478", "updatedAt": "2021-03-18T03:19:40.9097", "lastCheckedAt": "2021-03-18T03:19:40.857", "socialVerificationURL": "https://twitter.com/ocaramuru/status/1372386813520805888", "verificationText": "I\u2019m on @withFND \ud83c\udf10\n\n0xe38411309d5047aB26550218495D5ed7B169d656\n\nhttps://t.co/l6oXbAEOjd", "userId": "186789769", "username": "ocaramuru", "isValid": true, "service": "TWITTER", "failedReason": null, "status": null}], "instaSocialVerifs": [{"id": "aabc7c32-43f2-4ad3-8bac-a6fcb28582fc", "user": "0xe38411309d5047aB26550218495D5ed7B169d656", "createdAt": "2021-04-24T20:13:39.714223", "updatedAt": "2021-04-24T20:13:39.714223", "lastCheckedAt": "2021-04-24T20:13:39.693", "socialVerificationURL": null, "verificationText": null, "userId": "17841400653228962", "username": "caramurubaumgartner", "isValid": true, "service": "INSTAGRAM", "failedReason": null, "status": null}]}, "profileExists": true, "collectors": [], "createdCount": 0}, "__N_SSG": true}, "page": "/[username]", "query": {"username": "0xe38411309d5047ab26550218495d5ed7b169d656"}, "buildId": "fPHzAE9c9nph2AUK0K_6u", "isFallback": false, "dynamicIds": [33196, 55458, 54746], "gsp": true, "scriptLoader": []}