{"props": {"pageProps": {"username": "0xbab6ae62f213413475fe0256c3f128a6c3ec9ed8", "user": {"userIndex": 12019, "publicKey": "0xbab6Ae62f213413475Fe0256c3F128a6c3Ec9ed8", "username": "cs", "profileImageUrl": "https://f8n-production.s3.amazonaws.com/creators/profile/hvmoe30yg-screen-shot-2021-03-11-at-10-05-43-pm-png-sewq8x.png", "coverImageUrl": "https://f8n-production.s3.amazonaws.com/creators/profile/2y2lugl79-1500x500-jpg-emv8kg.jpg", "name": "Chris Sullivan", "bio": "", "isApprovedCreator": true, "moderationStatus": "ACTIVE", "joinedWaitlistAt": null, "createdAt": "2021-03-06T01:22:26.402629", "migratedToUser": null, "isApprovedForMigrationAt": null, "firstName": null, "lastName": null, "isAdmin": false, "links": {"tiktok": {"handle": "cs", "platform": "tiktok"}, "twitch": {"handle": "", "platform": "twitch"}, "discord": {"handle": "", "platform": "discord"}, "twitter": {"handle": "cs", "platform": "twitter"}, "website": {"handle": "", "platform": "website"}, "youtube": {"handle": "", "platform": "youtube"}, "facebook": {"handle": "", "platform": "facebook"}, "snapchat": {"handle": "", "platform": "snapchat"}, "instagram": {"handle": "cs", "platform": "instagram"}}, "acceptedInvite": {"senderPublicKey": "0xB207f91447E9BA3FB33991F49D36FE1F3E428777", "redeemerPublicKey": "0xbab6Ae62f213413475Fe0256c3F128a6c3Ec9ed8", "redeemedAt": "2021-03-11T01:03:26.765"}, "twitSocialVerifs": [{"id": "343e0b12-77f5-4513-a3f4-b0c290eca551", "user": "0xbab6Ae62f213413475Fe0256c3F128a6c3Ec9ed8", "createdAt": "2021-04-02T23:16:26.649925", "updatedAt": "2021-04-02T23:16:30.736226", "lastCheckedAt": "2021-04-02T23:16:30.677", "socialVerificationURL": "https://twitter.com/cs/status/1378124156491984899", "verificationText": "0xbab6Ae62f213413475Fe0256c3F128a6c3Ec9ed8", "userId": "17063857", "username": "cs", "isValid": true, "service": "TWITTER", "failedReason": null, "status": null}], "instaSocialVerifs": [{"id": "4524d783-fde3-488b-93c1-7145abc70f6d", "user": "0xbab6Ae62f213413475Fe0256c3F128a6c3Ec9ed8", "createdAt": "2021-05-21T12:49:37.495404", "updatedAt": "2021-05-21T12:49:37.495404", "lastCheckedAt": "2021-05-21T12:49:37.436", "socialVerificationURL": null, "verificationText": null, "userId": "17841403871003592", "username": "cs", "isValid": true, "service": "INSTAGRAM", "failedReason": null, "status": null}]}, "profileExists": true, "collectors": [], "createdCount": 0}, "__N_SSG": true}, "page": "/[username]", "query": {"username": "0xbab6ae62f213413475fe0256c3f128a6c3ec9ed8"}, "buildId": "fPHzAE9c9nph2AUK0K_6u", "isFallback": false, "dynamicIds": [33196, 55458, 54746], "gsp": true, "scriptLoader": []}