{"props": {"pageProps": {"username": "0x8392146da2ebf35fa8bf516fc51f0e59693ce5da", "user": {"userIndex": 76503, "publicKey": "0x8392146dA2EbF35fa8bf516fC51f0e59693Ce5Da", "username": "1september", "profileImageUrl": "https://f8n-production.s3.amazonaws.com/creators/profile/k202iwisd-img-2335-jpg-bau2du.JPG", "coverImageUrl": "https://f8n-production.s3.amazonaws.com/creators/profile/1e385u6em-img-0697-jpg-vvdnla.JPG", "name": "1SEPTEMBER", "bio": "Hello!! I\u2019m 1SEPTEMBER I\u2019m a Illustrator from Bangkok Thailand.", "isApprovedCreator": true, "moderationStatus": "ACTIVE", "joinedWaitlistAt": "2021-06-11T13:22:14.312", "createdAt": "2021-06-10T11:29:29.273772", "migratedToUser": null, "isApprovedForMigrationAt": null, "firstName": null, "lastName": null, "isAdmin": false, "links": {"tiktok": {"handle": "", "platform": "tiktok"}, "twitch": {"handle": "", "platform": "twitch"}, "discord": {"handle": "", "platform": "discord"}, "twitter": {"handle": "", "platform": "twitter"}, "website": {"handle": "", "platform": "website"}, "youtube": {"handle": "", "platform": "youtube"}, "facebook": {"handle": "1septemberart/", "platform": "facebook"}, "snapchat": {"handle": "", "platform": "snapchat"}, "instagram": {"handle": "", "platform": "instagram"}}, "acceptedInvite": {"senderPublicKey": "0x99FB970bA55c5A4d67d1eFd7D904fB5f35EDA857", "redeemerPublicKey": "0x8392146dA2EbF35fa8bf516fC51f0e59693Ce5Da", "redeemedAt": "2021-06-12T06:07:54.784"}, "twitSocialVerifs": [{"id": "d8a1fd7e-20ea-4571-9524-7ed0eb98793b", "user": "0x8392146dA2EbF35fa8bf516fC51f0e59693Ce5Da", "createdAt": "2021-06-11T13:18:29.551652", "updatedAt": "2021-06-11T13:18:31.570576", "lastCheckedAt": "2021-06-11T13:18:31.554", "socialVerificationURL": "https://twitter.com/1septemberart/status/1403340788717608965", "verificationText": "I\u2019m on @withFND \ud83c\udf10\n\n0x8392146dA2EbF35fa8bf516fC51f0e59693Ce5Da\n\nhttps://t.co/lfqDqw7MeT", "userId": "889198352423956481", "username": "1septemberart", "isValid": true, "service": "TWITTER", "failedReason": null, "status": null}], "instaSocialVerifs": [{"id": "0bf1d59f-6c75-4ba2-9e6b-92c67092a91a", "user": "0x8392146dA2EbF35fa8bf516fC51f0e59693Ce5Da", "createdAt": "2021-06-10T11:30:04.659581", "updatedAt": "2021-06-10T11:30:04.659581", "lastCheckedAt": "2021-06-10T11:30:04.627", "socialVerificationURL": null, "verificationText": null, "userId": "17841401136040868", "username": "flukejirayu", "isValid": true, "service": "INSTAGRAM", "failedReason": null, "status": null}]}, "profileExists": true, "collectors": [{"userIndex": 83753, "publicKey": "0x0F0eAE91990140C560D4156DB4f00c854Dc8F09E", "username": "VincentVanDough", "profileImageUrl": "https://f8n-production.s3.amazonaws.com/creators/profile/z8l5f6hfv-meow-jpeg-ia94r3.jpeg", "coverImageUrl": "https://f8n-production.s3.amazonaws.com/creators/profile/48jyyg7i1-nft-jpeg-t587ot.jpeg", "name": "VincentVanDough", "bio": "Purveyor of shitcoins and fine art  \n\ncontact: mastersplnter@protonmail.com\n\navatar: MEOWSHI by @0xlacroix\n\ncover image: Tri-World by @sahredtoy", "isApprovedCreator": false, "moderationStatus": "ACTIVE", "joinedWaitlistAt": null, "createdAt": "2021-07-06T01:47:27.724556", "migratedToUser": null, "isApprovedForMigrationAt": null, "follows": [], "highestBidAuctions": [{"endsAt": "2021-07-16T02:14:46"}], "highestBidAuctions_aggregate": {"aggregate": {"count": 1}}}], "createdCount": 0}, "__N_SSG": true}, "page": "/[username]", "query": {"username": "0x8392146da2ebf35fa8bf516fc51f0e59693ce5da"}, "buildId": "fPHzAE9c9nph2AUK0K_6u", "isFallback": false, "dynamicIds": [33196, 55458, 54746], "gsp": true, "scriptLoader": []}