{"props": {"pageProps": {"username": "0x1615c2f35da3dec7afaa364e2685a7e5964283b1", "user": {"userIndex": 19117, "publicKey": "0x1615C2F35da3dec7AfaA364e2685a7e5964283b1", "username": "JasonKangArt", "profileImageUrl": "https://f8n-production.s3.amazonaws.com/creators/profile/iarn7gry2-saddleback-lagac-3890-jpg-qeo809.jpg", "coverImageUrl": "https://f8n-production.s3.amazonaws.com/creators/profile/kg6m8xusr-the-big-game-huntress-by-kangjason-d7ah8zd-o-3000-jpg-qoe7qx.jpg", "name": "Jason Kang", "bio": "Concept artist and illustrator, currently senior 2D artist at Second Dinner. Has worked for studios such as Blizzard, Disney, CD Projekt Red, Gearbox, Valve, WotC and more.", "isApprovedCreator": true, "moderationStatus": "ACTIVE", "joinedWaitlistAt": null, "createdAt": "2021-03-14T22:21:24.128538", "migratedToUser": null, "isApprovedForMigrationAt": null, "firstName": null, "lastName": null, "isAdmin": false, "links": {"tiktok": {"handle": "", "platform": "tiktok"}, "twitch": {"handle": "https://www.twitch.tv/jasonkangart", "platform": "twitch"}, "discord": {"handle": "Moose#1132", "platform": "discord"}, "twitter": {"handle": "artofjasonkang", "platform": "twitter"}, "website": {"handle": "artstation.com/jasonkang", "platform": "website"}, "youtube": {"handle": "", "platform": "youtube"}, "facebook": {"handle": "jasonkangart", "platform": "facebook"}, "snapchat": {"handle": "", "platform": "snapchat"}, "instagram": {"handle": "jasonkangart", "platform": "instagram"}}, "acceptedInvite": {"senderPublicKey": "0x38B0B60469e7eE417FcB0c61318E2dc3795Ad261", "redeemerPublicKey": "0x1615C2F35da3dec7AfaA364e2685a7e5964283b1", "redeemedAt": "2021-03-18T19:16:54.3"}, "twitSocialVerifs": [{"id": "35ef491f-bed2-4972-a147-b3627df9c00a", "user": "0x1615C2F35da3dec7AfaA364e2685a7e5964283b1", "createdAt": "2021-03-20T02:24:07.079902", "updatedAt": "2021-03-20T02:24:11.273017", "lastCheckedAt": "2021-03-20T02:24:11.236", "socialVerificationURL": "https://twitter.com/ArtofJasonKang/status/1373096040652410883", "verificationText": "I\u2019m on @withFND \ud83c\udf10 Thanks for the invite @KindredConcepts \n\n0x1615C2F35da3dec7AfaA364e2685a7e5964283b1\n\nhttps://t.co/IGmKGxUVJU", "userId": "4848966874", "username": "ArtofJasonKang", "isValid": true, "service": "TWITTER", "failedReason": null, "status": null}], "instaSocialVerifs": [{"id": "29cb4abf-580b-4cd0-9462-e04b3f341c19", "user": "0x1615C2F35da3dec7AfaA364e2685a7e5964283b1", "createdAt": "2021-04-23T20:08:02.939006", "updatedAt": "2021-04-23T20:08:02.939006", "lastCheckedAt": "2021-04-23T20:08:02.895", "socialVerificationURL": null, "verificationText": null, "userId": "17841402370072976", "username": "jasonkangart", "isValid": true, "service": "INSTAGRAM", "failedReason": null, "status": null}]}, "profileExists": true, "collectors": [{"userIndex": null, "publicKey": "0x1416fade1c88FeBab04124a991AACAB527A8acb8", "username": null, "profileImageUrl": null, "coverImageUrl": null, "name": null, "bio": null, "isApprovedCreator": false, "moderationStatus": "ACTIVE", "joinedWaitlistAt": null, "createdAt": "2021-04-10T21:02:57.496434", "migratedToUser": null, "isApprovedForMigrationAt": null, "follows": [], "highestBidAuctions": [{"endsAt": "2021-04-11T01:52:21"}], "highestBidAuctions_aggregate": {"aggregate": {"count": 1}}}, {"userIndex": null, "publicKey": "0x9C0310876C26100c185F44562b3C9427741188F5", "username": null, "profileImageUrl": null, "coverImageUrl": null, "name": null, "bio": null, "isApprovedCreator": false, "moderationStatus": "ACTIVE", "joinedWaitlistAt": null, "createdAt": "2021-03-24T13:37:18.973114", "migratedToUser": null, "isApprovedForMigrationAt": null, "follows": [], "highestBidAuctions": [{"endsAt": "2021-03-25T14:12:55"}], "highestBidAuctions_aggregate": {"aggregate": {"count": 1}}}], "createdCount": 0}, "__N_SSG": true}, "page": "/[username]", "query": {"username": "0x1615c2f35da3dec7afaa364e2685a7e5964283b1"}, "buildId": "fPHzAE9c9nph2AUK0K_6u", "isFallback": false, "dynamicIds": [33196, 55458, 54746], "gsp": true, "scriptLoader": []}