{"props": {"pageProps": {"username": "0xeb856a782378006488c42933c112311144bf747c", "user": {"userIndex": 17256, "publicKey": "0xeb856a782378006488C42933C112311144BF747c", "username": "Pixi", "profileImageUrl": "https://f8n-production.s3.amazonaws.com/creators/profile/j1jtj83kj-photo-2018-05-05-18-06-27-jpg-oo973h.jpg", "coverImageUrl": "https://f8n-production.s3.amazonaws.com/creators/profile/14p4n5x9g-ceva-jpg-tjttea.jpg", "name": "Juncu OVIDIU", "bio": " Hello my name is Ovidiu, i am a scribble artist, i can make your photos into scribble art with my style art.. very useful for those of you who are looking for gifts to give to loved ones.", "isApprovedCreator": true, "moderationStatus": "ACTIVE", "joinedWaitlistAt": null, "createdAt": "2021-03-11T08:51:15.585729", "migratedToUser": null, "isApprovedForMigrationAt": null, "firstName": null, "lastName": null, "isAdmin": false, "links": {"tiktok": {"handle": "OVIDIU", "platform": "tiktok"}, "twitch": {"handle": "", "platform": "twitch"}, "discord": {"handle": "juncu ovidiu#4272", "platform": "discord"}, "twitter": {"handle": "ovidiujuncu", "platform": "twitter"}, "website": {"handle": "", "platform": "website"}, "youtube": {"handle": "", "platform": "youtube"}, "facebook": {"handle": "juncu.ovidiu", "platform": "facebook"}, "snapchat": {"handle": "Juncu", "platform": "snapchat"}, "instagram": {"handle": "juncu_ovidiu", "platform": "instagram"}}, "acceptedInvite": {"senderPublicKey": "0x003baE53E13fC38337F7C09aC8c08098d65E48dd", "redeemerPublicKey": "0xeb856a782378006488C42933C112311144BF747c", "redeemedAt": "2021-03-20T14:35:42.45"}, "twitSocialVerifs": [{"id": "78f63aa5-1065-441f-905d-709017bb3bdf", "user": "0xeb856a782378006488C42933C112311144BF747c", "createdAt": "2021-03-16T14:33:35.39454", "updatedAt": "2021-03-16T14:33:37.375834", "lastCheckedAt": "2021-03-16T14:33:37.314", "socialVerificationURL": "https://twitter.com/OvidiuJuncu/status/1371831953536782341", "verificationText": "I\u2019m on @withFND \ud83c\udf10\n\n0xeb856a782378006488C42933C112311144BF747c\n\nhttps://t.co/LzUz1C3sx3", "userId": "944841150615228416", "username": "OvidiuJuncu", "isValid": true, "service": "TWITTER", "failedReason": null, "status": null}], "instaSocialVerifs": []}, "profileExists": true, "collectors": [{"userIndex": null, "publicKey": "0x055C5137f047A3696fC6afB8EdecF8b9823c127c", "username": null, "profileImageUrl": null, "coverImageUrl": null, "name": null, "bio": null, "isApprovedCreator": false, "moderationStatus": "ACTIVE", "joinedWaitlistAt": null, "createdAt": "2021-03-21T06:18:07.210718", "migratedToUser": null, "isApprovedForMigrationAt": null, "follows": [], "highestBidAuctions": [{"endsAt": "2021-03-24T12:35:31"}], "highestBidAuctions_aggregate": {"aggregate": {"count": 1}}}, {"userIndex": null, "publicKey": "0xadc27c59b199688074c460e1c9A9019058a653E1", "username": null, "profileImageUrl": null, "coverImageUrl": null, "name": null, "bio": null, "isApprovedCreator": false, "moderationStatus": "ACTIVE", "joinedWaitlistAt": null, "createdAt": "2021-02-26T04:06:38.900861", "migratedToUser": null, "isApprovedForMigrationAt": null, "follows": [], "highestBidAuctions": [{"endsAt": "2021-03-22T06:20:29"}], "highestBidAuctions_aggregate": {"aggregate": {"count": 1}}}, {"userIndex": 31420, "publicKey": "0xE687e816e58cEB199e7DAe6c0C3a440CB7afAd23", "username": "fielski", "profileImageUrl": "", "coverImageUrl": "", "name": "fielski", "bio": "", "isApprovedCreator": false, "moderationStatus": "ACTIVE", "joinedWaitlistAt": null, "createdAt": "2021-03-29T14:27:30.815981", "migratedToUser": null, "isApprovedForMigrationAt": null, "follows": [], "highestBidAuctions": [{"endsAt": "2021-03-30T13:04:20"}], "highestBidAuctions_aggregate": {"aggregate": {"count": 1}}}], "createdCount": 0}, "__N_SSG": true}, "page": "/[username]", "query": {"username": "0xeb856a782378006488c42933c112311144bf747c"}, "buildId": "fPHzAE9c9nph2AUK0K_6u", "isFallback": false, "dynamicIds": [33196, 55458, 54746], "gsp": true, "scriptLoader": []}