{"props": {"pageProps": {"username": "0x6244cf3c0aa695a7c2ea6758bdab3e25b584aaa3", "user": {"userIndex": 20434, "publicKey": "0x6244cf3C0Aa695a7c2Ea6758bdab3e25B584AAa3", "username": "davilorium", "profileImageUrl": "https://f8n-production.s3.amazonaws.com/creators/profile/4qpr5y69n-avataro-jpg-h4spw2.jpg", "coverImageUrl": "https://f8n-production.s3.amazonaws.com/creators/profile/i03w7omrc-florrot-jpg-9jpdft.jpg", "name": "David Orellana", "bio": "New ancient stuff. ", "isApprovedCreator": true, "moderationStatus": "ACTIVE", "joinedWaitlistAt": null, "createdAt": "2021-03-20T14:54:45.133349", "migratedToUser": null, "isApprovedForMigrationAt": null, "firstName": null, "lastName": null, "isAdmin": false, "links": {"tiktok": {"handle": "", "platform": "tiktok"}, "twitch": {"handle": "", "platform": "twitch"}, "discord": {"handle": "", "platform": "discord"}, "twitter": {"handle": "", "platform": "twitter"}, "website": {"handle": "davilorium.com", "platform": "website"}, "youtube": {"handle": "https://www.youtube.com/channel/UCvKmGU8O_jfN7RddTi6Hs4g", "platform": "youtube"}, "facebook": {"handle": "", "platform": "facebook"}, "snapchat": {"handle": "", "platform": "snapchat"}, "instagram": {"handle": "davilorium", "platform": "instagram"}}, "acceptedInvite": {"senderPublicKey": "0xbCDF06d6b6d4f396353A8a01E8b566B924F66516", "redeemerPublicKey": "0x6244cf3C0Aa695a7c2Ea6758bdab3e25B584AAa3", "redeemedAt": "2021-03-20T14:54:50.629"}, "twitSocialVerifs": [{"id": "9ea3c764-1345-4450-b43d-3f704ec832f7", "user": "0x6244cf3C0Aa695a7c2Ea6758bdab3e25B584AAa3", "createdAt": "2021-03-20T15:11:44.217135", "updatedAt": "2021-03-20T15:11:48.391696", "lastCheckedAt": "2021-03-20T15:11:48.384", "socialVerificationURL": "https://twitter.com/davilorium/status/1373291094562246658", "verificationText": "I\u2019m on @withFND \ud83c\udf10\n\n0x6244cf3C0Aa695a7c2Ea6758bdab3e25B584AAa3\n\nhttps://t.co/9KieN1bBo7", "userId": "925842791745359875", "username": "davilorium", "isValid": true, "service": "TWITTER", "failedReason": null, "status": null}], "instaSocialVerifs": [{"id": "1f73f1a7-4311-4f51-858d-ccd20a9586c4", "user": "0x6244cf3C0Aa695a7c2Ea6758bdab3e25B584AAa3", "createdAt": "2021-04-22T10:56:32.000373", "updatedAt": "2021-04-22T10:56:32.000373", "lastCheckedAt": "2021-04-22T10:56:31.975", "socialVerificationURL": null, "verificationText": null, "userId": "17841402925410121", "username": "davilorium", "isValid": true, "service": "INSTAGRAM", "failedReason": null, "status": null}]}, "profileExists": true, "collectors": [], "createdCount": 0}, "__N_SSG": true}, "page": "/[username]", "query": {"username": "0x6244cf3c0aa695a7c2ea6758bdab3e25b584aaa3"}, "buildId": "fPHzAE9c9nph2AUK0K_6u", "isFallback": false, "dynamicIds": [33196, 55458, 54746], "gsp": true, "scriptLoader": []}