{"props": {"pageProps": {"username": "0x49cff72ec2f553c53052b0768902db195d2581fd", "user": {"userIndex": 42933, "publicKey": "0x49Cff72EC2F553c53052B0768902Db195d2581fd", "username": "Vedu980", "profileImageUrl": "https://f8n-production.s3.amazonaws.com/creators/profile/rt2v5az5e-screenshot-39-png-l0zd9e.png", "coverImageUrl": "https://f8n-production.s3.amazonaws.com/creators/profile/b5ao610rx-screenshot-29-png-cjmvo1.png", "name": "Vedika_Saroj", "bio": "3d generalist\nFreelancer\nNft Artist", "isApprovedCreator": true, "moderationStatus": "ACTIVE", "joinedWaitlistAt": "2021-04-10T16:26:47.337", "createdAt": "2021-04-10T16:09:38.887256", "migratedToUser": null, "isApprovedForMigrationAt": null, "firstName": null, "lastName": null, "isAdmin": false, "links": {"tiktok": {"handle": "", "platform": "tiktok"}, "twitch": {"handle": "", "platform": "twitch"}, "discord": {"handle": "vedi#0399", "platform": "discord"}, "twitter": {"handle": "", "platform": "twitter"}, "website": {"handle": "", "platform": "website"}, "youtube": {"handle": "https://www.youtube.com/channel/UCRqa1BaDBhuHEIzeUgzvHpw", "platform": "youtube"}, "facebook": {"handle": "", "platform": "facebook"}, "snapchat": {"handle": "", "platform": "snapchat"}, "instagram": {"handle": "love_day980", "platform": "instagram"}}, "acceptedInvite": {"senderPublicKey": "0xf2463694FFA41d0DD63EF1b8D0C54E3915DeCac6", "redeemerPublicKey": "0x49Cff72EC2F553c53052B0768902Db195d2581fd", "redeemedAt": "2021-04-12T06:58:28.782"}, "twitSocialVerifs": [{"id": "4667948d-fe7a-4c76-80c2-da48fba841d2", "user": "0x49Cff72EC2F553c53052B0768902Db195d2581fd", "createdAt": "2021-04-10T16:21:55.685369", "updatedAt": "2021-04-10T16:21:56.102339", "lastCheckedAt": "2021-04-10T16:21:56.093", "socialVerificationURL": "https://twitter.com/SarojVedika/status/1380916926713499658", "verificationText": "I\u2019m on @withFND \ud83c\udf10\n\n0x49Cff72EC2F553c53052B0768902Db195d2581fd\n\nhttps://t.co/Zk3dFcqklF", "userId": "1380900633750896641", "username": "SarojVedika", "isValid": true, "service": "TWITTER", "failedReason": null, "status": null}], "instaSocialVerifs": [{"id": "6a0bd3e8-ad3c-4027-8c80-2e91c5a1cff1", "user": "0x49Cff72EC2F553c53052B0768902Db195d2581fd", "createdAt": "2021-04-21T20:18:10.145343", "updatedAt": "2021-04-21T20:18:10.145343", "lastCheckedAt": "2021-04-21T20:18:10.141", "socialVerificationURL": null, "verificationText": null, "userId": "17841446603213326", "username": "love_day980", "isValid": true, "service": "INSTAGRAM", "failedReason": null, "status": null}]}, "profileExists": true, "collectors": [], "createdCount": 0}, "__N_SSG": true}, "page": "/[username]", "query": {"username": "0x49cff72ec2f553c53052b0768902db195d2581fd"}, "buildId": "fPHzAE9c9nph2AUK0K_6u", "isFallback": false, "dynamicIds": [33196, 55458, 54746], "gsp": true, "scriptLoader": []}