{"props": {"pageProps": {"username": "0xb1a6d1a455c6e04a1315a89dde7e4703ae0908d6", "user": {"userIndex": null, "publicKey": "0xb1a6d1A455c6E04a1315A89DdE7E4703ae0908D6", "username": null, "profileImageUrl": null, "coverImageUrl": null, "name": null, "bio": null, "isApprovedCreator": false, "moderationStatus": "ACTIVE", "joinedWaitlistAt": null, "createdAt": "2021-04-16T14:30:04.330775", "migratedToUser": null, "isApprovedForMigrationAt": null, "firstName": null, "lastName": null, "isAdmin": false, "links": {}, "acceptedInvite": null, "twitSocialVerifs": [], "instaSocialVerifs": []}, "profileExists": true, "collectors": [], "createdCount": 0}, "__N_SSG": true}, "page": "/[username]", "query": {"username": "0xb1a6d1a455c6e04a1315a89dde7e4703ae0908d6"}, "buildId": "fPHzAE9c9nph2AUK0K_6u", "isFallback": false, "dynamicIds": [33196, 55458, 54746], "gsp": true, "scriptLoader": []}