{"props": {"pageProps": {"username": "0x1d4f137e000a64e13cb22d725016fdce06a3ca97", "user": {"userIndex": 37002, "publicKey": "0x1d4F137E000a64E13cB22d725016FdCE06A3cA97", "username": "JelloMorph", "profileImageUrl": "https://f8n-production.s3.amazonaws.com/creators/profile/jxcdxchwd-prof-jpg-cepgky.jpg", "coverImageUrl": "https://f8n-production.s3.amazonaws.com/creators/profile/ssyw57npp-3000-500-png-k62txo.png", "name": "Emil Keshishian", "bio": "3d CG & VFX artist\nI also create the music for my NFTs", "isApprovedCreator": true, "moderationStatus": "ACTIVE", "joinedWaitlistAt": "2021-04-04T08:33:40.038", "createdAt": "2021-04-04T08:27:13.218896", "migratedToUser": null, "isApprovedForMigrationAt": null, "firstName": null, "lastName": null, "isAdmin": false, "links": {"tiktok": {"handle": "", "platform": "tiktok"}, "twitch": {"handle": "", "platform": "twitch"}, "discord": {"handle": "Emill#8159", "platform": "discord"}, "twitter": {"handle": "", "platform": "twitter"}, "website": {"handle": "linktr.ee/jellomorph", "platform": "website"}, "youtube": {"handle": "", "platform": "youtube"}, "facebook": {"handle": "", "platform": "facebook"}, "snapchat": {"handle": "", "platform": "snapchat"}, "instagram": {"handle": "JelloMorph", "platform": "instagram"}}, "acceptedInvite": null, "twitSocialVerifs": [{"id": "0c094d22-7114-4ee1-b7fe-650e320eadcf", "user": "0x1d4F137E000a64E13cB22d725016FdCE06A3cA97", "createdAt": "2021-04-04T08:28:50.630895", "updatedAt": "2021-04-04T08:28:55.718785", "lastCheckedAt": "2021-04-04T08:28:55.697", "socialVerificationURL": "https://twitter.com/JelloMorph/status/1378625518942162946?s=20", "verificationText": "I\u2019m on @withFND \ud83c\udf10\n\n0x1d4F137E000a64E13cB22d725016FdCE06A3cA97\n\nhttps://t.co/3gY5bWQtnk", "userId": "1377924613066330115", "username": "JelloMorph", "isValid": true, "service": "TWITTER", "failedReason": null, "status": null}], "instaSocialVerifs": [{"id": "90c6242f-f87e-4e9e-9d0b-750a0f82295a", "user": "0x1d4F137E000a64E13cB22d725016FdCE06A3cA97", "createdAt": "2021-04-20T12:41:12.160119", "updatedAt": "2021-04-20T12:41:12.160119", "lastCheckedAt": "2021-04-20T12:41:12.154", "socialVerificationURL": null, "verificationText": null, "userId": "17841423251926937", "username": "jellomorph", "isValid": true, "service": "INSTAGRAM", "failedReason": null, "status": null}]}, "profileExists": true, "collectors": [], "createdCount": 0}, "__N_SSG": true}, "page": "/[username]", "query": {"username": "0x1d4f137e000a64e13cb22d725016fdce06a3ca97"}, "buildId": "fPHzAE9c9nph2AUK0K_6u", "isFallback": false, "dynamicIds": [33196, 55458, 54746], "gsp": true, "scriptLoader": []}