{"props": {"pageProps": {"username": "0x77f9b23de83d6e27012ae45b550d645e5b7461dc", "user": {"userIndex": 20036, "publicKey": "0x77f9B23DE83D6e27012aE45b550D645E5b7461dc", "username": "MindSqueeZe", "profileImageUrl": "https://f8n-production.s3.amazonaws.com/creators/profile/alaoab44p-redme6-png-3mnwq7.png", "coverImageUrl": "", "name": "Martin Knight", "bio": "", "isApprovedCreator": false, "moderationStatus": "ACTIVE", "joinedWaitlistAt": "2021-04-01T23:59:04.671", "createdAt": "2021-03-07T19:37:17.312223", "migratedToUser": null, "isApprovedForMigrationAt": null, "firstName": null, "lastName": null, "isAdmin": false, "links": {"tiktok": {"handle": "", "platform": "tiktok"}, "twitch": {"handle": "", "platform": "twitch"}, "discord": {"handle": "", "platform": "discord"}, "twitter": {"handle": "mkmindsqueeze", "platform": "twitter"}, "website": {"handle": "", "platform": "website"}, "youtube": {"handle": "", "platform": "youtube"}, "facebook": {"handle": "", "platform": "facebook"}, "snapchat": {"handle": "", "platform": "snapchat"}, "instagram": {"handle": "mindsqueeze", "platform": "instagram"}}, "acceptedInvite": null, "twitSocialVerifs": [{"id": "fdd51d15-6321-42c6-b3a9-78edcc4cd113", "user": "0x77f9B23DE83D6e27012aE45b550D645E5b7461dc", "createdAt": "2021-04-01T23:58:32.477111", "updatedAt": "2021-04-01T23:58:37.531257", "lastCheckedAt": "2021-04-01T23:58:37.514", "socialVerificationURL": "https://twitter.com/mkmindsqueeze/status/1377772345696342018", "verificationText": "Look deep through to see the real beauty in all that's around you.\n\nSometimes things aren't as they seem and sometimes as clear as a bright blue sky.\n\nI\u2019m on @withFND \ud83c\udf10\n\n0x77f9B23DE83D6e27012aE45b550D645E5b7461dc\n\nhttps://t.co/4SWJsqw4FM https://t.co/JWeDTLJWjW", "userId": "526582004", "username": "mkmindsqueeze", "isValid": true, "service": "TWITTER", "failedReason": null, "status": null}], "instaSocialVerifs": []}, "profileExists": true, "collectors": [], "createdCount": 0}, "__N_SSG": true}, "page": "/[username]", "query": {"username": "0x77f9b23de83d6e27012ae45b550d645e5b7461dc"}, "buildId": "fPHzAE9c9nph2AUK0K_6u", "isFallback": false, "dynamicIds": [33196, 55458, 54746], "gsp": true, "scriptLoader": []}