{"props": {"pageProps": {"username": "0x253c99ee69a6d62481960784548f6bf340320296", "user": {"userIndex": 17324, "publicKey": "0x253C99ee69a6d62481960784548F6Bf340320296", "username": "gabrielschama", "profileImageUrl": "https://f8n-production.s3.amazonaws.com/creators/profile/6q0wtw80q-gabriel-profile-jpg-jkvh7e.jpg", "coverImageUrl": "https://f8n-production.s3.amazonaws.com/creators/profile/mhkazhjkq-infinity-loop-header-foundation-final-11-gif-fv9lm6.gif", "name": "Gabriel Schama", "bio": "Oakland-based artist Gabriel Schama creates densely layered physical forms using laser cut wood brought to life with  digital rendered 3D light art projection mapped onto his sculptures. ", "isApprovedCreator": true, "moderationStatus": "ACTIVE", "joinedWaitlistAt": null, "createdAt": "2021-03-16T15:48:00.378475", "migratedToUser": null, "isApprovedForMigrationAt": null, "firstName": null, "lastName": null, "isAdmin": false, "links": {"tiktok": {"handle": "", "platform": "tiktok"}, "twitch": {"handle": "", "platform": "twitch"}, "discord": {"handle": "", "platform": "discord"}, "twitter": {"handle": "GabrielSchama", "platform": "twitter"}, "website": {"handle": "https://www.gabrielschama.com/", "platform": "website"}, "youtube": {"handle": "", "platform": "youtube"}, "facebook": {"handle": "GabrielAHSchama", "platform": "facebook"}, "snapchat": {"handle": "", "platform": "snapchat"}, "instagram": {"handle": "gabrielschama", "platform": "instagram"}}, "acceptedInvite": {"senderPublicKey": "0xFbC61be3798AC4043eAA31F6224B9A46E8C93E20", "redeemerPublicKey": "0x253C99ee69a6d62481960784548F6Bf340320296", "redeemedAt": "2021-03-16T15:49:57.169"}, "twitSocialVerifs": [{"id": "a004a618-88a9-4b54-8459-421dce205f29", "user": "0x253C99ee69a6d62481960784548F6Bf340320296", "createdAt": "2021-03-20T12:58:41.941933", "updatedAt": "2021-03-20T12:58:46.278537", "lastCheckedAt": "2021-03-20T12:58:46.222", "socialVerificationURL": "https://twitter.com/SchamaGabriel/status/1373257611806670849", "verificationText": "I\u2019m on @withFND \ud83c\udf10\n\n0x253C99ee69a6d62481960784548F6Bf340320296\n\nhttps://t.co/Yd6Eb6HcMw", "userId": "1373242845088333827", "username": "SchamaGabriel", "isValid": true, "service": "TWITTER", "failedReason": null, "status": null}], "instaSocialVerifs": []}, "profileExists": true, "collectors": [{"userIndex": 27927, "publicKey": "0xb66c7554181E1e562A9446Aa003eC8C48dC91DB7", "username": "ez888", "profileImageUrl": "", "coverImageUrl": "", "name": "EZ888", "bio": "Universe listener", "isApprovedCreator": false, "moderationStatus": "ACTIVE", "joinedWaitlistAt": null, "createdAt": "2021-03-12T19:25:54.593971", "migratedToUser": null, "isApprovedForMigrationAt": null, "follows": [], "highestBidAuctions": [{"endsAt": "2021-03-22T05:24:15"}], "highestBidAuctions_aggregate": {"aggregate": {"count": 1}}}, {"userIndex": 68609, "publicKey": "0xcF2299d47842e91DF11170Dd840ce494038CA201", "username": "1821", "profileImageUrl": "https://f8n-production.s3.amazonaws.com/creators/profile/bgsskdfko-8b2fc455-e693-4f6b-be83-660151e8cffb-png-j9g4ll.png", "coverImageUrl": "", "name": "yn1c", "bio": "", "isApprovedCreator": false, "moderationStatus": "ACTIVE", "joinedWaitlistAt": null, "createdAt": "2021-03-25T00:43:37.285785", "migratedToUser": null, "isApprovedForMigrationAt": null, "follows": [], "highestBidAuctions": [{"endsAt": "2021-03-26T00:44:58"}], "highestBidAuctions_aggregate": {"aggregate": {"count": 1}}}], "createdCount": 0}, "__N_SSG": true}, "page": "/[username]", "query": {"username": "0x253c99ee69a6d62481960784548f6bf340320296"}, "buildId": "fPHzAE9c9nph2AUK0K_6u", "isFallback": false, "dynamicIds": [33196, 55458, 54746], "gsp": true, "scriptLoader": []}