{"props": {"pageProps": {"username": "0x00c5407980d3a9e30307617d2674f4c62d94936c", "user": {"userIndex": 76285, "publicKey": "0x00c5407980d3A9e30307617d2674F4c62d94936c", "username": "amirza13", "profileImageUrl": "https://f8n-production.s3.amazonaws.com/creators/profile/cq5vpivfx-1-jpg-mmun7o.jpg", "coverImageUrl": "https://f8n-production.s3.amazonaws.com/creators/profile/m25a3wdmk-6eth-jpg-ge5egh.jpg", "name": "AMEEN MIRZA", "bio": " Art Architecture Photography\n---------------------\n\n\n\n------------------------------------\n\nMay the art shower joy on you .", "isApprovedCreator": true, "moderationStatus": "ACTIVE", "joinedWaitlistAt": null, "createdAt": "2021-06-09T17:49:17.351243", "migratedToUser": null, "isApprovedForMigrationAt": null, "firstName": null, "lastName": null, "isAdmin": false, "links": {"tiktok": {"handle": "", "platform": "tiktok"}, "twitch": {"handle": "", "platform": "twitch"}, "discord": {"handle": "", "platform": "discord"}, "twitter": {"handle": "", "platform": "twitter"}, "website": {"handle": "", "platform": "website"}, "youtube": {"handle": "", "platform": "youtube"}, "facebook": {"handle": "", "platform": "facebook"}, "snapchat": {"handle": "", "platform": "snapchat"}, "instagram": {"handle": "", "platform": "instagram"}}, "acceptedInvite": {"senderPublicKey": "0x951360e606587AB33EbcAD952593b2FC99D68c3a", "redeemerPublicKey": "0x00c5407980d3A9e30307617d2674F4c62d94936c", "redeemedAt": "2021-06-17T11:51:15.025"}, "twitSocialVerifs": [{"id": "3c54d9fe-0c98-48e7-89bb-1305483c9603", "user": "0x00c5407980d3A9e30307617d2674F4c62d94936c", "createdAt": "2021-06-27T19:00:40.409074", "updatedAt": "2021-06-27T19:00:42.799078", "lastCheckedAt": "2021-06-27T19:00:42.783", "socialVerificationURL": "https://twitter.com/MirzaAmn13/status/1409224960263036932", "verificationText": "I\u2019m on @withFND \ud83c\udf10\n\n0x00c5407980d3A9e30307617d2674F4c62d94936c\n\nhttps://t.co/AvwD5zwXAq", "userId": "1362456987276042240", "username": "MirzaAmn13", "isValid": true, "service": "TWITTER", "failedReason": null, "status": null}], "instaSocialVerifs": [{"id": "8bc0bf82-0cb3-4b29-a608-ed40a389cc1f", "user": "0x00c5407980d3A9e30307617d2674F4c62d94936c", "createdAt": "2021-06-27T18:58:55.561484", "updatedAt": "2021-06-27T18:58:55.561484", "lastCheckedAt": "2021-06-27T18:58:55.543", "socialVerificationURL": null, "verificationText": null, "userId": "17841401411476702", "username": "amn_mirza", "isValid": true, "service": "INSTAGRAM", "failedReason": null, "status": null}]}, "profileExists": true, "collectors": [{"userIndex": 83753, "publicKey": "0x0F0eAE91990140C560D4156DB4f00c854Dc8F09E", "username": "VincentVanDough", "profileImageUrl": "https://f8n-production.s3.amazonaws.com/creators/profile/z8l5f6hfv-meow-jpeg-ia94r3.jpeg", "coverImageUrl": "https://f8n-production.s3.amazonaws.com/creators/profile/48jyyg7i1-nft-jpeg-t587ot.jpeg", "name": "VincentVanDough", "bio": "Purveyor of shitcoins and fine art  \n\ncontact: mastersplnter@protonmail.com\n\navatar: MEOWSHI by @0xlacroix\n\ncover image: Tri-World by @sahredtoy", "isApprovedCreator": false, "moderationStatus": "ACTIVE", "joinedWaitlistAt": null, "createdAt": "2021-07-06T01:47:27.724556", "migratedToUser": null, "isApprovedForMigrationAt": null, "follows": [], "highestBidAuctions": [{"endsAt": "2021-07-28T17:17:40"}], "highestBidAuctions_aggregate": {"aggregate": {"count": 2}}}, {"userIndex": 80267, "publicKey": "0x36b7F05eFc2D3694E7b8F0F91DD4296dd2656d4a", "username": "khateva", "profileImageUrl": "https://f8n-production.s3.amazonaws.com/creators/profile/u91kgpfas-fame-lady-squad-no-3540-png-7wmg0o.png", "coverImageUrl": "", "name": "Khateva", "bio": "", "isApprovedCreator": false, "moderationStatus": "ACTIVE", "joinedWaitlistAt": null, "createdAt": "2021-06-23T23:02:28.793517", "migratedToUser": null, "isApprovedForMigrationAt": null, "follows": [], "highestBidAuctions": [{"endsAt": "2021-06-28T19:40:52"}], "highestBidAuctions_aggregate": {"aggregate": {"count": 1}}}], "createdCount": 0}, "__N_SSG": true}, "page": "/[username]", "query": {"username": "0x00c5407980d3a9e30307617d2674f4c62d94936c"}, "buildId": "fPHzAE9c9nph2AUK0K_6u", "isFallback": false, "dynamicIds": [33196, 55458, 54746], "gsp": true, "scriptLoader": []}