{"props": {"pageProps": {"username": "0x45ecce98766777e70c506002bf57b5d829349529", "user": {"userIndex": 48736, "publicKey": "0x45eCCe98766777E70C506002BF57B5D829349529", "username": "sy", "profileImageUrl": "https://f8n-production.s3.amazonaws.com/creators/profile/ulytv0kkv-through-png-ju21ti.png", "coverImageUrl": "https://f8n-production.s3.amazonaws.com/creators/profile/waxolu9ed-twit-header-jpg-vrr3ed.jpg", "name": "Sayed", "bio": "Landscape photographer/digital artist although pretty focused on digital art nowadays. \n\nYou can find my photography on: 500px.com/isayedk  ", "isApprovedCreator": true, "moderationStatus": "ACTIVE", "joinedWaitlistAt": "2021-04-15T11:33:11.005", "createdAt": "2021-04-02T11:51:57.012823", "migratedToUser": null, "isApprovedForMigrationAt": null, "firstName": null, "lastName": null, "isAdmin": false, "links": {"tiktok": {"handle": "", "platform": "tiktok"}, "twitch": {"handle": "", "platform": "twitch"}, "discord": {"handle": "isayedk#9043", "platform": "discord"}, "twitter": {"handle": "", "platform": "twitter"}, "website": {"handle": "", "platform": "website"}, "youtube": {"handle": "", "platform": "youtube"}, "facebook": {"handle": "", "platform": "facebook"}, "snapchat": {"handle": "", "platform": "snapchat"}, "instagram": {"handle": "blazedwork", "platform": "instagram"}}, "acceptedInvite": {"senderPublicKey": "0xddB8BE9226B3Bdac7e784d337f14EDc419a55799", "redeemerPublicKey": "0x45eCCe98766777E70C506002BF57B5D829349529", "redeemedAt": "2021-04-27T19:15:04.043"}, "twitSocialVerifs": [{"id": "d065aa86-7b6d-4653-b216-77f0d1c8d6e3", "user": "0x45eCCe98766777E70C506002BF57B5D829349529", "createdAt": "2021-04-15T11:32:42.000083", "updatedAt": "2021-04-15T11:32:47.34807", "lastCheckedAt": "2021-04-15T11:32:47.289", "socialVerificationURL": "https://twitter.com/isayedk/status/1382657995201409031?s=20", "verificationText": "I\u2019m on @withFND \ud83c\udf10\n\n0x45eCCe98766777E70C506002BF57B5D829349529\n\nhttps://t.co/8VZyB3CLng", "userId": "978506768", "username": "isayedk", "isValid": true, "service": "TWITTER", "failedReason": null, "status": null}], "instaSocialVerifs": [{"id": "09719ebe-1ea0-48c8-a866-fef362ac50a8", "user": "0x45eCCe98766777E70C506002BF57B5D829349529", "createdAt": "2021-04-20T07:38:56.630448", "updatedAt": "2021-04-20T07:38:56.630448", "lastCheckedAt": "2021-04-20T07:38:56.612", "socialVerificationURL": null, "verificationText": null, "userId": "17841414243393414", "username": "blazedwork", "isValid": true, "service": "INSTAGRAM", "failedReason": null, "status": null}]}, "profileExists": true, "collectors": [], "createdCount": 0}, "__N_SSG": true}, "page": "/[username]", "query": {"username": "0x45ecce98766777e70c506002bf57b5d829349529"}, "buildId": "fPHzAE9c9nph2AUK0K_6u", "isFallback": false, "dynamicIds": [33196, 55458, 54746], "gsp": true, "scriptLoader": []}