{"props": {"pageProps": {"username": "0x44b7a71c2a5c1d511c59cc09ee1b641612e66460", "user": {"userIndex": 23325, "publicKey": "0x44B7a71C2A5C1D511C59CC09Ee1b641612e66460", "username": "silverbrush", "profileImageUrl": "https://f8n-production.s3.amazonaws.com/creators/profile/eyeyyn7ss-img-20210520-162805-01-2-jpeg-ggjk7t.jpeg", "coverImageUrl": "https://f8n-production.s3.amazonaws.com/creators/profile/mk4zqal5n-silverbrush-png-0doqs1.png", "name": "Silverbrush", "bio": "I\u2019m Chris Blair, popularly known as Silverbrush. I'm a self taught multidisciplinary artist. I practice figurative surrealism.", "isApprovedCreator": true, "moderationStatus": "ACTIVE", "joinedWaitlistAt": null, "createdAt": "2021-03-23T12:53:45.433448", "migratedToUser": null, "isApprovedForMigrationAt": null, "firstName": null, "lastName": null, "isAdmin": false, "links": {"tiktok": {"handle": "", "platform": "tiktok"}, "twitch": {"handle": "", "platform": "twitch"}, "discord": {"handle": "silverbrush#0853", "platform": "discord"}, "twitter": {"handle": "", "platform": "twitter"}, "website": {"handle": "linktr.ee/silverbrush", "platform": "website"}, "youtube": {"handle": "", "platform": "youtube"}, "facebook": {"handle": "", "platform": "facebook"}, "snapchat": {"handle": "", "platform": "snapchat"}, "instagram": {"handle": "silver_brush", "platform": "instagram"}}, "acceptedInvite": {"senderPublicKey": "0xC3540cBB571Cf476F1b6F1AeA90d89cA012EDb6C", "redeemerPublicKey": "0x44B7a71C2A5C1D511C59CC09Ee1b641612e66460", "redeemedAt": "2021-04-17T07:06:01.922"}, "twitSocialVerifs": [{"id": "9d2d3f79-8365-4507-8965-4685f119ee37", "user": "0x44B7a71C2A5C1D511C59CC09Ee1b641612e66460", "createdAt": "2021-05-14T08:11:11.956554", "updatedAt": "2021-05-14T08:11:14.101293", "lastCheckedAt": "2021-05-14T08:11:14.099", "socialVerificationURL": "https://twitter.com/bysilverbrush/status/1393116496998526977?s=19", "verificationText": "I\u2019m on @withFND \ud83c\udf10 on my mobile! You can now link your wallets. Let's connect FND fam! Drop your links below so I can follow you. \ud83d\ude0a\n#foundation #fndinvite #nftfam #nfts #nftcollectors\n0x44B7a71C2A5C1D511C59CC09Ee1b641612e66460\n\nhttps://t.co/sxNJ46o3JO", "userId": "962393423356375040", "username": "bysilverbrush", "isValid": true, "service": "TWITTER", "failedReason": null, "status": null}], "instaSocialVerifs": [{"id": "dd8acc06-ba7d-4936-8ec5-87c31fb84ff4", "user": "0x44B7a71C2A5C1D511C59CC09Ee1b641612e66460", "createdAt": "2021-04-22T08:09:25.467878", "updatedAt": "2021-04-22T08:09:25.467878", "lastCheckedAt": "2021-04-22T08:09:25.443", "socialVerificationURL": null, "verificationText": null, "userId": "17841400204201363", "username": "silver_brush", "isValid": true, "service": "INSTAGRAM", "failedReason": null, "status": null}]}, "profileExists": true, "collectors": [{"userIndex": 82775, "publicKey": "0x28DB1d009366051b0c9442AD4f3a3d13A0D1B2E7", "username": "Karma5", "profileImageUrl": "https://f8n-production.s3.amazonaws.com/creators/profile/xpl5rz83j-what-is-karma-1-0-jpg-7634mu.jpg", "coverImageUrl": "", "name": "Karma", "bio": "", "isApprovedCreator": false, "moderationStatus": "ACTIVE", "joinedWaitlistAt": null, "createdAt": "2021-06-28T10:06:52.645574", "migratedToUser": null, "isApprovedForMigrationAt": null, "follows": [], "highestBidAuctions": [{"endsAt": "2021-07-07T12:17:25"}], "highestBidAuctions_aggregate": {"aggregate": {"count": 1}}}], "createdCount": 0}, "__N_SSG": true}, "page": "/[username]", "query": {"username": "0x44b7a71c2a5c1d511c59cc09ee1b641612e66460"}, "buildId": "fPHzAE9c9nph2AUK0K_6u", "isFallback": false, "dynamicIds": [33196, 55458, 54746], "gsp": true, "scriptLoader": []}