{"props": {"pageProps": {"username": "0x05000da2622fa7b47db3d9ce086e6f48aa1f88f8", "user": {"userIndex": 37407, "publicKey": "0x05000DA2622fA7b47db3d9CE086e6f48AA1F88f8", "username": "eCOTchArt", "profileImageUrl": "https://f8n-production.s3.amazonaws.com/creators/profile/kx9cwh1cc-fondation-prof-jpg-8vs3qc.jpg", "coverImageUrl": "https://f8n-production.s3.amazonaws.com/creators/profile/idszdo0py-fondation-head-jpg-qkvr7o.jpg", "name": "eCOTchArt", "bio": "Art Director. \nEffect of the collective on the individual, illusion, distortion and messengers is at the heart of my work. \nNext art project will be presented first in San Diego and Montreal, by 2022.", "isApprovedCreator": true, "moderationStatus": "ACTIVE", "joinedWaitlistAt": null, "createdAt": "2021-03-29T23:18:24.799579", "migratedToUser": null, "isApprovedForMigrationAt": null, "firstName": null, "lastName": null, "isAdmin": false, "links": {"tiktok": {"handle": "", "platform": "tiktok"}, "twitch": {"handle": "", "platform": "twitch"}, "discord": {"handle": "", "platform": "discord"}, "twitter": {"handle": "", "platform": "twitter"}, "website": {"handle": "https://cot3djob.myportfolio.com/", "platform": "website"}, "youtube": {"handle": "", "platform": "youtube"}, "facebook": {"handle": "", "platform": "facebook"}, "snapchat": {"handle": "", "platform": "snapchat"}, "instagram": {"handle": "https://www.instagram.com/cotsketch/", "platform": "instagram"}}, "acceptedInvite": {"senderPublicKey": "0x2783d6A9448dcC72ed48495F56c0AD0736C0F8B2", "redeemerPublicKey": "0x05000DA2622fA7b47db3d9CE086e6f48AA1F88f8", "redeemedAt": "2021-04-04T21:24:59.098"}, "twitSocialVerifs": [{"id": "f9ef9fd2-14ca-4c73-8278-3dfd9f019119", "user": "0x05000DA2622fA7b47db3d9CE086e6f48AA1F88f8", "createdAt": "2021-04-04T17:40:51.983487", "updatedAt": "2021-04-04T17:40:53.978461", "lastCheckedAt": "2021-04-04T17:40:53.971", "socialVerificationURL": "https://twitter.com/eCOTchArt1/status/1378764156543725572?s=20", "verificationText": "I\u2019m on @withFND \ud83c\udf10\n\n0x05000DA2622fA7b47db3d9CE086e6f48AA1F88f8\n\nhttps://t.co/pBmHXHAHYh", "userId": "1371979390897201155", "username": "eCOTchArt1", "isValid": true, "service": "TWITTER", "failedReason": null, "status": null}], "instaSocialVerifs": [{"id": "65f1693f-9a29-429e-8f8d-ed172ca32af9", "user": "0x05000DA2622fA7b47db3d9CE086e6f48AA1F88f8", "createdAt": "2021-07-07T14:18:06.858105", "updatedAt": "2021-07-07T14:18:06.858105", "lastCheckedAt": "2021-07-07T14:18:06.821", "socialVerificationURL": null, "verificationText": null, "userId": "17841416224767935", "username": "cotsketch", "isValid": true, "service": "INSTAGRAM", "failedReason": null, "status": null}]}, "profileExists": true, "collectors": [{"userIndex": 73116, "publicKey": "0x2a3C2e3b6e18639a30018A26041d1cC64Fbe9359", "username": "noobeco", "profileImageUrl": "https://f8n-production.s3.amazonaws.com/creators/profile/jnucb05bb-screen-shot-2021-06-02-at-12-25-06-am-png-bwzo8k.png", "coverImageUrl": "https://f8n-production.s3.amazonaws.com/creators/profile/gjxi8bgzg-noobeco-bg-png-9gztxg.png", "name": "noobeco", "bio": "Noob Economy, Noob Ecology,  Noob & Co.", "isApprovedCreator": false, "moderationStatus": "ACTIVE", "joinedWaitlistAt": null, "createdAt": "2021-06-01T02:51:17.638398", "migratedToUser": null, "isApprovedForMigrationAt": null, "follows": [], "highestBidAuctions": [{"endsAt": "2021-06-02T03:33:00"}], "highestBidAuctions_aggregate": {"aggregate": {"count": 1}}}], "createdCount": 0}, "__N_SSG": true}, "page": "/[username]", "query": {"username": "0x05000da2622fa7b47db3d9ce086e6f48aa1f88f8"}, "buildId": "fPHzAE9c9nph2AUK0K_6u", "isFallback": false, "dynamicIds": [33196, 55458, 54746], "gsp": true, "scriptLoader": []}