{"props": {"pageProps": {"username": "0x62e5f581db2d03928e5f318ec332368bf1bc7567", "user": {"userIndex": 1889, "publicKey": "0x62e5f581Db2d03928E5F318Ec332368Bf1bC7567", "username": "madkrtek", "profileImageUrl": "https://f8n-production.s3.amazonaws.com/creators/profile/rhgf6qks3-174d7d81-ba4a-4b5a-b273-16b30a824cdb-7faeb4a5-6d98-4601-989f-55760fad5f0a-jpg-5clk6i.JPG", "coverImageUrl": "", "name": "Igor Yakunin", "bio": "Hi!\n3D artist | Prague | visual and audio experience | CG simulations |\n\nI was involved in the visual world from editing VHS in childhood to making whole cycle production for RedBull media house. ", "isApprovedCreator": true, "moderationStatus": "ACTIVE", "joinedWaitlistAt": null, "createdAt": "2021-02-18T17:18:02.358061", "migratedToUser": null, "isApprovedForMigrationAt": null, "firstName": null, "lastName": null, "isAdmin": false, "links": {"tiktok": {"handle": "", "platform": "tiktok"}, "twitch": {"handle": "", "platform": "twitch"}, "discord": {"handle": "backstrom#4610", "platform": "discord"}, "twitter": {"handle": "ibackstrom", "platform": "twitter"}, "website": {"handle": "", "platform": "website"}, "youtube": {"handle": "", "platform": "youtube"}, "facebook": {"handle": "", "platform": "facebook"}, "snapchat": {"handle": "", "platform": "snapchat"}, "instagram": {"handle": "madkrtek", "platform": "instagram"}}, "acceptedInvite": {"senderPublicKey": "0x6D256Bed8a2DFFff8eb3A687c9e4001fe33C4A32", "redeemerPublicKey": "0x62e5f581Db2d03928E5F318Ec332368Bf1bC7567", "redeemedAt": "2021-02-18T17:18:16.409"}, "twitSocialVerifs": [{"id": "dc16221e-f53c-4812-ab89-92b055806fd3", "user": "0x62e5f581Db2d03928E5F318Ec332368Bf1bC7567", "createdAt": "2021-03-09T10:54:19.098025", "updatedAt": "2021-03-09T10:54:21.569585", "lastCheckedAt": "2021-03-09T10:54:21.455", "socialVerificationURL": "https://twitter.com/ibackstrom/status/1369239986227314688", "verificationText": "I\u2019m on @withFND \ud83c\udf10\n\n0x62e5f581Db2d03928E5F318Ec332368Bf1bC7567\n\nhttps://t.co/u7rUCgCCC1", "userId": "426551267", "username": "ibackstrom", "isValid": true, "service": "TWITTER", "failedReason": null, "status": null}], "instaSocialVerifs": [{"id": "acf78482-2aea-41aa-af06-7be2df15a9f0", "user": "0x62e5f581Db2d03928E5F318Ec332368Bf1bC7567", "createdAt": "2021-04-30T20:34:01.149602", "updatedAt": "2021-04-30T20:34:01.149602", "lastCheckedAt": "2021-04-30T20:34:01.092", "socialVerificationURL": null, "verificationText": null, "userId": "17841426409870226", "username": "madkrtek", "isValid": true, "service": "INSTAGRAM", "failedReason": null, "status": null}]}, "profileExists": true, "collectors": [{"userIndex": 3725, "publicKey": "0x0150B0ec3c7b72879FbfdbDD79c18a8368B194E0", "username": "Aito", "profileImageUrl": "https://f8n-production.s3.amazonaws.com/creators/profile/6rfsu1wgr-te-le-chargement-jpeg-ou9rte.jpeg", "coverImageUrl": "", "name": "Aito", "bio": "a r t ", "isApprovedCreator": false, "moderationStatus": "ACTIVE", "joinedWaitlistAt": null, "createdAt": "2021-02-25T15:46:03.219345", "migratedToUser": null, "isApprovedForMigrationAt": null, "follows": [], "highestBidAuctions": [{"endsAt": "2021-03-01T12:42:01"}], "highestBidAuctions_aggregate": {"aggregate": {"count": 1}}}, {"userIndex": 5218, "publicKey": "0x39d28EC3832a5914970F44D411d17bcbd413708F", "username": "AR_Gallery", "profileImageUrl": "", "coverImageUrl": "", "name": "AR Gallery", "bio": "", "isApprovedCreator": false, "moderationStatus": "ACTIVE", "joinedWaitlistAt": null, "createdAt": "2021-03-01T16:17:15.742773", "migratedToUser": null, "isApprovedForMigrationAt": null, "follows": [], "highestBidAuctions": [{"endsAt": "2021-03-01T18:28:55"}], "highestBidAuctions_aggregate": {"aggregate": {"count": 1}}}, {"userIndex": null, "publicKey": "0x66AEB2DBF361fc88870742355407da8a75A1438F", "username": null, "profileImageUrl": null, "coverImageUrl": null, "name": null, "bio": null, "isApprovedCreator": false, "moderationStatus": "ACTIVE", "joinedWaitlistAt": null, "createdAt": "2021-02-28T07:38:39.783846", "migratedToUser": null, "isApprovedForMigrationAt": null, "follows": [], "highestBidAuctions": [{"endsAt": "2021-02-28T20:09:49"}], "highestBidAuctions_aggregate": {"aggregate": {"count": 1}}}, {"userIndex": 1794, "publicKey": "0xF6AdB52Dc86370555A46AeAE9a5BDa1613B08892", "username": "Captvart", "profileImageUrl": "https://f8n-production.s3.amazonaws.com/creators/profile/u08ej3hkd-captvfont-1609428868489-jpg-wsa4zg.jpg", "coverImageUrl": "https://f8n-production.s3.amazonaws.com/creators/profile/o2cife4pf-astro-butterflies-jpg-0a23ai.jpg", "name": "Cameron Burns", "bio": "I am a 3d artist who loves to tell stories through art", "isApprovedCreator": true, "moderationStatus": "ACTIVE", "joinedWaitlistAt": null, "createdAt": "2021-02-18T05:13:28.471184", "migratedToUser": null, "isApprovedForMigrationAt": null, "follows": [], "highestBidAuctions": [{"endsAt": "2021-03-01T18:49:53"}], "highestBidAuctions_aggregate": {"aggregate": {"count": 1}}}, {"userIndex": 15095, "publicKey": "0xFB2337f4FeF5682283565A156AEC1d25d8c4AA31", "username": "arumakan", "profileImageUrl": "", "coverImageUrl": "", "name": "", "bio": "", "isApprovedCreator": false, "moderationStatus": "ACTIVE", "joinedWaitlistAt": null, "createdAt": "2021-03-14T02:33:22.96913", "migratedToUser": null, "isApprovedForMigrationAt": null, "follows": [], "highestBidAuctions": [{"endsAt": "2021-03-15T17:39:14"}], "highestBidAuctions_aggregate": {"aggregate": {"count": 1}}}], "createdCount": 0}, "__N_SSG": true}, "page": "/[username]", "query": {"username": "0x62e5f581db2d03928e5f318ec332368bf1bc7567"}, "buildId": "fPHzAE9c9nph2AUK0K_6u", "isFallback": false, "dynamicIds": [33196, 55458, 54746], "gsp": true, "scriptLoader": []}