{"props": {"pageProps": {"username": "0xd5985c717369cc0acf4b801ad3d6b46ff06e5364", "user": {"userIndex": 62587, "publicKey": "0xd5985c717369Cc0aCF4b801aD3D6B46Ff06E5364", "username": "n3d-studios", "profileImageUrl": "https://f8n-production.s3.amazonaws.com/creators/profile/hlrpe99k9-niclas-dreier-creative-profile-ndc-small2-jpg-pc74sh.jpg", "coverImageUrl": "https://f8n-production.s3.amazonaws.com/creators/profile/2wardlyp1-1440x260-banner2-jpg-a8gqp9.jpg", "name": "Niclas Dreier", "bio": "18 years old digital sculptor based in Germany who has realized his dream. \ud83c\udfa8\ud83d\ude80", "isApprovedCreator": true, "moderationStatus": "ACTIVE", "joinedWaitlistAt": null, "createdAt": "2021-05-06T16:18:27.916616", "migratedToUser": null, "isApprovedForMigrationAt": null, "firstName": null, "lastName": null, "isAdmin": false, "links": {"tiktok": {"handle": "", "platform": "tiktok"}, "twitch": {"handle": "", "platform": "twitch"}, "discord": {"handle": "", "platform": "discord"}, "twitter": {"handle": "", "platform": "twitter"}, "website": {"handle": "en.nd-creative.de", "platform": "website"}, "youtube": {"handle": "https://www.youtube.com/channel/UCg55xi9dwV1MbJn0fkupREQ", "platform": "youtube"}, "facebook": {"handle": "", "platform": "facebook"}, "snapchat": {"handle": "", "platform": "snapchat"}, "instagram": {"handle": "", "platform": "instagram"}}, "acceptedInvite": {"senderPublicKey": "0x7BD1578afb0eEa1a646086FF3086ff1c958fE2C4", "redeemerPublicKey": "0xd5985c717369Cc0aCF4b801aD3D6B46Ff06E5364", "redeemedAt": "2021-05-11T07:20:36.706"}, "twitSocialVerifs": [{"id": "359581fa-bb9e-42db-b5d8-f4627430162f", "user": "0xd5985c717369Cc0aCF4b801aD3D6B46Ff06E5364", "createdAt": "2021-05-06T16:20:19.859805", "updatedAt": "2021-05-06T16:20:22.800183", "lastCheckedAt": "2021-05-06T16:20:22.764", "socialVerificationURL": "https://twitter.com/NiclasDreier/status/1390340577372352519", "verificationText": "I\u2019m now on @withFND \ud83c\udf10\n\n0xd5985c717369Cc0aCF4b801aD3D6B46Ff06E5364\n\nhttps://t.co/NtAgGntBGB", "userId": "1375356531881955328", "username": "NiclasDreier", "isValid": true, "service": "TWITTER", "failedReason": null, "status": null}], "instaSocialVerifs": [{"id": "0fc91b30-6970-4e02-99ce-b47ad0f173f8", "user": "0xd5985c717369Cc0aCF4b801aD3D6B46Ff06E5364", "createdAt": "2021-05-06T16:21:23.867644", "updatedAt": "2021-05-06T16:21:23.867644", "lastCheckedAt": "2021-05-06T16:21:23.864", "socialVerificationURL": null, "verificationText": null, "userId": "17841400993357762", "username": "niclas_dreier", "isValid": true, "service": "INSTAGRAM", "failedReason": null, "status": null}]}, "profileExists": true, "collectors": [], "createdCount": 0}, "__N_SSG": true}, "page": "/[username]", "query": {"username": "0xd5985c717369cc0acf4b801ad3d6b46ff06e5364"}, "buildId": "fPHzAE9c9nph2AUK0K_6u", "isFallback": false, "dynamicIds": [33196, 55458, 54746], "gsp": true, "scriptLoader": []}