{"props": {"pageProps": {"username": "0x6ecdf1be6efbc5707c8e2292fb9e73fae135ef9b", "user": {"userIndex": 59425, "publicKey": "0x6eCDf1bE6eFbC5707c8e2292fb9e73fAE135Ef9b", "username": "salinamendoza", "profileImageUrl": "https://f8n-production.s3.amazonaws.com/creators/profile/6ivbuwcxh-headshots-21-salina-mendoza-jpg-hi1o27.jpg", "coverImageUrl": "https://f8n-production.s3.amazonaws.com/creators/profile/r187ekvjp-untitled-design-1-png-fhjd72.png", "name": "Salina Mendoza", "bio": "Latinx Abstract Geometric artist. 2019 OC Laureate. Uses spray paint to create fine art and writes vulnerable stories for each piece. Ex-sneakerhead who makes custom fine art sneakers for collectors\n", "isApprovedCreator": true, "moderationStatus": "ACTIVE", "joinedWaitlistAt": null, "createdAt": "2021-05-01T23:20:38.825049", "migratedToUser": null, "isApprovedForMigrationAt": null, "firstName": null, "lastName": null, "isAdmin": false, "links": {"tiktok": {"handle": "salinamendozaart", "platform": "tiktok"}, "twitch": {"handle": "", "platform": "twitch"}, "discord": {"handle": "", "platform": "discord"}, "twitter": {"handle": "", "platform": "twitter"}, "website": {"handle": "salinamendoza.com", "platform": "website"}, "youtube": {"handle": "", "platform": "youtube"}, "facebook": {"handle": "salinamendozaart", "platform": "facebook"}, "snapchat": {"handle": "", "platform": "snapchat"}, "instagram": {"handle": "", "platform": "instagram"}}, "acceptedInvite": {"senderPublicKey": "0xb4E7763116b82bF814272d91EcFF674fDA4350bA", "redeemerPublicKey": "0x6eCDf1bE6eFbC5707c8e2292fb9e73fAE135Ef9b", "redeemedAt": "2021-05-01T23:25:25.871"}, "twitSocialVerifs": [{"id": "b0f4bd89-ac14-4153-ac0c-c3a483c899ff", "user": "0x6eCDf1bE6eFbC5707c8e2292fb9e73fAE135Ef9b", "createdAt": "2021-05-02T00:06:32.983715", "updatedAt": "2021-05-02T00:06:38.003909", "lastCheckedAt": "2021-05-02T00:06:37.995", "socialVerificationURL": "https://twitter.com/inababi/status/1388645964211134467?s=20", "verificationText": "I\u2019m on @withFND \ud83c\udf10\n\n0x6eCDf1bE6eFbC5707c8e2292fb9e73fAE135Ef9b\n\nhttps://t.co/cMYIFwaueD", "userId": "260800287", "username": "inababi", "isValid": true, "service": "TWITTER", "failedReason": null, "status": null}], "instaSocialVerifs": [{"id": "c91a63b8-a1a2-48f4-af7b-ee1963c69b0a", "user": "0x6eCDf1bE6eFbC5707c8e2292fb9e73fAE135Ef9b", "createdAt": "2021-05-01T23:25:11.44278", "updatedAt": "2021-05-01T23:25:11.44278", "lastCheckedAt": "2021-05-01T23:25:11.343", "socialVerificationURL": null, "verificationText": null, "userId": "17841404645525496", "username": "salinamendozaart", "isValid": true, "service": "INSTAGRAM", "failedReason": null, "status": null}]}, "profileExists": true, "collectors": [], "createdCount": 0}, "__N_SSG": true}, "page": "/[username]", "query": {"username": "0x6ecdf1be6efbc5707c8e2292fb9e73fae135ef9b"}, "buildId": "fPHzAE9c9nph2AUK0K_6u", "isFallback": false, "dynamicIds": [33196, 55458, 54746], "gsp": true, "scriptLoader": []}