{"props": {"pageProps": {"username": "0x50feeed005f0a6e8104e46101dac8b8170e0999f", "user": {"userIndex": 14457, "publicKey": "0x50fEeEd005f0a6e8104E46101DAC8B8170e0999f", "username": "gokhankahraman", "profileImageUrl": "https://f8n-production.s3.amazonaws.com/creators/profile/0tvbq6k17-gkhnphoto-555-jpg-bjf5i4.jpg", "coverImageUrl": "https://f8n-production.s3.amazonaws.com/creators/profile/aaj85o2f8-tloufan-44-jpg-tqm84p.jpg", "name": "Gokhan Kahraman", "bio": "Freelance Concept Artist,Illustrator\n\nPrevious works on, Divinity: Fallen Heroes, Expeditions Rome", "isApprovedCreator": true, "moderationStatus": "ACTIVE", "joinedWaitlistAt": null, "createdAt": "2021-03-13T15:06:20.764745", "migratedToUser": null, "isApprovedForMigrationAt": null, "firstName": null, "lastName": null, "isAdmin": false, "links": {"tiktok": {"handle": "", "platform": "tiktok"}, "twitch": {"handle": "ownely", "platform": "twitch"}, "discord": {"handle": "Gokhan#6271", "platform": "discord"}, "twitter": {"handle": "ownely0", "platform": "twitter"}, "website": {"handle": "www.gokhan-kahraman.com", "platform": "website"}, "youtube": {"handle": "", "platform": "youtube"}, "facebook": {"handle": "ownely", "platform": "facebook"}, "snapchat": {"handle": "", "platform": "snapchat"}, "instagram": {"handle": "gokhan.kahrmn", "platform": "instagram"}}, "acceptedInvite": {"senderPublicKey": "0x04B3c04032d776c2072357920A49b9b3c5C2a412", "redeemerPublicKey": "0x50fEeEd005f0a6e8104E46101DAC8B8170e0999f", "redeemedAt": "2021-03-21T20:00:38.662"}, "twitSocialVerifs": [{"id": "f05aba35-7149-4f38-8d63-77b5da601ccd", "user": "0x50fEeEd005f0a6e8104E46101DAC8B8170e0999f", "createdAt": "2021-03-29T18:10:31.399636", "updatedAt": "2021-03-29T18:10:31.987138", "lastCheckedAt": "2021-03-29T18:10:31.969", "socialVerificationURL": "https://twitter.com/ownely0/status/1373769720474779652", "verificationText": "I\u2019m on @withFND \ud83c\udf10\n\n0x50fEeEd005f0a6e8104E46101DAC8B8170e0999f\n\nhttps://t.co/5SsoXvGUhE", "userId": "763622368862404608", "username": "ownely0", "isValid": true, "service": "TWITTER", "failedReason": null, "status": null}], "instaSocialVerifs": [{"id": "9fb8a03f-d4da-4e16-8b3e-3a14d20033a5", "user": "0x50fEeEd005f0a6e8104E46101DAC8B8170e0999f", "createdAt": "2021-04-20T13:59:13.854467", "updatedAt": "2021-04-20T13:59:13.854467", "lastCheckedAt": "2021-04-20T13:59:13.852", "socialVerificationURL": null, "verificationText": null, "userId": "17841402344606012", "username": "gokhan.kahrmn", "isValid": true, "service": "INSTAGRAM", "failedReason": null, "status": null}]}, "profileExists": true, "collectors": [{"userIndex": 32990, "publicKey": "0x0aD7906BEC133A9c0b9B00E20cc9f692FaD89919", "username": "skaanbarry69", "profileImageUrl": "https://f8n-production.s3.amazonaws.com/creators/profile/6h6y21tvm-fiverr-anime-portrait-skaanbarry-png-a2sojl.png", "coverImageUrl": "https://f8n-production.s3.amazonaws.com/creators/profile/9qw8oq9ev-gohkan-jpg-diiftr.JPG", "name": "skaanbarry69", "bio": "", "isApprovedCreator": false, "moderationStatus": "ACTIVE", "joinedWaitlistAt": null, "createdAt": "2021-03-28T16:50:45.609131", "migratedToUser": null, "isApprovedForMigrationAt": null, "follows": [], "highestBidAuctions": [{"endsAt": "2021-03-31T16:16:19"}], "highestBidAuctions_aggregate": {"aggregate": {"count": 1}}}, {"userIndex": 17581, "publicKey": "0x3432B45B9ee95BD5C31a726B936CF2ec719A2153", "username": "3FMusic", "profileImageUrl": "https://f8n-production.s3.amazonaws.com/creators/profile/s8wtdn6uo-3f-music-new-logo-png-grvgaj.png", "coverImageUrl": "https://f8n-production.s3.amazonaws.com/creators/profile/fmjvj3zy7-3fmusic-com-18-jpg-9cx7zb.jpg", "name": "Farzin", "bio": "", "isApprovedCreator": true, "moderationStatus": "ACTIVE", "joinedWaitlistAt": "2021-03-23T20:42:01.871", "createdAt": "2021-03-16T20:07:51.167953", "migratedToUser": null, "isApprovedForMigrationAt": null, "follows": [], "highestBidAuctions": [{"endsAt": "2021-03-27T20:44:43"}], "highestBidAuctions_aggregate": {"aggregate": {"count": 1}}}], "createdCount": 0}, "__N_SSG": true}, "page": "/[username]", "query": {"username": "0x50feeed005f0a6e8104e46101dac8b8170e0999f"}, "buildId": "fPHzAE9c9nph2AUK0K_6u", "isFallback": false, "dynamicIds": [33196, 55458, 54746], "gsp": true, "scriptLoader": []}