{"props": {"pageProps": {"username": "0xe34d67e10c05e08a7ce3bce36a4048e1b77d46eb", "user": {"userIndex": 22020, "publicKey": "0xe34d67e10C05E08A7CE3bCE36a4048E1B77d46eb", "username": "monikaaonline", "profileImageUrl": "https://f8n-production.s3.amazonaws.com/creators/profile/xyw70yb2p-yvitupoc-400x400-jpg-5lcse6.jpg", "coverImageUrl": "https://f8n-production.s3.amazonaws.com/creators/profile/bacqu6p1p-wallpaper2-0141-png-yeqcr8.png", "name": "monika adamczyk", "bio": "A Polish 3D motion artist. In my research-based practice, I focus on nature's future and the phenomenology of touch. My work encompasses 3D motion graphics and audio-reactive visuals design.", "isApprovedCreator": true, "moderationStatus": "ACTIVE", "joinedWaitlistAt": null, "createdAt": "2021-03-22T15:35:08.510688", "migratedToUser": null, "isApprovedForMigrationAt": null, "firstName": null, "lastName": null, "isAdmin": false, "links": {"tiktok": {"handle": "", "platform": "tiktok"}, "twitch": {"handle": "", "platform": "twitch"}, "discord": {"handle": "", "platform": "discord"}, "twitter": {"handle": "@monikaa_online", "platform": "twitter"}, "website": {"handle": "monikaadamczyk.online", "platform": "website"}, "youtube": {"handle": "", "platform": "youtube"}, "facebook": {"handle": "", "platform": "facebook"}, "snapchat": {"handle": "", "platform": "snapchat"}, "instagram": {"handle": "monikaa.online", "platform": "instagram"}}, "acceptedInvite": {"senderPublicKey": "0x087D67b3782E849fE3DFdeF4173501a1A0526ECf", "redeemerPublicKey": "0xe34d67e10C05E08A7CE3bCE36a4048E1B77d46eb", "redeemedAt": "2021-03-22T15:35:11.846"}, "twitSocialVerifs": [{"id": "c110e952-f84f-4d48-9f8b-e7eba067d8ee", "user": "0xe34d67e10C05E08A7CE3bCE36a4048E1B77d46eb", "createdAt": "2021-03-22T15:54:30.624649", "updatedAt": "2021-03-22T15:54:33.193672", "lastCheckedAt": "2021-03-22T15:54:33.158", "socialVerificationURL": "https://twitter.com/monikaa_online/status/1374026590833758212", "verificationText": "I\u2019m on @withFND \ud83c\udf10 Thank you so much @georgieyana for inviting me \u2728\n\n0xe34d67e10C05E08A7CE3bCE36a4048E1B77d46eb\n\nhttps://t.co/VvGXut8UGk", "userId": "1371403159604756480", "username": "monikaa_online", "isValid": true, "service": "TWITTER", "failedReason": null, "status": null}], "instaSocialVerifs": []}, "profileExists": true, "collectors": [{"userIndex": 17130, "publicKey": "0xbE4f00Ec8416e1D20e62281BffaF1814A386CB3E", "username": "babbitt99", "profileImageUrl": "https://f8n-production.s3.amazonaws.com/creators/profile/cyhq665f9-2021-avatar-jpg-7sxkm1.JPG", "coverImageUrl": "", "name": "Helge", "bio": "Berlin", "isApprovedCreator": false, "moderationStatus": "ACTIVE", "joinedWaitlistAt": null, "createdAt": "2021-03-16T10:42:26.093804", "migratedToUser": null, "isApprovedForMigrationAt": null, "follows": [], "highestBidAuctions": [{"endsAt": "2021-04-18T20:45:39"}], "highestBidAuctions_aggregate": {"aggregate": {"count": 1}}}], "createdCount": 0}, "__N_SSG": true}, "page": "/[username]", "query": {"username": "0xe34d67e10c05e08a7ce3bce36a4048e1b77d46eb"}, "buildId": "fPHzAE9c9nph2AUK0K_6u", "isFallback": false, "dynamicIds": [33196, 55458, 54746], "gsp": true, "scriptLoader": []}