{"props": {"pageProps": {"username": "0x02129aee7d4571886a853e405479f77b3b91b253", "user": {"userIndex": 17123, "publicKey": "0x02129AEe7D4571886A853e405479F77b3b91b253", "username": "WhenInMars", "profileImageUrl": "https://f8n-production.s3.amazonaws.com/creators/profile/z7b1tovxs-wim-profile-square-jpg-set2f2.jpg", "coverImageUrl": "https://f8n-production.s3.amazonaws.com/creators/profile/blepsnqwp-wim-rarible-banner-jpg-7qly6c.jpg", "name": "When In Mars", "bio": "Mars is the new Rome.\n\nWelcome to my architectural dreamscape. Putting tiny characters on the centre stage. ", "isApprovedCreator": true, "moderationStatus": "ACTIVE", "joinedWaitlistAt": null, "createdAt": "2021-03-16T10:17:12.741364", "migratedToUser": null, "isApprovedForMigrationAt": null, "firstName": null, "lastName": null, "isAdmin": false, "links": {"tiktok": {"handle": "", "platform": "tiktok"}, "twitch": {"handle": "", "platform": "twitch"}, "discord": {"handle": "WhenInMars#9662", "platform": "discord"}, "twitter": {"handle": "whenin_mars", "platform": "twitter"}, "website": {"handle": "linktr.ee/WhenInMars", "platform": "website"}, "youtube": {"handle": "", "platform": "youtube"}, "facebook": {"handle": "", "platform": "facebook"}, "snapchat": {"handle": "", "platform": "snapchat"}, "instagram": {"handle": "whenin_mars", "platform": "instagram"}}, "acceptedInvite": {"senderPublicKey": "0xE067E65a87967f33E128f64b94d38697F5915da2", "redeemerPublicKey": "0x02129AEe7D4571886A853e405479F77b3b91b253", "redeemedAt": "2021-03-16T10:18:01.574"}, "twitSocialVerifs": [{"id": "5087759c-8ec2-45cb-9891-2c40c4a929a0", "user": "0x02129AEe7D4571886A853e405479F77b3b91b253", "createdAt": "2021-03-16T10:23:10.591854", "updatedAt": "2021-03-16T10:23:11.637328", "lastCheckedAt": "2021-03-16T10:23:11.602", "socialVerificationURL": "https://twitter.com/WhenIn_Mars/status/1371768922735796228?s=20", "verificationText": "I\u2019m on @withFND \ud83c\udf10\n\n0x02129AEe7D4571886A853e405479F77b3b91b253\n\nhttps://t.co/3ETrqIEmCv", "userId": "1358716811357872128", "username": "WhenIn_Mars", "isValid": true, "service": "TWITTER", "failedReason": null, "status": null}], "instaSocialVerifs": [{"id": "8815b8a9-d1a6-452c-9a0e-e5f81255ee7e", "user": "0x02129AEe7D4571886A853e405479F77b3b91b253", "createdAt": "2021-04-20T21:34:13.059609", "updatedAt": "2021-04-20T21:34:13.059609", "lastCheckedAt": "2021-04-20T21:34:13.034", "socialVerificationURL": null, "verificationText": null, "userId": "17841446174098419", "username": "whenin_mars", "isValid": true, "service": "INSTAGRAM", "failedReason": null, "status": null}]}, "profileExists": true, "collectors": [{"userIndex": 26625, "publicKey": "0x645C43F6585Ce982dd36E8C94b3C53f953dE3fE5", "username": "hrtkassh", "profileImageUrl": "https://f8n-production.s3.amazonaws.com/creators/profile/ir5i8wdnw-icon-copy-png-k95xo7.png", "coverImageUrl": "https://f8n-production.s3.amazonaws.com/creators/profile/jze0xlvv8-cover-copy-jpg-j32xc0.jpg", "name": "hrtkassh", "bio": "Modern Netflix Subscriber.\n\nI like,\nMads Mikkelsen (Actor),\nMatthew  McConaughey (Actor),\nYeji Kim (Choreographer),\nLudovico Einaudi (Composer).", "isApprovedCreator": true, "moderationStatus": "ACTIVE", "joinedWaitlistAt": "2021-04-03T09:39:26.706", "createdAt": "2021-03-25T14:49:47.189465", "migratedToUser": null, "isApprovedForMigrationAt": null, "follows": [], "highestBidAuctions": [{"endsAt": "2021-04-13T17:30:35"}], "highestBidAuctions_aggregate": {"aggregate": {"count": 1}}}], "createdCount": 0}, "__N_SSG": true}, "page": "/[username]", "query": {"username": "0x02129aee7d4571886a853e405479f77b3b91b253"}, "buildId": "fPHzAE9c9nph2AUK0K_6u", "isFallback": false, "dynamicIds": [33196, 55458, 54746], "gsp": true, "scriptLoader": []}