{"props": {"pageProps": {"username": "0x0a3d961b994e5a3367c705210ef18006716bd80c", "user": {"userIndex": 12083, "publicKey": "0x0A3D961B994e5A3367C705210ef18006716bD80c", "username": "NFT_RUSSIA", "profileImageUrl": "https://f8n-production.s3.amazonaws.com/creators/profile/y1ybenuto-logo-nftrussia2-anim-square-beauty-1-min-gif-vw18th.gif", "coverImageUrl": "https://f8n-production.s3.amazonaws.com/creators/profile/lps0h95kz-logo-nftrussia2-anim-square-beauty-4-min-gif-9vqzuk.gif", "name": "NFT Russia", "bio": "NFT Russia is an experimental art platform and a collective of artists on the Internet. We support aspiring crypto artists from Russia and give them the opportunity to exhibit their work.", "isApprovedCreator": true, "moderationStatus": "ACTIVE", "joinedWaitlistAt": null, "createdAt": "2021-03-11T03:26:47.099477", "migratedToUser": null, "isApprovedForMigrationAt": null, "firstName": null, "lastName": null, "isAdmin": false, "links": {"tiktok": {"handle": "", "platform": "tiktok"}, "twitch": {"handle": "", "platform": "twitch"}, "discord": {"handle": "NFT_RUSSIA#9573", "platform": "discord"}, "twitter": {"handle": "", "platform": "twitter"}, "website": {"handle": "", "platform": "website"}, "youtube": {"handle": "", "platform": "youtube"}, "facebook": {"handle": "", "platform": "facebook"}, "snapchat": {"handle": "", "platform": "snapchat"}, "instagram": {"handle": "nft_russia", "platform": "instagram"}}, "acceptedInvite": {"senderPublicKey": "0xf9334c4b30A97BAe4fB577a49E0f57e9cbCc22f1", "redeemerPublicKey": "0x0A3D961B994e5A3367C705210ef18006716bD80c", "redeemedAt": "2021-03-11T03:26:50.226"}, "twitSocialVerifs": [{"id": "4a90802a-16e9-4eaa-b625-f0ea62efa218", "user": "0x0A3D961B994e5A3367C705210ef18006716bD80c", "createdAt": "2021-03-11T03:29:20.46173", "updatedAt": "2021-03-11T03:29:25.088459", "lastCheckedAt": "2021-03-11T03:29:25.064", "socialVerificationURL": "https://twitter.com/NftRussia/status/1369852786897088514?s=20", "verificationText": "I\u2019m on @withFND \ud83c\udf10\n\n0x0A3D961B994e5A3367C705210ef18006716bD80c\n\nhttps://t.co/N692ast2hG", "userId": "1366214817451630593", "username": "NftRussia", "isValid": true, "service": "TWITTER", "failedReason": null, "status": null}], "instaSocialVerifs": [{"id": "aa798768-7e64-4a28-a8dc-f976b50a668d", "user": "0x0A3D961B994e5A3367C705210ef18006716bD80c", "createdAt": "2021-04-22T15:27:00.165991", "updatedAt": "2021-04-22T15:27:00.165991", "lastCheckedAt": "2021-04-22T15:27:00.164", "socialVerificationURL": null, "verificationText": null, "userId": "17841445991519938", "username": "nft_russia", "isValid": true, "service": "INSTAGRAM", "failedReason": null, "status": null}]}, "profileExists": true, "collectors": [{"userIndex": 11836, "publicKey": "0x6fb9239E9eAA5D17b3A180b0cCDEEA33F37255b6", "username": "Buchara", "profileImageUrl": "https://f8n-production.s3.amazonaws.com/creators/profile/x211u3by8-wx9mib0fa-g-jpg-8sms5q.jpg", "coverImageUrl": "https://f8n-production.s3.amazonaws.com/creators/profile/l84nvtz2n-jpg-4q98jx.jpg", "name": "BUCHARA", "bio": "Hi! I am CGI-artist from Belarus. My artworks based on conceptual small sketches with a certain visual style. They may not always be complex in execution but you will always find the meaning in them!", "isApprovedCreator": true, "moderationStatus": "ACTIVE", "joinedWaitlistAt": null, "createdAt": "2021-02-23T13:41:49.102664", "migratedToUser": null, "isApprovedForMigrationAt": null, "follows": [], "highestBidAuctions": [{"endsAt": "2021-03-20T21:17:08"}], "highestBidAuctions_aggregate": {"aggregate": {"count": 1}}}], "createdCount": 0}, "__N_SSG": true}, "page": "/[username]", "query": {"username": "0x0a3d961b994e5a3367c705210ef18006716bd80c"}, "buildId": "fPHzAE9c9nph2AUK0K_6u", "isFallback": false, "dynamicIds": [33196, 55458, 54746], "gsp": true, "scriptLoader": []}