{"props": {"pageProps": {"username": "0x22d78e2a684ef82f8c967f965d385ac6e0524bff", "user": {"userIndex": 3089, "publicKey": "0x22D78E2A684eF82F8c967f965d385aC6E0524BFF", "username": "mjmccleary", "profileImageUrl": "https://f8n-production.s3.amazonaws.com/creators/profile/2wossusyl-prof-png-xvl3kt.png", "coverImageUrl": "https://f8n-production.s3.amazonaws.com/creators/profile/vwu5a43df-banner-png-574o8l.png", "name": "Mitchell McCleary", "bio": "Putting fonts on photos.", "isApprovedCreator": true, "moderationStatus": "ACTIVE", "joinedWaitlistAt": null, "createdAt": "2021-02-22T23:54:27.395264", "migratedToUser": null, "isApprovedForMigrationAt": null, "firstName": null, "lastName": null, "isAdmin": false, "links": {"tiktok": {"handle": "", "platform": "tiktok"}, "twitch": {"handle": "", "platform": "twitch"}, "discord": {"handle": "", "platform": "discord"}, "twitter": {"handle": "mjmccleary", "platform": "twitter"}, "website": {"handle": "mjmccleary.com", "platform": "website"}, "youtube": {"handle": "", "platform": "youtube"}, "facebook": {"handle": "", "platform": "facebook"}, "snapchat": {"handle": "", "platform": "snapchat"}, "instagram": {"handle": "mjmccleary", "platform": "instagram"}}, "acceptedInvite": {"senderPublicKey": "0x95367CB50B89808117d23d309567746A280Cb358", "redeemerPublicKey": "0x22D78E2A684eF82F8c967f965d385aC6E0524BFF", "redeemedAt": "2021-02-22T23:54:38.297"}, "twitSocialVerifs": [{"id": "db8c89b9-b672-4e4d-ab73-326824f142f3", "user": "0x22D78E2A684eF82F8c967f965d385aC6E0524BFF", "createdAt": "2021-03-11T16:44:45.474061", "updatedAt": "2021-03-11T16:44:46.304264", "lastCheckedAt": "2021-03-11T16:44:45.997", "socialVerificationURL": "https://twitter.com/Mjmccleary/status/1370053009334362115", "verificationText": "I\u2019m on @withFND \ud83c\udf10\n\n0x22D78E2A684eF82F8c967f965d385aC6E0524BFF\n\nhttps://t.co/0B630lK8ql", "userId": "719116686", "username": "Mjmccleary", "isValid": true, "service": "TWITTER", "failedReason": null, "status": null}], "instaSocialVerifs": []}, "profileExists": true, "collectors": [{"userIndex": 3725, "publicKey": "0x0150B0ec3c7b72879FbfdbDD79c18a8368B194E0", "username": "Aito", "profileImageUrl": "https://f8n-production.s3.amazonaws.com/creators/profile/6rfsu1wgr-te-le-chargement-jpeg-ou9rte.jpeg", "coverImageUrl": "", "name": "Aito", "bio": "a r t ", "isApprovedCreator": false, "moderationStatus": "ACTIVE", "joinedWaitlistAt": null, "createdAt": "2021-02-25T15:46:03.219345", "migratedToUser": null, "isApprovedForMigrationAt": null, "follows": [], "highestBidAuctions": [{"endsAt": "2021-03-02T11:14:30"}], "highestBidAuctions_aggregate": {"aggregate": {"count": 1}}}, {"userIndex": null, "publicKey": "0xd42D52b709829926531c64a32f2713B4Dc8eA6F6", "username": null, "profileImageUrl": null, "coverImageUrl": null, "name": null, "bio": null, "isApprovedCreator": false, "moderationStatus": "ACTIVE", "joinedWaitlistAt": null, "createdAt": "2021-03-01T21:01:43.043779", "migratedToUser": null, "isApprovedForMigrationAt": null, "follows": [], "highestBidAuctions": [{"endsAt": "2021-03-05T21:35:16"}], "highestBidAuctions_aggregate": {"aggregate": {"count": 1}}}], "createdCount": 0}, "__N_SSG": true}, "page": "/[username]", "query": {"username": "0x22d78e2a684ef82f8c967f965d385ac6e0524bff"}, "buildId": "fPHzAE9c9nph2AUK0K_6u", "isFallback": false, "dynamicIds": [33196, 55458, 54746], "gsp": true, "scriptLoader": []}