{"props": {"pageProps": {"username": "0x4666fd1f89576e2d6fb3f2ecec5eefd3e1ba6b59", "user": {"userIndex": 10702, "publicKey": "0x4666Fd1f89576e2D6fb3f2ecEc5eeFD3E1BA6B59", "username": "shvembldr", "profileImageUrl": "https://f8n-production.s3.amazonaws.com/creators/profile/ez13q5uqy-ava-jpg-0bdy8r.jpg", "coverImageUrl": "https://f8n-production.s3.amazonaws.com/creators/profile/eljkc4uxx-2020-07-16t19-46-18-069z-png-tha1nl.png", "name": "shvembldr", "bio": "Generative artist", "isApprovedCreator": true, "moderationStatus": "ACTIVE", "joinedWaitlistAt": null, "createdAt": "2021-03-09T12:32:55.241736", "migratedToUser": null, "isApprovedForMigrationAt": null, "firstName": null, "lastName": null, "isAdmin": false, "links": {"tiktok": {"handle": "", "platform": "tiktok"}, "twitch": {"handle": "", "platform": "twitch"}, "discord": {"handle": "shvembldr#2032", "platform": "discord"}, "twitter": {"handle": "shvembldr", "platform": "twitter"}, "website": {"handle": "theblocksofart.com", "platform": "website"}, "youtube": {"handle": "", "platform": "youtube"}, "facebook": {"handle": "", "platform": "facebook"}, "snapchat": {"handle": "", "platform": "snapchat"}, "instagram": {"handle": "shvembldr", "platform": "instagram"}}, "acceptedInvite": {"senderPublicKey": "0x3Fe227F41A54DC54972e7359D4fC55020bB8AB50", "redeemerPublicKey": "0x4666Fd1f89576e2D6fb3f2ecEc5eeFD3E1BA6B59", "redeemedAt": "2021-04-14T16:54:25.592"}, "twitSocialVerifs": [{"id": "dab5d4b5-1cee-4f55-ab39-d6eedad6f7dd", "user": "0x4666Fd1f89576e2D6fb3f2ecEc5eeFD3E1BA6B59", "createdAt": "2021-05-28T04:51:29.299763", "updatedAt": "2021-05-28T04:51:32.502076", "lastCheckedAt": "2021-05-28T04:51:32.492", "socialVerificationURL": "https://twitter.com/shvembldr/status/1398139804370575361?s=20", "verificationText": "0x4666Fd1f89576e2D6fb3f2ecEc5eeFD3E1BA6B59", "userId": "3086643787", "username": "shvembldr", "isValid": true, "service": "TWITTER", "failedReason": null, "status": null}], "instaSocialVerifs": [{"id": "378457f4-df97-4c9a-8176-dbc9a6912254", "user": "0x4666Fd1f89576e2D6fb3f2ecEc5eeFD3E1BA6B59", "createdAt": "2021-05-28T04:50:31.680852", "updatedAt": "2021-05-28T04:50:31.680852", "lastCheckedAt": "2021-05-28T04:50:31.657", "socialVerificationURL": null, "verificationText": null, "userId": "17841403797604809", "username": "shvembldr", "isValid": true, "service": "INSTAGRAM", "failedReason": null, "status": null}]}, "profileExists": true, "collectors": [{"userIndex": 83753, "publicKey": "0x0F0eAE91990140C560D4156DB4f00c854Dc8F09E", "username": "VincentVanDough", "profileImageUrl": "https://f8n-production.s3.amazonaws.com/creators/profile/z8l5f6hfv-meow-jpeg-ia94r3.jpeg", "coverImageUrl": "https://f8n-production.s3.amazonaws.com/creators/profile/48jyyg7i1-nft-jpeg-t587ot.jpeg", "name": "VincentVanDough", "bio": "Purveyor of shitcoins and fine art  \n\ncontact: mastersplnter@protonmail.com\n\navatar: MEOWSHI by @0xlacroix\n\ncover image: Tri-World by @sahredtoy", "isApprovedCreator": false, "moderationStatus": "ACTIVE", "joinedWaitlistAt": null, "createdAt": "2021-07-06T01:47:27.724556", "migratedToUser": null, "isApprovedForMigrationAt": null, "follows": [], "highestBidAuctions": [{"endsAt": "2021-07-23T07:11:04"}], "highestBidAuctions_aggregate": {"aggregate": {"count": 1}}}, {"userIndex": null, "publicKey": "0x8e101059Bd832496fC443D47ca2B6D0767b288DF", "username": null, "profileImageUrl": null, "coverImageUrl": null, "name": null, "bio": null, "isApprovedCreator": false, "moderationStatus": "ACTIVE", "joinedWaitlistAt": null, "createdAt": "2021-07-28T14:33:14.158461", "migratedToUser": null, "isApprovedForMigrationAt": null, "follows": [], "highestBidAuctions": [{"endsAt": "2021-07-28T17:12:44"}], "highestBidAuctions_aggregate": {"aggregate": {"count": 1}}}, {"userIndex": null, "publicKey": "0x8f01Ce31dA22ee7182200428b36B5Dec5bfdAeBd", "username": null, "profileImageUrl": null, "coverImageUrl": null, "name": null, "bio": null, "isApprovedCreator": false, "moderationStatus": "ACTIVE", "joinedWaitlistAt": null, "createdAt": "2021-07-24T17:22:53.339793", "migratedToUser": null, "isApprovedForMigrationAt": null, "follows": [], "highestBidAuctions": [{"endsAt": "2021-07-25T14:06:32"}], "highestBidAuctions_aggregate": {"aggregate": {"count": 1}}}, {"userIndex": 87946, "publicKey": "0xaa2e61Bd52D62cCCC988E3dd1E38FC10c25741E5", "username": "toastymmm", "profileImageUrl": "", "coverImageUrl": "", "name": "Toastymmm", "bio": "", "isApprovedCreator": false, "moderationStatus": "ACTIVE", "joinedWaitlistAt": null, "createdAt": "2021-07-22T17:39:37.851559", "migratedToUser": null, "isApprovedForMigrationAt": null, "follows": [], "highestBidAuctions": [{"endsAt": "2021-07-28T03:22:53"}], "highestBidAuctions_aggregate": {"aggregate": {"count": 1}}}], "createdCount": 0}, "__N_SSG": true}, "page": "/[username]", "query": {"username": "0x4666fd1f89576e2d6fb3f2ecec5eefd3e1ba6b59"}, "buildId": "fPHzAE9c9nph2AUK0K_6u", "isFallback": false, "dynamicIds": [33196, 55458, 54746], "gsp": true, "scriptLoader": []}