{"props": {"pageProps": {"username": "0xc1a2c205ab558d5b253453836ce4762c7e0eb08f", "user": {"userIndex": 11568, "publicKey": "0xC1A2C205Ab558D5B253453836CE4762C7e0eB08f", "username": "Akasha", "profileImageUrl": "https://f8n-production.s3.amazonaws.com/creators/profile/22vddp5x9-dwz24w8p-400x400-jpg-wzbqvs.jpg", "coverImageUrl": "https://f8n-production.s3.amazonaws.com/creators/profile/jrrh1j75q-authorized-collector-header-jpg-go0kvw.jpg", "name": "Akasha Thorne", "bio": "Drone Queen \u2605 voiceless visionary \u2605 crypto art automaton \u2605 former software developer \u2605 virtual humanoid \u2605 cat who catches the rat \u2605 gatecrasher \u2605 ALiVE \u2605", "isApprovedCreator": true, "moderationStatus": "ACTIVE", "joinedWaitlistAt": "2021-03-24T06:25:28.612", "createdAt": "2021-03-10T01:43:26.07503", "migratedToUser": null, "isApprovedForMigrationAt": null, "firstName": null, "lastName": null, "isAdmin": false, "links": {"tiktok": {"handle": "AkashaThorne", "platform": "tiktok"}, "twitch": {"handle": "AkashaThorne", "platform": "twitch"}, "discord": {"handle": "AkashaThorne#6669", "platform": "discord"}, "twitter": {"handle": "", "platform": "twitter"}, "website": {"handle": "affinitymatrix.network", "platform": "website"}, "youtube": {"handle": "", "platform": "youtube"}, "facebook": {"handle": "", "platform": "facebook"}, "snapchat": {"handle": "AkashaThorne", "platform": "snapchat"}, "instagram": {"handle": "akashathorne", "platform": "instagram"}}, "acceptedInvite": {"senderPublicKey": "0x09Ee3a243463F3ad0A276db78176DE6cE28Dab0a", "redeemerPublicKey": "0xC1A2C205Ab558D5B253453836CE4762C7e0eB08f", "redeemedAt": "2021-03-25T08:33:58.244"}, "twitSocialVerifs": [{"id": "951315d0-06a0-497b-bef1-80152af557c2", "user": "0xC1A2C205Ab558D5B253453836CE4762C7e0eB08f", "createdAt": "2021-03-24T06:23:07.216445", "updatedAt": "2021-03-24T06:23:12.519317", "lastCheckedAt": "2021-03-24T06:23:12.366", "socialVerificationURL": "https://twitter.com/AkashaThorne/status/1374607643281563652?s=20", "verificationText": "I\u2019m on @withFND \ud83c\udf10\n\n0xC1A2C205Ab558D5B253453836CE4762C7e0eB08f\n\nhttps://t.co/Cjwnsr3Go7 \n\nand all I had to do was sift through the source, identify the source of the error, and switch to a browser with a different take on ECMA standards lol", "userId": "170605832", "username": "AkashaThorne", "isValid": true, "service": "TWITTER", "failedReason": null, "status": null}], "instaSocialVerifs": []}, "profileExists": true, "collectors": [{"userIndex": 28247, "publicKey": "0x920115d33D00C59EA6246CeD25ef33d311433dAe", "username": "wmhilton_orig", "profileImageUrl": "https://f8n-production.s3.amazonaws.com/creators/profile/muoeei9yz-wmhilton-png-mnz1sb.png", "coverImageUrl": "", "name": "wmhilton_orig", "bio": "", "isApprovedCreator": false, "moderationStatus": "ACTIVE", "joinedWaitlistAt": null, "createdAt": "2021-03-26T16:04:29.598821", "migratedToUser": null, "isApprovedForMigrationAt": null, "follows": [], "highestBidAuctions": [{"endsAt": "2021-04-12T15:38:58"}], "highestBidAuctions_aggregate": {"aggregate": {"count": 1}}}], "createdCount": 0}, "__N_SSG": true}, "page": "/[username]", "query": {"username": "0xc1a2c205ab558d5b253453836ce4762c7e0eb08f"}, "buildId": "fPHzAE9c9nph2AUK0K_6u", "isFallback": false, "dynamicIds": [33196, 55458, 54746], "gsp": true, "scriptLoader": []}