{"props": {"pageProps": {"username": "0x89db3c627e022799efc5309a5525a297174140e3", "user": {"userIndex": 4675, "publicKey": "0x89Db3C627E022799efC5309a5525A297174140e3", "username": "adamcourtenay", "profileImageUrl": "https://f8n-production.s3.amazonaws.com/creators/profile/qqxsh3t3e-adam-courtenay-png-pcjk8d.png", "coverImageUrl": "https://f8n-production.s3.amazonaws.com/creators/profile/fljr849vv-cyberwolf-jpg-hd00kx.jpg", "name": "Adam Courtenay", "bio": "Digital Artist and Game Developer from London\n\nBuilding Sci-Fi Worlds", "isApprovedCreator": true, "moderationStatus": "ACTIVE", "joinedWaitlistAt": null, "createdAt": "2021-02-28T13:30:06.522108", "migratedToUser": null, "isApprovedForMigrationAt": null, "firstName": null, "lastName": null, "isAdmin": false, "links": {"tiktok": {"handle": "", "platform": "tiktok"}, "twitch": {"handle": "", "platform": "twitch"}, "discord": {"handle": "", "platform": "discord"}, "twitter": {"handle": "adcogfx", "platform": "twitter"}, "website": {"handle": "adamcourtenay.com", "platform": "website"}, "youtube": {"handle": "", "platform": "youtube"}, "facebook": {"handle": "CourtenayAdam", "platform": "facebook"}, "snapchat": {"handle": "", "platform": "snapchat"}, "instagram": {"handle": "adamcourtenay", "platform": "instagram"}}, "acceptedInvite": {"senderPublicKey": "0x72076464B89f330a72E8ea9F191E6fa1c3B7Dae2", "redeemerPublicKey": "0x89Db3C627E022799efC5309a5525A297174140e3", "redeemedAt": "2021-02-28T13:30:11.663"}, "twitSocialVerifs": [], "instaSocialVerifs": []}, "profileExists": true, "collectors": [], "createdCount": 0}, "__N_SSG": true}, "page": "/[username]", "query": {"username": "0x89db3c627e022799efc5309a5525a297174140e3"}, "buildId": "fPHzAE9c9nph2AUK0K_6u", "isFallback": false, "dynamicIds": [33196, 55458, 54746], "gsp": true, "scriptLoader": []}