{"props": {"pageProps": {"username": "0x20cda357b5bc852a72adb629adce5f0cad895eb7", "user": {"userIndex": 4300, "publicKey": "0x20Cda357b5Bc852a72adb629ADcE5f0cAD895EB7", "username": "yemidavis", "profileImageUrl": "https://f8n-production.s3.amazonaws.com/creators/profile/hw2itqc9p-1606297923202-jpg-90wl46.jpg", "coverImageUrl": "", "name": "Yemi Davis", "bio": "bearded art director - creating in the third dimension", "isApprovedCreator": true, "moderationStatus": "ACTIVE", "joinedWaitlistAt": null, "createdAt": "2021-02-27T13:05:54.582911", "migratedToUser": null, "isApprovedForMigrationAt": null, "firstName": null, "lastName": null, "isAdmin": false, "links": {"tiktok": {"handle": "", "platform": "tiktok"}, "twitch": {"handle": "", "platform": "twitch"}, "discord": {"handle": "YemiDavis#9641", "platform": "discord"}, "twitter": {"handle": "yemiidavis", "platform": "twitter"}, "website": {"handle": "", "platform": "website"}, "youtube": {"handle": "", "platform": "youtube"}, "facebook": {"handle": "", "platform": "facebook"}, "snapchat": {"handle": "", "platform": "snapchat"}, "instagram": {"handle": "yemidavis", "platform": "instagram"}}, "acceptedInvite": {"senderPublicKey": "0x3932F608f69Eeb3e58EE067BE0b03CA4d82da6Fb", "redeemerPublicKey": "0x20Cda357b5Bc852a72adb629ADcE5f0cAD895EB7", "redeemedAt": "2021-02-27T13:06:04.189"}, "twitSocialVerifs": [{"id": "1e49aa6f-fd2e-49b7-8dbf-932dbfc380a0", "user": "0x20Cda357b5Bc852a72adb629ADcE5f0cAD895EB7", "createdAt": "2021-03-11T12:41:43.82583", "updatedAt": "2021-03-11T12:41:46.464231", "lastCheckedAt": "2021-03-11T12:41:46.437", "socialVerificationURL": "https://twitter.com/YemiiDavis/status/1369991869053173764?s=20", "verificationText": "I\u2019m on @withFND \ud83c\udf10\n\n0x20Cda357b5Bc852a72adb629ADcE5f0cAD895EB7\n\nhttps://t.co/LzA0sbMgSf", "userId": "59401267", "username": "YemiiDavis", "isValid": true, "service": "TWITTER", "failedReason": null, "status": null}], "instaSocialVerifs": [{"id": "a4dc28cf-8efd-4147-9e07-2e05e773ab20", "user": "0x20Cda357b5Bc852a72adb629ADcE5f0cAD895EB7", "createdAt": "2021-05-03T08:23:11.20125", "updatedAt": "2021-05-03T08:23:11.20125", "lastCheckedAt": "2021-05-03T08:23:11.186", "socialVerificationURL": null, "verificationText": null, "userId": "17841401724073532", "username": "yemidavis", "isValid": true, "service": "INSTAGRAM", "failedReason": null, "status": null}]}, "profileExists": true, "collectors": [], "createdCount": 0}, "__N_SSG": true}, "page": "/[username]", "query": {"username": "0x20cda357b5bc852a72adb629adce5f0cad895eb7"}, "buildId": "fPHzAE9c9nph2AUK0K_6u", "isFallback": false, "dynamicIds": [33196, 55458, 54746], "gsp": true, "scriptLoader": []}