{"props": {"pageProps": {"username": "0x8d5acb17b7e0446ba6895df8ba08798383b58c45", "user": {"userIndex": 36775, "publicKey": "0x8D5ACB17b7E0446Ba6895DF8BA08798383b58c45", "username": "RidiculouslyPhotogenicGuy", "profileImageUrl": "https://f8n-production.s3.amazonaws.com/creators/profile/h3fft198p-51084976297-9397ea2638-o-jpg-b53pq8.jpg", "coverImageUrl": "https://f8n-production.s3.amazonaws.com/creators/profile/czzlnafzy-screen-shot-2021-04-03-at-4-25-47-pm-png-1gkczo.png", "name": "Ridiculously Photogenic Guy", "bio": "The most ridiculously photogenic guy the internet has ever known!", "isApprovedCreator": true, "moderationStatus": "ACTIVE", "joinedWaitlistAt": null, "createdAt": "2021-04-03T23:13:25.981343", "migratedToUser": null, "isApprovedForMigrationAt": null, "firstName": null, "lastName": null, "isAdmin": false, "links": {"tiktok": {"handle": "", "platform": "tiktok"}, "twitch": {"handle": "", "platform": "twitch"}, "discord": {"handle": "", "platform": "discord"}, "twitter": {"handle": "watkins_little", "platform": "twitter"}, "website": {"handle": "", "platform": "website"}, "youtube": {"handle": "", "platform": "youtube"}, "facebook": {"handle": "", "platform": "facebook"}, "snapchat": {"handle": "", "platform": "snapchat"}, "instagram": {"handle": "zlittle5", "platform": "instagram"}}, "acceptedInvite": {"senderPublicKey": "0x38d20E0f6b38E497a9762D77c868ea073EB64116", "redeemerPublicKey": "0x8D5ACB17b7E0446Ba6895DF8BA08798383b58c45", "redeemedAt": "2021-04-03T23:13:29.716"}, "twitSocialVerifs": [{"id": "995258eb-0581-4a14-ad7b-d6ea2129bc2f", "user": "0x8D5ACB17b7E0446Ba6895DF8BA08798383b58c45", "createdAt": "2021-04-08T17:44:56.740678", "updatedAt": "2021-04-08T17:44:57.705785", "lastCheckedAt": "2021-04-08T17:44:57.689", "socialVerificationURL": "https://twitter.com/zlittle5/status/1378871368683491331?s=20", "verificationText": "I\u2019m on @withFND \ud83c\udf10\n\n0x8D5ACB17b7E0446Ba6895DF8BA08798383b58c45\n\nhttps://t.co/y7lH1U74PD", "userId": "26745744", "username": "zlittle5", "isValid": true, "service": "TWITTER", "failedReason": null, "status": null}], "instaSocialVerifs": []}, "profileExists": true, "collectors": [{"userIndex": null, "publicKey": "0x37cF9ad4212Bdce8cb48bAF84f1B736090349150", "username": null, "profileImageUrl": null, "coverImageUrl": null, "name": null, "bio": null, "isApprovedCreator": false, "moderationStatus": "ACTIVE", "joinedWaitlistAt": null, "createdAt": "2021-04-17T23:01:35.47946", "migratedToUser": null, "isApprovedForMigrationAt": null, "follows": [], "highestBidAuctions": [{"endsAt": "2021-04-19T06:34:51"}], "highestBidAuctions_aggregate": {"aggregate": {"count": 1}}}], "createdCount": 0}, "__N_SSG": true}, "page": "/[username]", "query": {"username": "0x8d5acb17b7e0446ba6895df8ba08798383b58c45"}, "buildId": "fPHzAE9c9nph2AUK0K_6u", "isFallback": false, "dynamicIds": [33196, 55458, 54746], "gsp": true, "scriptLoader": []}