{"props": {"pageProps": {"username": "0x9f6c9120e77b23fba7bc29ae82ac1f49f000bdef", "user": {"userIndex": 61614, "publicKey": "0x9f6c9120e77b23fBA7Bc29aE82AC1F49F000bdEF", "username": "theogeffard", "profileImageUrl": "https://f8n-production.s3.amazonaws.com/creators/profile/o3ht0c8rm-qclassikwm-001-png-hk3i84.png", "coverImageUrl": "https://f8n-production.s3.amazonaws.com/creators/profile/1lzk6dy8k-foundcouv-jpg-vj6gy4.jpg", "name": "Th\u00e9o", "bio": "French photographer, working mainly in Paris, exploring lights, shadows and colors across the city.", "isApprovedCreator": true, "moderationStatus": "ACTIVE", "joinedWaitlistAt": null, "createdAt": "2021-05-05T08:42:37.610217", "migratedToUser": null, "isApprovedForMigrationAt": null, "firstName": null, "lastName": null, "isAdmin": false, "links": {"tiktok": {"handle": "", "platform": "tiktok"}, "twitch": {"handle": "", "platform": "twitch"}, "discord": {"handle": "Colo #0153", "platform": "discord"}, "twitter": {"handle": "", "platform": "twitter"}, "website": {"handle": "", "platform": "website"}, "youtube": {"handle": "", "platform": "youtube"}, "facebook": {"handle": "", "platform": "facebook"}, "snapchat": {"handle": "", "platform": "snapchat"}, "instagram": {"handle": "", "platform": "instagram"}}, "acceptedInvite": {"senderPublicKey": "0x7b1d79f6a340E38B2721A6eD110E6c05608018B3", "redeemerPublicKey": "0x9f6c9120e77b23fBA7Bc29aE82AC1F49F000bdEF", "redeemedAt": "2021-05-05T08:44:07.106"}, "twitSocialVerifs": [{"id": "9b3c7e8f-eb77-4636-a952-549786abfc2f", "user": "0x9f6c9120e77b23fBA7Bc29aE82AC1F49F000bdEF", "createdAt": "2021-05-15T10:21:05.10991", "updatedAt": "2021-05-15T10:21:15.141649", "lastCheckedAt": "2021-05-15T10:21:15.12", "socialVerificationURL": "https://twitter.com/theogeffard_nft/status/1393511700800884736", "verificationText": "0x9f6c9120e77b23fBA7Bc29aE82AC1F49F000bdEF", "userId": "1283061857545334787", "username": "theogeffard_nft", "isValid": true, "service": "TWITTER", "failedReason": null, "status": null}], "instaSocialVerifs": [{"id": "024fc251-19b4-4d1c-b2a3-fadf2e21026b", "user": "0x9f6c9120e77b23fBA7Bc29aE82AC1F49F000bdEF", "createdAt": "2021-05-09T15:07:08.050958", "updatedAt": "2021-05-09T15:07:08.050958", "lastCheckedAt": "2021-05-09T15:07:08.024", "socialVerificationURL": null, "verificationText": null, "userId": "17841401436544035", "username": "theogeffard", "isValid": true, "service": "INSTAGRAM", "failedReason": null, "status": null}]}, "profileExists": true, "collectors": [], "createdCount": 0}, "__N_SSG": true}, "page": "/[username]", "query": {"username": "0x9f6c9120e77b23fba7bc29ae82ac1f49f000bdef"}, "buildId": "fPHzAE9c9nph2AUK0K_6u", "isFallback": false, "dynamicIds": [33196, 55458, 54746], "gsp": true, "scriptLoader": []}