{"props": {"pageProps": {"username": "0x7c04786f04c522ca664bb8b6804e0d182eec505f", "user": {"userIndex": 78609, "publicKey": "0x7C04786F04c522ca664Bb8b6804E0d182eec505F", "username": "ryanli", "profileImageUrl": "", "coverImageUrl": "", "name": "", "bio": "", "isApprovedCreator": false, "moderationStatus": "ACTIVE", "joinedWaitlistAt": null, "createdAt": "2021-03-31T23:10:34.924448", "migratedToUser": null, "isApprovedForMigrationAt": null, "firstName": null, "lastName": null, "isAdmin": false, "links": {"tiktok": {"handle": "", "platform": "tiktok"}, "twitch": {"handle": "", "platform": "twitch"}, "discord": {"handle": "", "platform": "discord"}, "twitter": {"handle": "", "platform": "twitter"}, "website": {"handle": "", "platform": "website"}, "youtube": {"handle": "", "platform": "youtube"}, "facebook": {"handle": "", "platform": "facebook"}, "snapchat": {"handle": "", "platform": "snapchat"}, "instagram": {"handle": "", "platform": "instagram"}}, "acceptedInvite": null, "twitSocialVerifs": [], "instaSocialVerifs": [{"id": "b0357d99-cfaf-4955-a627-c59220ea4f14", "user": "0x7C04786F04c522ca664Bb8b6804E0d182eec505F", "createdAt": "2021-06-16T06:39:52.847104", "updatedAt": "2021-06-16T06:39:52.847104", "lastCheckedAt": "2021-06-16T06:39:52.817", "socialVerificationURL": null, "verificationText": null, "userId": "17841401801039837", "username": "ryanli_me", "isValid": true, "service": "INSTAGRAM", "failedReason": null, "status": null}]}, "profileExists": true, "collectors": [], "createdCount": 0}, "__N_SSG": true}, "page": "/[username]", "query": {"username": "0x7c04786f04c522ca664bb8b6804e0d182eec505f"}, "buildId": "fPHzAE9c9nph2AUK0K_6u", "isFallback": false, "dynamicIds": [33196, 55458, 54746], "gsp": true, "scriptLoader": []}