{"props": {"pageProps": {"username": "0x9d7c2a03144d739aa462b6342ad656cc230a6823", "user": {"userIndex": 17580, "publicKey": "0x9d7c2A03144D739aa462B6342AD656CC230A6823", "username": "Symctrae", "profileImageUrl": "https://f8n-production.s3.amazonaws.com/creators/profile/yzglhw4ny-thumbn5-png-ishc9e.PNG", "coverImageUrl": "https://f8n-production.s3.amazonaws.com/creators/profile/1bz3on1x3-thumbn2-png-p18kxy.PNG", "name": "S\u0336y\u0335m\u0337b\u0337i\u0335o\u0336t\u0334i\u0334c\u0336", "bio": "Multidisciplinary architect based in Mexico\n\nS\u0336\u0311\u032fy\u0335\u0315\u0320m\u0334\u0301\u0325b\u0337\u030a\u0331\u031ci\u0334\u0310\u0353\u032do\u0337\u035b\u0325t\u0334\u030a\u0357\u0319i\u0334\u0311\u0327\u0321c\u0336\u0340\u034a\u0322 \u0336\u035b\u0308\u0345\u0326", "isApprovedCreator": true, "moderationStatus": "ACTIVE", "joinedWaitlistAt": null, "createdAt": "2021-03-16T20:18:08.76191", "migratedToUser": null, "isApprovedForMigrationAt": null, "firstName": null, "lastName": null, "isAdmin": false, "links": {"tiktok": {"handle": "", "platform": "tiktok"}, "twitch": {"handle": "", "platform": "twitch"}, "discord": {"handle": "Ivn#0094", "platform": "discord"}, "twitter": {"handle": "", "platform": "twitter"}, "website": {"handle": "", "platform": "website"}, "youtube": {"handle": "", "platform": "youtube"}, "facebook": {"handle": "", "platform": "facebook"}, "snapchat": {"handle": "", "platform": "snapchat"}, "instagram": {"handle": "https://www.instagram.com/symbioticxcat/", "platform": "instagram"}}, "acceptedInvite": {"senderPublicKey": "0xf963a469c654C468F573D05752bB717b2bDC07Fd", "redeemerPublicKey": "0x9d7c2A03144D739aa462B6342AD656CC230A6823", "redeemedAt": "2021-03-26T15:58:59.761"}, "twitSocialVerifs": [{"id": "b39a3e0c-981e-430c-b3db-ce2154783b7a", "user": "0x9d7c2A03144D739aa462B6342AD656CC230A6823", "createdAt": "2021-06-07T22:38:49.401284", "updatedAt": "2021-06-07T22:38:51.843052", "lastCheckedAt": "2021-06-07T22:38:51.828", "socialVerificationURL": "https://twitter.com/Symctrae/status/1402032259365019650", "verificationText": "I\u2019m on @withFND \ud83c\udf10\n\n0x9d7c2A03144D739aa462B6342AD656CC230A6823\n\nhttps://t.co/CzQTz1kMub", "userId": "1371582264585428998", "username": "Symctrae", "isValid": true, "service": "TWITTER", "failedReason": null, "status": null}], "instaSocialVerifs": [{"id": "5659fd9b-8576-473e-8483-1f375287c8c7", "user": "0x9d7c2A03144D739aa462B6342AD656CC230A6823", "createdAt": "2021-04-21T02:27:04.687067", "updatedAt": "2021-04-21T02:27:04.687067", "lastCheckedAt": "2021-04-21T02:27:04.685", "socialVerificationURL": null, "verificationText": null, "userId": "17841409238965165", "username": "symctrae", "isValid": true, "service": "INSTAGRAM", "failedReason": null, "status": null}]}, "profileExists": true, "collectors": [], "createdCount": 0}, "__N_SSG": true}, "page": "/[username]", "query": {"username": "0x9d7c2a03144d739aa462b6342ad656cc230a6823"}, "buildId": "fPHzAE9c9nph2AUK0K_6u", "isFallback": false, "dynamicIds": [33196, 55458, 54746], "gsp": true, "scriptLoader": []}