{"props": {"pageProps": {"username": "0x9c097a3124495f129265c8a1f44c61be55422139", "user": {"userIndex": 15065, "publicKey": "0x9c097a3124495F129265C8A1F44c61BE55422139", "username": "NICKTHOMM", "profileImageUrl": "https://f8n-production.s3.amazonaws.com/creators/profile/5q8e9gbhq-17897806-897467140394840-2334910626318516224-n-gif-jxm8mf.gif", "coverImageUrl": "https://f8n-production.s3.amazonaws.com/creators/profile/wufeyct0x-untitled-2-jpg-01eqra.jpg", "name": "NICK THOMM", "bio": "Described as \u201cthe poster child for the digitally inclined\u201d by COMPLEX, Thomm's exhibited in major museums and galleries worldwide. His work explores the intersection of Art & Technology. ", "isApprovedCreator": true, "moderationStatus": "ACTIVE", "joinedWaitlistAt": null, "createdAt": "2021-03-14T05:49:59.759883", "migratedToUser": null, "isApprovedForMigrationAt": null, "firstName": null, "lastName": null, "isAdmin": false, "links": {"tiktok": {"handle": "", "platform": "tiktok"}, "twitch": {"handle": "", "platform": "twitch"}, "discord": {"handle": "", "platform": "discord"}, "twitter": {"handle": "", "platform": "twitter"}, "website": {"handle": "nickthomm.com", "platform": "website"}, "youtube": {"handle": "https://www.youtube.com/nickthomm", "platform": "youtube"}, "facebook": {"handle": "", "platform": "facebook"}, "snapchat": {"handle": "", "platform": "snapchat"}, "instagram": {"handle": "nickthomm", "platform": "instagram"}}, "acceptedInvite": {"senderPublicKey": "0xDC0753F6B3Cc6034317b73C10413c19958d36ED1", "redeemerPublicKey": "0x9c097a3124495F129265C8A1F44c61BE55422139", "redeemedAt": "2021-03-14T05:50:05.459"}, "twitSocialVerifs": [{"id": "a405f812-a134-42c2-b59e-a5fb86b388d5", "user": "0x9c097a3124495F129265C8A1F44c61BE55422139", "createdAt": "2021-03-24T08:41:40.670355", "updatedAt": "2021-03-24T08:41:42.458094", "lastCheckedAt": "2021-03-24T08:41:42.442", "socialVerificationURL": "https://twitter.com/nickthomm/status/1374642274886316035", "verificationText": "I\u2019m on @withFND \ud83c\udf10\n\n0x9c097a3124495F129265C8A1F44c61BE55422139\n\nhttps://t.co/9XRpJLOzHd", "userId": "26464454", "username": "nickthomm", "isValid": true, "service": "TWITTER", "failedReason": null, "status": null}], "instaSocialVerifs": [{"id": "a8ba1175-8491-4d38-974f-5db17f119096", "user": "0x9c097a3124495F129265C8A1F44c61BE55422139", "createdAt": "2021-04-21T22:44:54.325311", "updatedAt": "2021-04-21T22:44:54.325311", "lastCheckedAt": "2021-04-21T22:44:54.276", "socialVerificationURL": null, "verificationText": null, "userId": "17841401680840058", "username": "nickthomm", "isValid": true, "service": "INSTAGRAM", "failedReason": null, "status": null}]}, "profileExists": true, "collectors": [{"userIndex": 41642, "publicKey": "0x53cfeFdf6ac4f7b59a82F89530ee0B6bA4f60Fa1", "username": "seeker00", "profileImageUrl": "https://f8n-production.s3.amazonaws.com/creators/profile/3985l180i-51rpydojjjl-ac-sy355-jpg-eewzz1.jpg", "coverImageUrl": "", "name": "seeker00", "bio": "", "isApprovedCreator": false, "moderationStatus": "ACTIVE", "joinedWaitlistAt": null, "createdAt": "2021-04-08T22:42:05.418663", "migratedToUser": null, "isApprovedForMigrationAt": null, "follows": [], "highestBidAuctions": [{"endsAt": "2021-04-09T22:55:48"}], "highestBidAuctions_aggregate": {"aggregate": {"count": 1}}}], "createdCount": 0}, "__N_SSG": true}, "page": "/[username]", "query": {"username": "0x9c097a3124495f129265c8a1f44c61be55422139"}, "buildId": "fPHzAE9c9nph2AUK0K_6u", "isFallback": false, "dynamicIds": [33196, 55458, 54746], "gsp": true, "scriptLoader": []}