{"props": {"pageProps": {"username": "0x5b01839d7a61d3bf6f173e9e0a319d21f0f011c7", "user": {"userIndex": 46355, "publicKey": "0x5b01839d7A61d3bf6F173E9e0a319d21f0f011C7", "username": "Roob", "profileImageUrl": "https://f8n-production.s3.amazonaws.com/creators/profile/3ee3hgx7i-11750735-10153646200141807-5765030646639398767-n-jpeg-5igbdy.jpeg", "coverImageUrl": "https://f8n-production.s3.amazonaws.com/creators/profile/teadyay2s-abe-hornhautentferner-stacked-3-jpg-0cvxg3.jpg", "name": "Robert Kohlhuber", "bio": "freelance photographer and filmmaker, with a passion for abstracts, colors and microscopic worlds. I love to shoot in different creative ways, create organic effects and discover new things", "isApprovedCreator": true, "moderationStatus": "ACTIVE", "joinedWaitlistAt": null, "createdAt": "2021-04-14T10:03:46.038289", "migratedToUser": null, "isApprovedForMigrationAt": null, "firstName": null, "lastName": null, "isAdmin": false, "links": {"tiktok": {"handle": "", "platform": "tiktok"}, "twitch": {"handle": "", "platform": "twitch"}, "discord": {"handle": "", "platform": "discord"}, "twitter": {"handle": "", "platform": "twitter"}, "website": {"handle": "www.kohlhuber.net", "platform": "website"}, "youtube": {"handle": "", "platform": "youtube"}, "facebook": {"handle": "Kohlhuber.Photography", "platform": "facebook"}, "snapchat": {"handle": "", "platform": "snapchat"}, "instagram": {"handle": "robertkohlhuber", "platform": "instagram"}}, "acceptedInvite": {"senderPublicKey": "0xc4CB545a3b195af7145851A192916A8a100c9B26", "redeemerPublicKey": "0x5b01839d7A61d3bf6F173E9e0a319d21f0f011C7", "redeemedAt": "2021-04-14T10:03:54.387"}, "twitSocialVerifs": [{"id": "b50b0c15-1865-431a-ae32-2056396f803c", "user": "0x5b01839d7A61d3bf6F173E9e0a319d21f0f011C7", "createdAt": "2021-04-14T10:18:09.754654", "updatedAt": "2021-04-14T10:18:10.424713", "lastCheckedAt": "2021-04-14T10:18:10.411", "socialVerificationURL": "https://twitter.com/kohlhuberrobert/status/1382276222391103490", "verificationText": "I\u2019m on @withFND \ud83c\udf10\n\n0x5b01839d7A61d3bf6F173E9e0a319d21f0f011C7\n\nhttps://t.co/hpsq2nao2d", "userId": "2950968375", "username": "kohlhuberrobert", "isValid": true, "service": "TWITTER", "failedReason": null, "status": null}], "instaSocialVerifs": []}, "profileExists": true, "collectors": [], "createdCount": 0}, "__N_SSG": true}, "page": "/[username]", "query": {"username": "0x5b01839d7a61d3bf6f173e9e0a319d21f0f011c7"}, "buildId": "fPHzAE9c9nph2AUK0K_6u", "isFallback": false, "dynamicIds": [33196, 55458, 54746], "gsp": true, "scriptLoader": []}