{"props": {"pageProps": {"username": "0x8cde6053ce120f6db3e2c95fddc61cfa85fb97db", "user": {"userIndex": 56562, "publicKey": "0x8cDe6053CE120F6dB3e2c95FDdc61cfa85fb97db", "username": "electoarts", "profileImageUrl": "https://f8n-production.s3.amazonaws.com/creators/profile/ef8gy18h6-nafas-jpg-5c75ok.jpg", "coverImageUrl": "https://f8n-production.s3.amazonaws.com/creators/profile/rhvtd7sp4-wp-jpg-hg5zuy.jpg", "name": "Electo Arts", "bio": "Digital Artist", "isApprovedCreator": true, "moderationStatus": "ACTIVE", "joinedWaitlistAt": null, "createdAt": "2021-04-27T20:11:42.916914", "migratedToUser": null, "isApprovedForMigrationAt": null, "firstName": null, "lastName": null, "isAdmin": false, "links": {"tiktok": {"handle": "", "platform": "tiktok"}, "twitch": {"handle": "", "platform": "twitch"}, "discord": {"handle": "", "platform": "discord"}, "twitter": {"handle": "", "platform": "twitter"}, "website": {"handle": "", "platform": "website"}, "youtube": {"handle": "", "platform": "youtube"}, "facebook": {"handle": "", "platform": "facebook"}, "snapchat": {"handle": "", "platform": "snapchat"}, "instagram": {"handle": "", "platform": "instagram"}}, "acceptedInvite": {"senderPublicKey": "0xe2Eaad66D2e50Ccb9e96D44DE6b0a5Eb3c77b82c", "redeemerPublicKey": "0x8cDe6053CE120F6dB3e2c95FDdc61cfa85fb97db", "redeemedAt": "2021-04-28T02:47:52.142"}, "twitSocialVerifs": [{"id": "42b06afb-78df-4ed7-bee0-33e0ae627f53", "user": "0x8cDe6053CE120F6dB3e2c95FDdc61cfa85fb97db", "createdAt": "2021-05-22T15:49:46.786195", "updatedAt": "2021-05-22T15:49:50.772969", "lastCheckedAt": "2021-05-22T15:49:50.767", "socialVerificationURL": "https://twitter.com/electoart_/status/1396131006336339970?s=19", "verificationText": "0x8cDe6053CE120F6dB3e2c95FDdc61cfa85fb97db", "userId": "1366469001086386176", "username": "electoart_", "isValid": true, "service": "TWITTER", "failedReason": null, "status": null}], "instaSocialVerifs": [{"id": "e0690b5c-8124-46ec-a328-8765fe82f865", "user": "0x8cDe6053CE120F6dB3e2c95FDdc61cfa85fb97db", "createdAt": "2021-05-22T15:47:17.70077", "updatedAt": "2021-05-22T15:47:38.036001", "lastCheckedAt": "2021-05-22T15:47:17.656", "socialVerificationURL": null, "verificationText": null, "userId": "17841434150155196", "username": "maedeh_es_art", "isValid": true, "service": "INSTAGRAM", "failedReason": null, "status": null}]}, "profileExists": true, "collectors": [], "createdCount": 0}, "__N_SSG": true}, "page": "/[username]", "query": {"username": "0x8cde6053ce120f6db3e2c95fddc61cfa85fb97db"}, "buildId": "fPHzAE9c9nph2AUK0K_6u", "isFallback": false, "dynamicIds": [33196, 55458, 54746], "gsp": true, "scriptLoader": []}