{"props": {"pageProps": {"username": "0x68c67c459150a5326cfb668a1a5f98b9cb3cee9a", "user": {"userIndex": 16374, "publicKey": "0x68c67C459150A5326cFb668A1a5f98b9cB3cEE9A", "username": "fermin_liz", "profileImageUrl": "https://f8n-production.s3.amazonaws.com/creators/profile/eql1conzb-close-loto-profile-png-hg3ow0.png", "coverImageUrl": "https://f8n-production.s3.amazonaws.com/creators/profile/j4zh1wi0b-rarible-bg-jpg-grjys6.jpg", "name": "Fermin Liz", "bio": "3D designer. I make 3D Illustrations with cute chubby characters.", "isApprovedCreator": true, "moderationStatus": "ACTIVE", "joinedWaitlistAt": null, "createdAt": "2021-02-19T20:56:34.349777", "migratedToUser": null, "isApprovedForMigrationAt": null, "firstName": null, "lastName": null, "isAdmin": false, "links": {"tiktok": {"handle": "", "platform": "tiktok"}, "twitch": {"handle": "", "platform": "twitch"}, "discord": {"handle": "fermin_liz#2646", "platform": "discord"}, "twitter": {"handle": "fermin_liz_", "platform": "twitter"}, "website": {"handle": "", "platform": "website"}, "youtube": {"handle": "", "platform": "youtube"}, "facebook": {"handle": "", "platform": "facebook"}, "snapchat": {"handle": "Fermin", "platform": "snapchat"}, "instagram": {"handle": "fermin_liz", "platform": "instagram"}}, "acceptedInvite": {"senderPublicKey": "0x3945a8c8b6d39e47A14EBD8dBC699382AF284107", "redeemerPublicKey": "0x68c67C459150A5326cFb668A1a5f98b9cB3cEE9A", "redeemedAt": "2021-03-29T19:35:01.193"}, "twitSocialVerifs": [{"id": "068fc0f2-e992-4db1-8ab9-4cc6aab92e5f", "user": "0x68c67C459150A5326cFb668A1a5f98b9cB3cEE9A", "createdAt": "2021-04-02T13:33:27.869559", "updatedAt": "2021-04-02T13:33:33.700128", "lastCheckedAt": "2021-04-02T13:33:33.691", "socialVerificationURL": "https://twitter.com/fermin_liz_/status/1377977337040474113", "verificationText": "I\u2019m on @withFND \ud83c\udf10\n\n0x68c67C459150A5326cFb668A1a5f98b9cB3cEE9A\n\nhttps://t.co/LFslG2qpnl", "userId": "1366737288437391361", "username": "fermin_liz_", "isValid": true, "service": "TWITTER", "failedReason": null, "status": null}], "instaSocialVerifs": [{"id": "2cb89f0e-008a-4a17-8144-1a6cab5f71ab", "user": "0x68c67C459150A5326cFb668A1a5f98b9cB3cEE9A", "createdAt": "2021-05-09T11:06:22.708471", "updatedAt": "2021-05-09T11:06:22.708471", "lastCheckedAt": "2021-05-09T11:06:22.687", "socialVerificationURL": null, "verificationText": null, "userId": "17841401254745837", "username": "fermin_liz", "isValid": true, "service": "INSTAGRAM", "failedReason": null, "status": null}]}, "profileExists": true, "collectors": [{"userIndex": 2141, "publicKey": "0x40a1DBF8099EA840B0A9cec14F0aB863521d4ebC", "username": "BOVK", "profileImageUrl": "https://f8n-production.s3.amazonaws.com/creators/profile/leehewtx7-logo-black-pink-jpg-dkli6z.jpg", "coverImageUrl": "https://f8n-production.s3.amazonaws.com/creators/profile/0b587zy31-captura-de-pantalla-2021-03-19-a-las-10-31-31-png-xkovb9.png", "name": "BOVK", "bio": "Hi! I am Borja Alegre, I am a 3D Designer who makes playful and engaging images.", "isApprovedCreator": true, "moderationStatus": "ACTIVE", "joinedWaitlistAt": null, "createdAt": "2021-02-19T22:23:22.933873", "migratedToUser": null, "isApprovedForMigrationAt": null, "follows": [], "highestBidAuctions": [{"endsAt": "2021-04-23T07:00:35"}], "highestBidAuctions_aggregate": {"aggregate": {"count": 1}}}], "createdCount": 0}, "__N_SSG": true}, "page": "/[username]", "query": {"username": "0x68c67c459150a5326cfb668a1a5f98b9cb3cee9a"}, "buildId": "fPHzAE9c9nph2AUK0K_6u", "isFallback": false, "dynamicIds": [33196, 55458, 54746], "gsp": true, "scriptLoader": []}