{"props": {"pageProps": {"username": "0x4f1cd20dca622d1409e6e758dbd1ce96ee91bc72", "user": {"userIndex": 76626, "publicKey": "0x4F1CD20DcA622D1409E6e758DBd1Ce96EE91Bc72", "username": "ishakheckorkmaz", "profileImageUrl": "https://f8n-production.s3.amazonaws.com/creators/profile/c05r7402n-me2-jpg-73jz1b.jpg", "coverImageUrl": "", "name": "ishak he\u00e7korkmaz", "bio": "Hello! I'm Ishak Heckorkmaz. I am photographer and videographer. ", "isApprovedCreator": true, "moderationStatus": "ACTIVE", "joinedWaitlistAt": null, "createdAt": "2021-06-10T18:55:54.030417", "migratedToUser": null, "isApprovedForMigrationAt": null, "firstName": null, "lastName": null, "isAdmin": false, "links": {"tiktok": {"handle": "", "platform": "tiktok"}, "twitch": {"handle": "", "platform": "twitch"}, "discord": {"handle": "", "platform": "discord"}, "twitter": {"handle": "", "platform": "twitter"}, "website": {"handle": "", "platform": "website"}, "youtube": {"handle": "", "platform": "youtube"}, "facebook": {"handle": "", "platform": "facebook"}, "snapchat": {"handle": "", "platform": "snapchat"}, "instagram": {"handle": "", "platform": "instagram"}}, "acceptedInvite": {"senderPublicKey": "0x8441923BcfF013374799A0a7BF83719FE7C7ec0d", "redeemerPublicKey": "0x4F1CD20DcA622D1409E6e758DBd1Ce96EE91Bc72", "redeemedAt": "2021-06-10T18:56:39.103"}, "twitSocialVerifs": [{"id": "8f82cfab-e303-4309-8191-84595e853384", "user": "0x4F1CD20DcA622D1409E6e758DBd1Ce96EE91Bc72", "createdAt": "2021-06-10T19:02:59.613404", "updatedAt": "2021-06-10T19:03:06.70994", "lastCheckedAt": "2021-06-10T19:03:06.694", "socialVerificationURL": "https://twitter.com/ishakhckrkmz/status/1403065057970380801?s=20", "verificationText": "I\u2019m on @withFND \ud83c\udf10\n\n0x4F1CD20DcA622D1409E6e758DBd1Ce96EE91Bc72\n\nhttps://t.co/pYVhVNpV7U", "userId": "1084190238", "username": "ishakhckrkmz", "isValid": true, "service": "TWITTER", "failedReason": null, "status": null}], "instaSocialVerifs": [{"id": "300609e3-1da0-4597-ae8d-8eb3bde6f8bc", "user": "0x4F1CD20DcA622D1409E6e758DBd1Ce96EE91Bc72", "createdAt": "2021-06-14T19:07:58.927765", "updatedAt": "2021-06-14T19:07:58.927765", "lastCheckedAt": "2021-06-14T19:07:58.925", "socialVerificationURL": null, "verificationText": null, "userId": "17841401020895435", "username": "ishakheckorkmaz", "isValid": true, "service": "INSTAGRAM", "failedReason": null, "status": null}]}, "profileExists": true, "collectors": [], "createdCount": 0}, "__N_SSG": true}, "page": "/[username]", "query": {"username": "0x4f1cd20dca622d1409e6e758dbd1ce96ee91bc72"}, "buildId": "fPHzAE9c9nph2AUK0K_6u", "isFallback": false, "dynamicIds": [33196, 55458, 54746], "gsp": true, "scriptLoader": []}