{"props": {"pageProps": {"username": "0x2bb60e219cac73a23cf476e466912692b6cf446c", "user": {"userIndex": 81613, "publicKey": "0x2Bb60E219cAc73A23CF476E466912692B6cF446C", "username": "QVNDZ", "profileImageUrl": "https://f8n-production.s3.amazonaws.com/creators/profile/1etfbi33w-lost-soul-jpg-91xug7.jpg", "coverImageUrl": "https://f8n-production.s3.amazonaws.com/creators/profile/ffqf41yaw-lost-soul-jpg-psqxqi.jpg", "name": "qvndz", "bio": "Artist", "isApprovedCreator": true, "moderationStatus": "ACTIVE", "joinedWaitlistAt": null, "createdAt": "2021-02-17T20:35:43.843586", "migratedToUser": null, "isApprovedForMigrationAt": null, "firstName": null, "lastName": null, "isAdmin": false, "links": {"tiktok": {"handle": "", "platform": "tiktok"}, "twitch": {"handle": "", "platform": "twitch"}, "discord": {"handle": "QVNDZ#8431", "platform": "discord"}, "twitter": {"handle": "", "platform": "twitter"}, "website": {"handle": "www.behance.net/qvndz/", "platform": "website"}, "youtube": {"handle": "", "platform": "youtube"}, "facebook": {"handle": "", "platform": "facebook"}, "snapchat": {"handle": "", "platform": "snapchat"}, "instagram": {"handle": "", "platform": "instagram"}}, "acceptedInvite": {"senderPublicKey": "0x5716AeeC02F20a46275A9BD635f35673E5AE4f50", "redeemerPublicKey": "0x2Bb60E219cAc73A23CF476E466912692B6cF446C", "redeemedAt": "2021-07-07T16:52:18.244"}, "twitSocialVerifs": [{"id": "e6e2728a-4f68-4cd5-affd-901520ee593a", "user": "0x2Bb60E219cAc73A23CF476E466912692B6cF446C", "createdAt": "2021-07-11T06:55:20.605523", "updatedAt": "2021-07-11T06:55:24.646883", "lastCheckedAt": "2021-07-11T06:55:24.637", "socialVerificationURL": "https://twitter.com/qvndz/status/1414116023813304320?s=20", "verificationText": "I\u2019m on @withFND \ud83c\udf10\n\n0x2Bb60E219cAc73A23CF476E466912692B6cF446C\n\nhttps://t.co/ee3XGbevow", "userId": "1203714810027753472", "username": "qvndz", "isValid": true, "service": "TWITTER", "failedReason": null, "status": null}], "instaSocialVerifs": [{"id": "ffac3563-e6a5-4d33-99c5-61a6bc412cb0", "user": "0x2Bb60E219cAc73A23CF476E466912692B6cF446C", "createdAt": "2021-06-30T20:11:47.976439", "updatedAt": "2021-06-30T20:11:47.976439", "lastCheckedAt": "2021-06-30T20:11:47.935", "socialVerificationURL": null, "verificationText": null, "userId": "17841425840697827", "username": "qvndz", "isValid": true, "service": "INSTAGRAM", "failedReason": null, "status": null}]}, "profileExists": true, "collectors": [], "createdCount": 0}, "__N_SSG": true}, "page": "/[username]", "query": {"username": "0x2bb60e219cac73a23cf476e466912692b6cf446c"}, "buildId": "fPHzAE9c9nph2AUK0K_6u", "isFallback": false, "dynamicIds": [33196, 55458, 54746], "gsp": true, "scriptLoader": []}