{"props": {"pageProps": {"username": "0x65b1f1a0bd91cf160c9c75217f120419c1772c93", "user": {"userIndex": 46785, "publicKey": "0x65B1F1A0Bd91cf160C9c75217f120419c1772c93", "username": "dapimenova", "profileImageUrl": "https://f8n-production.s3.amazonaws.com/creators/profile/o4i3i00hi-dsc09140-jpg-kz7ubc.jpg", "coverImageUrl": "https://f8n-production.s3.amazonaws.com/creators/profile/vpukkv8jl-dsc0821602-jpg-byf6kz.jpg", "name": "Daria Pimenova", "bio": "Berlin-based interior decorator with a passion for architecture, nature, and aesthetics", "isApprovedCreator": true, "moderationStatus": "ACTIVE", "joinedWaitlistAt": null, "createdAt": "2021-04-14T19:53:01.988112", "migratedToUser": null, "isApprovedForMigrationAt": null, "firstName": null, "lastName": null, "isAdmin": false, "links": {"tiktok": {"handle": "", "platform": "tiktok"}, "twitch": {"handle": "", "platform": "twitch"}, "discord": {"handle": "", "platform": "discord"}, "twitter": {"handle": "", "platform": "twitter"}, "website": {"handle": "", "platform": "website"}, "youtube": {"handle": "", "platform": "youtube"}, "facebook": {"handle": "", "platform": "facebook"}, "snapchat": {"handle": "", "platform": "snapchat"}, "instagram": {"handle": "da.pimenova", "platform": "instagram"}}, "acceptedInvite": {"senderPublicKey": "0xc8b93Ef1AbeFBA4D4E5c082563A16cA39E7Dbb95", "redeemerPublicKey": "0x65B1F1A0Bd91cf160C9c75217f120419c1772c93", "redeemedAt": "2021-04-14T19:53:05.333"}, "twitSocialVerifs": [{"id": "b40ecf8f-9818-494d-9520-d8d87f81437b", "user": "0x65B1F1A0Bd91cf160C9c75217f120419c1772c93", "createdAt": "2021-04-15T20:43:49.874636", "updatedAt": "2021-04-15T20:43:50.242392", "lastCheckedAt": "2021-04-15T20:43:50.216", "socialVerificationURL": "https://twitter.com/da_pimenova/status/1382796772439908357", "verificationText": "0x65B1F1A0Bd91cf160C9c75217f120419c1772c93", "userId": "1382422675612663808", "username": "da_pimenova", "isValid": true, "service": "TWITTER", "failedReason": null, "status": null}], "instaSocialVerifs": [{"id": "b5f49937-8245-43ca-807b-5757185a148d", "user": "0x65B1F1A0Bd91cf160C9c75217f120419c1772c93", "createdAt": "2021-04-23T10:55:33.227883", "updatedAt": "2021-04-23T10:55:33.227883", "lastCheckedAt": "2021-04-23T10:55:33.226", "socialVerificationURL": null, "verificationText": null, "userId": "17841401486894375", "username": "da.pimenova", "isValid": true, "service": "INSTAGRAM", "failedReason": null, "status": null}]}, "profileExists": true, "collectors": [{"userIndex": 46358, "publicKey": "0xB2FD1C127CA2864D2E2111E943dFdd8d39Caa58f", "username": "reddot", "profileImageUrl": "https://f8n-production.s3.amazonaws.com/creators/profile/vlm963htu-1200px-polka-dots-svg-png-4pjcrp.png", "coverImageUrl": "", "name": "reddot", "bio": "\ud83d\udd34", "isApprovedCreator": false, "moderationStatus": "ACTIVE", "joinedWaitlistAt": null, "createdAt": "2021-04-14T10:23:51.73453", "migratedToUser": null, "isApprovedForMigrationAt": null, "follows": [], "highestBidAuctions": [{"endsAt": "2021-04-23T10:23:21"}], "highestBidAuctions_aggregate": {"aggregate": {"count": 1}}}], "createdCount": 0}, "__N_SSG": true}, "page": "/[username]", "query": {"username": "0x65b1f1a0bd91cf160c9c75217f120419c1772c93"}, "buildId": "fPHzAE9c9nph2AUK0K_6u", "isFallback": false, "dynamicIds": [33196, 55458, 54746], "gsp": true, "scriptLoader": []}