{"props": {"pageProps": {"username": "0x29c164fecc5388c3a38cf2910c6ff30cb86fea9a", "user": {"userIndex": 20547, "publicKey": "0x29C164fEcC5388c3A38cf2910c6FF30cB86Fea9A", "username": "slowmo", "profileImageUrl": "https://f8n-production.s3.amazonaws.com/creators/profile/hf8k97u70-foto-23-00573-jpg-pixzjv.jpg", "coverImageUrl": "https://f8n-production.s3.amazonaws.com/creators/profile/4mv4z5yfx-composizione-111-gif-62cqx6.gif", "name": "Riccardo Fontana", "bio": "19 years old photographer and videomaker, experimenting with 3D art.", "isApprovedCreator": true, "moderationStatus": "ACTIVE", "joinedWaitlistAt": null, "createdAt": "2021-03-20T16:13:18.615898", "migratedToUser": null, "isApprovedForMigrationAt": null, "firstName": null, "lastName": null, "isAdmin": false, "links": {"tiktok": {"handle": "fox.aep", "platform": "tiktok"}, "twitch": {"handle": "", "platform": "twitch"}, "discord": {"handle": "SlowMo#2936", "platform": "discord"}, "twitter": {"handle": "", "platform": "twitter"}, "website": {"handle": "", "platform": "website"}, "youtube": {"handle": "https://www.youtube.com/channel/UCvwNu-SGzibSHHlsuKY_4Jw", "platform": "youtube"}, "facebook": {"handle": "", "platform": "facebook"}, "snapchat": {"handle": "", "platform": "snapchat"}, "instagram": {"handle": "riccardo.fontana__", "platform": "instagram"}}, "acceptedInvite": {"senderPublicKey": "0x77DeAc2A45Eac87c83FF9AE21DAcAe565A24A2f0", "redeemerPublicKey": "0x29C164fEcC5388c3A38cf2910c6FF30cB86Fea9A", "redeemedAt": "2021-03-20T17:57:59.547"}, "twitSocialVerifs": [{"id": "6138cfb8-5b3b-4147-acce-a7b3a643654a", "user": "0x29C164fEcC5388c3A38cf2910c6FF30cB86Fea9A", "createdAt": "2021-03-28T15:27:31.193436", "updatedAt": "2021-03-28T15:27:32.016379", "lastCheckedAt": "2021-03-28T15:27:31.96", "socialVerificationURL": "https://twitter.com/riccardofontt/status/1376194119094112257", "verificationText": "I\u2019m on @withFND \ud83c\udf10\n\n0x29C164fEcC5388c3A38cf2910c6FF30cB86Fea9A\n\nhttps://t.co/2B6YPpo2Is", "userId": "1267177268004171776", "username": "riccardofontt", "isValid": true, "service": "TWITTER", "failedReason": null, "status": null}], "instaSocialVerifs": []}, "profileExists": true, "collectors": [], "createdCount": 0}, "__N_SSG": true}, "page": "/[username]", "query": {"username": "0x29c164fecc5388c3a38cf2910c6ff30cb86fea9a"}, "buildId": "fPHzAE9c9nph2AUK0K_6u", "isFallback": false, "dynamicIds": [33196, 55458, 54746], "gsp": true, "scriptLoader": []}