{"props": {"pageProps": {"username": "0xf7425fb026f9297fcc57b14ace187215442586a2", "user": {"userIndex": 49868, "publicKey": "0xF7425fB026f9297fCc57B14ace187215442586a2", "username": "genekogan", "profileImageUrl": "https://f8n-production.s3.amazonaws.com/creators/profile/wq5fqrj52-cr-d3-27-c6-54-b1-42-c1-81-f1-png-c8p98q.png", "coverImageUrl": "https://f8n-production.s3.amazonaws.com/creators/profile/kjq3v3het-hd2-1-png-z4agro.png", "name": "Gene Kogan", "bio": "Gene Kogan is an artist and a programmer who is interested in autonomous systems, collective intelligence, generative art, and computer science.", "isApprovedCreator": true, "moderationStatus": "ACTIVE", "joinedWaitlistAt": null, "createdAt": "2021-03-05T20:00:51.812795", "migratedToUser": null, "isApprovedForMigrationAt": null, "firstName": null, "lastName": null, "isAdmin": false, "links": {"tiktok": {"handle": "", "platform": "tiktok"}, "twitch": {"handle": "", "platform": "twitch"}, "discord": {"handle": "genekogan#5918", "platform": "discord"}, "twitter": {"handle": "genekogan", "platform": "twitter"}, "website": {"handle": "genekogan.com", "platform": "website"}, "youtube": {"handle": "https://www.youtube.com/channel/UCUvNKuMFU17Tjz8_0w_AVkw/videos", "platform": "youtube"}, "facebook": {"handle": "", "platform": "facebook"}, "snapchat": {"handle": "", "platform": "snapchat"}, "instagram": {"handle": "genekogan", "platform": "instagram"}}, "acceptedInvite": {"senderPublicKey": "0x914F732922Db3f76590Eb2749E53f5FD5A99eF57", "redeemerPublicKey": "0xF7425fB026f9297fCc57B14ace187215442586a2", "redeemedAt": "2021-04-18T21:47:14.328"}, "twitSocialVerifs": [{"id": "515c51a1-b8ff-4548-b62a-332957ca8f4a", "user": "0xF7425fB026f9297fCc57B14ace187215442586a2", "createdAt": "2021-04-20T16:40:34.423204", "updatedAt": "2021-04-20T16:40:37.386462", "lastCheckedAt": "2021-04-20T16:40:37.323", "socialVerificationURL": "https://twitter.com/genekogan/status/1384547438468288518", "verificationText": "I\u2019m on @withFND \ud83c\udf10\n\n0xF7425fB026f9297fCc57B14ace187215442586a2\n\nhttps://t.co/fAM2XsCR2D", "userId": "51757957", "username": "genekogan", "isValid": true, "service": "TWITTER", "failedReason": null, "status": null}], "instaSocialVerifs": [{"id": "1deac60d-f888-4908-b014-2d531ddfa3e7", "user": "0xF7425fB026f9297fCc57B14ace187215442586a2", "createdAt": "2021-04-20T16:43:11.852197", "updatedAt": "2021-04-20T16:43:11.852197", "lastCheckedAt": "2021-04-20T16:43:11.852", "socialVerificationURL": null, "verificationText": null, "userId": "17841401566750482", "username": "genekogan", "isValid": true, "service": "INSTAGRAM", "failedReason": null, "status": null}]}, "profileExists": true, "collectors": [{"userIndex": 18639, "publicKey": "0x2b9324f66B7733202261777726D8f9720285cb8a", "username": "dicey_apple", "profileImageUrl": "https://f8n-production.s3.amazonaws.com/creators/profile/vawybqln9-unnamed-png-z5e40y.png", "coverImageUrl": "", "name": "", "bio": "", "isApprovedCreator": false, "moderationStatus": "ACTIVE", "joinedWaitlistAt": null, "createdAt": "2021-03-15T04:35:20.409397", "migratedToUser": null, "isApprovedForMigrationAt": null, "follows": [], "highestBidAuctions": [{"endsAt": "2021-05-24T18:30:15"}], "highestBidAuctions_aggregate": {"aggregate": {"count": 1}}}], "createdCount": 0}, "__N_SSG": true}, "page": "/[username]", "query": {"username": "0xf7425fb026f9297fcc57b14ace187215442586a2"}, "buildId": "fPHzAE9c9nph2AUK0K_6u", "isFallback": false, "dynamicIds": [33196, 55458, 54746], "gsp": true, "scriptLoader": []}