{"props": {"pageProps": {"username": "0xc526de78d4988b1cb9754f41b283b044a46d82c5", "user": {"userIndex": 75666, "publicKey": "0xc526de78d4988b1Cb9754F41B283b044a46D82c5", "username": "Ihopeyoustill", "profileImageUrl": "https://f8n-production.s3.amazonaws.com/creators/profile/aqjc4qzw8-4-jpg-2k6vc9.jpg", "coverImageUrl": "https://f8n-production.s3.amazonaws.com/creators/profile/np3r7xerm-collection2-jpg-p6l1jx.jpg", "name": "Ivan", "bio": "I'm here to show that it was worth it", "isApprovedCreator": true, "moderationStatus": "ACTIVE", "joinedWaitlistAt": "2021-06-07T19:51:04.155", "createdAt": "2021-06-07T19:32:13.075518", "migratedToUser": null, "isApprovedForMigrationAt": null, "firstName": null, "lastName": null, "isAdmin": false, "links": {"tiktok": {"handle": "", "platform": "tiktok"}, "twitch": {"handle": "", "platform": "twitch"}, "discord": {"handle": "", "platform": "discord"}, "twitter": {"handle": "", "platform": "twitter"}, "website": {"handle": "", "platform": "website"}, "youtube": {"handle": "", "platform": "youtube"}, "facebook": {"handle": "", "platform": "facebook"}, "snapchat": {"handle": "", "platform": "snapchat"}, "instagram": {"handle": "", "platform": "instagram"}}, "acceptedInvite": {"senderPublicKey": "0xf1A45eED8254ecA723a8d2142FFD7D9d10f6c1fA", "redeemerPublicKey": "0xc526de78d4988b1Cb9754F41B283b044a46D82c5", "redeemedAt": "2021-06-07T19:55:39.883"}, "twitSocialVerifs": [{"id": "f87c2701-7bfe-4ae9-bc7c-f296ab94e04b", "user": "0xc526de78d4988b1Cb9754F41B283b044a46D82c5", "createdAt": "2021-06-07T19:44:40.100004", "updatedAt": "2021-06-07T19:44:42.477802", "lastCheckedAt": "2021-06-07T19:44:42.472", "socialVerificationURL": "https://twitter.com/ihopeyoustill/status/1401988403848269831?s=20", "verificationText": "I\u2019m on @withFND \ud83c\udf10\n\n0xc526de78d4988b1Cb9754F41B283b044a46D82c5\n\nhttps://t.co/8vwwirkwQQ", "userId": "1401986437965287426", "username": "ihopeyoustill", "isValid": true, "service": "TWITTER", "failedReason": null, "status": null}], "instaSocialVerifs": []}, "profileExists": true, "collectors": [], "createdCount": 0}, "__N_SSG": true}, "page": "/[username]", "query": {"username": "0xc526de78d4988b1cb9754f41b283b044a46d82c5"}, "buildId": "fPHzAE9c9nph2AUK0K_6u", "isFallback": false, "dynamicIds": [33196, 55458, 54746], "gsp": true, "scriptLoader": []}