{"props": {"pageProps": {"username": "0x757c113cd962b81f7f402772b406b5ec7bc0d44e", "user": {"userIndex": 53425, "publicKey": "0x757C113cd962b81f7f402772B406B5ec7bc0d44e", "username": "leahshore", "profileImageUrl": "https://f8n-production.s3.amazonaws.com/creators/profile/gfb6twybx-megan-marylin-jpg-13x2rz.jpg", "coverImageUrl": "https://f8n-production.s3.amazonaws.com/creators/profile/a9zff4rkj-neon2-jpg-3i36r2.jpg", "name": "Leah Shore", "bio": "Award winning artist/filmmaker who makes trippy, weird, funny, sexy stuff. Prepare for an eyegasm! ", "isApprovedCreator": true, "moderationStatus": "ACTIVE", "joinedWaitlistAt": "2021-04-23T04:34:54.18", "createdAt": "2021-04-20T16:16:14.506586", "migratedToUser": null, "isApprovedForMigrationAt": null, "firstName": null, "lastName": null, "isAdmin": false, "links": {"tiktok": {"handle": "", "platform": "tiktok"}, "twitch": {"handle": "", "platform": "twitch"}, "discord": {"handle": "", "platform": "discord"}, "twitter": {"handle": "", "platform": "twitter"}, "website": {"handle": "www.leahshore.com", "platform": "website"}, "youtube": {"handle": "https://vimeo.com/leahshore", "platform": "youtube"}, "facebook": {"handle": "https://www.facebook.com/leahshoreisawesome", "platform": "facebook"}, "snapchat": {"handle": "", "platform": "snapchat"}, "instagram": {"handle": "", "platform": "instagram"}}, "acceptedInvite": {"senderPublicKey": "0x963737a28Ef76e0EA19862BdCb0b6a76432a09E3", "redeemerPublicKey": "0x757C113cd962b81f7f402772B406B5ec7bc0d44e", "redeemedAt": "2021-04-23T17:46:38.772"}, "twitSocialVerifs": [{"id": "cae616c7-e155-4557-b609-64488e9b72b2", "user": "0x757C113cd962b81f7f402772B406B5ec7bc0d44e", "createdAt": "2021-04-23T01:30:32.708141", "updatedAt": "2021-04-23T01:30:33.926163", "lastCheckedAt": "2021-04-23T01:30:33.918", "socialVerificationURL": "https://twitter.com/Leah_Shore/status/1385405654093991936", "verificationText": "I\u2019m on @withFND \ud83c\udf10\n\n0x757C113cd962b81f7f402772B406B5ec7bc0d44e\n\nhttps://t.co/3xdC4lovWh", "userId": "117249019", "username": "Leah_Shore", "isValid": true, "service": "TWITTER", "failedReason": null, "status": null}], "instaSocialVerifs": [{"id": "3cda23d1-7f9f-49c7-950f-5f62add16c1e", "user": "0x757C113cd962b81f7f402772B406B5ec7bc0d44e", "createdAt": "2021-04-23T04:05:53.090905", "updatedAt": "2021-04-23T04:05:53.090905", "lastCheckedAt": "2021-04-23T04:05:53.073", "socialVerificationURL": null, "verificationText": null, "userId": "17841401529140995", "username": "leahsh0re", "isValid": true, "service": "INSTAGRAM", "failedReason": null, "status": null}]}, "profileExists": true, "collectors": [], "createdCount": 0}, "__N_SSG": true}, "page": "/[username]", "query": {"username": "0x757c113cd962b81f7f402772b406b5ec7bc0d44e"}, "buildId": "fPHzAE9c9nph2AUK0K_6u", "isFallback": false, "dynamicIds": [33196, 55458, 54746], "gsp": true, "scriptLoader": []}