{"props": {"pageProps": {"username": "0x2cf78b5f8a2d5b6b4bc65e004af674cc661711ea", "user": {"userIndex": 49928, "publicKey": "0x2CF78B5f8A2d5B6B4Bc65E004aF674CC661711ea", "username": "SAINT_META", "profileImageUrl": "https://f8n-production.s3.amazonaws.com/creators/profile/u25xuadi5-39907b87e7837d7237863a462596-jpeg-kpk13m.jpeg", "coverImageUrl": "https://f8n-production.s3.amazonaws.com/creators/profile/jh8dr82jp-image7-jpg-cnroon.jpg", "name": "SAINT META", "bio": "Artist working with neural networks, code and algorithms. Illuminating the impact of digital technologies on the human and the nonhuman.\ud83d\udc7e \ud83c\udf10 \n\nlinktr.ee/Saint_Meta", "isApprovedCreator": true, "moderationStatus": "ACTIVE", "joinedWaitlistAt": "2021-04-18T23:54:56.419", "createdAt": "2021-04-17T22:52:55.947057", "migratedToUser": null, "isApprovedForMigrationAt": null, "firstName": null, "lastName": null, "isAdmin": false, "links": {"tiktok": {"handle": "", "platform": "tiktok"}, "twitch": {"handle": "", "platform": "twitch"}, "discord": {"handle": "", "platform": "discord"}, "twitter": {"handle": "", "platform": "twitter"}, "website": {"handle": "https://linktr.ee/Saint_Meta", "platform": "website"}, "youtube": {"handle": "", "platform": "youtube"}, "facebook": {"handle": "", "platform": "facebook"}, "snapchat": {"handle": "", "platform": "snapchat"}, "instagram": {"handle": "@saint.meta", "platform": "instagram"}}, "acceptedInvite": {"senderPublicKey": "0xdF879F4aF6890a6091100Ede0Bf554ec82Dd3c9B", "redeemerPublicKey": "0x2CF78B5f8A2d5B6B4Bc65E004aF674CC661711ea", "redeemedAt": "2021-04-27T20:26:01.968"}, "twitSocialVerifs": [{"id": "64e1fc35-4710-4bb2-b64d-ec904d810e0b", "user": "0x2CF78B5f8A2d5B6B4Bc65E004aF674CC661711ea", "createdAt": "2021-04-18T23:51:46.704145", "updatedAt": "2021-04-18T23:51:47.540313", "lastCheckedAt": "2021-04-18T23:51:47.528", "socialVerificationURL": "https://twitter.com/Saint_Meta/status/1383931198754287627?s=20", "verificationText": "I\u2019m on @withFND \ud83c\udf10\n\n0x2CF78B5f8A2d5B6B4Bc65E004aF674CC661711ea\n\nhttps://t.co/0JHyKxnQie", "userId": "1383725097068814347", "username": "Saint_Meta", "isValid": true, "service": "TWITTER", "failedReason": null, "status": null}], "instaSocialVerifs": [{"id": "8b254023-cb2d-4f78-bf6c-19efc2361dbc", "user": "0x2CF78B5f8A2d5B6B4Bc65E004aF674CC661711ea", "createdAt": "2021-04-20T12:24:20.690815", "updatedAt": "2021-04-20T12:24:20.690815", "lastCheckedAt": "2021-04-20T12:24:20.68", "socialVerificationURL": null, "verificationText": null, "userId": "17841447247048895", "username": "saint.meta", "isValid": true, "service": "INSTAGRAM", "failedReason": null, "status": null}]}, "profileExists": true, "collectors": [], "createdCount": 0}, "__N_SSG": true}, "page": "/[username]", "query": {"username": "0x2cf78b5f8a2d5b6b4bc65e004af674cc661711ea"}, "buildId": "fPHzAE9c9nph2AUK0K_6u", "isFallback": false, "dynamicIds": [33196, 55458, 54746], "gsp": true, "scriptLoader": []}