{"props": {"pageProps": {"username": "0xef51c61f4aa3ddf9a6fb6b5088773069bdae62f3", "user": {"userIndex": 85982, "publicKey": "0xEf51C61F4aa3ddF9a6fB6B5088773069bdae62f3", "username": "siradasbd", "profileImageUrl": "https://f8n-production.s3.amazonaws.com/creators/profile/skx1ua0zu-pro2-jpeg-yjqjic.jpeg", "coverImageUrl": "https://f8n-production.s3.amazonaws.com/creators/profile/dyhm1shol-jpg-5x6vc4.jpg", "name": "Sirada", "bio": "Sirada Sibutdee, born 1999, painter who is passionate about the spirit of nature. Welcome to the world of plants in a changing world. with oil painting on canvas.\n\nFeeling of the tree, feeling of me.", "isApprovedCreator": true, "moderationStatus": "ACTIVE", "joinedWaitlistAt": "2021-07-13T07:12:57.178", "createdAt": "2021-07-13T07:07:39.538043", "migratedToUser": null, "isApprovedForMigrationAt": null, "firstName": null, "lastName": null, "isAdmin": false, "links": {"tiktok": {"handle": "", "platform": "tiktok"}, "twitch": {"handle": "", "platform": "twitch"}, "discord": {"handle": "", "platform": "discord"}, "twitter": {"handle": "", "platform": "twitter"}, "website": {"handle": "", "platform": "website"}, "youtube": {"handle": "", "platform": "youtube"}, "facebook": {"handle": "", "platform": "facebook"}, "snapchat": {"handle": "", "platform": "snapchat"}, "instagram": {"handle": "", "platform": "instagram"}}, "acceptedInvite": {"senderPublicKey": "0xc954cC748139FeE84df70C3321778768118B4ce7", "redeemerPublicKey": "0xEf51C61F4aa3ddF9a6fB6B5088773069bdae62f3", "redeemedAt": "2021-07-21T07:00:11.219"}, "twitSocialVerifs": [], "instaSocialVerifs": [{"id": "37d501b1-b502-4199-bb1e-73ebdca0c071", "user": "0xEf51C61F4aa3ddF9a6fB6B5088773069bdae62f3", "createdAt": "2021-07-13T07:12:35.155712", "updatedAt": "2021-07-13T07:12:35.155712", "lastCheckedAt": "2021-07-13T07:12:35.14", "socialVerificationURL": null, "verificationText": null, "userId": "17841402926424725", "username": "bimbumss", "isValid": true, "service": "INSTAGRAM", "failedReason": null, "status": null}]}, "profileExists": true, "collectors": [], "createdCount": 0}, "__N_SSG": true}, "page": "/[username]", "query": {"username": "0xef51c61f4aa3ddf9a6fb6b5088773069bdae62f3"}, "buildId": "fPHzAE9c9nph2AUK0K_6u", "isFallback": false, "dynamicIds": [33196, 55458, 54746], "gsp": true, "scriptLoader": []}