{"props": {"pageProps": {"username": "0x40aaaf161ddb1f836963848425992d8f67df6d3c", "user": {"userIndex": 3662, "publicKey": "0x40aAaF161DDb1F836963848425992d8F67dF6d3C", "username": "Detox", "profileImageUrl": "https://f8n-production.s3.amazonaws.com/creators/profile/57it3ka2a-download20210301021619-png-97saqk.png", "coverImageUrl": "https://f8n-production.s3.amazonaws.com/creators/profile/io9hye3o4-moon-4k-8k-3840x2160-jpg-htz2x3.jpg", "name": "Apratim Panwar", "bio": "A creative individual, Just like you!\n\nI like to explore graphic and motion design as well as illustration.", "isApprovedCreator": true, "moderationStatus": "ACTIVE", "joinedWaitlistAt": null, "createdAt": "2021-02-25T09:29:18.441283", "migratedToUser": null, "isApprovedForMigrationAt": null, "firstName": null, "lastName": null, "isAdmin": false, "links": {"tiktok": {"handle": "", "platform": "tiktok"}, "twitch": {"handle": "detoxyfication", "platform": "twitch"}, "discord": {"handle": "Detoxy#6969", "platform": "discord"}, "twitter": {"handle": "detoxpls", "platform": "twitter"}, "website": {"handle": "aprat.im", "platform": "website"}, "youtube": {"handle": "", "platform": "youtube"}, "facebook": {"handle": "", "platform": "facebook"}, "snapchat": {"handle": "", "platform": "snapchat"}, "instagram": {"handle": "deto.x", "platform": "instagram"}}, "acceptedInvite": {"senderPublicKey": "0x40aAaF161DDb1F836963848425992d8F67dF6d3C", "redeemerPublicKey": "0x40aAaF161DDb1F836963848425992d8F67dF6d3C", "redeemedAt": "2021-02-28T20:33:19.113"}, "twitSocialVerifs": [{"id": "9cc77837-af17-45b6-b521-2eda2c4f1723", "user": "0x40aAaF161DDb1F836963848425992d8F67dF6d3C", "createdAt": "2021-07-17T15:05:30.384731", "updatedAt": "2021-07-17T15:05:31.917926", "lastCheckedAt": "2021-07-17T15:05:31.908", "socialVerificationURL": "https://twitter.com/Detoxyfication/status/1416413719140081665", "verificationText": "0x40aAaF161DDb1F836963848425992d8F67dF6d3C", "userId": "1331794933", "username": "Detoxyfication", "isValid": true, "service": "TWITTER", "failedReason": null, "status": null}], "instaSocialVerifs": [{"id": "0115b2d4-a445-4432-8394-9df7774dfc29", "user": "0x40aAaF161DDb1F836963848425992d8F67dF6d3C", "createdAt": "2021-07-17T15:04:59.495629", "updatedAt": "2021-07-17T15:04:59.495629", "lastCheckedAt": "2021-07-17T15:04:59.477", "socialVerificationURL": null, "verificationText": null, "userId": "17841401216297415", "username": "deto.x", "isValid": true, "service": "INSTAGRAM", "failedReason": null, "status": null}]}, "profileExists": true, "collectors": [], "createdCount": 0}, "__N_SSG": true}, "page": "/[username]", "query": {"username": "0x40aaaf161ddb1f836963848425992d8f67df6d3c"}, "buildId": "fPHzAE9c9nph2AUK0K_6u", "isFallback": false, "dynamicIds": [33196, 55458, 54746], "gsp": true, "scriptLoader": []}