{"props": {"pageProps": {"username": "0xbc122789071b5912196ae06f0fb8c5a9844de087", "user": {"userIndex": 42488, "publicKey": "0xBc122789071B5912196aE06F0Fb8c5A9844dE087", "username": "kambo", "profileImageUrl": "https://f8n-production.s3.amazonaws.com/creators/profile/znu2y60uf-logo-kambo-2021-png-q4hmv7.png", "coverImageUrl": "https://f8n-production.s3.amazonaws.com/creators/profile/fl4tzdp4q-comp-1-00000-jpg-emzbx0.jpg", "name": "Kamb\u00f4", "bio": "Multimedia Artist from the Amazon rainforest. \nIllustration, Animation, Augmented Reality, Mani\u00e7oba, Ayahuasca and Xapiris.\n", "isApprovedCreator": true, "moderationStatus": "ACTIVE", "joinedWaitlistAt": "2021-04-10T04:13:05.178", "createdAt": "2021-04-10T00:32:19.226575", "migratedToUser": null, "isApprovedForMigrationAt": null, "firstName": null, "lastName": null, "isAdmin": false, "links": {"tiktok": {"handle": "", "platform": "tiktok"}, "twitch": {"handle": "", "platform": "twitch"}, "discord": {"handle": "", "platform": "discord"}, "twitter": {"handle": "", "platform": "twitter"}, "website": {"handle": "", "platform": "website"}, "youtube": {"handle": "https://www.youtube.com/c/Kamb\u00f4Art", "platform": "youtube"}, "facebook": {"handle": "https://www.facebook.com/kamboart", "platform": "facebook"}, "snapchat": {"handle": "", "platform": "snapchat"}, "instagram": {"handle": "https://www.instagram.com/kambo.art/", "platform": "instagram"}}, "acceptedInvite": {"senderPublicKey": "0x66B4Ef5bf1E485F2612066c84EB978e3d0bA20d0", "redeemerPublicKey": "0xBc122789071B5912196aE06F0Fb8c5A9844dE087", "redeemedAt": "2021-04-15T20:30:38.493"}, "twitSocialVerifs": [{"id": "eeebe19a-3af1-4547-9d67-736c508dc864", "user": "0xBc122789071B5912196aE06F0Fb8c5A9844dE087", "createdAt": "2021-04-10T01:29:46.744202", "updatedAt": "2021-04-10T01:29:51.602875", "lastCheckedAt": "2021-04-10T01:29:51.485", "socialVerificationURL": "https://twitter.com/KamboArt/status/1380694348673728512?ref_src=twsrc%5Etfw%7Ctwcamp%5Etweetembed%7Ctwterm%5E1380694348673728512%7Ctwgr%5E%7Ctwcon%5Es1_c10&ref_url=https%3A%2F%2Fpublish.twitter.com%2F%3Fquery%3Dhttps3A2F2Ftwitter.com2FKamboArt2Fstatus2F1380694348673728512widget%3DTweet", "verificationText": "0xBc122789071B5912196aE06F0Fb8c5A9844dE087", "userId": "1380589048192991233", "username": "KamboArt", "isValid": true, "service": "TWITTER", "failedReason": null, "status": null}], "instaSocialVerifs": []}, "profileExists": true, "collectors": [], "createdCount": 0}, "__N_SSG": true}, "page": "/[username]", "query": {"username": "0xbc122789071b5912196ae06f0fb8c5a9844de087"}, "buildId": "fPHzAE9c9nph2AUK0K_6u", "isFallback": false, "dynamicIds": [33196, 55458, 54746], "gsp": true, "scriptLoader": []}