{"props": {"pageProps": {"username": "0xf26df1a5ea6a5e57faa9825c783ec8dcbd74aeb1", "user": {"userIndex": 13882, "publicKey": "0xF26df1A5ea6a5E57Faa9825C783ec8dCbD74AEB1", "username": "thebeastbrothers", "profileImageUrl": "https://f8n-production.s3.amazonaws.com/creators/profile/chjpxrdfs-74602370-649377479138698-6860958414634739837-n-1-jpg-efvycf.jpg", "coverImageUrl": "https://f8n-production.s3.amazonaws.com/creators/profile/voergp4i1-1500x500-jpeg-jjfvvw.jpeg", "name": "The Beast Brothers", "bio": "We are twins, We make things, We are the beast brothers!", "isApprovedCreator": true, "moderationStatus": "ACTIVE", "joinedWaitlistAt": null, "createdAt": "2021-03-12T21:08:01.591054", "migratedToUser": null, "isApprovedForMigrationAt": null, "firstName": null, "lastName": null, "isAdmin": false, "links": {"tiktok": {"handle": "", "platform": "tiktok"}, "twitch": {"handle": "", "platform": "twitch"}, "discord": {"handle": "", "platform": "discord"}, "twitter": {"handle": "", "platform": "twitter"}, "website": {"handle": "www.thebeastbrothers.com", "platform": "website"}, "youtube": {"handle": "", "platform": "youtube"}, "facebook": {"handle": "", "platform": "facebook"}, "snapchat": {"handle": "", "platform": "snapchat"}, "instagram": {"handle": "thebeastbrothers", "platform": "instagram"}}, "acceptedInvite": {"senderPublicKey": "0x4059f3c0064cd380276DE8dbAb6935005535EeD6", "redeemerPublicKey": "0xF26df1A5ea6a5E57Faa9825C783ec8dCbD74AEB1", "redeemedAt": "2021-03-12T21:10:24.863"}, "twitSocialVerifs": [{"id": "98df8611-b46f-4b2c-8414-03306a3168c5", "user": "0xF26df1A5ea6a5E57Faa9825C783ec8dCbD74AEB1", "createdAt": "2021-03-12T21:18:10.767245", "updatedAt": "2021-03-12T21:18:14.748218", "lastCheckedAt": "2021-03-12T21:18:14.702", "socialVerificationURL": "https://twitter.com/BeastBrothers/status/1370484212319449090?s=20", "verificationText": "we are on @withFND \ud83c\udf10\n\n0xF26df1A5ea6a5E57Faa9825C783ec8dCbD74AEB1\n\nhttps://t.co/goCp5Iwnze", "userId": "39297954", "username": "BeastBrothers", "isValid": true, "service": "TWITTER", "failedReason": null, "status": null}], "instaSocialVerifs": []}, "profileExists": true, "collectors": [], "createdCount": 0}, "__N_SSG": true}, "page": "/[username]", "query": {"username": "0xf26df1a5ea6a5e57faa9825c783ec8dcbd74aeb1"}, "buildId": "fPHzAE9c9nph2AUK0K_6u", "isFallback": false, "dynamicIds": [33196, 55458, 54746], "gsp": true, "scriptLoader": []}