{"props": {"pageProps": {"username": "0x0be1b9d26588bf2b082bd756910cdc89ff218671", "user": {"userIndex": 18826, "publicKey": "0x0Be1b9d26588bF2b082bd756910CDC89FF218671", "username": "CalicoCat", "profileImageUrl": "https://f8n-production.s3.amazonaws.com/creators/profile/dru5izys1-img-7686-jpg-tjlck8.jpg", "coverImageUrl": "https://f8n-production.s3.amazonaws.com/creators/profile/p5jrtqx7f-111-jpg-2gzm7y.jpg", "name": "CalicoCat", "bio": "TattooArtist & NFTartist creating Linework Art & 3D RareDucks.\n\nMy drawings are created around a feeling or have a story behind - geometric designs combined with flowers, animals with a magical vibe.", "isApprovedCreator": true, "moderationStatus": "ACTIVE", "joinedWaitlistAt": null, "createdAt": "2021-03-18T11:52:55.649367", "migratedToUser": null, "isApprovedForMigrationAt": null, "firstName": null, "lastName": null, "isAdmin": false, "links": {"tiktok": {"handle": "", "platform": "tiktok"}, "twitch": {"handle": "", "platform": "twitch"}, "discord": {"handle": "CalicoCat #6868", "platform": "discord"}, "twitter": {"handle": "", "platform": "twitter"}, "website": {"handle": "linktr.ee/Ducks_and_Leeks", "platform": "website"}, "youtube": {"handle": "", "platform": "youtube"}, "facebook": {"handle": "", "platform": "facebook"}, "snapchat": {"handle": "", "platform": "snapchat"}, "instagram": {"handle": "claudiaberger_tattoo", "platform": "instagram"}}, "acceptedInvite": {"senderPublicKey": "0x643ce52422B668F0E226dd21B4bB8D3A1fAbcA51", "redeemerPublicKey": "0x0Be1b9d26588bF2b082bd756910CDC89FF218671", "redeemedAt": "2021-03-18T11:53:03.137"}, "twitSocialVerifs": [{"id": "12d652e4-019c-4e1c-8a37-e2358d6b4e40", "user": "0x0Be1b9d26588bF2b082bd756910CDC89FF218671", "createdAt": "2021-03-18T12:07:58.903109", "updatedAt": "2021-03-18T12:08:00.252125", "lastCheckedAt": "2021-03-18T12:08:00.239", "socialVerificationURL": "https://twitter.com/Ducks_and_Leeks/status/1372520053808234497", "verificationText": "I\u2019m on @withFND \ud83c\udf10\n\n0x0Be1b9d26588bF2b082bd756910CDC89FF218671\n\nhttps://t.co/AqcjH2EIGC", "userId": "1351117649070206976", "username": "Ducks_and_Leeks", "isValid": true, "service": "TWITTER", "failedReason": null, "status": null}], "instaSocialVerifs": []}, "profileExists": true, "collectors": [{"userIndex": 50731, "publicKey": "0x17fa6f6b1c44336969b6c02CE7063f7106395Fac", "username": "CollectorSion", "profileImageUrl": "https://f8n-production.s3.amazonaws.com/creators/profile/zivb70ert-d9d43408-a41e-4f48-9cac-ec51be5121be-jpg-vxa5kt.JPG", "coverImageUrl": "", "name": "CollectorSion", "bio": "", "isApprovedCreator": false, "moderationStatus": "ACTIVE", "joinedWaitlistAt": null, "createdAt": "2021-04-19T21:57:33.007959", "migratedToUser": null, "isApprovedForMigrationAt": null, "follows": [], "highestBidAuctions": [{"endsAt": "2021-05-23T20:01:17"}], "highestBidAuctions_aggregate": {"aggregate": {"count": 1}}}], "createdCount": 0}, "__N_SSG": true}, "page": "/[username]", "query": {"username": "0x0be1b9d26588bf2b082bd756910cdc89ff218671"}, "buildId": "fPHzAE9c9nph2AUK0K_6u", "isFallback": false, "dynamicIds": [33196, 55458, 54746], "gsp": true, "scriptLoader": []}