{"props": {"pageProps": {"username": "0x1a2f73733abcae548fbe9722520f0df21b3578f8", "user": {"userIndex": 70411, "publicKey": "0x1a2f73733AbcAe548FBe9722520f0DF21B3578f8", "username": "ghostmonster", "profileImageUrl": "https://f8n-production.s3.amazonaws.com/creators/profile/o141ku474-full-color-happy-ghost-composite-final-png-8osedr.png", "coverImageUrl": "https://f8n-production.s3.amazonaws.com/creators/profile/3vslhqczw-ar-15-organatan-readjust-0-5x-png-j54vf4.png", "name": "billy bacsko", "bio": "I'm an artist that has worked all over from games, to comics, to live performances. I like helping people create beautiful worlds.", "isApprovedCreator": true, "moderationStatus": "ACTIVE", "joinedWaitlistAt": null, "createdAt": "2021-05-24T07:49:52.844782", "migratedToUser": null, "isApprovedForMigrationAt": null, "firstName": null, "lastName": null, "isAdmin": false, "links": {"tiktok": {"handle": "", "platform": "tiktok"}, "twitch": {"handle": "", "platform": "twitch"}, "discord": {"handle": "", "platform": "discord"}, "twitter": {"handle": "", "platform": "twitter"}, "website": {"handle": "", "platform": "website"}, "youtube": {"handle": "", "platform": "youtube"}, "facebook": {"handle": "", "platform": "facebook"}, "snapchat": {"handle": "", "platform": "snapchat"}, "instagram": {"handle": "", "platform": "instagram"}}, "acceptedInvite": {"senderPublicKey": "0x8183Fb54dFd265a6A968E138B818E32EbF3ab19b", "redeemerPublicKey": "0x1a2f73733AbcAe548FBe9722520f0DF21B3578f8", "redeemedAt": "2021-05-24T07:50:03.991"}, "twitSocialVerifs": [{"id": "5799e698-9bee-4ba9-81db-6eefdfc99cef", "user": "0x1a2f73733AbcAe548FBe9722520f0DF21B3578f8", "createdAt": "2021-05-24T07:54:58.209749", "updatedAt": "2021-05-24T07:54:58.714747", "lastCheckedAt": "2021-05-24T07:54:58.696", "socialVerificationURL": "https://twitter.com/ghostmonst3r/status/1396736269942542338", "verificationText": "I\u2019m on @withFND \ud83c\udf10\nIM on Foundation!!!! I will be making INdiecomic and Comicsgate NTFS\n0x1a2f73733AbcAe548FBe9722520f0DF21B3578f8\n\nhttps://t.co/bvHaXfcPRv", "userId": "247513257", "username": "ghostmonst3r", "isValid": true, "service": "TWITTER", "failedReason": null, "status": null}], "instaSocialVerifs": [{"id": "e48d42a2-09ca-444a-9ff2-928525326b77", "user": "0x1a2f73733AbcAe548FBe9722520f0DF21B3578f8", "createdAt": "2021-05-24T07:55:30.302082", "updatedAt": "2021-05-24T07:55:30.302082", "lastCheckedAt": "2021-05-24T07:55:30.283", "socialVerificationURL": null, "verificationText": null, "userId": "17841401136572814", "username": "ghostmonsterz", "isValid": true, "service": "INSTAGRAM", "failedReason": null, "status": null}]}, "profileExists": true, "collectors": [], "createdCount": 0}, "__N_SSG": true}, "page": "/[username]", "query": {"username": "0x1a2f73733abcae548fbe9722520f0df21b3578f8"}, "buildId": "fPHzAE9c9nph2AUK0K_6u", "isFallback": false, "dynamicIds": [33196, 55458, 54746], "gsp": true, "scriptLoader": []}