{"props": {"pageProps": {"username": "0xb298dc4c1b10b51d5daaee84a36b196314dbe2e3", "user": {"userIndex": null, "publicKey": "0xb298dC4c1b10B51d5dAaEE84A36B196314dbe2E3", "username": null, "profileImageUrl": null, "coverImageUrl": null, "name": null, "bio": null, "isApprovedCreator": false, "moderationStatus": "ACTIVE", "joinedWaitlistAt": null, "createdAt": "2021-03-23T14:50:17.345255", "migratedToUser": null, "isApprovedForMigrationAt": null, "firstName": null, "lastName": null, "isAdmin": false, "links": {}, "acceptedInvite": null, "twitSocialVerifs": [], "instaSocialVerifs": []}, "profileExists": true, "collectors": [], "createdCount": 0}, "__N_SSG": true}, "page": "/[username]", "query": {"username": "0xb298dc4c1b10b51d5daaee84a36b196314dbe2e3"}, "buildId": "fPHzAE9c9nph2AUK0K_6u", "isFallback": false, "dynamicIds": [33196, 55458, 54746], "gsp": true, "scriptLoader": []}