{"props": {"pageProps": {"username": "0x8a88bbbcb04daa2d325ab2333824614decc2eea5", "user": {"userIndex": 62075, "publicKey": "0x8A88bBbcB04DAa2D325Ab2333824614DeCC2eea5", "username": "maradg", "profileImageUrl": "https://f8n-production.s3.amazonaws.com/creators/profile/3jtqlivia-me-neon-insta-jpg-r6f0it.jpg", "coverImageUrl": "https://f8n-production.s3.amazonaws.com/creators/profile/scluno59c-cyberalone-postpro-jpg-4hkxrk.jpg", "name": "Mara Delgado", "bio": " \u2764 3D artist / NFT artist / Administrative / Mom \u2764\n\nNFT Couple @Porkyfresh115\n\nFrom south Spain \ud83c\uddea\ud83c\uddf8\n", "isApprovedCreator": true, "moderationStatus": "ACTIVE", "joinedWaitlistAt": "2021-05-05T20:43:24.019", "createdAt": "2021-05-05T20:42:36.625655", "migratedToUser": null, "isApprovedForMigrationAt": null, "firstName": null, "lastName": null, "isAdmin": false, "links": {"tiktok": {"handle": "marafcku", "platform": "tiktok"}, "twitch": {"handle": "Twitch.tv/maradg86", "platform": "twitch"}, "discord": {"handle": "MaraDG#3709", "platform": "discord"}, "twitter": {"handle": "", "platform": "twitter"}, "website": {"handle": "https://linktr.ee/MaraDG", "platform": "website"}, "youtube": {"handle": "https://www.youtube.com/channel/UCVoByrURbbAtTjPbLFE8Xzw", "platform": "youtube"}, "facebook": {"handle": "pingufresh86", "platform": "facebook"}, "snapchat": {"handle": "mara_dg20", "platform": "snapchat"}, "instagram": {"handle": "", "platform": "instagram"}}, "acceptedInvite": {"senderPublicKey": "0x6b58dda04AdfF57D3Edb6c3Ae0786C1fAd6CA72e", "redeemerPublicKey": "0x8A88bBbcB04DAa2D325Ab2333824614DeCC2eea5", "redeemedAt": "2021-05-17T04:54:02.744"}, "twitSocialVerifs": [{"id": "5e5407f4-1670-4900-951f-b0fefb7d6f73", "user": "0x8A88bBbcB04DAa2D325Ab2333824614DeCC2eea5", "createdAt": "2021-05-05T20:50:04.787057", "updatedAt": "2021-05-05T20:50:06.037547", "lastCheckedAt": "2021-05-05T20:50:06.03", "socialVerificationURL": "https://twitter.com/MaraDEL01556644/status/1390044740750618626", "verificationText": "I\u2019m on @withFND \ud83c\udf10\n\n0x8A88bBbcB04DAa2D325Ab2333824614DeCC2eea5\n\nhttps://t.co/HcpTF984gM", "userId": "1295655595689877504", "username": "MaraDEL01556644", "isValid": true, "service": "TWITTER", "failedReason": null, "status": null}], "instaSocialVerifs": [{"id": "674232a0-bebf-4729-8dcc-6ec9f763485c", "user": "0x8A88bBbcB04DAa2D325Ab2333824614DeCC2eea5", "createdAt": "2021-05-05T20:43:00.689132", "updatedAt": "2021-05-05T20:43:00.689132", "lastCheckedAt": "2021-05-05T20:43:00.686", "socialVerificationURL": null, "verificationText": null, "userId": "17841407497274910", "username": "pingufresh86", "isValid": true, "service": "INSTAGRAM", "failedReason": null, "status": null}]}, "profileExists": true, "collectors": [], "createdCount": 0}, "__N_SSG": true}, "page": "/[username]", "query": {"username": "0x8a88bbbcb04daa2d325ab2333824614decc2eea5"}, "buildId": "fPHzAE9c9nph2AUK0K_6u", "isFallback": false, "dynamicIds": [33196, 55458, 54746], "gsp": true, "scriptLoader": []}