{"props": {"pageProps": {"username": "0xe3c6978f691e5fee35212c14ebc66c85e6948d66", "user": {"userIndex": 8919, "publicKey": "0xe3c6978f691E5fEE35212c14EbC66C85e6948d66", "username": "era", "profileImageUrl": "https://f8n-production.s3.amazonaws.com/creators/profile/1mvc261ax-2020-09-02-013-testing-ig-c-jpg-e5ena1.jpg", "coverImageUrl": "https://f8n-production.s3.amazonaws.com/creators/profile/s8jisfib2-2020-10-26-c-prog-1-crop-screenshot-igs-jpg-vw9jso.jpg", "name": "Ryan Gerald Nelson", "bio": "Ryan Gerald Nelson is an artist gazing toward the periphery, observing the metamorphosis of the Image and its residue as it enters and exits the sleek surfaces of capture/display that it inhabits.", "isApprovedCreator": true, "moderationStatus": "ACTIVE", "joinedWaitlistAt": null, "createdAt": "2021-02-17T07:23:45.152713", "migratedToUser": null, "isApprovedForMigrationAt": null, "firstName": null, "lastName": null, "isAdmin": false, "links": {"tiktok": {"handle": "", "platform": "tiktok"}, "twitch": {"handle": "", "platform": "twitch"}, "discord": {"handle": "", "platform": "discord"}, "twitter": {"handle": "alia_era", "platform": "twitter"}, "website": {"handle": "ryangeraldnelson.com", "platform": "website"}, "youtube": {"handle": "", "platform": "youtube"}, "facebook": {"handle": "", "platform": "facebook"}, "snapchat": {"handle": "", "platform": "snapchat"}, "instagram": {"handle": "ryangeraldnelson", "platform": "instagram"}}, "acceptedInvite": {"senderPublicKey": "0xdC2358e3625ded1B5375E8b8d8dBBfF8279460B6", "redeemerPublicKey": "0xe3c6978f691E5fEE35212c14EbC66C85e6948d66", "redeemedAt": "2021-02-17T07:24:51.178"}, "twitSocialVerifs": [{"id": "88b9c8d7-8d97-4756-8362-95521029d041", "user": "0xe3c6978f691E5fEE35212c14EbC66C85e6948d66", "createdAt": "2021-03-29T05:53:47.777485", "updatedAt": "2021-03-29T05:53:52.839923", "lastCheckedAt": "2021-03-29T05:53:52.828", "socialVerificationURL": "https://twitter.com/alia_era/status/1376412142958690306", "verificationText": "I\u2019m on @withFND \ud83c\udf10\n\n0xe3c6978f691E5fEE35212c14EbC66C85e6948d66\n\nhttps://t.co/jvsaFO4vGt\n\nLooking forward to dipping my toes in the NFT waters :)", "userId": "1366550901180268544", "username": "alia_era", "isValid": true, "service": "TWITTER", "failedReason": null, "status": null}], "instaSocialVerifs": [{"id": "9a6ad644-c6b2-472b-a8b6-a5e834389edc", "user": "0xe3c6978f691E5fEE35212c14EbC66C85e6948d66", "createdAt": "2021-04-24T01:08:25.056864", "updatedAt": "2021-04-24T01:08:25.056864", "lastCheckedAt": "2021-04-24T01:08:25.018", "socialVerificationURL": null, "verificationText": null, "userId": "17841400570636330", "username": "ryangeraldnelson", "isValid": true, "service": "INSTAGRAM", "failedReason": null, "status": null}]}, "profileExists": true, "collectors": [], "createdCount": 0}, "__N_SSG": true}, "page": "/[username]", "query": {"username": "0xe3c6978f691e5fee35212c14ebc66c85e6948d66"}, "buildId": "fPHzAE9c9nph2AUK0K_6u", "isFallback": false, "dynamicIds": [33196, 55458, 54746], "gsp": true, "scriptLoader": []}