{"props": {"pageProps": {"username": "0x0a58e5e2e06a0f27c5b7db9d638f353af706bc3e", "user": {"userIndex": 75824, "publicKey": "0x0A58E5e2E06A0f27c5B7Db9D638F353AF706Bc3e", "username": "AXANA017", "profileImageUrl": "https://f8n-production.s3.amazonaws.com/creators/profile/1tcgjp6q6-axoii-eth-png-khofcm.png", "coverImageUrl": "https://f8n-production.s3.amazonaws.com/creators/profile/z3jy2i11e-axana-head-nft-dark-png-txrw84.png", "name": "AXANA", "bio": "Welcome to AXANA Multiverse.\nThe characters I created are telling a story that will take place thousands of years in the future through AXANA. And I hope they will find me in another parallel world.\n", "isApprovedCreator": true, "moderationStatus": "ACTIVE", "joinedWaitlistAt": null, "createdAt": "2021-06-08T07:47:10.343144", "migratedToUser": null, "isApprovedForMigrationAt": null, "firstName": null, "lastName": null, "isAdmin": false, "links": {"tiktok": {"handle": "", "platform": "tiktok"}, "twitch": {"handle": "", "platform": "twitch"}, "discord": {"handle": "", "platform": "discord"}, "twitter": {"handle": "", "platform": "twitter"}, "website": {"handle": "", "platform": "website"}, "youtube": {"handle": "", "platform": "youtube"}, "facebook": {"handle": "https://www.facebook.com/axanaband", "platform": "facebook"}, "snapchat": {"handle": "", "platform": "snapchat"}, "instagram": {"handle": "", "platform": "instagram"}}, "acceptedInvite": {"senderPublicKey": "0xf7c9282A18169B6Ae7AE8eC369266D0C7AF55364", "redeemerPublicKey": "0x0A58E5e2E06A0f27c5B7Db9D638F353AF706Bc3e", "redeemedAt": "2021-06-08T07:47:16.244"}, "twitSocialVerifs": [{"id": "7a90cc95-dd94-446b-8205-304c12ea0900", "user": "0x0A58E5e2E06A0f27c5B7Db9D638F353AF706Bc3e", "createdAt": "2021-06-08T08:32:52.953096", "updatedAt": "2021-06-08T08:32:54.691504", "lastCheckedAt": "2021-06-08T08:32:54.663", "socialVerificationURL": "https://twitter.com/AXANA017/status/1402180550262026245?s=20", "verificationText": "I\u2019m on @withFND \ud83c\udf10\n\n0x0A58E5e2E06A0f27c5B7Db9D638F353AF706Bc3e\n\nhttps://t.co/ZLrBGDKGhU", "userId": "1247530924901666819", "username": "AXANA017", "isValid": true, "service": "TWITTER", "failedReason": null, "status": null}], "instaSocialVerifs": []}, "profileExists": true, "collectors": [{"userIndex": 85237, "publicKey": "0x96b9A7A1118018ac685944C6508978d5d6ffC6b0", "username": "MelvinArt", "profileImageUrl": "https://f8n-production.s3.amazonaws.com/creators/profile/z5j9y21uf-20050930-img-6892-jpg-rmz09q.jpg", "coverImageUrl": "", "name": "MelvinArt", "bio": "Visual Artist - Photographer - Video - Crypto - NFTs Collector / Gems Hunter", "isApprovedCreator": true, "moderationStatus": "ACTIVE", "joinedWaitlistAt": "2021-07-16T13:18:20.708", "createdAt": "2021-06-27T05:53:18.206332", "migratedToUser": null, "isApprovedForMigrationAt": null, "follows": [], "highestBidAuctions": [{"endsAt": "2021-07-18T10:02:57"}], "highestBidAuctions_aggregate": {"aggregate": {"count": 1}}}], "createdCount": 0}, "__N_SSG": true}, "page": "/[username]", "query": {"username": "0x0a58e5e2e06a0f27c5b7db9d638f353af706bc3e"}, "buildId": "fPHzAE9c9nph2AUK0K_6u", "isFallback": false, "dynamicIds": [33196, 55458, 54746], "gsp": true, "scriptLoader": []}