{"props": {"pageProps": {"username": "0x528e2f05c905855e4cdee05c778771517e8fc48d", "user": {"userIndex": 2758, "publicKey": "0x528e2f05C905855e4CdEe05C778771517E8Fc48D", "username": "bertrand_aznar", "profileImageUrl": "https://f8n-production.s3.amazonaws.com/creators/profile/6qdecq9ht-bertrand-aznar-photo-2-jpg-ja2uz0.jpg", "coverImageUrl": "https://f8n-production.s3.amazonaws.com/creators/profile/ble9otmg0-bertrand-aznar-kantine-65-v2-jpg-c7xhj8.jpg", "name": "Bertrand Aznar", "bio": "Hi, I\u2019m Bertrand and I'm a French illustrator. \nMy style is a mix between clear lines, colorful palettes and lots of details. \n\nI'm also represented by 3 illustration agencies around the world. \n\n", "isApprovedCreator": true, "moderationStatus": "ACTIVE", "joinedWaitlistAt": null, "createdAt": "2021-02-22T14:06:51.848931", "migratedToUser": null, "isApprovedForMigrationAt": null, "firstName": null, "lastName": null, "isAdmin": false, "links": {"tiktok": {"handle": "", "platform": "tiktok"}, "twitch": {"handle": "", "platform": "twitch"}, "discord": {"handle": "Bertrand#5039", "platform": "discord"}, "twitter": {"handle": "@bertrandaznar", "platform": "twitter"}, "website": {"handle": "https://bertrand-aznar.com/", "platform": "website"}, "youtube": {"handle": "", "platform": "youtube"}, "facebook": {"handle": "", "platform": "facebook"}, "snapchat": {"handle": "", "platform": "snapchat"}, "instagram": {"handle": "bertrand_aznar", "platform": "instagram"}}, "acceptedInvite": {"senderPublicKey": "0x479b537C591877B7b6F7a084E9B07D90C4bFf688", "redeemerPublicKey": "0x528e2f05C905855e4CdEe05C778771517E8Fc48D", "redeemedAt": "2021-02-26T09:07:12.082"}, "twitSocialVerifs": [{"id": "99347b50-49b6-400f-a9b0-ca833add905c", "user": "0x528e2f05C905855e4CdEe05C778771517E8Fc48D", "createdAt": "2021-03-31T08:06:43.614523", "updatedAt": "2021-03-31T08:06:46.842279", "lastCheckedAt": "2021-03-31T08:06:46.81", "socialVerificationURL": "https://twitter.com/bertrandaznar/status/1377170415513034759?s=20", "verificationText": "I\u2019m on @withFND \ud83c\udf10\n\n0x528e2f05C905855e4CdEe05C778771517E8Fc48D\n\nhttps://t.co/pj92CwAfj5", "userId": "465518064", "username": "bertrandaznar", "isValid": true, "service": "TWITTER", "failedReason": null, "status": null}], "instaSocialVerifs": [{"id": "da6442e6-4705-4d22-873a-f209becbc246", "user": "0x528e2f05C905855e4CdEe05C778771517E8Fc48D", "createdAt": "2021-04-26T17:26:02.847757", "updatedAt": "2021-04-26T17:26:02.847757", "lastCheckedAt": "2021-04-26T17:26:02.83", "socialVerificationURL": null, "verificationText": null, "userId": "17841400032726750", "username": "bertrand_aznar", "isValid": true, "service": "INSTAGRAM", "failedReason": null, "status": null}]}, "profileExists": true, "collectors": [], "createdCount": 0}, "__N_SSG": true}, "page": "/[username]", "query": {"username": "0x528e2f05c905855e4cdee05c778771517e8fc48d"}, "buildId": "fPHzAE9c9nph2AUK0K_6u", "isFallback": false, "dynamicIds": [33196, 55458, 54746], "gsp": true, "scriptLoader": []}