{"props": {"pageProps": {"username": "0xc320e4ef78095f9ed0a44f457b2c47f57c2b8bda", "user": {"userIndex": 18180, "publicKey": "0xC320e4eF78095F9ed0a44F457B2c47f57c2b8BdA", "username": "lazy_collector", "profileImageUrl": "", "coverImageUrl": "", "name": "Lazy Collector", "bio": "", "isApprovedCreator": false, "moderationStatus": "ACTIVE", "joinedWaitlistAt": null, "createdAt": "2021-03-17T16:19:42.779256", "migratedToUser": null, "isApprovedForMigrationAt": null, "firstName": null, "lastName": null, "isAdmin": false, "links": {"tiktok": {"handle": "", "platform": "tiktok"}, "twitch": {"handle": "", "platform": "twitch"}, "discord": {"handle": "", "platform": "discord"}, "twitter": {"handle": "", "platform": "twitter"}, "website": {"handle": "", "platform": "website"}, "youtube": {"handle": "", "platform": "youtube"}, "facebook": {"handle": "", "platform": "facebook"}, "snapchat": {"handle": "", "platform": "snapchat"}, "instagram": {"handle": "", "platform": "instagram"}}, "acceptedInvite": null, "twitSocialVerifs": [], "instaSocialVerifs": []}, "profileExists": true, "collectors": [], "createdCount": 0}, "__N_SSG": true}, "page": "/[username]", "query": {"username": "0xc320e4ef78095f9ed0a44f457b2c47f57c2b8bda"}, "buildId": "fPHzAE9c9nph2AUK0K_6u", "isFallback": false, "dynamicIds": [33196, 55458, 54746], "gsp": true, "scriptLoader": []}