{"props": {"pageProps": {"username": "0x275ac609b5d1bb42e0ebaf0daae9055bcf7d455b", "user": {"userIndex": 69858, "publicKey": "0x275aC609b5D1bB42e0Ebaf0DaAe9055BCf7d455B", "username": "pablo_dalas", "profileImageUrl": "https://f8n-production.s3.amazonaws.com/creators/profile/pdigzup2l-1000x1000-jpg-tq5wh9.jpg", "coverImageUrl": "https://f8n-production.s3.amazonaws.com/creators/profile/cpy1rxhku-banniere-foundation-4-png-pal7j6.png", "name": "Pablo Dalas", "bio": "Pablo Dalas is a french artist based in Brussels. He works on his animations in a traditional way, frame by frame and handmade.", "isApprovedCreator": true, "moderationStatus": "ACTIVE", "joinedWaitlistAt": "2021-05-22T13:11:28.936", "createdAt": "2021-05-22T13:09:46.613274", "migratedToUser": null, "isApprovedForMigrationAt": null, "firstName": null, "lastName": null, "isAdmin": false, "links": {"tiktok": {"handle": "", "platform": "tiktok"}, "twitch": {"handle": "", "platform": "twitch"}, "discord": {"handle": "", "platform": "discord"}, "twitter": {"handle": "", "platform": "twitter"}, "website": {"handle": "", "platform": "website"}, "youtube": {"handle": "", "platform": "youtube"}, "facebook": {"handle": "", "platform": "facebook"}, "snapchat": {"handle": "", "platform": "snapchat"}, "instagram": {"handle": "", "platform": "instagram"}}, "acceptedInvite": {"senderPublicKey": "0x1ddCFae804D1dA418FB6C9Ec065e42B522f0d197", "redeemerPublicKey": "0x275aC609b5D1bB42e0Ebaf0DaAe9055BCf7d455B", "redeemedAt": "2021-05-22T13:47:32.114"}, "twitSocialVerifs": [], "instaSocialVerifs": [{"id": "93251b07-419c-4fca-8a64-b592551b964a", "user": "0x275aC609b5D1bB42e0Ebaf0DaAe9055BCf7d455B", "createdAt": "2021-05-22T13:11:02.003784", "updatedAt": "2021-05-22T13:11:02.003784", "lastCheckedAt": "2021-05-22T13:11:01.998", "socialVerificationURL": null, "verificationText": null, "userId": "17841401834972385", "username": "pablo_dalas", "isValid": true, "service": "INSTAGRAM", "failedReason": null, "status": null}]}, "profileExists": true, "collectors": [], "createdCount": 0}, "__N_SSG": true}, "page": "/[username]", "query": {"username": "0x275ac609b5d1bb42e0ebaf0daae9055bcf7d455b"}, "buildId": "fPHzAE9c9nph2AUK0K_6u", "isFallback": false, "dynamicIds": [33196, 55458, 54746], "gsp": true, "scriptLoader": []}