{"props": {"pageProps": {"username": "0xbf49c5ebe1fabbacd645098fcd2abe294a8fc145", "user": {"userIndex": 30378, "publicKey": "0xbf49C5eBE1FabBAcd645098Fcd2abe294A8Fc145", "username": "RetroRare", "profileImageUrl": "https://f8n-production.s3.amazonaws.com/creators/profile/iwjk39c6u-8biticon-2-jpg-imdrc0.jpg", "coverImageUrl": "https://f8n-production.s3.amazonaws.com/creators/profile/fwv8weffn-images-jpeg-8gn6so.jpeg", "name": "RetroRare", "bio": "We keep the past alive", "isApprovedCreator": true, "moderationStatus": "ACTIVE", "joinedWaitlistAt": null, "createdAt": "2021-03-28T16:04:53.450476", "migratedToUser": null, "isApprovedForMigrationAt": null, "firstName": null, "lastName": null, "isAdmin": false, "links": {"tiktok": {"handle": "", "platform": "tiktok"}, "twitch": {"handle": "", "platform": "twitch"}, "discord": {"handle": "", "platform": "discord"}, "twitter": {"handle": "", "platform": "twitter"}, "website": {"handle": "", "platform": "website"}, "youtube": {"handle": "", "platform": "youtube"}, "facebook": {"handle": "", "platform": "facebook"}, "snapchat": {"handle": "", "platform": "snapchat"}, "instagram": {"handle": "", "platform": "instagram"}}, "acceptedInvite": {"senderPublicKey": "0xB2f26EdAFD482E90775D683A9F500Bb4f475b0bf", "redeemerPublicKey": "0xbf49C5eBE1FabBAcd645098Fcd2abe294A8Fc145", "redeemedAt": "2021-04-01T20:52:11.447"}, "twitSocialVerifs": [{"id": "c3945135-7a66-4c42-83e6-c23db83f2623", "user": "0xbf49C5eBE1FabBAcd645098Fcd2abe294A8Fc145", "createdAt": "2021-04-01T20:59:51.8441", "updatedAt": "2021-04-01T20:59:53.486017", "lastCheckedAt": "2021-04-01T20:59:53.429", "socialVerificationURL": "https://twitter.com/RetroRare2/status/1377727386809217028?s=20", "verificationText": "I\u2019m on @withFND \ud83c\udf10\n\n0xbf49C5eBE1FabBAcd645098Fcd2abe294A8Fc145\n\nhttps://t.co/1jgGRibKFS", "userId": "1377727038132486144", "username": "RetroRare2", "isValid": true, "service": "TWITTER", "failedReason": null, "status": null}], "instaSocialVerifs": []}, "profileExists": true, "collectors": [], "createdCount": 0}, "__N_SSG": true}, "page": "/[username]", "query": {"username": "0xbf49c5ebe1fabbacd645098fcd2abe294a8fc145"}, "buildId": "fPHzAE9c9nph2AUK0K_6u", "isFallback": false, "dynamicIds": [33196, 55458, 54746], "gsp": true, "scriptLoader": []}