{"props": {"pageProps": {"username": "0x00a00abacec01f160760c38b9003dba92e731c1f", "user": {"userIndex": 29157, "publicKey": "0x00A00aBaCEc01F160760C38B9003DBA92E731c1F", "username": "tomek_michalski", "profileImageUrl": "https://f8n-production.s3.amazonaws.com/creators/profile/d2ggw8p1n-24955433-1600478966657387-7956876271144964475-o-jpg-3t0ffz.jpg", "coverImageUrl": "", "name": "Tomek Michalski", "bio": "", "isApprovedCreator": true, "moderationStatus": "ACTIVE", "joinedWaitlistAt": "2021-04-19T16:14:37.401", "createdAt": "2021-03-27T12:03:07.200852", "migratedToUser": null, "isApprovedForMigrationAt": null, "firstName": null, "lastName": null, "isAdmin": false, "links": {"tiktok": {"handle": "", "platform": "tiktok"}, "twitch": {"handle": "", "platform": "twitch"}, "discord": {"handle": "", "platform": "discord"}, "twitter": {"handle": "", "platform": "twitter"}, "website": {"handle": "tomekmichalski.com", "platform": "website"}, "youtube": {"handle": "", "platform": "youtube"}, "facebook": {"handle": "tomekmichalskicom", "platform": "facebook"}, "snapchat": {"handle": "", "platform": "snapchat"}, "instagram": {"handle": "tomek_michalski/", "platform": "instagram"}}, "acceptedInvite": {"senderPublicKey": "0x699e59fFa3265b6E871606d90f52692F335F3f49", "redeemerPublicKey": "0x00A00aBaCEc01F160760C38B9003DBA92E731c1F", "redeemedAt": "2021-04-22T10:56:01.303"}, "twitSocialVerifs": [{"id": "e33b2627-4317-4d07-802b-131816c10fc3", "user": "0x00A00aBaCEc01F160760C38B9003DBA92E731c1F", "createdAt": "2021-04-19T16:14:12.314619", "updatedAt": "2021-04-19T16:14:14.543142", "lastCheckedAt": "2021-04-19T16:14:14.53", "socialVerificationURL": "https://twitter.com/michalskitomek/status/1384178488186265606?s=20", "verificationText": "I\u2019m on @withFND \ud83c\udf10\n\n0x00A00aBaCEc01F160760C38B9003DBA92E731c1F\n\nhttps://t.co/l4ms0FqAnC", "userId": "1384176235681509392", "username": "michalskitomek", "isValid": true, "service": "TWITTER", "failedReason": null, "status": null}], "instaSocialVerifs": [{"id": "c250f464-eeca-4085-9bd3-9ad545d01f73", "user": "0x00A00aBaCEc01F160760C38B9003DBA92E731c1F", "createdAt": "2021-04-20T15:41:39.169472", "updatedAt": "2021-04-20T15:41:39.169472", "lastCheckedAt": "2021-04-20T15:41:39.099", "socialVerificationURL": null, "verificationText": null, "userId": "17841401137380796", "username": "tomek_michalski", "isValid": true, "service": "INSTAGRAM", "failedReason": null, "status": null}]}, "profileExists": true, "collectors": [], "createdCount": 0}, "__N_SSG": true}, "page": "/[username]", "query": {"username": "0x00a00abacec01f160760c38b9003dba92e731c1f"}, "buildId": "fPHzAE9c9nph2AUK0K_6u", "isFallback": false, "dynamicIds": [33196, 55458, 54746], "gsp": true, "scriptLoader": []}