{"props": {"pageProps": {"username": "0xff0873bb05412d0e0f25518bdd9ef750b0890f8f", "user": {"userIndex": 29665, "publicKey": "0xFf0873bb05412d0e0f25518BdD9ef750B0890F8f", "username": "NFT_COLL", "profileImageUrl": "https://f8n-production.s3.amazonaws.com/creators/profile/q3gsf1vvo-27fa91007830881301a075cfeb351fae-png-vhioak.png", "coverImageUrl": "", "name": "limg", "bio": "Art lover", "isApprovedCreator": false, "moderationStatus": "ACTIVE", "joinedWaitlistAt": null, "createdAt": "2021-03-27T20:46:37.032234", "migratedToUser": null, "isApprovedForMigrationAt": null, "firstName": null, "lastName": null, "isAdmin": false, "links": {"tiktok": {"handle": "", "platform": "tiktok"}, "twitch": {"handle": "", "platform": "twitch"}, "discord": {"handle": "zach#5054", "platform": "discord"}, "twitter": {"handle": "", "platform": "twitter"}, "website": {"handle": "", "platform": "website"}, "youtube": {"handle": "", "platform": "youtube"}, "facebook": {"handle": "", "platform": "facebook"}, "snapchat": {"handle": "", "platform": "snapchat"}, "instagram": {"handle": "", "platform": "instagram"}}, "acceptedInvite": null, "twitSocialVerifs": [], "instaSocialVerifs": []}, "profileExists": true, "collectors": [], "createdCount": 0}, "__N_SSG": true}, "page": "/[username]", "query": {"username": "0xff0873bb05412d0e0f25518bdd9ef750b0890f8f"}, "buildId": "fPHzAE9c9nph2AUK0K_6u", "isFallback": false, "dynamicIds": [33196, 55458, 54746], "gsp": true, "scriptLoader": []}