{"props": {"pageProps": {"username": "0xb630abd9a5367763b7cba316e870c4a54064cc9f", "user": {"userIndex": 52, "publicKey": "0xB630AbD9a5367763B7CBa316e870c4A54064CC9F", "username": "mikegee", "profileImageUrl": "https://f8n-production.s3.amazonaws.com/creators/profile/pgwhucwae-4892-mono-png-ptsxja.png", "coverImageUrl": "https://f8n-production.s3.amazonaws.com/creators/profile/v7cq1bar8-242424-png-uptd36.png", "name": "mikegee", "bio": "", "isApprovedCreator": true, "moderationStatus": "ACTIVE", "joinedWaitlistAt": null, "createdAt": "2021-01-27T05:05:47.319241", "migratedToUser": null, "isApprovedForMigrationAt": null, "firstName": null, "lastName": null, "isAdmin": false, "links": {"tiktok": {"handle": "", "platform": "tiktok"}, "twitch": {"handle": "", "platform": "twitch"}, "discord": {"handle": "", "platform": "discord"}, "twitter": {"handle": "mikegee", "platform": "twitter"}, "website": {"handle": "", "platform": "website"}, "youtube": {"handle": "", "platform": "youtube"}, "facebook": {"handle": "", "platform": "facebook"}, "snapchat": {"handle": "", "platform": "snapchat"}, "instagram": {"handle": "", "platform": "instagram"}}, "acceptedInvite": {"senderPublicKey": "0xB630AbD9a5367763B7CBa316e870c4A54064CC9F", "redeemerPublicKey": "0xB630AbD9a5367763B7CBa316e870c4A54064CC9F", "redeemedAt": "2021-02-20T01:14:32.241"}, "twitSocialVerifs": [], "instaSocialVerifs": []}, "profileExists": true, "collectors": [], "createdCount": 0}, "__N_SSG": true}, "page": "/[username]", "query": {"username": "0xb630abd9a5367763b7cba316e870c4a54064cc9f"}, "buildId": "fPHzAE9c9nph2AUK0K_6u", "isFallback": false, "dynamicIds": [33196, 55458, 54746], "gsp": true, "scriptLoader": []}