{"props": {"pageProps": {"username": "0xfddbe64dab03ff215569ce18780372d1219a7272", "user": {"userIndex": 50, "publicKey": "0xFDDbE64dAb03ff215569cE18780372d1219A7272", "username": "PixelActivist", "profileImageUrl": "https://f8n-production.s3.amazonaws.com/creators/profile/f5rf9uojk-group-36justhead-png-274wbj.png", "coverImageUrl": "https://f8n-production.s3.amazonaws.com/creators/profile/behp8o4la-izuhara-sunset-final-copy-2-min-jpg-2hsd1i.jpg", "name": "Corbin Bell", "bio": "Ello! Im Corbin. \nArt, Design and Photos since 'MyLife. \n#NFTart on @rariblecom + @withFND + @knownorigin_io\n#OpenToCommisions \nContributor @ The San Franciscan\neSports #CLNCHRacing\n\u30ab\u30df\u3092\u767a\u898b\u3059\u308b\n\n", "isApprovedCreator": true, "moderationStatus": "ACTIVE", "joinedWaitlistAt": null, "createdAt": "2021-01-21T21:15:20.194635", "migratedToUser": null, "isApprovedForMigrationAt": null, "firstName": null, "lastName": null, "isAdmin": false, "links": {"tiktok": {"handle": "", "platform": "tiktok"}, "twitch": {"handle": "pixelactivist", "platform": "twitch"}, "discord": {"handle": "PixelActivist | SF#0001", "platform": "discord"}, "twitter": {"handle": "pixelactivist", "platform": "twitter"}, "website": {"handle": "pixelactiv.ist", "platform": "website"}, "youtube": {"handle": "https://www.youtube.com/channel/UCOG8IhGSQRfPdCrDpWsobSQ", "platform": "youtube"}, "facebook": {"handle": "", "platform": "facebook"}, "snapchat": {"handle": "", "platform": "snapchat"}, "instagram": {"handle": "pixel_activist", "platform": "instagram"}}, "acceptedInvite": null, "twitSocialVerifs": [{"id": "7ccd33c4-4200-462a-8332-fd307b6101b8", "user": "0xFDDbE64dAb03ff215569cE18780372d1219A7272", "createdAt": "2021-03-21T23:07:41.397072", "updatedAt": "2021-03-21T23:07:46.602177", "lastCheckedAt": "2021-03-21T23:07:46.54", "socialVerificationURL": "https://twitter.com/pixelactivist/status/1373773288325873665", "verificationText": "I\u2019m on @withFND \ud83c\udf10\n\n0xFDDbE64dAb03ff215569cE18780372d1219A7272\n\nhttps://t.co/e9o2Wc9bwF", "userId": "32334649", "username": "pixelactivist", "isValid": true, "service": "TWITTER", "failedReason": null, "status": null}], "instaSocialVerifs": [{"id": "d39d986a-767f-4e14-b8bb-ce05b960f0f8", "user": "0xFDDbE64dAb03ff215569cE18780372d1219A7272", "createdAt": "2021-06-05T05:01:44.133889", "updatedAt": "2021-06-05T05:01:44.133889", "lastCheckedAt": "2021-06-05T05:01:44.047", "socialVerificationURL": null, "verificationText": null, "userId": "17841408449810605", "username": "pixel_activist", "isValid": true, "service": "INSTAGRAM", "failedReason": null, "status": null}]}, "profileExists": true, "collectors": [{"userIndex": 3725, "publicKey": "0x0150B0ec3c7b72879FbfdbDD79c18a8368B194E0", "username": "Aito", "profileImageUrl": "https://f8n-production.s3.amazonaws.com/creators/profile/6rfsu1wgr-te-le-chargement-jpeg-ou9rte.jpeg", "coverImageUrl": "", "name": "Aito", "bio": "a r t ", "isApprovedCreator": false, "moderationStatus": "ACTIVE", "joinedWaitlistAt": null, "createdAt": "2021-02-25T15:46:03.219345", "migratedToUser": null, "isApprovedForMigrationAt": null, "follows": [], "highestBidAuctions": [{"endsAt": "2021-04-29T20:56:47"}], "highestBidAuctions_aggregate": {"aggregate": {"count": 1}}}, {"userIndex": 18691, "publicKey": "0x24422361687270C1AC2DD3f336e1Bc130849617b", "username": "jespow", "profileImageUrl": "https://f8n-production.s3.amazonaws.com/creators/profile/5tt9sqgg5-twitter-headshot-profile-jpeg-6da3zo.jpeg", "coverImageUrl": "https://f8n-production.s3.amazonaws.com/creators/profile/glhfoqyze-1500x500-tree-png-y9mhna.png", "name": "Jesse Powell", "bio": "Co-founder & CEO @ Kraken", "isApprovedCreator": false, "moderationStatus": "ACTIVE", "joinedWaitlistAt": null, "createdAt": "2021-03-18T07:23:06.1814", "migratedToUser": null, "isApprovedForMigrationAt": null, "follows": [], "highestBidAuctions": [{"endsAt": "2021-05-05T04:42:37"}], "highestBidAuctions_aggregate": {"aggregate": {"count": 1}}}, {"userIndex": 719, "publicKey": "0x632F7f3Da8e705631f83d3FceAed8EDc4E809D31", "username": "foundation0", "profileImageUrl": "", "coverImageUrl": "", "name": "", "bio": "", "isApprovedCreator": false, "moderationStatus": "ACTIVE", "joinedWaitlistAt": null, "createdAt": "2021-01-16T16:32:00.678419", "migratedToUser": null, "isApprovedForMigrationAt": null, "follows": [], "highestBidAuctions": [{"endsAt": "2021-02-06T17:33:14"}], "highestBidAuctions_aggregate": {"aggregate": {"count": 1}}}, {"userIndex": 3558, "publicKey": "0x73cd97AC2524FABE152528a463ef9c79FE2242B3", "username": "0x73", "profileImageUrl": "https://f8n-production.s3.amazonaws.com/creators/profile/hmac3g92h-nft-jpg-ghn1dh.jpg", "coverImageUrl": "", "name": "0x73", "bio": " ", "isApprovedCreator": false, "moderationStatus": "ACTIVE", "joinedWaitlistAt": null, "createdAt": "2021-02-19T18:39:58.628686", "migratedToUser": null, "isApprovedForMigrationAt": null, "follows": [], "highestBidAuctions": [{"endsAt": "2021-02-20T19:13:57"}], "highestBidAuctions_aggregate": {"aggregate": {"count": 1}}}, {"userIndex": 19704, "publicKey": "0x8261b63b07d1aD92AEB7CDD916bB9a25236CEB65", "username": "unblock", "profileImageUrl": "https://f8n-production.s3.amazonaws.com/creators/profile/pzurtzmot-screenshot-2021-04-18-at-13-26-09-png-vrlxhw.png", "coverImageUrl": "https://f8n-production.s3.amazonaws.com/creators/profile/wnkpfh8o1-nft-jpeg-u3y3qa.jpeg", "name": "unblock.gallery", "bio": "", "isApprovedCreator": true, "moderationStatus": "ACTIVE", "joinedWaitlistAt": null, "createdAt": "2021-03-18T13:08:42.356859", "migratedToUser": null, "isApprovedForMigrationAt": null, "follows": [], "highestBidAuctions": [{"endsAt": "2021-03-21T15:30:17"}], "highestBidAuctions_aggregate": {"aggregate": {"count": 1}}}, {"userIndex": null, "publicKey": "0xA94661b8B738d0e1165490a9534A18eE34859721", "username": null, "profileImageUrl": null, "coverImageUrl": null, "name": null, "bio": null, "isApprovedCreator": false, "moderationStatus": "ACTIVE", "joinedWaitlistAt": null, "createdAt": "2021-02-28T03:23:21.498421", "migratedToUser": null, "isApprovedForMigrationAt": null, "follows": [], "highestBidAuctions": [{"endsAt": "2021-03-02T05:35:08"}], "highestBidAuctions_aggregate": {"aggregate": {"count": 1}}}, {"userIndex": 3190, "publicKey": "0xF1e1c701B49B1dC2405A9E8Ef40f9f88802B80Fa", "username": "norcal_guy", "profileImageUrl": "https://f8n-production.s3.amazonaws.com/creators/profile/rgh2tl975-artblocks-ringers-569-by-demitri-png-i6thxt.png", "coverImageUrl": "https://f8n-production.s3.amazonaws.com/creators/profile/igzvw58n6-color-blind-1-1-tim-rioplle-nft-jpg-y8zo3s.jpg", "name": "norcal_guy", "bio": "Just here to view your art and have a brew.", "isApprovedCreator": false, "moderationStatus": "ACTIVE", "joinedWaitlistAt": null, "createdAt": "2021-02-23T20:51:15.055908", "migratedToUser": null, "isApprovedForMigrationAt": null, "follows": [], "highestBidAuctions": [{"endsAt": "2021-03-01T00:47:30"}], "highestBidAuctions_aggregate": {"aggregate": {"count": 1}}}], "createdCount": 0}, "__N_SSG": true}, "page": "/[username]", "query": {"username": "0xfddbe64dab03ff215569ce18780372d1219a7272"}, "buildId": "fPHzAE9c9nph2AUK0K_6u", "isFallback": false, "dynamicIds": [33196, 55458, 54746], "gsp": true, "scriptLoader": []}