{"props": {"pageProps": {"username": "0x06f1eb850e4e8db00003e9b3eb7049c1832d9efd", "user": {"userIndex": 38921, "publicKey": "0x06f1eB850E4e8DB00003e9B3eB7049c1832d9efD", "username": "luc19777h", "profileImageUrl": "https://f8n-production.s3.amazonaws.com/creators/profile/giazvj8zh-creactivity-2-jpg-5xr145.jpg", "coverImageUrl": "https://f8n-production.s3.amazonaws.com/creators/profile/7tv0ksjrd-abstract-jpg-1sf73e.jpg", "name": "luc", "bio": "Hi, i am a freelance artist , playing with computer art in 3d and abstract 2d art, and character creation and animation .", "isApprovedCreator": true, "moderationStatus": "ACTIVE", "joinedWaitlistAt": "2021-04-07T23:45:28.457", "createdAt": "2021-04-06T09:01:53.254897", "migratedToUser": null, "isApprovedForMigrationAt": null, "firstName": null, "lastName": null, "isAdmin": false, "links": {"tiktok": {"handle": "", "platform": "tiktok"}, "twitch": {"handle": "", "platform": "twitch"}, "discord": {"handle": "luc19777h#5173", "platform": "discord"}, "twitter": {"handle": "19777h", "platform": "twitter"}, "website": {"handle": "", "platform": "website"}, "youtube": {"handle": "", "platform": "youtube"}, "facebook": {"handle": "", "platform": "facebook"}, "snapchat": {"handle": "", "platform": "snapchat"}, "instagram": {"handle": "lucworldvfx", "platform": "instagram"}}, "acceptedInvite": {"senderPublicKey": "0xc1907E03d0b74685023Fd05fD80195204527DC85", "redeemerPublicKey": "0x06f1eB850E4e8DB00003e9B3eB7049c1832d9efD", "redeemedAt": "2021-04-12T22:34:05.379"}, "twitSocialVerifs": [{"id": "e245fd65-3413-4160-817c-1215108dd4db", "user": "0x06f1eB850E4e8DB00003e9B3eB7049c1832d9efD", "createdAt": "2021-04-06T09:49:07.83346", "updatedAt": "2021-04-06T09:49:08.819081", "lastCheckedAt": "2021-04-06T09:49:08.796", "socialVerificationURL": "https://twitter.com/19777h/status/1379370295073640450", "verificationText": "I\u2019m on @withFND \ud83c\udf10\n\n0x06f1eB850E4e8DB00003e9B3eB7049c1832d9efD\n\nhttps://t.co/mI7SlOGS52", "userId": "734341567109074944", "username": "19777h", "isValid": true, "service": "TWITTER", "failedReason": null, "status": null}], "instaSocialVerifs": []}, "profileExists": true, "collectors": [], "createdCount": 0}, "__N_SSG": true}, "page": "/[username]", "query": {"username": "0x06f1eb850e4e8db00003e9b3eb7049c1832d9efd"}, "buildId": "fPHzAE9c9nph2AUK0K_6u", "isFallback": false, "dynamicIds": [33196, 55458, 54746], "gsp": true, "scriptLoader": []}