{"props": {"pageProps": {"username": "0x7a566eb3234ff2f345eb2f9d661db5015bad56dd", "user": {"userIndex": 5525, "publicKey": "0x7a566eB3234ff2f345Eb2F9D661Db5015Bad56dd", "username": "Divinity", "profileImageUrl": "https://f8n-production.s3.amazonaws.com/creators/profile/1hk5kiltr-divinity-fnd-logo-png-1qwapk.png", "coverImageUrl": "https://f8n-production.s3.amazonaws.com/creators/profile/buqx0ypoi-twitter-header-00000-png-p7zgr5.png", "name": "Divinity", "bio": "\u2014 Lethal even in small doses ", "isApprovedCreator": true, "moderationStatus": "ACTIVE", "joinedWaitlistAt": null, "createdAt": "2021-03-02T04:54:39.075597", "migratedToUser": null, "isApprovedForMigrationAt": null, "firstName": null, "lastName": null, "isAdmin": false, "links": {"tiktok": {"handle": "", "platform": "tiktok"}, "twitch": {"handle": "Diviniteh", "platform": "twitch"}, "discord": {"handle": "", "platform": "discord"}, "twitter": {"handle": "Diviniteh", "platform": "twitter"}, "website": {"handle": "https://www.behance.net/ryandivinity", "platform": "website"}, "youtube": {"handle": "https://www.youtube.com/channel/UCCwp9f2FvrlfIFM4p3xXWrQ", "platform": "youtube"}, "facebook": {"handle": "", "platform": "facebook"}, "snapchat": {"handle": "", "platform": "snapchat"}, "instagram": {"handle": "Diviniteh", "platform": "instagram"}}, "acceptedInvite": {"senderPublicKey": "0xcF4128716f6F9D1ba5eD9025118Dd16F6CfBFCaf", "redeemerPublicKey": "0x7a566eB3234ff2f345Eb2F9D661Db5015Bad56dd", "redeemedAt": "2021-03-02T04:54:42.648"}, "twitSocialVerifs": [], "instaSocialVerifs": []}, "profileExists": true, "collectors": [{"userIndex": 4319, "publicKey": "0x1DC22e51C13b6e2C33fE1c4601BC789DABD4B823", "username": "lucas", "profileImageUrl": "https://f8n-production.s3.amazonaws.com/creators/profile/5ja0t5pmv-age-xlt8-400x400-jpg-21e7v7.jpg", "coverImageUrl": "", "name": "Lucas Regueiro", "bio": "Visualising ideas.", "isApprovedCreator": true, "moderationStatus": "ACTIVE", "joinedWaitlistAt": null, "createdAt": "2021-02-27T15:10:31.386489", "migratedToUser": null, "isApprovedForMigrationAt": null, "follows": [], "highestBidAuctions": [{"endsAt": "2021-03-04T18:19:08"}], "highestBidAuctions_aggregate": {"aggregate": {"count": 1}}}], "createdCount": 0}, "__N_SSG": true}, "page": "/[username]", "query": {"username": "0x7a566eb3234ff2f345eb2f9d661db5015bad56dd"}, "buildId": "fPHzAE9c9nph2AUK0K_6u", "isFallback": false, "dynamicIds": [33196, 55458, 54746], "gsp": true, "scriptLoader": []}