{"props": {"pageProps": {"username": "0x61ed4acbd4a9aede4cb78b702e738b03d94b9fe9", "user": {"userIndex": null, "publicKey": "0x61ED4acBd4A9AeDe4cb78B702e738b03d94B9fE9", "username": null, "profileImageUrl": null, "coverImageUrl": null, "name": null, "bio": null, "isApprovedCreator": false, "moderationStatus": "ACTIVE", "joinedWaitlistAt": null, "createdAt": "2021-06-14T17:15:28.705179", "migratedToUser": null, "isApprovedForMigrationAt": null, "firstName": null, "lastName": null, "isAdmin": false, "links": {}, "acceptedInvite": null, "twitSocialVerifs": [], "instaSocialVerifs": []}, "profileExists": true, "collectors": [], "createdCount": 0}, "__N_SSG": true}, "page": "/[username]", "query": {"username": "0x61ed4acbd4a9aede4cb78b702e738b03d94b9fe9"}, "buildId": "fPHzAE9c9nph2AUK0K_6u", "isFallback": false, "dynamicIds": [33196, 55458, 54746], "gsp": true, "scriptLoader": []}