{"props": {"pageProps": {"username": "0xc6963c38943d005f44b1b89cd3d73747319d7f7e", "user": {"userIndex": 28425, "publicKey": "0xC6963C38943D005f44B1b89cD3d73747319D7F7E", "username": "flaviosamelo", "profileImageUrl": "https://f8n-production.s3.amazonaws.com/creators/profile/m57xxhxcl-dsc07482m-jpg-3ynye5.jpg", "coverImageUrl": "https://f8n-production.s3.amazonaws.com/creators/profile/vh5p0wu88-fundo-tela-jpg-gwpdcb.jpg", "name": "flavio samelo", "bio": "Since 1992, Flavio Samelo from S\u00e3o Paulo-Brasil, has been on the streets photographing. His artworks are on museums, private collections, etc. He is on a constant experience new technologies mode.", "isApprovedCreator": true, "moderationStatus": "ACTIVE", "joinedWaitlistAt": null, "createdAt": "2021-03-26T18:32:10.206683", "migratedToUser": null, "isApprovedForMigrationAt": null, "firstName": null, "lastName": null, "isAdmin": false, "links": {"tiktok": {"handle": "", "platform": "tiktok"}, "twitch": {"handle": "flaviosamelo", "platform": "twitch"}, "discord": {"handle": "", "platform": "discord"}, "twitter": {"handle": "", "platform": "twitter"}, "website": {"handle": "https://flaviosamelo.com/en/biography/", "platform": "website"}, "youtube": {"handle": "https://www.youtube.com/c/FlavioSamelo", "platform": "youtube"}, "facebook": {"handle": "flaviosameloart", "platform": "facebook"}, "snapchat": {"handle": "", "platform": "snapchat"}, "instagram": {"handle": "flaviosamelo", "platform": "instagram"}}, "acceptedInvite": {"senderPublicKey": "0x09a9601349928e391fB12BAb0270999d189072EE", "redeemerPublicKey": "0xC6963C38943D005f44B1b89cD3d73747319D7F7E", "redeemedAt": "2021-03-26T18:40:55.065"}, "twitSocialVerifs": [{"id": "2b7fd9d9-e356-4388-b847-52de3267a302", "user": "0xC6963C38943D005f44B1b89cD3d73747319D7F7E", "createdAt": "2021-03-26T18:36:03.569249", "updatedAt": "2021-03-26T18:36:05.311627", "lastCheckedAt": "2021-03-26T18:36:05.28", "socialVerificationURL": "https://twitter.com/flaviosamelo/status/1375516754701545472", "verificationText": "I\u2019m on @withFND \ud83c\udf10\n\n0xC6963C38943D005f44B1b89cD3d73747319D7F7E\n\nhttps://t.co/vMFyROJP4Z", "userId": "116278821", "username": "flaviosamelo", "isValid": true, "service": "TWITTER", "failedReason": null, "status": null}], "instaSocialVerifs": [{"id": "e805a088-0a54-4f86-af1a-a279e0304200", "user": "0xC6963C38943D005f44B1b89cD3d73747319D7F7E", "createdAt": "2021-04-27T07:44:20.644521", "updatedAt": "2021-04-27T07:44:20.644521", "lastCheckedAt": "2021-04-27T07:44:20.619", "socialVerificationURL": null, "verificationText": null, "userId": "17841400401040183", "username": "flaviosamelo", "isValid": true, "service": "INSTAGRAM", "failedReason": null, "status": null}]}, "profileExists": true, "collectors": [{"userIndex": 27532, "publicKey": "0x2525f1a08a2d5f037DDa969f2Fa1B56E4b4B47f3", "username": "Partner", "profileImageUrl": "", "coverImageUrl": "", "name": "", "bio": "", "isApprovedCreator": true, "moderationStatus": "ACTIVE", "joinedWaitlistAt": null, "createdAt": "2021-03-17T04:28:09.675344", "migratedToUser": null, "isApprovedForMigrationAt": null, "follows": [], "highestBidAuctions": [{"endsAt": "2021-04-04T14:29:18"}], "highestBidAuctions_aggregate": {"aggregate": {"count": 1}}}, {"userIndex": 19704, "publicKey": "0x8261b63b07d1aD92AEB7CDD916bB9a25236CEB65", "username": "unblock", "profileImageUrl": "https://f8n-production.s3.amazonaws.com/creators/profile/pzurtzmot-screenshot-2021-04-18-at-13-26-09-png-vrlxhw.png", "coverImageUrl": "https://f8n-production.s3.amazonaws.com/creators/profile/wnkpfh8o1-nft-jpeg-u3y3qa.jpeg", "name": "unblock.gallery", "bio": "", "isApprovedCreator": true, "moderationStatus": "ACTIVE", "joinedWaitlistAt": null, "createdAt": "2021-03-18T13:08:42.356859", "migratedToUser": null, "isApprovedForMigrationAt": null, "follows": [], "highestBidAuctions": [{"endsAt": "2021-04-02T19:46:14"}], "highestBidAuctions_aggregate": {"aggregate": {"count": 1}}}], "createdCount": 0}, "__N_SSG": true}, "page": "/[username]", "query": {"username": "0xc6963c38943d005f44b1b89cd3d73747319d7f7e"}, "buildId": "fPHzAE9c9nph2AUK0K_6u", "isFallback": false, "dynamicIds": [33196, 55458, 54746], "gsp": true, "scriptLoader": []}