{"props": {"pageProps": {"username": "0x26f67ee199641ceafe5967085b7160642dff6222", "user": {"userIndex": 36276, "publicKey": "0x26F67Ee199641CEaFE5967085b7160642DFf6222", "username": "chatdesrues", "profileImageUrl": "https://f8n-production.s3.amazonaws.com/creators/profile/c168a16sl-img-7645-jpg-z2ixbp.jpg", "coverImageUrl": "https://f8n-production.s3.amazonaws.com/creators/profile/iholnqi6f-unnamed-jpg-eju601.jpg", "name": "Chat des rues", "bio": " 'CHAT DES RUES'  is an artist recognized for artworks dealing with popular and street culture and combine humor with graffiti motives.   \n \n", "isApprovedCreator": true, "moderationStatus": "ACTIVE", "joinedWaitlistAt": null, "createdAt": "2021-04-03T12:05:12.789444", "migratedToUser": null, "isApprovedForMigrationAt": null, "firstName": null, "lastName": null, "isAdmin": false, "links": {"tiktok": {"handle": "", "platform": "tiktok"}, "twitch": {"handle": "", "platform": "twitch"}, "discord": {"handle": "", "platform": "discord"}, "twitter": {"handle": "", "platform": "twitter"}, "website": {"handle": "", "platform": "website"}, "youtube": {"handle": "", "platform": "youtube"}, "facebook": {"handle": "", "platform": "facebook"}, "snapchat": {"handle": "", "platform": "snapchat"}, "instagram": {"handle": "chat.desrues", "platform": "instagram"}}, "acceptedInvite": {"senderPublicKey": "0x6Dda596400BD2C7915DB88680550D5405D0484bC", "redeemerPublicKey": "0x26F67Ee199641CEaFE5967085b7160642DFf6222", "redeemedAt": "2021-04-03T12:10:00.235"}, "twitSocialVerifs": [{"id": "08ae1c04-630a-4964-8e30-6a1f27efcc7b", "user": "0x26F67Ee199641CEaFE5967085b7160642DFf6222", "createdAt": "2021-04-03T12:26:50.801424", "updatedAt": "2021-04-03T12:26:53.805991", "lastCheckedAt": "2021-04-03T12:26:53.794", "socialVerificationURL": "https://twitter.com/ChatRues/status/1378323036575834113?s=20", "verificationText": "I\u2019m on @withFND \ud83c\udf10\n\n0x26F67Ee199641CEaFE5967085b7160642DFf6222\n\nhttps://t.co/UpzWtpyzim", "userId": "1378322141653917697", "username": "ChatRues", "isValid": true, "service": "TWITTER", "failedReason": null, "status": null}], "instaSocialVerifs": []}, "profileExists": true, "collectors": [{"userIndex": null, "publicKey": "0x319123aCBc4AAA547FA3218CE34fF2b74E3f5bCf", "username": null, "profileImageUrl": null, "coverImageUrl": null, "name": null, "bio": null, "isApprovedCreator": false, "moderationStatus": "ACTIVE", "joinedWaitlistAt": null, "createdAt": "2021-04-04T13:28:40.52879", "migratedToUser": null, "isApprovedForMigrationAt": null, "follows": [], "highestBidAuctions": [{"endsAt": "2021-04-05T13:36:09"}], "highestBidAuctions_aggregate": {"aggregate": {"count": 1}}}], "createdCount": 0}, "__N_SSG": true}, "page": "/[username]", "query": {"username": "0x26f67ee199641ceafe5967085b7160642dff6222"}, "buildId": "fPHzAE9c9nph2AUK0K_6u", "isFallback": false, "dynamicIds": [33196, 55458, 54746], "gsp": true, "scriptLoader": []}