{"props": {"pageProps": {"username": "0x8c3b776bdac9a7a4facc3cc20cdb40832bff9005", "user": {"userIndex": null, "publicKey": "0x8C3b776bdaC9A7a4fAcC3CC20cdB40832bFF9005", "username": null, "profileImageUrl": null, "coverImageUrl": null, "name": null, "bio": null, "isApprovedCreator": false, "moderationStatus": "ACTIVE", "joinedWaitlistAt": null, "createdAt": "2021-06-25T17:14:43.531451", "migratedToUser": null, "isApprovedForMigrationAt": null, "firstName": null, "lastName": null, "isAdmin": false, "links": {}, "acceptedInvite": null, "twitSocialVerifs": [], "instaSocialVerifs": []}, "profileExists": true, "collectors": [], "createdCount": 0}, "__N_SSG": true}, "page": "/[username]", "query": {"username": "0x8c3b776bdac9a7a4facc3cc20cdb40832bff9005"}, "buildId": "fPHzAE9c9nph2AUK0K_6u", "isFallback": false, "dynamicIds": [33196, 55458, 54746], "gsp": true, "scriptLoader": []}