{"props": {"pageProps": {"username": "0xd51b6d8060cc965d65c2847e62f6adaafc5fd1ba", "user": {"userIndex": 56561, "publicKey": "0xd51B6d8060cC965d65C2847e62f6aDAAFC5fD1Ba", "username": "Frankydred", "profileImageUrl": "https://f8n-production.s3.amazonaws.com/creators/profile/rfihwc3ok-vst-png-rdvpb3.png", "coverImageUrl": "https://f8n-production.s3.amazonaws.com/creators/profile/8km6xkoej-snap2021-06-02-00-41-212-png-xucmr4.png", "name": "Voxel Scary Tales", "bio": "Hi guys!\n\nI'm animator, VFX artist, World's history activist and future Master of Art History.\n\nI'm engaging in the academic drawing (oil paintings) now\n\nMy latest passion is Voxel Art.", "isApprovedCreator": true, "moderationStatus": "ACTIVE", "joinedWaitlistAt": "2021-04-27T20:09:47.309", "createdAt": "2021-03-05T12:04:42.901208", "migratedToUser": null, "isApprovedForMigrationAt": null, "firstName": null, "lastName": null, "isAdmin": false, "links": {"tiktok": {"handle": "", "platform": "tiktok"}, "twitch": {"handle": "", "platform": "twitch"}, "discord": {"handle": "Frankydred#0402", "platform": "discord"}, "twitter": {"handle": "", "platform": "twitter"}, "website": {"handle": "https://linktr.ee/Frankydred", "platform": "website"}, "youtube": {"handle": "", "platform": "youtube"}, "facebook": {"handle": "https://www.facebook.com/frankydred", "platform": "facebook"}, "snapchat": {"handle": "", "platform": "snapchat"}, "instagram": {"handle": "", "platform": "instagram"}}, "acceptedInvite": {"senderPublicKey": "0x74D2ef7E09B976822f654b3e93d689dEf47eECc9", "redeemerPublicKey": "0xd51B6d8060cC965d65C2847e62f6aDAAFC5fD1Ba", "redeemedAt": "2021-05-03T21:03:29.243"}, "twitSocialVerifs": [{"id": "93566c8f-549a-40a7-934a-dc7646d22515", "user": "0xd51B6d8060cC965d65C2847e62f6aDAAFC5fD1Ba", "createdAt": "2021-04-27T20:14:43.104645", "updatedAt": "2021-04-27T20:14:48.09724", "lastCheckedAt": "2021-04-27T20:14:48.024", "socialVerificationURL": "https://twitter.com/Franky_Dred/status/1387138001562750983", "verificationText": "I\u2019m on @withFND \ud83c\udf10\n\n0xd51B6d8060cC965d65C2847e62f6aDAAFC5fD1Ba\n\nhttps://t.co/EnYdGfNxPo", "userId": "2715203940", "username": "Franky_Dred", "isValid": true, "service": "TWITTER", "failedReason": null, "status": null}], "instaSocialVerifs": [{"id": "67afb200-bfba-4229-a68b-8525c7a828d3", "user": "0xd51B6d8060cC965d65C2847e62f6aDAAFC5fD1Ba", "createdAt": "2021-04-27T20:09:34.671299", "updatedAt": "2021-04-27T20:09:34.671299", "lastCheckedAt": "2021-04-27T20:09:34.627", "socialVerificationURL": null, "verificationText": null, "userId": "17841401425423963", "username": "frankydred", "isValid": true, "service": "INSTAGRAM", "failedReason": null, "status": null}]}, "profileExists": true, "collectors": [{"userIndex": null, "publicKey": "0xEdB858469A7FE4F5BfF95CeB58Ae912A6fa66F2e", "username": null, "profileImageUrl": null, "coverImageUrl": null, "name": null, "bio": null, "isApprovedCreator": false, "moderationStatus": "ACTIVE", "joinedWaitlistAt": null, "createdAt": "2021-06-20T15:42:43.249795", "migratedToUser": null, "isApprovedForMigrationAt": null, "follows": [], "highestBidAuctions": [{"endsAt": "2021-06-21T15:52:30"}], "highestBidAuctions_aggregate": {"aggregate": {"count": 1}}}], "createdCount": 0}, "__N_SSG": true}, "page": "/[username]", "query": {"username": "0xd51b6d8060cc965d65c2847e62f6adaafc5fd1ba"}, "buildId": "fPHzAE9c9nph2AUK0K_6u", "isFallback": false, "dynamicIds": [33196, 55458, 54746], "gsp": true, "scriptLoader": []}