{"props": {"pageProps": {"username": "0xd90bc08677248fc433d3ca5b4538963022c854d5", "user": {"userIndex": 5947, "publicKey": "0xd90bC08677248FC433d3ca5B4538963022C854D5", "username": "mwstandsfor", "profileImageUrl": "https://f8n-production.s3.amazonaws.com/creators/profile/vyeodtwuw-logo-vertical-jpg-67ak79.jpg", "coverImageUrl": "https://f8n-production.s3.amazonaws.com/creators/profile/6l6e44lim-foundation-jpg-vpbkee.jpg", "name": "MW van der Walt", "bio": "Illustrator, 3D artist and Designer with a 2 letter name. investigating the realm of dark arts.", "isApprovedCreator": true, "moderationStatus": "ACTIVE", "joinedWaitlistAt": null, "createdAt": "2021-02-25T13:34:24.654274", "migratedToUser": null, "isApprovedForMigrationAt": null, "firstName": null, "lastName": null, "isAdmin": false, "links": {"tiktok": {"handle": "", "platform": "tiktok"}, "twitch": {"handle": "", "platform": "twitch"}, "discord": {"handle": "mwstandsfor#8732", "platform": "discord"}, "twitter": {"handle": "mwstandsfor", "platform": "twitter"}, "website": {"handle": "mwstandsfor.com", "platform": "website"}, "youtube": {"handle": "", "platform": "youtube"}, "facebook": {"handle": "", "platform": "facebook"}, "snapchat": {"handle": "", "platform": "snapchat"}, "instagram": {"handle": "mwstandsfor", "platform": "instagram"}}, "acceptedInvite": {"senderPublicKey": "0xF6561D4EBab7Af97145cA5D2F97A2d9c5d370970", "redeemerPublicKey": "0xd90bC08677248FC433d3ca5B4538963022C854D5", "redeemedAt": "2021-03-02T20:27:29.998"}, "twitSocialVerifs": [{"id": "6dcf9942-da93-483a-997f-34c917e84e54", "user": "0xd90bC08677248FC433d3ca5B4538963022C854D5", "createdAt": "2021-03-11T13:01:48.426693", "updatedAt": "2021-03-11T13:01:53.982064", "lastCheckedAt": "2021-03-11T13:01:53.495", "socialVerificationURL": "https://twitter.com/mwstandsfor/status/1369996909893550085", "verificationText": "I\u2019m on @withFND \ud83c\udf10\n\n0xd90bC08677248FC433d3ca5B4538963022C854D5\n\nhttps://t.co/SneM9FQ6cJ", "userId": "58722511", "username": "mwstandsfor", "isValid": true, "service": "TWITTER", "failedReason": null, "status": null}], "instaSocialVerifs": [{"id": "33d46e28-19bf-493b-9379-3ffe1b2a053b", "user": "0xd90bC08677248FC433d3ca5B4538963022C854D5", "createdAt": "2021-04-20T15:15:43.898097", "updatedAt": "2021-04-20T15:15:43.898097", "lastCheckedAt": "2021-04-20T15:15:43.867", "socialVerificationURL": null, "verificationText": null, "userId": "17841403426974080", "username": "mwstandsfor", "isValid": true, "service": "INSTAGRAM", "failedReason": null, "status": null}]}, "profileExists": true, "collectors": [{"userIndex": 4009, "publicKey": "0xd41EdC0096F34C9D724209f177F3c3774b385a77", "username": "tfmstyle", "profileImageUrl": "https://f8n-production.s3.amazonaws.com/creators/profile/3y2o04w8x-54255057-2227135570681022-4066609433969426432-o-jpg-fpulpp.jpg", "coverImageUrl": "https://f8n-production.s3.amazonaws.com/creators/profile/otq83dars-first-drop-sm-jpg-dbdcgl.jpg", "name": "The French Monkey", "bio": "Creative Mind - 3D Generalist - Digital Product Specialist\nFounder/Director www.tfmstyle.com", "isApprovedCreator": true, "moderationStatus": "ACTIVE", "joinedWaitlistAt": null, "createdAt": "2021-02-26T12:32:31.380343", "migratedToUser": null, "isApprovedForMigrationAt": null, "follows": [], "highestBidAuctions": [{"endsAt": "2021-03-08T15:54:10"}], "highestBidAuctions_aggregate": {"aggregate": {"count": 1}}}, {"userIndex": 49906, "publicKey": "0xdbF458140d16cD2C02b8B44aEF2DE4f789d9259A", "username": "dnevozhai", "profileImageUrl": "https://f8n-production.s3.amazonaws.com/creators/profile/u8n1899nk-my-portrait9-png-od3z1z.png", "coverImageUrl": "https://f8n-production.s3.amazonaws.com/creators/profile/wewfi068q-twitter-artwork3-jpg-5b89yk.jpg", "name": "Denys Nevozhai", "bio": "", "isApprovedCreator": false, "moderationStatus": "ACTIVE", "joinedWaitlistAt": null, "createdAt": "2021-04-18T23:09:02.700778", "migratedToUser": null, "isApprovedForMigrationAt": null, "follows": [], "highestBidAuctions": [{"endsAt": "2021-04-26T20:57:48"}], "highestBidAuctions_aggregate": {"aggregate": {"count": 1}}}], "createdCount": 0}, "__N_SSG": true}, "page": "/[username]", "query": {"username": "0xd90bc08677248fc433d3ca5b4538963022c854d5"}, "buildId": "fPHzAE9c9nph2AUK0K_6u", "isFallback": false, "dynamicIds": [33196, 55458, 54746], "gsp": true, "scriptLoader": []}