{"props": {"pageProps": {"username": "0x6e27f1e14224d7b6f592dfe596aea739874df9a8", "user": {"userIndex": 75766, "publicKey": "0x6E27f1E14224D7B6F592DFE596AEa739874Df9A8", "username": "SrDigitalArtist", "profileImageUrl": "https://f8n-production.s3.amazonaws.com/creators/profile/dzk2d54qf-sr-logo-copy-jpg-ewyjml.jpg", "coverImageUrl": "https://f8n-production.s3.amazonaws.com/creators/profile/sb5xax5k5-sr-jpg-ji5n57.jpg", "name": "Ajith", "bio": "Painter | Illustrator | Writer | Self taught Artist\n\"The best way to Predict the Future is to create it\"", "isApprovedCreator": true, "moderationStatus": "ACTIVE", "joinedWaitlistAt": null, "createdAt": "2021-06-08T04:38:10.295957", "migratedToUser": null, "isApprovedForMigrationAt": null, "firstName": null, "lastName": null, "isAdmin": false, "links": {"tiktok": {"handle": "", "platform": "tiktok"}, "twitch": {"handle": "", "platform": "twitch"}, "discord": {"handle": "SrDigitalArtist#5148", "platform": "discord"}, "twitter": {"handle": "", "platform": "twitter"}, "website": {"handle": "https://linktr.ee/SrDigitalArtist", "platform": "website"}, "youtube": {"handle": "", "platform": "youtube"}, "facebook": {"handle": "", "platform": "facebook"}, "snapchat": {"handle": "", "platform": "snapchat"}, "instagram": {"handle": "", "platform": "instagram"}}, "acceptedInvite": {"senderPublicKey": "0xcdD3485d6137d6236434e9FE2D0cd34b77b13575", "redeemerPublicKey": "0x6E27f1E14224D7B6F592DFE596AEa739874Df9A8", "redeemedAt": "2021-06-17T13:54:48.092"}, "twitSocialVerifs": [{"id": "06bbc4bd-eff7-4208-b2f7-9697cea94975", "user": "0x6E27f1E14224D7B6F592DFE596AEa739874Df9A8", "createdAt": "2021-06-18T14:10:03.019008", "updatedAt": "2021-06-18T14:10:05.919042", "lastCheckedAt": "2021-06-18T14:10:05.907", "socialVerificationURL": "https://twitter.com/SRdigitalart/status/1405890423919243268", "verificationText": "I\u2019m on @withFND \ud83c\udf10\n\n0x6E27f1E14224D7B6F592DFE596AEa739874Df9A8\n\nhttps://t.co/Gn9qHlRuiQ", "userId": "1405884623377158149", "username": "SRdigitalart", "isValid": true, "service": "TWITTER", "failedReason": null, "status": null}], "instaSocialVerifs": [{"id": "7fd926bf-58c4-4db6-8845-7b3094dedcab", "user": "0x6E27f1E14224D7B6F592DFE596AEa739874Df9A8", "createdAt": "2021-06-29T15:38:25.698486", "updatedAt": "2021-06-29T15:38:25.698486", "lastCheckedAt": "2021-06-29T15:38:25.696", "socialVerificationURL": null, "verificationText": null, "userId": "17841447855226077", "username": "sr_digitalartist", "isValid": true, "service": "INSTAGRAM", "failedReason": null, "status": null}]}, "profileExists": true, "collectors": [], "createdCount": 0}, "__N_SSG": true}, "page": "/[username]", "query": {"username": "0x6e27f1e14224d7b6f592dfe596aea739874df9a8"}, "buildId": "fPHzAE9c9nph2AUK0K_6u", "isFallback": false, "dynamicIds": [33196, 55458, 54746], "gsp": true, "scriptLoader": []}