{"props": {"pageProps": {"username": "0xbc03af1ea9d9e67ae3156eba3ac4ad276f724092", "user": {"userIndex": 13034, "publicKey": "0xbc03aF1EA9d9e67ae3156ebA3ac4AD276F724092", "username": "iammelissadanielle", "profileImageUrl": "https://f8n-production.s3.amazonaws.com/creators/profile/q47ciudpg-img-20210301-002925-095-2-jpg-v1pdcn.jpg", "coverImageUrl": "https://f8n-production.s3.amazonaws.com/creators/profile/lw00mmnq5-new-project-3-jpg-5r9hii.jpg", "name": "Melissa Danielle", "bio": "Exploring surreal concepts through 3D motion graphics and animations, Melissa Danielle's style is often described as concept and contemporary, experimenting with mysticism and abstract architecture. ", "isApprovedCreator": true, "moderationStatus": "ACTIVE", "joinedWaitlistAt": "2021-04-04T17:36:47.14", "createdAt": "2021-03-12T03:12:48.362966", "migratedToUser": null, "isApprovedForMigrationAt": null, "firstName": null, "lastName": null, "isAdmin": false, "links": {"tiktok": {"handle": "iammelissadanielle", "platform": "tiktok"}, "twitch": {"handle": "", "platform": "twitch"}, "discord": {"handle": "", "platform": "discord"}, "twitter": {"handle": "", "platform": "twitter"}, "website": {"handle": "http://iammelissadanielle.com", "platform": "website"}, "youtube": {"handle": "https://www.youtube.com/channel/UCarKC9S3lYFx06p1OuMZnhQ", "platform": "youtube"}, "facebook": {"handle": "", "platform": "facebook"}, "snapchat": {"handle": "", "platform": "snapchat"}, "instagram": {"handle": "iammelissadanielle", "platform": "instagram"}}, "acceptedInvite": {"senderPublicKey": "0x49Bd3fdD5FdF30124dD77c137b178dE74Fe8649b", "redeemerPublicKey": "0xbc03aF1EA9d9e67ae3156ebA3ac4AD276F724092", "redeemedAt": "2021-04-05T01:03:27.8"}, "twitSocialVerifs": [{"id": "c4ee68f5-c70d-4805-a479-82a8fc7edcee", "user": "0xbc03aF1EA9d9e67ae3156ebA3ac4AD276F724092", "createdAt": "2021-03-12T03:17:53.890582", "updatedAt": "2021-03-12T03:17:57.609124", "lastCheckedAt": "2021-03-12T03:17:57.579", "socialVerificationURL": "https://twitter.com/iammelissadani/status/1370212311340871681", "verificationText": "I\u2019m on @withFND \ud83c\udf10 \ud83d\udcab\n\n0xbc03aF1EA9d9e67ae3156ebA3ac4AD276F724092\n\nhttps://t.co/xJ2QWKUDeT", "userId": "1251411741579382786", "username": "iammelissadani", "isValid": true, "service": "TWITTER", "failedReason": null, "status": null}], "instaSocialVerifs": [{"id": "7bc45f43-04a9-4295-ba60-573ee6ebcbf5", "user": "0xbc03aF1EA9d9e67ae3156ebA3ac4AD276F724092", "createdAt": "2021-04-22T16:33:07.478433", "updatedAt": "2021-04-22T16:33:07.478433", "lastCheckedAt": "2021-04-22T16:33:07.444", "socialVerificationURL": null, "verificationText": null, "userId": "17841406794295570", "username": "iammelissadanielle", "isValid": true, "service": "INSTAGRAM", "failedReason": null, "status": null}]}, "profileExists": true, "collectors": [], "createdCount": 0}, "__N_SSG": true}, "page": "/[username]", "query": {"username": "0xbc03af1ea9d9e67ae3156eba3ac4ad276f724092"}, "buildId": "fPHzAE9c9nph2AUK0K_6u", "isFallback": false, "dynamicIds": [33196, 55458, 54746], "gsp": true, "scriptLoader": []}