{"props": {"pageProps": {"username": "0x93cbfc8dca90adf8a8e8061b478704d6dec11039", "user": {"userIndex": 3872, "publicKey": "0x93cBfC8dCa90aDf8A8e8061B478704d6dEC11039", "username": "brianromero", "profileImageUrl": "https://f8n-production.s3.amazonaws.com/creators/profile/84syt3ma8-2021-avatar-jpg-9pteu7.jpg", "coverImageUrl": "https://f8n-production.s3.amazonaws.com/creators/profile/9vhppjaik-rarible-cover-02-jpg-s1cv7x.jpg", "name": "Brian Romero", "bio": "Los Angels based visual artist and musician. My artwork can be seen on tons of skateboards, t-shirts, posters and stickers.", "isApprovedCreator": true, "moderationStatus": "ACTIVE", "joinedWaitlistAt": null, "createdAt": "2021-02-24T05:12:03.001596", "migratedToUser": null, "isApprovedForMigrationAt": null, "firstName": null, "lastName": null, "isAdmin": false, "links": {"tiktok": {"handle": "", "platform": "tiktok"}, "twitch": {"handle": "", "platform": "twitch"}, "discord": {"handle": "", "platform": "discord"}, "twitter": {"handle": "brianromero", "platform": "twitter"}, "website": {"handle": "http://www.brianromero.com/", "platform": "website"}, "youtube": {"handle": "", "platform": "youtube"}, "facebook": {"handle": "", "platform": "facebook"}, "snapchat": {"handle": "", "platform": "snapchat"}, "instagram": {"handle": "brianromero", "platform": "instagram"}}, "acceptedInvite": {"senderPublicKey": "0x6fe1a56c978C1b66e97C2ae9B0cFd29e6483d040", "redeemerPublicKey": "0x93cBfC8dCa90aDf8A8e8061B478704d6dEC11039", "redeemedAt": "2021-03-04T19:22:15.828"}, "twitSocialVerifs": [], "instaSocialVerifs": []}, "profileExists": true, "collectors": [], "createdCount": 0}, "__N_SSG": true}, "page": "/[username]", "query": {"username": "0x93cbfc8dca90adf8a8e8061b478704d6dec11039"}, "buildId": "fPHzAE9c9nph2AUK0K_6u", "isFallback": false, "dynamicIds": [33196, 55458, 54746], "gsp": true, "scriptLoader": []}