{"props": {"pageProps": {"username": "0x2cb3338f518b2d61470b4d1d503bdc84c1a04ecd", "user": {"userIndex": 42453, "publicKey": "0x2CB3338F518b2d61470B4d1d503Bdc84c1a04Ecd", "username": "Resetnft", "profileImageUrl": "https://f8n-production.s3.amazonaws.com/creators/profile/9q8lprnhn-rebirth-png-4xe1zx.png", "coverImageUrl": "https://f8n-production.s3.amazonaws.com/creators/profile/q1u7vl8y3-rebirth-png-54yznk.png", "name": "R\u04d4set", "bio": "As a woman my work has a strong political message - the personal is political. I explore themes of beauty, control and anguish. On a more personal level I focus on conformity and madness. ", "isApprovedCreator": true, "moderationStatus": "ACTIVE", "joinedWaitlistAt": null, "createdAt": "2021-04-10T00:00:55.675614", "migratedToUser": null, "isApprovedForMigrationAt": null, "firstName": null, "lastName": null, "isAdmin": false, "links": {"tiktok": {"handle": "", "platform": "tiktok"}, "twitch": {"handle": "", "platform": "twitch"}, "discord": {"handle": "resetnft#1609", "platform": "discord"}, "twitter": {"handle": "", "platform": "twitter"}, "website": {"handle": "https://resetnft.art/", "platform": "website"}, "youtube": {"handle": "", "platform": "youtube"}, "facebook": {"handle": "", "platform": "facebook"}, "snapchat": {"handle": "", "platform": "snapchat"}, "instagram": {"handle": "https://www.instagram.com/resetnft/", "platform": "instagram"}}, "acceptedInvite": {"senderPublicKey": "0x520D9567cd51a1ff7baBB9139ECC63D8923c3252", "redeemerPublicKey": "0x2CB3338F518b2d61470B4d1d503Bdc84c1a04Ecd", "redeemedAt": "2021-04-10T00:19:53.459"}, "twitSocialVerifs": [{"id": "899a5aa7-9477-42f8-b6c5-d217fb50b226", "user": "0x2CB3338F518b2d61470B4d1d503Bdc84c1a04Ecd", "createdAt": "2021-04-10T00:28:29.590399", "updatedAt": "2021-04-10T00:28:32.586632", "lastCheckedAt": "2021-04-10T00:28:32.521", "socialVerificationURL": "https://twitter.com/ResetNft/status/1380678909604229122", "verificationText": "I\u2019m on @withFND \ud83c\udf10\n\n0x2CB3338F518b2d61470B4d1d503Bdc84c1a04Ecd\n\nhttps://t.co/ogOm4rmGpJ", "userId": "1360043609920208896", "username": "ResetNft", "isValid": true, "service": "TWITTER", "failedReason": null, "status": null}], "instaSocialVerifs": [{"id": "e57155b5-a5f3-467a-b443-602abf1ddc60", "user": "0x2CB3338F518b2d61470B4d1d503Bdc84c1a04Ecd", "createdAt": "2021-04-22T02:55:24.954439", "updatedAt": "2021-04-22T02:55:24.954439", "lastCheckedAt": "2021-04-22T02:55:24.929", "socialVerificationURL": null, "verificationText": null, "userId": "17841445933588397", "username": "resetnft", "isValid": true, "service": "INSTAGRAM", "failedReason": null, "status": null}]}, "profileExists": true, "collectors": [], "createdCount": 0}, "__N_SSG": true}, "page": "/[username]", "query": {"username": "0x2cb3338f518b2d61470b4d1d503bdc84c1a04ecd"}, "buildId": "fPHzAE9c9nph2AUK0K_6u", "isFallback": false, "dynamicIds": [33196, 55458, 54746], "gsp": true, "scriptLoader": []}