{"props": {"pageProps": {"username": "0x88ac3cea7888c92f7f04db230268b9843bc64daf", "user": {"userIndex": 19438, "publicKey": "0x88aC3cEa7888C92f7F04Db230268b9843bC64daF", "username": "heykelseyj", "profileImageUrl": "https://f8n-production.s3.amazonaws.com/creators/profile/jo441c4ww-1q5a4309-edit-jpg-71jhhk.jpg", "coverImageUrl": "https://f8n-production.s3.amazonaws.com/creators/profile/bkcu29v55-girl-in-the-red-dress-6-jpg-69u5sr.jpg", "name": "Kelsey Johnson", "bio": "Female digital storyteller. Conceptual self-portraits around the world. Creating my own fairytale.\n\nCommercial clients include: Canon, Conde Nast, Jeep, & Trip Advisor", "isApprovedCreator": true, "moderationStatus": "ACTIVE", "joinedWaitlistAt": null, "createdAt": "2021-03-18T06:18:19.759146", "migratedToUser": null, "isApprovedForMigrationAt": null, "firstName": null, "lastName": null, "isAdmin": false, "links": {"tiktok": {"handle": "", "platform": "tiktok"}, "twitch": {"handle": "", "platform": "twitch"}, "discord": {"handle": "", "platform": "discord"}, "twitter": {"handle": "", "platform": "twitter"}, "website": {"handle": "heykelseyj.com", "platform": "website"}, "youtube": {"handle": "", "platform": "youtube"}, "facebook": {"handle": "", "platform": "facebook"}, "snapchat": {"handle": "", "platform": "snapchat"}, "instagram": {"handle": "heykelseyj", "platform": "instagram"}}, "acceptedInvite": {"senderPublicKey": "0x9E030d39c2426E7B57dF5AEAC53fFbaABE9E0C74", "redeemerPublicKey": "0x88aC3cEa7888C92f7F04Db230268b9843bC64daF", "redeemedAt": "2021-03-19T05:52:26.181"}, "twitSocialVerifs": [{"id": "d66510ad-c53b-43b9-ace7-b801ea901e29", "user": "0x88aC3cEa7888C92f7F04Db230268b9843bC64daF", "createdAt": "2021-03-19T05:11:20.350937", "updatedAt": "2021-03-19T05:11:24.439936", "lastCheckedAt": "2021-03-19T05:11:24.402", "socialVerificationURL": "https://twitter.com/heykelseyj/status/1372777625530236928", "verificationText": "I\u2019m on @withFND \ud83c\udf10\n\n0x88aC3cEa7888C92f7F04Db230268b9843bC64daF\n\nhttps://t.co/hPIUeudBvv", "userId": "384628781", "username": "heykelseyj", "isValid": true, "service": "TWITTER", "failedReason": null, "status": null}], "instaSocialVerifs": [{"id": "4c683308-bc47-4700-b347-9b962b1c47c8", "user": "0x88aC3cEa7888C92f7F04Db230268b9843bC64daF", "createdAt": "2021-04-25T15:42:48.55089", "updatedAt": "2021-04-25T15:42:48.55089", "lastCheckedAt": "2021-04-25T15:42:48.525", "socialVerificationURL": null, "verificationText": null, "userId": "17841400810150232", "username": "heykelseyj", "isValid": true, "service": "INSTAGRAM", "failedReason": null, "status": null}]}, "profileExists": true, "collectors": [{"userIndex": 18639, "publicKey": "0x2b9324f66B7733202261777726D8f9720285cb8a", "username": "dicey_apple", "profileImageUrl": "https://f8n-production.s3.amazonaws.com/creators/profile/vawybqln9-unnamed-png-z5e40y.png", "coverImageUrl": "", "name": "", "bio": "", "isApprovedCreator": false, "moderationStatus": "ACTIVE", "joinedWaitlistAt": null, "createdAt": "2021-03-15T04:35:20.409397", "migratedToUser": null, "isApprovedForMigrationAt": null, "follows": [], "highestBidAuctions": [{"endsAt": "2021-05-24T00:59:11"}], "highestBidAuctions_aggregate": {"aggregate": {"count": 1}}}, {"userIndex": 1563, "publicKey": "0x378BCce7235D53BBc3774BFf8559191F06E6818E", "username": "caktux", "profileImageUrl": "https://f8n-production.s3.amazonaws.com/creators/profile/fallmzs84-baloo-caktux-by-mbsjq-jpg-gc9ch1.jpg", "coverImageUrl": "https://f8n-production.s3.amazonaws.com/creators/profile/cxp6nlcoa-worldeaterswarm-header-jpeg-inep1u.jpeg", "name": "Vince", "bio": "", "isApprovedCreator": false, "moderationStatus": "ACTIVE", "joinedWaitlistAt": null, "createdAt": "2021-02-16T14:09:30.455424", "migratedToUser": null, "isApprovedForMigrationAt": null, "follows": [], "highestBidAuctions": [{"endsAt": "2021-06-29T16:59:03"}], "highestBidAuctions_aggregate": {"aggregate": {"count": 1}}}], "createdCount": 0}, "__N_SSG": true}, "page": "/[username]", "query": {"username": "0x88ac3cea7888c92f7f04db230268b9843bc64daf"}, "buildId": "fPHzAE9c9nph2AUK0K_6u", "isFallback": false, "dynamicIds": [33196, 55458, 54746], "gsp": true, "scriptLoader": []}