{"props": {"pageProps": {"username": "0x08165c34b6689a7b35ec1a57d1265f83e758240c", "user": {"userIndex": 78562, "publicKey": "0x08165c34b6689A7b35EC1A57d1265f83e758240c", "username": "DGart", "profileImageUrl": "https://f8n-production.s3.amazonaws.com/creators/profile/j5lsvjnbt-image-processing20200508-12971-1d34wl5-png-82h61n.png", "coverImageUrl": "https://f8n-production.s3.amazonaws.com/creators/profile/rxsqp6dr8-video2119-png-u0vogc.png", "name": "DG Art ", "bio": "Just a group of Digital Artists! \ud83d\udc7e", "isApprovedCreator": true, "moderationStatus": "ACTIVE", "joinedWaitlistAt": null, "createdAt": "2021-06-15T21:43:52.987287", "migratedToUser": null, "isApprovedForMigrationAt": null, "firstName": null, "lastName": null, "isAdmin": false, "links": {"tiktok": {"handle": "", "platform": "tiktok"}, "twitch": {"handle": "", "platform": "twitch"}, "discord": {"handle": "DGart#6228", "platform": "discord"}, "twitter": {"handle": "", "platform": "twitter"}, "website": {"handle": "", "platform": "website"}, "youtube": {"handle": "", "platform": "youtube"}, "facebook": {"handle": "", "platform": "facebook"}, "snapchat": {"handle": "", "platform": "snapchat"}, "instagram": {"handle": "", "platform": "instagram"}}, "acceptedInvite": {"senderPublicKey": "0xee4B68C5F60356118a1E87d20E4c2c72fbAEeD70", "redeemerPublicKey": "0x08165c34b6689A7b35EC1A57d1265f83e758240c", "redeemedAt": "2021-06-15T23:08:07.376"}, "twitSocialVerifs": [{"id": "41eb4b7a-643a-4775-a1f0-50220492a1ca", "user": "0x08165c34b6689A7b35EC1A57d1265f83e758240c", "createdAt": "2021-06-15T23:04:05.49804", "updatedAt": "2021-06-15T23:04:10.491373", "lastCheckedAt": "2021-06-15T23:04:10.478", "socialVerificationURL": "https://twitter.com/DGArt__/status/1404937677401739266?s=20", "verificationText": "I\u2019m on @withFND \ud83c\udf10\n\n0x08165c34b6689A7b35EC1A57d1265f83e758240c\n\nhttps://t.co/PyCn2krost", "userId": "1404927995710672897", "username": "DGArt__", "isValid": true, "service": "TWITTER", "failedReason": null, "status": null}], "instaSocialVerifs": []}, "profileExists": true, "collectors": [{"userIndex": 53563, "publicKey": "0x8be77f3DcC29e6A3efdbEbBa80D81257312525C4", "username": "itorstens", "profileImageUrl": "https://f8n-production.s3.amazonaws.com/creators/profile/o58elfxt4-tcsc-jpg-djp7ri.jpg", "coverImageUrl": "https://f8n-production.s3.amazonaws.com/creators/profile/dcfuo02sk-photo-1451187580459-43490279c0fa-jpeg-5kpnc7.jpeg", "name": "torstens", "bio": "NFT - Creative | Collector | Creator | CryptoCurrencies |  Photographer  | \n\nRESPECT ALL - LOVE ALL ... \n\n\u0183u\u0131\u0265\u0287\u028e\u0279\u01dd\u028c\u01dd s\u01ddln\u0279 \u01dd\u028col\n", "isApprovedCreator": true, "moderationStatus": "ACTIVE", "joinedWaitlistAt": null, "createdAt": "2021-04-23T09:10:40.035915", "migratedToUser": null, "isApprovedForMigrationAt": null, "follows": [], "highestBidAuctions": [{"endsAt": "2021-06-26T15:06:35"}], "highestBidAuctions_aggregate": {"aggregate": {"count": 1}}}], "createdCount": 0}, "__N_SSG": true}, "page": "/[username]", "query": {"username": "0x08165c34b6689a7b35ec1a57d1265f83e758240c"}, "buildId": "fPHzAE9c9nph2AUK0K_6u", "isFallback": false, "dynamicIds": [33196, 55458, 54746], "gsp": true, "scriptLoader": []}