{"props": {"pageProps": {"username": "0x62290d388bc30afbc8f270cc3b495de3c1c21f6d", "user": {"userIndex": 6723, "publicKey": "0x62290D388Bc30afBc8f270cC3b495dE3C1c21f6D", "username": "haastyle", "profileImageUrl": "https://f8n-production.s3.amazonaws.com/creators/profile/7eafq23l8-nick-haas-profile-jpg-q70nmp.jpg", "coverImageUrl": "https://f8n-production.s3.amazonaws.com/creators/profile/8ax82h3e6-header-2-jpg-esfhu1.jpg", "name": "", "bio": "Nick Haas is a Chicago, IL based creator known for his vivid photo bending cityscapes. His work serves as statement pieces for dozens of clients and has been licensed for posters, albums and books.", "isApprovedCreator": true, "moderationStatus": "ACTIVE", "joinedWaitlistAt": null, "createdAt": "2021-03-04T01:35:47.765983", "migratedToUser": null, "isApprovedForMigrationAt": null, "firstName": null, "lastName": null, "isAdmin": false, "links": {"tiktok": {"handle": "", "platform": "tiktok"}, "twitch": {"handle": "", "platform": "twitch"}, "discord": {"handle": "", "platform": "discord"}, "twitter": {"handle": "haastyle", "platform": "twitter"}, "website": {"handle": "haastyle.com", "platform": "website"}, "youtube": {"handle": "", "platform": "youtube"}, "facebook": {"handle": "haastyleartist", "platform": "facebook"}, "snapchat": {"handle": "", "platform": "snapchat"}, "instagram": {"handle": "haastyleartist", "platform": "instagram"}}, "acceptedInvite": {"senderPublicKey": "0xc199d54bE70c9837449b8DeD44B6C960dde9dFe3", "redeemerPublicKey": "0x62290D388Bc30afBc8f270cC3b495dE3C1c21f6D", "redeemedAt": "2021-03-04T01:35:52.239"}, "twitSocialVerifs": [{"id": "f4aa2844-107b-4e01-bce1-aafb34fc36e7", "user": "0x62290D388Bc30afBc8f270cC3b495dE3C1c21f6D", "createdAt": "2021-03-23T22:30:07.48484", "updatedAt": "2021-03-23T22:30:12.619361", "lastCheckedAt": "2021-03-23T22:30:12.595", "socialVerificationURL": "https://twitter.com/haastyle/status/1374488606547472396?s=20", "verificationText": "I\u2019m on @withFND \ud83c\udf10\n\n0x62290D388Bc30afBc8f270cC3b495dE3C1c21f6D\n\nhttps://t.co/O48Cr4pzQP", "userId": "16889711", "username": "haastyle", "isValid": true, "service": "TWITTER", "failedReason": null, "status": null}], "instaSocialVerifs": []}, "profileExists": true, "collectors": [], "createdCount": 0}, "__N_SSG": true}, "page": "/[username]", "query": {"username": "0x62290d388bc30afbc8f270cc3b495de3c1c21f6d"}, "buildId": "fPHzAE9c9nph2AUK0K_6u", "isFallback": false, "dynamicIds": [33196, 55458, 54746], "gsp": true, "scriptLoader": []}