{"props": {"pageProps": {"username": "0x985540a3a3cc98f8f09a7b3d667bbf0e42578272", "user": {"userIndex": 32379, "publicKey": "0x985540a3A3cc98f8f09a7B3D667bBf0E42578272", "username": "swanky", "profileImageUrl": "https://f8n-production.s3.amazonaws.com/creators/profile/r96zi5mie-fashion-party-girl-pjvqfht-jpg-5bavp8.jpg", "coverImageUrl": "https://f8n-production.s3.amazonaws.com/creators/profile/47igyghjh-set-cables-gtgrnrf-jpg-tn5506.jpg", "name": "Swanky", "bio": "Life is what happens to you while you collect NFTs.", "isApprovedCreator": false, "moderationStatus": "ACTIVE", "joinedWaitlistAt": null, "createdAt": "2021-03-30T19:46:55.216605", "migratedToUser": null, "isApprovedForMigrationAt": null, "firstName": null, "lastName": null, "isAdmin": false, "links": {"tiktok": {"handle": "", "platform": "tiktok"}, "twitch": {"handle": "", "platform": "twitch"}, "discord": {"handle": "", "platform": "discord"}, "twitter": {"handle": "", "platform": "twitter"}, "website": {"handle": "", "platform": "website"}, "youtube": {"handle": "", "platform": "youtube"}, "facebook": {"handle": "", "platform": "facebook"}, "snapchat": {"handle": "", "platform": "snapchat"}, "instagram": {"handle": "", "platform": "instagram"}}, "acceptedInvite": null, "twitSocialVerifs": [], "instaSocialVerifs": []}, "profileExists": true, "collectors": [], "createdCount": 0}, "__N_SSG": true}, "page": "/[username]", "query": {"username": "0x985540a3a3cc98f8f09a7b3d667bbf0e42578272"}, "buildId": "fPHzAE9c9nph2AUK0K_6u", "isFallback": false, "dynamicIds": [33196, 55458, 54746], "gsp": true, "scriptLoader": []}