{"props": {"pageProps": {"username": "0xa4c6b404aa8caa5a1ebfc9cc166210945a42f182", "user": {"userIndex": 1171, "publicKey": "0xa4C6B404AA8cAa5A1ebfC9Cc166210945a42F182", "username": "Vaveili", "profileImageUrl": "https://f8n-production.s3.amazonaws.com/creators/profile/hpzuxxpg6-download-10-png-1gjd8j.png", "coverImageUrl": "https://f8n-production.s3.amazonaws.com/creators/profile/0wihj4ta4-gits-a30-at-01-c-0-1412634087-jpg-je6izr.jpg", "name": "Vaveili", "bio": "Digital Artist dabbling into a Dark Mythical Futura. Vaveili tends to base his work around Neo Mythology severed by corruption.", "isApprovedCreator": true, "moderationStatus": "ACTIVE", "joinedWaitlistAt": null, "createdAt": "2021-02-10T18:56:30.556801", "migratedToUser": null, "isApprovedForMigrationAt": null, "firstName": null, "lastName": null, "isAdmin": false, "links": {"tiktok": {"handle": "", "platform": "tiktok"}, "twitch": {"handle": "", "platform": "twitch"}, "discord": {"handle": "", "platform": "discord"}, "twitter": {"handle": "Vaveili", "platform": "twitter"}, "website": {"handle": "", "platform": "website"}, "youtube": {"handle": "", "platform": "youtube"}, "facebook": {"handle": "", "platform": "facebook"}, "snapchat": {"handle": "", "platform": "snapchat"}, "instagram": {"handle": "Vaveili", "platform": "instagram"}}, "acceptedInvite": {"senderPublicKey": "0x9996E48D58Ef013A1F1a6F6D178A811517ad162e", "redeemerPublicKey": "0xa4C6B404AA8cAa5A1ebfC9Cc166210945a42F182", "redeemedAt": "2021-02-19T19:17:29.589"}, "twitSocialVerifs": [{"id": "1e0cffb3-6fe7-466a-9e23-5f66dcc5fc4d", "user": "0xa4C6B404AA8cAa5A1ebfC9Cc166210945a42F182", "createdAt": "2021-04-12T03:47:37.860453", "updatedAt": "2021-04-12T03:47:39.166789", "lastCheckedAt": "2021-04-12T03:47:39.141", "socialVerificationURL": "https://twitter.com/Vaveili/status/1381453899534585857?s=20", "verificationText": "I\u2019m on @withFND \ud83c\udf10\n\n0xa4C6B404AA8cAa5A1ebfC9Cc166210945a42F182\n\nhttps://t.co/twBXFiwzzP", "userId": "2554086110", "username": "Vaveili", "isValid": true, "service": "TWITTER", "failedReason": null, "status": null}], "instaSocialVerifs": []}, "profileExists": true, "collectors": [], "createdCount": 0}, "__N_SSG": true}, "page": "/[username]", "query": {"username": "0xa4c6b404aa8caa5a1ebfc9cc166210945a42f182"}, "buildId": "fPHzAE9c9nph2AUK0K_6u", "isFallback": false, "dynamicIds": [33196, 55458, 54746], "gsp": true, "scriptLoader": []}