{"props": {"pageProps": {"username": "0x7f1568425ed217c35d87ade227d9ef760a8a0d80", "user": {"userIndex": 21958, "publicKey": "0x7F1568425ed217c35D87Ade227D9Ef760a8a0d80", "username": "MaxPranck", "profileImageUrl": "https://f8n-production.s3.amazonaws.com/creators/profile/bmwe82sui-image-jpg-4tpjep.jpg", "coverImageUrl": "https://f8n-production.s3.amazonaws.com/creators/profile/1bt6suq77-colourshades-sky-blue-790x200-jpg-2vxpr4.jpg", "name": "Max Pranck", "bio": "MFA in video and installation art. \nLeader of the Oh no, not sex and death again! art group.", "isApprovedCreator": true, "moderationStatus": "ACTIVE", "joinedWaitlistAt": null, "createdAt": "2021-03-22T14:39:17.90828", "migratedToUser": null, "isApprovedForMigrationAt": null, "firstName": null, "lastName": null, "isAdmin": false, "links": {"tiktok": {"handle": "", "platform": "tiktok"}, "twitch": {"handle": "", "platform": "twitch"}, "discord": {"handle": "", "platform": "discord"}, "twitter": {"handle": "", "platform": "twitter"}, "website": {"handle": "", "platform": "website"}, "youtube": {"handle": "", "platform": "youtube"}, "facebook": {"handle": "", "platform": "facebook"}, "snapchat": {"handle": "", "platform": "snapchat"}, "instagram": {"handle": "", "platform": "instagram"}}, "acceptedInvite": {"senderPublicKey": "0xa4a13E5CC37cC7c2921F39E66E15C252532C4A05", "redeemerPublicKey": "0x7F1568425ed217c35D87Ade227D9Ef760a8a0d80", "redeemedAt": "2021-03-22T14:50:45.826"}, "twitSocialVerifs": [{"id": "8541b9c1-c380-437f-a873-da6bc0dd78b5", "user": "0x7F1568425ed217c35D87Ade227D9Ef760a8a0d80", "createdAt": "2021-03-26T21:51:15.69282", "updatedAt": "2021-03-26T21:51:19.587377", "lastCheckedAt": "2021-03-26T21:51:19.553", "socialVerificationURL": "https://twitter.com/Max73268147/status/1375565608125931526", "verificationText": "I\u2019m on @withFND \ud83c\udf10\n\n0x7F1568425ed217c35D87Ade227D9Ef760a8a0d80\n\nhttps://t.co/gOBHDrd8Ph", "userId": "1375078023255502860", "username": "Max73268147", "isValid": true, "service": "TWITTER", "failedReason": null, "status": null}], "instaSocialVerifs": []}, "profileExists": true, "collectors": [], "createdCount": 0}, "__N_SSG": true}, "page": "/[username]", "query": {"username": "0x7f1568425ed217c35d87ade227d9ef760a8a0d80"}, "buildId": "fPHzAE9c9nph2AUK0K_6u", "isFallback": false, "dynamicIds": [33196, 55458, 54746], "gsp": true, "scriptLoader": []}