{"props": {"pageProps": {"username": "0xba9e7e3dd972af3f61bbe0390d7040f771bea3db", "user": {"userIndex": 70422, "publicKey": "0xBA9e7e3Dd972aF3f61BBE0390d7040f771BEA3dB", "username": "post_tribe", "profileImageUrl": "https://f8n-production.s3.amazonaws.com/creators/profile/wbghpzed2-element-1-gif-395ug1.gif", "coverImageUrl": "https://f8n-production.s3.amazonaws.com/creators/profile/kmg16atpi-purplestrokelogo-png-lctnl5.png", "name": "Post Tribe ", "bio": "Post Tribe  - content studio with ideas and desire ", "isApprovedCreator": true, "moderationStatus": "ACTIVE", "joinedWaitlistAt": null, "createdAt": "2021-05-22T15:18:08.914344", "migratedToUser": null, "isApprovedForMigrationAt": null, "firstName": null, "lastName": null, "isAdmin": false, "links": {"tiktok": {"handle": "", "platform": "tiktok"}, "twitch": {"handle": "", "platform": "twitch"}, "discord": {"handle": "", "platform": "discord"}, "twitter": {"handle": "", "platform": "twitter"}, "website": {"handle": "post-tribe.com", "platform": "website"}, "youtube": {"handle": "", "platform": "youtube"}, "facebook": {"handle": "", "platform": "facebook"}, "snapchat": {"handle": "", "platform": "snapchat"}, "instagram": {"handle": "", "platform": "instagram"}}, "acceptedInvite": {"senderPublicKey": "0x43a44Ef9261FcD2FfD15E4348D3c9Ac342bfB7f9", "redeemerPublicKey": "0xBA9e7e3Dd972aF3f61BBE0390d7040f771BEA3dB", "redeemedAt": "2021-05-22T15:18:20.554"}, "twitSocialVerifs": [{"id": "3e104bdd-266d-4d73-b78f-ca1d4f215a4b", "user": "0xBA9e7e3Dd972aF3f61BBE0390d7040f771BEA3dB", "createdAt": "2021-05-31T08:43:56.516543", "updatedAt": "2021-05-31T08:43:57.195796", "lastCheckedAt": "2021-05-31T08:43:57.176", "socialVerificationURL": "https://twitter.com/post_tribe/status/1399285415010607108?s=20", "verificationText": "I\u2019m on @withFND \ud83c\udf10\n\n0xBA9e7e3Dd972aF3f61BBE0390d7040f771BEA3dB\n\nhttps://t.co/jzGsTWrMlT", "userId": "128879877", "username": "post_tribe", "isValid": true, "service": "TWITTER", "failedReason": null, "status": null}], "instaSocialVerifs": []}, "profileExists": true, "collectors": [], "createdCount": 0}, "__N_SSG": true}, "page": "/[username]", "query": {"username": "0xba9e7e3dd972af3f61bbe0390d7040f771bea3db"}, "buildId": "fPHzAE9c9nph2AUK0K_6u", "isFallback": false, "dynamicIds": [33196, 55458, 54746], "gsp": true, "scriptLoader": []}