{"props": {"pageProps": {"username": "0x44fafa463db3339fa40d013f111a531c5fd6c327", "user": {"userIndex": 27727, "publicKey": "0x44FaFa463dB3339fa40d013f111A531C5Fd6C327", "username": "zuscrofa", "profileImageUrl": "https://f8n-production.s3.amazonaws.com/creators/profile/8uqrt3aiy-zuscrofa-jpg-fgj90z.jpg", "coverImageUrl": "https://f8n-production.s3.amazonaws.com/creators/profile/8kg78rjm4-header-png-rjbw5m.PNG", "name": "zuscrofa", "bio": "Digital Artist.\n\nPartner & Director at\nhttps://bhs.studio \n", "isApprovedCreator": true, "moderationStatus": "ACTIVE", "joinedWaitlistAt": "2021-03-26T08:24:09.955", "createdAt": "2021-03-26T08:20:51.566063", "migratedToUser": null, "isApprovedForMigrationAt": null, "firstName": null, "lastName": null, "isAdmin": false, "links": {"tiktok": {"handle": "", "platform": "tiktok"}, "twitch": {"handle": "", "platform": "twitch"}, "discord": {"handle": "", "platform": "discord"}, "twitter": {"handle": "", "platform": "twitter"}, "website": {"handle": "www.zuscrofa.com", "platform": "website"}, "youtube": {"handle": "", "platform": "youtube"}, "facebook": {"handle": "", "platform": "facebook"}, "snapchat": {"handle": "", "platform": "snapchat"}, "instagram": {"handle": "zuscrofa", "platform": "instagram"}}, "acceptedInvite": {"senderPublicKey": "0xfE8c2C417c1686B2f97796080bE02e742B001Fa9", "redeemerPublicKey": "0x44FaFa463dB3339fa40d013f111A531C5Fd6C327", "redeemedAt": "2021-04-06T08:51:08.459"}, "twitSocialVerifs": [{"id": "3bec4d6a-6314-4f7f-b72d-c81493e5bbc1", "user": "0x44FaFa463dB3339fa40d013f111A531C5Fd6C327", "createdAt": "2021-03-26T08:22:42.013518", "updatedAt": "2021-03-26T08:22:46.812324", "lastCheckedAt": "2021-03-26T08:22:46.807", "socialVerificationURL": "https://twitter.com/zuscrofa/status/1375362381551972352", "verificationText": "I\u2019m on @withFND \ud83c\udf10\n\n0x44FaFa463dB3339fa40d013f111A531C5Fd6C327\n\nhttps://t.co/WLnsr4sZoW", "userId": "605040443", "username": "zuscrofa", "isValid": true, "service": "TWITTER", "failedReason": null, "status": null}], "instaSocialVerifs": [{"id": "6b39b397-da7f-4a11-9847-c45944f85b5c", "user": "0x44FaFa463dB3339fa40d013f111A531C5Fd6C327", "createdAt": "2021-04-21T18:35:02.412199", "updatedAt": "2021-04-21T18:35:02.412199", "lastCheckedAt": "2021-04-21T18:35:02.35", "socialVerificationURL": null, "verificationText": null, "userId": "17841400317670397", "username": "zuscrofa", "isValid": true, "service": "INSTAGRAM", "failedReason": null, "status": null}]}, "profileExists": true, "collectors": [{"userIndex": 73349, "publicKey": "0x2a7B94719BB75e43B5eD2dC090c4155A4a6981C4", "username": "tylerdacollector", "profileImageUrl": "https://f8n-production.s3.amazonaws.com/creators/profile/opcab0u4z-tylerdacollector-jpg-84nudo.jpg", "coverImageUrl": "", "name": "TYLER_DA_COLLECTOR", "bio": "COLLECTOR", "isApprovedCreator": false, "moderationStatus": "ACTIVE", "joinedWaitlistAt": null, "createdAt": "2021-06-01T18:31:29.709843", "migratedToUser": null, "isApprovedForMigrationAt": null, "follows": [], "highestBidAuctions": [{"endsAt": "2021-06-04T03:51:35"}], "highestBidAuctions_aggregate": {"aggregate": {"count": 1}}}], "createdCount": 0}, "__N_SSG": true}, "page": "/[username]", "query": {"username": "0x44fafa463db3339fa40d013f111a531c5fd6c327"}, "buildId": "fPHzAE9c9nph2AUK0K_6u", "isFallback": false, "dynamicIds": [33196, 55458, 54746], "gsp": true, "scriptLoader": []}