{"props": {"pageProps": {"username": "0x68f348ac4dd26ad3c632d7b36d30dfaca2986cb0", "user": {"userIndex": 40905, "publicKey": "0x68f348Ac4Dd26AD3C632d7b36D30dfACA2986CB0", "username": "nosignal", "profileImageUrl": "https://f8n-production.s3.amazonaws.com/creators/profile/60aknnhf7-duv-gif-lpt72c.gif", "coverImageUrl": "", "name": "NOS1GN4L", "bio": "JUST SOME DIGITAL ART, DEEP FROM THE MINDS OF QUANTUM CREATIVES ON THE ETHEREUM BLOCKCHAIN.", "isApprovedCreator": true, "moderationStatus": "ACTIVE", "joinedWaitlistAt": null, "createdAt": "2021-04-08T10:43:33.318371", "migratedToUser": null, "isApprovedForMigrationAt": null, "firstName": null, "lastName": null, "isAdmin": false, "links": {"tiktok": {"handle": "", "platform": "tiktok"}, "twitch": {"handle": "", "platform": "twitch"}, "discord": {"handle": "", "platform": "discord"}, "twitter": {"handle": "", "platform": "twitter"}, "website": {"handle": "https://www.instagram.com/nosignalnft/", "platform": "website"}, "youtube": {"handle": "", "platform": "youtube"}, "facebook": {"handle": "", "platform": "facebook"}, "snapchat": {"handle": "", "platform": "snapchat"}, "instagram": {"handle": "", "platform": "instagram"}}, "acceptedInvite": {"senderPublicKey": "0xe6E52B3bd99A4F386e05ecDB0Fc2A24f13a23eB7", "redeemerPublicKey": "0x68f348Ac4Dd26AD3C632d7b36D30dfACA2986CB0", "redeemedAt": "2021-04-24T18:56:29.966"}, "twitSocialVerifs": [{"id": "0d65485e-5379-4d28-9be4-d62b68ffbc48", "user": "0x68f348Ac4Dd26AD3C632d7b36D30dfACA2986CB0", "createdAt": "2021-04-24T21:42:30.156625", "updatedAt": "2021-04-24T21:42:31.319014", "lastCheckedAt": "2021-04-24T21:42:31.28", "socialVerificationURL": "https://twitter.com/NOS1GN4L/status/1386073030422536192?s=20", "verificationText": "I\u2019m on @withFND \ud83c\udf10\n\n0x68f348Ac4Dd26AD3C632d7b36D30dfACA2986CB0\n\nhttps://t.co/I2XvpNhHbs", "userId": "1386026495999574019", "username": "NOS1GN4L", "isValid": true, "service": "TWITTER", "failedReason": null, "status": null}], "instaSocialVerifs": []}, "profileExists": true, "collectors": [{"userIndex": 15533, "publicKey": "0x0F246853E125a4529F55daDeF806DaF7A0A5D907", "username": "alexc", "profileImageUrl": "https://f8n-production.s3.amazonaws.com/creators/profile/vnqkiy3nr-alexc-gif-a7kc33.gif", "coverImageUrl": "https://f8n-production.s3.amazonaws.com/creators/profile/bzcn9wlve-ren-jpg-uj0qlp.jpg", "name": "Alex Coven", "bio": "Artist, Designer, Musician & Co-Founder of Whatever.studio", "isApprovedCreator": true, "moderationStatus": "ACTIVE", "joinedWaitlistAt": null, "createdAt": "2021-03-14T17:26:18.351046", "migratedToUser": null, "isApprovedForMigrationAt": null, "follows": [], "highestBidAuctions": [{"endsAt": "2021-04-30T03:13:41"}], "highestBidAuctions_aggregate": {"aggregate": {"count": 1}}}, {"userIndex": null, "publicKey": "0x42822fBa1Ae09b5Aeb7e06C6104232114F3C822A", "username": null, "profileImageUrl": null, "coverImageUrl": null, "name": null, "bio": null, "isApprovedCreator": false, "moderationStatus": "ACTIVE", "joinedWaitlistAt": null, "createdAt": "2021-04-25T23:51:43.078937", "migratedToUser": null, "isApprovedForMigrationAt": null, "follows": [], "highestBidAuctions": [{"endsAt": "2021-04-26T00:21:41"}], "highestBidAuctions_aggregate": {"aggregate": {"count": 1}}}, {"userIndex": 59792, "publicKey": "0x77286249d23ADb05f94c9Cc03aE45d3Fd0B72340", "username": "xxxxxx", "profileImageUrl": "https://f8n-production.s3.amazonaws.com/creators/profile/e9vpjw5iw-1920x1080-cotton-candy-solid-color-background-jpeg-flnafx.jpeg", "coverImageUrl": "", "name": "x", "bio": "unknown", "isApprovedCreator": false, "moderationStatus": "ACTIVE", "joinedWaitlistAt": null, "createdAt": "2021-05-02T15:43:26.664718", "migratedToUser": null, "isApprovedForMigrationAt": null, "follows": [], "highestBidAuctions": [{"endsAt": "2021-05-03T18:41:04"}], "highestBidAuctions_aggregate": {"aggregate": {"count": 1}}}], "createdCount": 0}, "__N_SSG": true}, "page": "/[username]", "query": {"username": "0x68f348ac4dd26ad3c632d7b36d30dfaca2986cb0"}, "buildId": "fPHzAE9c9nph2AUK0K_6u", "isFallback": false, "dynamicIds": [33196, 55458, 54746], "gsp": true, "scriptLoader": []}