{"props": {"pageProps": {"username": "0xb5f869331da2a1c93a5a7d7cef46f430f2a2f8e0", "user": {"userIndex": 17106, "publicKey": "0xB5f869331da2A1c93a5A7D7CeF46F430F2a2f8e0", "username": "MasanoriOtaka", "profileImageUrl": "https://f8n-production.s3.amazonaws.com/creators/profile/r20t35jdy-twitter-02b-jpg-niwedr.jpg", "coverImageUrl": "https://f8n-production.s3.amazonaws.com/creators/profile/424sxsw00-cover-jpg-r46haz.jpg", "name": "Masanori Otaka", "bio": "CG Artist + Motion Designer", "isApprovedCreator": true, "moderationStatus": "ACTIVE", "joinedWaitlistAt": null, "createdAt": "2021-02-25T10:32:22.89137", "migratedToUser": null, "isApprovedForMigrationAt": null, "firstName": null, "lastName": null, "isAdmin": false, "links": {"tiktok": {"handle": "", "platform": "tiktok"}, "twitch": {"handle": "", "platform": "twitch"}, "discord": {"handle": "", "platform": "discord"}, "twitter": {"handle": "OtakaMasanori", "platform": "twitter"}, "website": {"handle": "masanoriotaka.art", "platform": "website"}, "youtube": {"handle": "", "platform": "youtube"}, "facebook": {"handle": "", "platform": "facebook"}, "snapchat": {"handle": "", "platform": "snapchat"}, "instagram": {"handle": "masanori.otaka", "platform": "instagram"}}, "acceptedInvite": {"senderPublicKey": "0x4BD3d08BaE19C45B3BcE064BFEC0D5865bAf458a", "redeemerPublicKey": "0xB5f869331da2A1c93a5A7D7CeF46F430F2a2f8e0", "redeemedAt": "2021-03-16T09:57:46.655"}, "twitSocialVerifs": [{"id": "851fc364-cc3a-4ca6-9399-1ccfdc1e3b51", "user": "0xB5f869331da2A1c93a5A7D7CeF46F430F2a2f8e0", "createdAt": "2021-03-16T10:07:34.283845", "updatedAt": "2021-03-16T10:07:35.738131", "lastCheckedAt": "2021-03-16T10:07:35.701", "socialVerificationURL": "https://twitter.com/OtakaMasanori/status/1371764738250653698", "verificationText": "I\u2019m on @withFND \ud83c\udf10\n\n0xB5f869331da2A1c93a5A7D7CeF46F430F2a2f8e0\n\nhttps://t.co/weot8djBt4", "userId": "1319562147043725312", "username": "OtakaMasanori", "isValid": true, "service": "TWITTER", "failedReason": null, "status": null}], "instaSocialVerifs": []}, "profileExists": true, "collectors": [{"userIndex": 7733, "publicKey": "0xb8adCC8E382A7C43BdFa2e1C47059a1aFEc10E06", "username": "cryptopolitan", "profileImageUrl": "https://f8n-production.s3.amazonaws.com/creators/profile/c6jt8x2zx-avatar1-png-v5xd7i.png", "coverImageUrl": "", "name": "Cryptopolitan Gallery", "bio": "", "isApprovedCreator": false, "moderationStatus": "ACTIVE", "joinedWaitlistAt": null, "createdAt": "2021-02-24T07:23:44.056365", "migratedToUser": null, "isApprovedForMigrationAt": null, "follows": [], "highestBidAuctions": [{"endsAt": "2021-03-25T13:04:31"}], "highestBidAuctions_aggregate": {"aggregate": {"count": 1}}}], "createdCount": 0}, "__N_SSG": true}, "page": "/[username]", "query": {"username": "0xb5f869331da2a1c93a5a7d7cef46f430f2a2f8e0"}, "buildId": "fPHzAE9c9nph2AUK0K_6u", "isFallback": false, "dynamicIds": [33196, 55458, 54746], "gsp": true, "scriptLoader": []}