{"props": {"pageProps": {"username": "0x586976a974915957bf92c79001d4b4efecf70e32", "user": {"userIndex": 37727, "publicKey": "0x586976A974915957bF92C79001D4b4efECF70e32", "username": "SarahAnnBanks", "profileImageUrl": "https://f8n-production.s3.amazonaws.com/creators/profile/ur8z4ielk-cauldron0131-png-snatm4.png", "coverImageUrl": "https://f8n-production.s3.amazonaws.com/creators/profile/chqo776g7-arch2-0-5x-png-wp7zye.png", "name": "Sarah Banks", "bio": "3D Artist// making cute things in Chicago\n\nalso on Nifty Gateway ! :)\n\nhttps://niftygateway.com/collections/sarahannbanks", "isApprovedCreator": true, "moderationStatus": "ACTIVE", "joinedWaitlistAt": null, "createdAt": "2021-04-05T01:17:25.591636", "migratedToUser": null, "isApprovedForMigrationAt": null, "firstName": null, "lastName": null, "isAdmin": false, "links": {"tiktok": {"handle": "", "platform": "tiktok"}, "twitch": {"handle": "", "platform": "twitch"}, "discord": {"handle": "", "platform": "discord"}, "twitter": {"handle": "barahsanks", "platform": "twitter"}, "website": {"handle": "sarahabanks.com", "platform": "website"}, "youtube": {"handle": "", "platform": "youtube"}, "facebook": {"handle": "", "platform": "facebook"}, "snapchat": {"handle": "", "platform": "snapchat"}, "instagram": {"handle": "ssarahbankss", "platform": "instagram"}}, "acceptedInvite": {"senderPublicKey": "0x20f837fC100a212158da4Db201981f57E924f106", "redeemerPublicKey": "0x586976A974915957bF92C79001D4b4efECF70e32", "redeemedAt": "2021-04-05T01:17:27.796"}, "twitSocialVerifs": [{"id": "de04b4be-ca41-4550-b9a3-495ce879df06", "user": "0x586976A974915957bF92C79001D4b4efECF70e32", "createdAt": "2021-04-05T15:37:09.10267", "updatedAt": "2021-04-05T16:01:05.104598", "lastCheckedAt": "2021-04-05T16:01:03.844", "socialVerificationURL": "https://twitter.com/barahsanks/status/1379090766644006917?s=20", "verificationText": "I\u2019m on @withFND \ud83c\udf10\n\n0x586976A974915957bF92C79001D4b4efECF70e32\n\nhttps://t.co/47l6ks6q9M", "userId": "446662342", "username": "barahsanks", "isValid": true, "service": "TWITTER", "failedReason": null, "status": null}], "instaSocialVerifs": []}, "profileExists": true, "collectors": [{"userIndex": 9349, "publicKey": "0xf3cA6eff1d1DEE751c37dBf4047E35a9081868B9", "username": "allisonbamcat", "profileImageUrl": "https://f8n-production.s3.amazonaws.com/creators/profile/z6ekx1f3v-allisonbamcat-blossom-web-jpg-wdpxbu.jpg", "coverImageUrl": "https://f8n-production.s3.amazonaws.com/creators/profile/yiep47bfi-untitled-6-01-jpg-5lr0y6.jpg", "name": "Allison Bamcat", "bio": "Bamcat is a painter living in Los Angeles. Through her use of texture and vivid color, she seeks to invoke feelings of nostalgia, magic, intensity, and gravity with her fine art paintings & murals.", "isApprovedCreator": true, "moderationStatus": "ACTIVE", "joinedWaitlistAt": null, "createdAt": "2021-03-07T20:03:19.134349", "migratedToUser": null, "isApprovedForMigrationAt": null, "follows": [], "highestBidAuctions": [{"endsAt": "2021-04-09T22:40:31"}], "highestBidAuctions_aggregate": {"aggregate": {"count": 1}}}], "createdCount": 0}, "__N_SSG": true}, "page": "/[username]", "query": {"username": "0x586976a974915957bf92c79001d4b4efecf70e32"}, "buildId": "fPHzAE9c9nph2AUK0K_6u", "isFallback": false, "dynamicIds": [33196, 55458, 54746], "gsp": true, "scriptLoader": []}