{"props": {"pageProps": {"username": "0x4b04fbef06de748298232369746de77add67157a", "user": {"userIndex": 65725, "publicKey": "0x4b04FbEF06De748298232369746DE77aDD67157a", "username": "Geometrix", "profileImageUrl": "https://f8n-production.s3.amazonaws.com/creators/profile/xvk80sl89-10801080-jpg-441h67.jpg", "coverImageUrl": "https://f8n-production.s3.amazonaws.com/creators/profile/o9y1nn8zy-profile-2-png-kuhi9x.png", "name": "Geometrix", "bio": "I used to work for others, now I\u2019m doing things with my heart.\n\nI am French so obviously my English sucks !", "isApprovedCreator": true, "moderationStatus": "ACTIVE", "joinedWaitlistAt": null, "createdAt": "2021-05-12T05:44:23.75203", "migratedToUser": null, "isApprovedForMigrationAt": null, "firstName": null, "lastName": null, "isAdmin": false, "links": {"tiktok": {"handle": "", "platform": "tiktok"}, "twitch": {"handle": "", "platform": "twitch"}, "discord": {"handle": "GeometriX#6959", "platform": "discord"}, "twitter": {"handle": "", "platform": "twitter"}, "website": {"handle": "", "platform": "website"}, "youtube": {"handle": "", "platform": "youtube"}, "facebook": {"handle": "", "platform": "facebook"}, "snapchat": {"handle": "", "platform": "snapchat"}, "instagram": {"handle": "", "platform": "instagram"}}, "acceptedInvite": {"senderPublicKey": "0x4D255d9b31Aa437a0df8d02565c99D0faA6ed49c", "redeemerPublicKey": "0x4b04FbEF06De748298232369746DE77aDD67157a", "redeemedAt": "2021-05-12T05:44:28.449"}, "twitSocialVerifs": [{"id": "0f0b97d4-ff30-4774-8ed8-ff7543ad9f8c", "user": "0x4b04FbEF06De748298232369746DE77aDD67157a", "createdAt": "2021-05-12T05:59:40.853566", "updatedAt": "2021-05-12T05:59:41.572809", "lastCheckedAt": "2021-05-12T05:59:41.554", "socialVerificationURL": "https://twitter.com/GeometrixN/status/1392358680000090114?s=20", "verificationText": "I\u2019m on @withFND \ud83c\udf10\n\n0x4b04FbEF06De748298232369746DE77aDD67157a\n\nhttps://t.co/3LuE0PgoW3", "userId": "1373726457156022275", "username": "GeometrixN", "isValid": true, "service": "TWITTER", "failedReason": null, "status": null}], "instaSocialVerifs": []}, "profileExists": true, "collectors": [{"userIndex": null, "publicKey": "0xD72B70CAb0B718Fa2a9e44bFd6312A47888Ec5Ce", "username": null, "profileImageUrl": null, "coverImageUrl": null, "name": null, "bio": null, "isApprovedCreator": false, "moderationStatus": "ACTIVE", "joinedWaitlistAt": null, "createdAt": "2021-07-08T21:31:15.843611", "migratedToUser": null, "isApprovedForMigrationAt": null, "follows": [], "highestBidAuctions": [{"endsAt": "2021-07-09T21:32:28"}], "highestBidAuctions_aggregate": {"aggregate": {"count": 1}}}], "createdCount": 0}, "__N_SSG": true}, "page": "/[username]", "query": {"username": "0x4b04fbef06de748298232369746de77add67157a"}, "buildId": "fPHzAE9c9nph2AUK0K_6u", "isFallback": false, "dynamicIds": [33196, 55458, 54746], "gsp": true, "scriptLoader": []}