{"props": {"pageProps": {"username": "0x0f8176c597aa2136b54bca3f10e098c668fa2ccb", "user": {"userIndex": 46745, "publicKey": "0x0F8176c597aA2136b54bCA3F10e098c668fA2CcB", "username": "juuku", "profileImageUrl": "https://f8n-production.s3.amazonaws.com/creators/profile/fvywp2cjh-164939886-936796677054972-8822828697591608622-n-jpeg-c7l94i.jpeg", "coverImageUrl": "https://f8n-production.s3.amazonaws.com/creators/profile/urbbr2d76-youtube-png-xkj9pq.png", "name": "juuku", "bio": "hi, my name is juuku - an anonymous artist who aims to find himself in different parts of the world - sharing these experiences to connect with people and bring warmth and hope into their lives ", "isApprovedCreator": true, "moderationStatus": "ACTIVE", "joinedWaitlistAt": null, "createdAt": "2021-04-14T18:57:34.181271", "migratedToUser": null, "isApprovedForMigrationAt": null, "firstName": null, "lastName": null, "isAdmin": false, "links": {"tiktok": {"handle": "juuku_", "platform": "tiktok"}, "twitch": {"handle": "", "platform": "twitch"}, "discord": {"handle": "", "platform": "discord"}, "twitter": {"handle": "", "platform": "twitter"}, "website": {"handle": "", "platform": "website"}, "youtube": {"handle": "https://www.youtube.com/channel/UCfc7ke9NJ_jAknPs-d7XbPw", "platform": "youtube"}, "facebook": {"handle": "https://www.facebook.com/juukumusic/", "platform": "facebook"}, "snapchat": {"handle": "", "platform": "snapchat"}, "instagram": {"handle": "juuku_", "platform": "instagram"}}, "acceptedInvite": {"senderPublicKey": "0x31Aac01Ca971b7df70Cff05c213A6450cA323f80", "redeemerPublicKey": "0x0F8176c597aA2136b54bCA3F10e098c668fA2CcB", "redeemedAt": "2021-04-14T18:57:38.601"}, "twitSocialVerifs": [{"id": "62d449b5-6339-4f47-a01b-19facb0e78a3", "user": "0x0F8176c597aA2136b54bCA3F10e098c668fA2CcB", "createdAt": "2021-04-14T19:04:37.766997", "updatedAt": "2021-04-14T19:04:41.973512", "lastCheckedAt": "2021-04-14T19:04:41.925", "socialVerificationURL": "https://twitter.com/juuku__/status/1382409433892982785?s=20", "verificationText": "\ud835\ude2e\ud835\ude22\ud835\ude25\ud835\ude26 \ud835\ude2a\ud835\ude35 \ud835\ude35\ud835\ude30  @withFND \ud83c\udf10\n\ud835\ude2d\ud835\ude26\ud835\ude35 \ud835\ude35\ud835\ude29\ud835\ude26 \ud835\ude27\ud835\ude36\ud835\ude2f \ud835\ude35\ud835\ude2a\ud835\ude2e\ud835\ude26\ud835\ude34 \ud835\ude23\ud835\ude26\ud835\ude28\ud835\ude2a\ud835\ude2f (:\n\n0x0F8176c597aA2136b54bCA3F10e098c668fA2CcB\n\nhttps://t.co/fb99uhAyaK", "userId": "1037205375194472448", "username": "juuku__", "isValid": true, "service": "TWITTER", "failedReason": null, "status": null}], "instaSocialVerifs": [{"id": "7e0a69ff-f611-4186-ac76-256fb081dad0", "user": "0x0F8176c597aA2136b54bCA3F10e098c668fA2CcB", "createdAt": "2021-04-28T21:44:55.54225", "updatedAt": "2021-04-28T21:44:55.54225", "lastCheckedAt": "2021-04-28T21:44:55.422", "socialVerificationURL": null, "verificationText": null, "userId": "17841408456327596", "username": "juuku_", "isValid": true, "service": "INSTAGRAM", "failedReason": null, "status": null}]}, "profileExists": true, "collectors": [{"userIndex": 47845, "publicKey": "0x3F5a8ae2F85eD9Da06006d8200937DB6cA011eB8", "username": "xylin", "profileImageUrl": "", "coverImageUrl": "", "name": "xylin", "bio": "dream~bass", "isApprovedCreator": false, "moderationStatus": "ACTIVE", "joinedWaitlistAt": "2021-04-15T05:30:17.24", "createdAt": "2021-04-15T05:26:25.430739", "migratedToUser": null, "isApprovedForMigrationAt": null, "follows": [], "highestBidAuctions": [{"endsAt": "2021-04-24T06:37:17"}], "highestBidAuctions_aggregate": {"aggregate": {"count": 1}}}, {"userIndex": 57279, "publicKey": "0xde62377a6CCBCF6D5f2b33c743cdAEBC129EbED6", "username": "yhmoon514", "profileImageUrl": "https://f8n-production.s3.amazonaws.com/creators/profile/doz0zpypz-unnamed-3-png-hdjpjw.png", "coverImageUrl": "", "name": "younghoon", "bio": "", "isApprovedCreator": false, "moderationStatus": "ACTIVE", "joinedWaitlistAt": null, "createdAt": "2021-03-17T16:14:18.560314", "migratedToUser": null, "isApprovedForMigrationAt": null, "follows": [], "highestBidAuctions": [{"endsAt": "2021-05-21T14:41:52"}], "highestBidAuctions_aggregate": {"aggregate": {"count": 3}}}], "createdCount": 0}, "__N_SSG": true}, "page": "/[username]", "query": {"username": "0x0f8176c597aa2136b54bca3f10e098c668fa2ccb"}, "buildId": "fPHzAE9c9nph2AUK0K_6u", "isFallback": false, "dynamicIds": [33196, 55458, 54746], "gsp": true, "scriptLoader": []}