{"props": {"pageProps": {"username": "0xccc31ef402afd22f638337aa26240a5b2d0c872f", "user": {"userIndex": 8826, "publicKey": "0xCCC31EF402AfD22f638337aa26240A5B2D0C872f", "username": "mellowmann", "profileImageUrl": "https://f8n-production.s3.amazonaws.com/creators/profile/grohgopji-mellowneu2-png-5oy18t.png", "coverImageUrl": "https://f8n-production.s3.amazonaws.com/creators/profile/it0b5gw9p-ponycover-png-112mtn.png", "name": "Dennis Mundt", "bio": "Digital Designer, Games Developer, Kitchen Philosoph & Musician. Electric cord addict since 1996", "isApprovedCreator": true, "moderationStatus": "ACTIVE", "joinedWaitlistAt": null, "createdAt": "2021-03-06T19:53:09.715923", "migratedToUser": null, "isApprovedForMigrationAt": null, "firstName": null, "lastName": null, "isAdmin": false, "links": {"tiktok": {"handle": "", "platform": "tiktok"}, "twitch": {"handle": "", "platform": "twitch"}, "discord": {"handle": "mellowmann#3394", "platform": "discord"}, "twitter": {"handle": "", "platform": "twitter"}, "website": {"handle": "behance.net/mellowmann", "platform": "website"}, "youtube": {"handle": "", "platform": "youtube"}, "facebook": {"handle": "mellowmann", "platform": "facebook"}, "snapchat": {"handle": "", "platform": "snapchat"}, "instagram": {"handle": "mellowmann", "platform": "instagram"}}, "acceptedInvite": {"senderPublicKey": "0x0f28B9fc566712b320B01B043463bE5AbdE8bBF2", "redeemerPublicKey": "0xCCC31EF402AfD22f638337aa26240A5B2D0C872f", "redeemedAt": "2021-06-28T22:21:48.904"}, "twitSocialVerifs": [{"id": "5fb90e3b-ff75-4c47-9146-3a0a42580fec", "user": "0xCCC31EF402AfD22f638337aa26240A5B2D0C872f", "createdAt": "2021-06-28T22:27:34.172963", "updatedAt": "2021-06-28T22:27:35.810076", "lastCheckedAt": "2021-06-28T22:27:35.794", "socialVerificationURL": "https://twitter.com/WZwieback/status/1409639565292281861", "verificationText": "I\u2019m on @withFND \ud83c\udf10\n\n0xCCC31EF402AfD22f638337aa26240A5B2D0C872f\n\nhttps://t.co/pAVQQVfdai", "userId": "1171351878304616448", "username": "WZwieback", "isValid": true, "service": "TWITTER", "failedReason": null, "status": null}], "instaSocialVerifs": [{"id": "5e5e9e8b-a5b7-4636-99b5-43c11ab55d37", "user": "0xCCC31EF402AfD22f638337aa26240A5B2D0C872f", "createdAt": "2021-06-28T22:25:48.181576", "updatedAt": "2021-06-28T22:25:48.181576", "lastCheckedAt": "2021-06-28T22:25:48.144", "socialVerificationURL": null, "verificationText": null, "userId": "17841400582120180", "username": "mellowmann", "isValid": true, "service": "INSTAGRAM", "failedReason": null, "status": null}]}, "profileExists": true, "collectors": [{"userIndex": 21845, "publicKey": "0x6bB8aCaB4849Aedc8DAb242F8ae3e4604d151081", "username": "ancientfroggy", "profileImageUrl": "https://f8n-production.s3.amazonaws.com/creators/profile/tlyp99ja3-froggy-profile-jpg-sql82k.jpg", "coverImageUrl": "https://f8n-production.s3.amazonaws.com/creators/profile/1k8ckzzgg-fdn-banner-jpg-st9neg.jpg", "name": "Froggy", "bio": "Frog hugger & conservationist by day. Artist (and perhaps a thrash metal loving frag monster) by night. Not taking life too seriously 24/7.", "isApprovedCreator": true, "moderationStatus": "ACTIVE", "joinedWaitlistAt": null, "createdAt": "2021-02-26T18:23:28.129215", "migratedToUser": null, "isApprovedForMigrationAt": null, "follows": [], "highestBidAuctions": [{"endsAt": "2021-07-08T15:33:10"}], "highestBidAuctions_aggregate": {"aggregate": {"count": 2}}}], "createdCount": 0}, "__N_SSG": true}, "page": "/[username]", "query": {"username": "0xccc31ef402afd22f638337aa26240a5b2d0c872f"}, "buildId": "fPHzAE9c9nph2AUK0K_6u", "isFallback": false, "dynamicIds": [33196, 55458, 54746], "gsp": true, "scriptLoader": []}