{"props": {"pageProps": {"username": "0x1ecb13983f69ef7b768666d7a32121e63f92400c", "user": {"userIndex": 83264, "publicKey": "0x1ecB13983f69EF7B768666D7A32121E63F92400C", "username": "mojostudio", "profileImageUrl": "https://f8n-production.s3.amazonaws.com/creators/profile/n9y38n4ep-profile-pic-png-2hfid9.png", "coverImageUrl": "", "name": "M\u00d8J\u00d8", "bio": "Award Winning Studio + Shapeshifters// Graphics plus+//Inside but mainly outside//4 humans and for Aliens//4 cats & +++ cats//A lot of zeros and ones and a lot of 01001100 01101111 01110110 01100101//", "isApprovedCreator": true, "moderationStatus": "ACTIVE", "joinedWaitlistAt": null, "createdAt": "2021-05-03T12:21:55.798754", "migratedToUser": null, "isApprovedForMigrationAt": null, "firstName": null, "lastName": null, "isAdmin": false, "links": {"tiktok": {"handle": "", "platform": "tiktok"}, "twitch": {"handle": "", "platform": "twitch"}, "discord": {"handle": "", "platform": "discord"}, "twitter": {"handle": "", "platform": "twitter"}, "website": {"handle": "", "platform": "website"}, "youtube": {"handle": "", "platform": "youtube"}, "facebook": {"handle": "", "platform": "facebook"}, "snapchat": {"handle": "", "platform": "snapchat"}, "instagram": {"handle": "", "platform": "instagram"}}, "acceptedInvite": {"senderPublicKey": "0xC580950681be90E085734509B8cDCB6B16AD41b3", "redeemerPublicKey": "0x1ecB13983f69EF7B768666D7A32121E63F92400C", "redeemedAt": "2021-05-03T12:21:59.145"}, "twitSocialVerifs": [{"id": "7243de95-a80e-46b6-87fe-773d4516828b", "user": "0x1ecB13983f69EF7B768666D7A32121E63F92400C", "createdAt": "2021-07-08T15:57:46.77168", "updatedAt": "2021-07-08T15:57:48.12389", "lastCheckedAt": "2021-07-08T15:57:48.094", "socialVerificationURL": "https://twitter.com/M0J0Studio/status/1413165251487584262", "verificationText": "I\u2019m on @withFND \ud83c\udf10\n\n0x1ecB13983f69EF7B768666D7A32121E63F92400C\n\nhttps://t.co/SyBiTwiLDq", "userId": "1014520970818801664", "username": "M0J0Studio", "isValid": true, "service": "TWITTER", "failedReason": null, "status": null}], "instaSocialVerifs": [{"id": "478661cc-2160-45b0-89ce-65ba660aa368", "user": "0x1ecB13983f69EF7B768666D7A32121E63F92400C", "createdAt": "2021-07-08T15:54:24.838091", "updatedAt": "2021-07-08T15:54:24.838091", "lastCheckedAt": "2021-07-08T15:54:24.795", "socialVerificationURL": null, "verificationText": null, "userId": "17841407810157098", "username": "motion_journey", "isValid": true, "service": "INSTAGRAM", "failedReason": null, "status": null}]}, "profileExists": true, "collectors": [], "createdCount": 0}, "__N_SSG": true}, "page": "/[username]", "query": {"username": "0x1ecb13983f69ef7b768666d7a32121e63f92400c"}, "buildId": "fPHzAE9c9nph2AUK0K_6u", "isFallback": false, "dynamicIds": [33196, 55458, 54746], "gsp": true, "scriptLoader": []}