{"props": {"pageProps": {"username": "0x877b3d659f7e49472941c6fe82dfd45851ceb2a8", "user": {"userIndex": 15910, "publicKey": "0x877B3d659f7e49472941C6fE82dFd45851CEB2a8", "username": "MrCrystalface", "profileImageUrl": "https://f8n-production.s3.amazonaws.com/creators/profile/cy7pvm5qx-crystalface-circle-logo-jpg-ycm3u7.jpg", "coverImageUrl": "https://f8n-production.s3.amazonaws.com/creators/profile/4205xuwv8-banner-1500x500-foundation-jpg-aw9wxf.jpg", "name": "David Crystalface", "bio": "I create detailed artworks that serve as windows into another reality. ", "isApprovedCreator": true, "moderationStatus": "ACTIVE", "joinedWaitlistAt": "2021-03-26T06:02:08.883", "createdAt": "2021-03-15T01:29:50.082292", "migratedToUser": null, "isApprovedForMigrationAt": null, "firstName": null, "lastName": null, "isAdmin": false, "links": {"tiktok": {"handle": "mrcrystalface", "platform": "tiktok"}, "twitch": {"handle": "", "platform": "twitch"}, "discord": {"handle": "Mr Crystalface#8122", "platform": "discord"}, "twitter": {"handle": "", "platform": "twitter"}, "website": {"handle": "www.mrcrystalface.com", "platform": "website"}, "youtube": {"handle": "https://www.youtube.com/channel/UC-x7Z8HDkYXlZG-yyJGGmsA", "platform": "youtube"}, "facebook": {"handle": "mrcrystalface", "platform": "facebook"}, "snapchat": {"handle": "", "platform": "snapchat"}, "instagram": {"handle": "mrcrystalface", "platform": "instagram"}}, "acceptedInvite": {"senderPublicKey": "0x4661E47f96883C3e3BddD8FDD8dD56a14648738F", "redeemerPublicKey": "0x877B3d659f7e49472941C6fE82dFd45851CEB2a8", "redeemedAt": "2021-06-04T09:49:32.173"}, "twitSocialVerifs": [{"id": "4cd8b02e-c78c-4d12-80a9-707c257fad8e", "user": "0x877B3d659f7e49472941C6fE82dFd45851CEB2a8", "createdAt": "2021-03-26T06:01:37.306519", "updatedAt": "2021-03-26T06:01:39.194377", "lastCheckedAt": "2021-03-26T06:01:39.169", "socialVerificationURL": "https://twitter.com/MrCrystalface/status/1375326851288027137", "verificationText": "I\u2019m on @withFND \ud83c\udf10\n\n0x877B3d659f7e49472941C6fE82dFd45851CEB2a8\n\nhttps://t.co/yOlNrOAkUN", "userId": "1375325954168393730", "username": "MrCrystalface", "isValid": true, "service": "TWITTER", "failedReason": null, "status": null}], "instaSocialVerifs": [{"id": "d3fcf3e8-2aad-4d8c-8faa-210a47698aee", "user": "0x877B3d659f7e49472941C6fE82dFd45851CEB2a8", "createdAt": "2021-05-05T06:06:14.174395", "updatedAt": "2021-05-05T06:06:14.174395", "lastCheckedAt": "2021-05-05T06:06:14.172", "socialVerificationURL": null, "verificationText": null, "userId": "17841400574414136", "username": "mrcrystalface", "isValid": true, "service": "INSTAGRAM", "failedReason": null, "status": null}]}, "profileExists": true, "collectors": [{"userIndex": null, "publicKey": "0xf9C11707D1f5Fe2B7F4c82b2772543f2c4ef165A", "username": null, "profileImageUrl": null, "coverImageUrl": null, "name": null, "bio": null, "isApprovedCreator": false, "moderationStatus": "ACTIVE", "joinedWaitlistAt": null, "createdAt": "2021-07-07T06:36:27.4556", "migratedToUser": null, "isApprovedForMigrationAt": null, "follows": [], "highestBidAuctions": [{"endsAt": "2021-07-11T16:16:26"}], "highestBidAuctions_aggregate": {"aggregate": {"count": 1}}}], "createdCount": 0}, "__N_SSG": true}, "page": "/[username]", "query": {"username": "0x877b3d659f7e49472941c6fe82dfd45851ceb2a8"}, "buildId": "fPHzAE9c9nph2AUK0K_6u", "isFallback": false, "dynamicIds": [33196, 55458, 54746], "gsp": true, "scriptLoader": []}