{"props": {"pageProps": {"username": "0xa8fc12e381441814ff99816fd5483bed60e22137", "user": {"userIndex": 15931, "publicKey": "0xA8Fc12e381441814Ff99816fd5483BEd60E22137", "username": "Stefamnn", "profileImageUrl": "https://f8n-production.s3.amazonaws.com/creators/profile/3polk32su-1stggggg-studio-jpg-lei5de.jpg", "coverImageUrl": "https://f8n-production.s3.amazonaws.com/creators/profile/myfjyn1k0-unnamed-1-png-vtg8g1.png", "name": "Stefan", "bio": "Hey! I'm Stefan\nI am a digital artist based in Wellington < New Zealand ", "isApprovedCreator": true, "moderationStatus": "ACTIVE", "joinedWaitlistAt": null, "createdAt": "2021-03-15T02:07:35.934149", "migratedToUser": null, "isApprovedForMigrationAt": null, "firstName": null, "lastName": null, "isAdmin": false, "links": {"tiktok": {"handle": "", "platform": "tiktok"}, "twitch": {"handle": "", "platform": "twitch"}, "discord": {"handle": "", "platform": "discord"}, "twitter": {"handle": "", "platform": "twitter"}, "website": {"handle": "", "platform": "website"}, "youtube": {"handle": "", "platform": "youtube"}, "facebook": {"handle": "", "platform": "facebook"}, "snapchat": {"handle": "", "platform": "snapchat"}, "instagram": {"handle": "stefamnn", "platform": "instagram"}}, "acceptedInvite": {"senderPublicKey": "0xA94173232c90C49B42C9E188e4cAfa16b7EAD937", "redeemerPublicKey": "0xA8Fc12e381441814Ff99816fd5483BEd60E22137", "redeemedAt": "2021-03-15T02:07:39.449"}, "twitSocialVerifs": [{"id": "8f3647d8-baeb-4b28-b9d4-28fca370f24a", "user": "0xA8Fc12e381441814Ff99816fd5483BEd60E22137", "createdAt": "2021-03-15T02:11:44.417219", "updatedAt": "2021-03-15T02:11:46.693891", "lastCheckedAt": "2021-03-15T02:11:46.633", "socialVerificationURL": "https://twitter.com/aashbyy/status/1371282766852059139", "verificationText": "I\u2019m on @withFND \ud83c\udf10\n\n0xA8Fc12e381441814Ff99816fd5483BEd60E22137\n\nhttps://t.co/YFKIkVzMM0", "userId": "796293027367006208", "username": "aashbyy", "isValid": true, "service": "TWITTER", "failedReason": null, "status": null}], "instaSocialVerifs": []}, "profileExists": true, "collectors": [], "createdCount": 0}, "__N_SSG": true}, "page": "/[username]", "query": {"username": "0xa8fc12e381441814ff99816fd5483bed60e22137"}, "buildId": "fPHzAE9c9nph2AUK0K_6u", "isFallback": false, "dynamicIds": [33196, 55458, 54746], "gsp": true, "scriptLoader": []}