{"props": {"pageProps": {"username": "0x7486bf597e531ba4f83c816fbc705a1857656fb5", "user": {"userIndex": 7963, "publicKey": "0x7486Bf597e531Ba4f83C816FBC705a1857656fb5", "username": "oeno", "profileImageUrl": "https://f8n-production.s3.amazonaws.com/creators/profile/drvawf25b-oenovideooutro-jpg-8l21qi.jpg", "coverImageUrl": "https://f8n-production.s3.amazonaws.com/creators/profile/ni6azlzej-artboard-3-png-c42d9e.png", "name": "Oeno", "bio": "Oeno is a collective collaboration space to allow our roster of artists to explore the realm of NFTs.", "isApprovedCreator": true, "moderationStatus": "ACTIVE", "joinedWaitlistAt": null, "createdAt": "2021-03-05T17:26:46.462594", "migratedToUser": null, "isApprovedForMigrationAt": null, "firstName": null, "lastName": null, "isAdmin": false, "links": {"tiktok": {"handle": "oenogallery", "platform": "tiktok"}, "twitch": {"handle": "", "platform": "twitch"}, "discord": {"handle": "", "platform": "discord"}, "twitter": {"handle": "oenogallery", "platform": "twitter"}, "website": {"handle": "www.oenogallery.com", "platform": "website"}, "youtube": {"handle": "https://www.youtube.com/channel/UCuEE3mHXi23ew8BbFcQLv7Q", "platform": "youtube"}, "facebook": {"handle": "oenogallery", "platform": "facebook"}, "snapchat": {"handle": "", "platform": "snapchat"}, "instagram": {"handle": "oenogallery", "platform": "instagram"}}, "acceptedInvite": {"senderPublicKey": "0xd0Dca1d87924386A1aBb0BDdCB5a89142F5A1D59", "redeemerPublicKey": "0x7486Bf597e531Ba4f83C816FBC705a1857656fb5", "redeemedAt": "2021-03-09T20:08:05.144"}, "twitSocialVerifs": [{"id": "b4ed4d81-fe23-46e5-9780-ab3e73df763c", "user": "0x7486Bf597e531Ba4f83C816FBC705a1857656fb5", "createdAt": "2021-04-07T14:04:30.917981", "updatedAt": "2021-04-07T14:04:31.82648", "lastCheckedAt": "2021-04-07T14:04:31.79", "socialVerificationURL": "https://twitter.com/OenoGallery/status/1379797135248474117", "verificationText": "I\u2019m on @withFND \ud83c\udf10\n\n0x7486Bf597e531Ba4f83C816FBC705a1857656fb5\n\nhttps://t.co/yxSx1W03s9", "userId": "65946610", "username": "OenoGallery", "isValid": true, "service": "TWITTER", "failedReason": null, "status": null}], "instaSocialVerifs": []}, "profileExists": true, "collectors": [], "createdCount": 0}, "__N_SSG": true}, "page": "/[username]", "query": {"username": "0x7486bf597e531ba4f83c816fbc705a1857656fb5"}, "buildId": "fPHzAE9c9nph2AUK0K_6u", "isFallback": false, "dynamicIds": [33196, 55458, 54746], "gsp": true, "scriptLoader": []}