{"props": {"pageProps": {"username": "0x84ab05f09b5ad3a1de6941fbf29bdf77cc7e2100", "user": {"userIndex": 80333, "publicKey": "0x84AB05F09B5ad3a1de6941FBf29BdF77CC7E2100", "username": "0x84A", "profileImageUrl": "https://f8n-production.s3.amazonaws.com/creators/profile/8jtswzxbm-avator-final-png-k4n8f9.png", "coverImageUrl": "https://f8n-production.s3.amazonaws.com/creators/profile/57x7l0wf8-banner-png-lgbx3c.png", "name": "0x84A", "bio": "", "isApprovedCreator": false, "moderationStatus": "ACTIVE", "joinedWaitlistAt": null, "createdAt": "2021-06-10T08:39:10.257098", "migratedToUser": null, "isApprovedForMigrationAt": null, "firstName": null, "lastName": null, "isAdmin": false, "links": {"tiktok": {"handle": "", "platform": "tiktok"}, "twitch": {"handle": "", "platform": "twitch"}, "discord": {"handle": "! 0x84A#2357", "platform": "discord"}, "twitter": {"handle": "", "platform": "twitter"}, "website": {"handle": "", "platform": "website"}, "youtube": {"handle": "", "platform": "youtube"}, "facebook": {"handle": "", "platform": "facebook"}, "snapchat": {"handle": "", "platform": "snapchat"}, "instagram": {"handle": "", "platform": "instagram"}}, "acceptedInvite": null, "twitSocialVerifs": [{"id": "4ee5eb7b-271c-4b32-b84a-6ac2706bacfb", "user": "0x84AB05F09B5ad3a1de6941FBf29BdF77CC7E2100", "createdAt": "2021-06-24T08:55:47.060372", "updatedAt": "2021-06-24T08:55:53.865579", "lastCheckedAt": "2021-06-24T08:55:53.856", "socialVerificationURL": "https://twitter.com/0x84A/status/1407985733470539783", "verificationText": "I\u2019m on @withFND \ud83c\udf10\n\n0x84AB05F09B5ad3a1de6941FBf29BdF77CC7E2100\n\nhttps://t.co/AzeNAuBsMj", "userId": "1269530114", "username": "0x84A", "isValid": true, "service": "TWITTER", "failedReason": null, "status": null}], "instaSocialVerifs": []}, "profileExists": true, "collectors": [], "createdCount": 0}, "__N_SSG": true}, "page": "/[username]", "query": {"username": "0x84ab05f09b5ad3a1de6941fbf29bdf77cc7e2100"}, "buildId": "fPHzAE9c9nph2AUK0K_6u", "isFallback": false, "dynamicIds": [33196, 55458, 54746], "gsp": true, "scriptLoader": []}