{"props": {"pageProps": {"username": "0xa120d8ec979b8693ab32e95c065856ab3d39d0cd", "user": {"userIndex": 81470, "publicKey": "0xA120D8Ec979b8693aB32e95C065856aB3D39D0CD", "username": "Blackylovefist", "profileImageUrl": "https://f8n-production.s3.amazonaws.com/creators/profile/xmtwp26lu-18522101-93c8-4665-86e9-910f3434a937-jpeg-mcut66.jpeg", "coverImageUrl": "https://f8n-production.s3.amazonaws.com/creators/profile/po2dh6zpz-e4b62d40-18ee-48d4-bd11-22bbecb90734-jpeg-rk3gnf.jpeg", "name": "Blacky lovefist ", "bio": "I\u2019m a duck, I do duck stuff and make Nft\u2019s \ud83e\udd86", "isApprovedCreator": true, "moderationStatus": "ACTIVE", "joinedWaitlistAt": null, "createdAt": "2021-06-30T03:01:58.418109", "migratedToUser": null, "isApprovedForMigrationAt": null, "firstName": null, "lastName": null, "isAdmin": false, "links": {"tiktok": {"handle": "", "platform": "tiktok"}, "twitch": {"handle": "", "platform": "twitch"}, "discord": {"handle": "Blackylovefist#6033", "platform": "discord"}, "twitter": {"handle": "", "platform": "twitter"}, "website": {"handle": "https://rarible.com/blackylovefist?tab=owned", "platform": "website"}, "youtube": {"handle": "", "platform": "youtube"}, "facebook": {"handle": "", "platform": "facebook"}, "snapchat": {"handle": "", "platform": "snapchat"}, "instagram": {"handle": "", "platform": "instagram"}}, "acceptedInvite": {"senderPublicKey": "0x24A0435DD391A6962d8d99CE19f51f2b540412b5", "redeemerPublicKey": "0xA120D8Ec979b8693aB32e95C065856aB3D39D0CD", "redeemedAt": "2021-07-01T19:28:28.904"}, "twitSocialVerifs": [{"id": "ed07fd0d-b1f5-4ab3-995a-10fc19a4a817", "user": "0xA120D8Ec979b8693aB32e95C065856aB3D39D0CD", "createdAt": "2021-06-30T03:16:05.378533", "updatedAt": "2021-06-30T03:16:10.211751", "lastCheckedAt": "2021-06-30T03:16:10.194", "socialVerificationURL": "https://twitter.com/blackylovefist/status/1410072940977299456?s=21", "verificationText": "I\u2019m on @withFND \ud83c\udf10 send me duck stuff\n\n0xA120D8Ec979b8693aB32e95C065856aB3D39D0CD\n\nhttps://t.co/bSbej86QrR", "userId": "1373373363545051140", "username": "BlackyLovefist", "isValid": true, "service": "TWITTER", "failedReason": null, "status": null}], "instaSocialVerifs": []}, "profileExists": true, "collectors": [], "createdCount": 0}, "__N_SSG": true}, "page": "/[username]", "query": {"username": "0xa120d8ec979b8693ab32e95c065856ab3d39d0cd"}, "buildId": "fPHzAE9c9nph2AUK0K_6u", "isFallback": false, "dynamicIds": [33196, 55458, 54746], "gsp": true, "scriptLoader": []}