{"props": {"pageProps": {"username": "0x67320620a13170623cb77f33523614530b3c259d", "user": {"userIndex": 78518, "publicKey": "0x67320620A13170623cB77F33523614530b3c259D", "username": "hamptonshendrix", "profileImageUrl": "https://f8n-production.s3.amazonaws.com/creators/profile/7crfch4lp-foundation-profile-h-png-k1mjrb.png", "coverImageUrl": "https://f8n-production.s3.amazonaws.com/creators/profile/8ru5bolnp-foundation-cover-1-jpg-tyszcr.jpg", "name": "Hamptons Hendrix", "bio": "eternal.", "isApprovedCreator": true, "moderationStatus": "ACTIVE", "joinedWaitlistAt": null, "createdAt": "2021-06-15T18:45:33.795272", "migratedToUser": null, "isApprovedForMigrationAt": null, "firstName": null, "lastName": null, "isAdmin": false, "links": {"tiktok": {"handle": "", "platform": "tiktok"}, "twitch": {"handle": "", "platform": "twitch"}, "discord": {"handle": "", "platform": "discord"}, "twitter": {"handle": "", "platform": "twitter"}, "website": {"handle": "www.hamptonshendrix.com", "platform": "website"}, "youtube": {"handle": "", "platform": "youtube"}, "facebook": {"handle": "", "platform": "facebook"}, "snapchat": {"handle": "", "platform": "snapchat"}, "instagram": {"handle": "", "platform": "instagram"}}, "acceptedInvite": {"senderPublicKey": "0x5Fc64499864AB082756CC0FdFB0267D74b0DFfB8", "redeemerPublicKey": "0x67320620A13170623cB77F33523614530b3c259D", "redeemedAt": "2021-06-15T18:45:42.562"}, "twitSocialVerifs": [{"id": "ae21f495-704a-48cd-af37-192636662eb7", "user": "0x67320620A13170623cB77F33523614530b3c259D", "createdAt": "2021-06-15T18:53:08.631064", "updatedAt": "2021-06-15T18:53:11.819491", "lastCheckedAt": "2021-06-15T18:53:11.801", "socialVerificationURL": "https://twitter.com/HAMPTONSHENDRIX/status/1404874581207306251", "verificationText": "I\u2019m on @withFND \ud83c\udf10\n\n0x67320620A13170623cB77F33523614530b3c259D\n\nhttps://t.co/tCboghNCnh", "userId": "1197319285183516675", "username": "HAMPTONSHENDRIX", "isValid": true, "service": "TWITTER", "failedReason": null, "status": null}], "instaSocialVerifs": [{"id": "10e3a30e-6d61-4727-aaba-4ba10b04057c", "user": "0x67320620A13170623cB77F33523614530b3c259D", "createdAt": "2021-06-15T18:52:16.668562", "updatedAt": "2021-06-15T18:52:16.668562", "lastCheckedAt": "2021-06-15T18:52:16.666", "socialVerificationURL": null, "verificationText": null, "userId": "17841438974263020", "username": "hamptonshendrix", "isValid": true, "service": "INSTAGRAM", "failedReason": null, "status": null}]}, "profileExists": true, "collectors": [], "createdCount": 0}, "__N_SSG": true}, "page": "/[username]", "query": {"username": "0x67320620a13170623cb77f33523614530b3c259d"}, "buildId": "fPHzAE9c9nph2AUK0K_6u", "isFallback": false, "dynamicIds": [33196, 55458, 54746], "gsp": true, "scriptLoader": []}