{"props": {"pageProps": {"username": "0x78ecb48feee9fbb41daafbb9b1fa6d99e7a20f53", "user": {"userIndex": 49556, "publicKey": "0x78ecb48FEeE9Fbb41daAFbB9B1fa6D99E7A20F53", "username": "tomasbarcelocastela", "profileImageUrl": "https://f8n-production.s3.amazonaws.com/creators/profile/uw7rf038v-sello-tomas-barcelo-cent-nft-jpg-830fjm.jpg", "coverImageUrl": "https://f8n-production.s3.amazonaws.com/creators/profile/ppbwy4a1m-cabecera-nft-2-jpg-zpmdz6.jpg", "name": "Tomas Barcelo", "bio": "Spanish sculptor creator of an unknown world of an ancient civilization. \nTomas has been working on film industry and personal projects like \u201cLa Mathomeria\u201d.\n", "isApprovedCreator": true, "moderationStatus": "ACTIVE", "joinedWaitlistAt": null, "createdAt": "2021-04-18T15:23:33.997251", "migratedToUser": null, "isApprovedForMigrationAt": null, "firstName": null, "lastName": null, "isAdmin": false, "links": {"tiktok": {"handle": "", "platform": "tiktok"}, "twitch": {"handle": "", "platform": "twitch"}, "discord": {"handle": "", "platform": "discord"}, "twitter": {"handle": "", "platform": "twitter"}, "website": {"handle": "www.etsy.com/shop/LaMathomeria", "platform": "website"}, "youtube": {"handle": "https://www.youtube.com/channel/UCQNCqw7TPJVEPjB4CpKVYtQ", "platform": "youtube"}, "facebook": {"handle": "tomas.barcelocastela", "platform": "facebook"}, "snapchat": {"handle": "", "platform": "snapchat"}, "instagram": {"handle": "@tomasbarcelocastela", "platform": "instagram"}}, "acceptedInvite": {"senderPublicKey": "0x068C77B2eE2B692e7c85f82aeDA45B444D0151ea", "redeemerPublicKey": "0x78ecb48FEeE9Fbb41daAFbB9B1fa6D99E7A20F53", "redeemedAt": "2021-04-18T15:23:42.647"}, "twitSocialVerifs": [{"id": "ec2b7d26-3766-4fda-9863-0ff4c185c63a", "user": "0x78ecb48FEeE9Fbb41daAFbB9B1fa6D99E7A20F53", "createdAt": "2021-04-19T15:43:37.297938", "updatedAt": "2021-04-19T15:43:39.024406", "lastCheckedAt": "2021-04-19T15:43:38.959", "socialVerificationURL": "https://twitter.com/TomasBarcelo4/status/1384170758323113992?s=20", "verificationText": "I\u2019m on @withFND \ud83c\udf10\n\n0x78ecb48FEeE9Fbb41daAFbB9B1fa6D99E7A20F53\n\nhttps://t.co/Guhn1B0iRN", "userId": "1384064380044644358", "username": "TomasBarcelo4", "isValid": true, "service": "TWITTER", "failedReason": null, "status": null}], "instaSocialVerifs": []}, "profileExists": true, "collectors": [{"userIndex": 5397, "publicKey": "0x4cCc0AA065A37A3589e2Db6E165d2f8F522E9FA2", "username": "archannair", "profileImageUrl": "https://f8n-production.s3.amazonaws.com/creators/profile/8mbzidbpf-379-jpg-6x9kqn.jpg", "coverImageUrl": "https://f8n-production.s3.amazonaws.com/creators/profile/j1y21nfts-cover-jpg-i3ys12.jpg", "name": "Archan Nair", "bio": "Digital Artist / Illustrator based in Berlin, Germany. Moving through the symphony of this cosmical projection.", "isApprovedCreator": true, "moderationStatus": "ACTIVE", "joinedWaitlistAt": null, "createdAt": "2021-03-01T18:36:08.13535", "migratedToUser": null, "isApprovedForMigrationAt": null, "follows": [], "highestBidAuctions": [{"endsAt": "2021-04-25T09:56:52"}], "highestBidAuctions_aggregate": {"aggregate": {"count": 1}}}], "createdCount": 0}, "__N_SSG": true}, "page": "/[username]", "query": {"username": "0x78ecb48feee9fbb41daafbb9b1fa6d99e7a20f53"}, "buildId": "fPHzAE9c9nph2AUK0K_6u", "isFallback": false, "dynamicIds": [33196, 55458, 54746], "gsp": true, "scriptLoader": []}