{"props": {"pageProps": {"username": "0xecaa643997033b1ba605d32748cfe9bdad141880", "user": {"userIndex": 2818, "publicKey": "0xECaA643997033B1bA605D32748cfE9bdAd141880", "username": "jacobd", "profileImageUrl": "https://f8n-production.s3.amazonaws.com/creators/profile/5bua0fs5o-jacob-bw-jpg-rucinc.jpg", "coverImageUrl": "", "name": "Jacob DeHart", "bio": "Internet man", "isApprovedCreator": false, "moderationStatus": "ACTIVE", "joinedWaitlistAt": "2021-04-23T17:28:20.096", "createdAt": "2021-02-22T17:05:42.235562", "migratedToUser": null, "isApprovedForMigrationAt": null, "firstName": null, "lastName": null, "isAdmin": false, "links": {"tiktok": {"handle": "", "platform": "tiktok"}, "twitch": {"handle": "", "platform": "twitch"}, "discord": {"handle": "", "platform": "discord"}, "twitter": {"handle": "jacobdehart", "platform": "twitter"}, "website": {"handle": "", "platform": "website"}, "youtube": {"handle": "", "platform": "youtube"}, "facebook": {"handle": "", "platform": "facebook"}, "snapchat": {"handle": "", "platform": "snapchat"}, "instagram": {"handle": "jacobdehart", "platform": "instagram"}}, "acceptedInvite": null, "twitSocialVerifs": [{"id": "85e5d8bf-d688-4fce-9f1a-c088ca81cb0a", "user": "0xECaA643997033B1bA605D32748cfE9bdAd141880", "createdAt": "2021-04-23T17:28:50.855896", "updatedAt": "2021-04-23T17:28:53.532477", "lastCheckedAt": "2021-04-23T17:28:53.525", "socialVerificationURL": "https://twitter.com/jacobdehart/status/1385646835214262275", "verificationText": "I\u2019m on @withFND \ud83c\udf10\n\n0xECaA643997033B1bA605D32748cfE9bdAd141880\n\nhttps://t.co/D61OgFPmCL", "userId": "756228", "username": "jacobdehart", "isValid": true, "service": "TWITTER", "failedReason": null, "status": null}], "instaSocialVerifs": [{"id": "862012c6-d38a-44de-a4f3-1b41f4a6bc97", "user": "0xECaA643997033B1bA605D32748cfE9bdAd141880", "createdAt": "2021-04-23T17:28:11.998406", "updatedAt": "2021-04-23T17:28:11.998406", "lastCheckedAt": "2021-04-23T17:28:11.956", "socialVerificationURL": null, "verificationText": null, "userId": "17841400446580035", "username": "jacobdehart", "isValid": true, "service": "INSTAGRAM", "failedReason": null, "status": null}]}, "profileExists": true, "collectors": [], "createdCount": 0}, "__N_SSG": true}, "page": "/[username]", "query": {"username": "0xecaa643997033b1ba605d32748cfe9bdad141880"}, "buildId": "fPHzAE9c9nph2AUK0K_6u", "isFallback": false, "dynamicIds": [33196, 55458, 54746], "gsp": true, "scriptLoader": []}