{"props": {"pageProps": {"username": "0xe0b376e6282c327cbb7c2b2841d0b7b0595cad60", "user": {"userIndex": 1486, "publicKey": "0xE0B376E6282c327Cbb7c2B2841d0B7b0595CaD60", "username": "davegoldblatt", "profileImageUrl": "https://f8n-production.s3.amazonaws.com/creators/profile/t8fmgoau7-circle-cropped-png-ygx73i.png", "coverImageUrl": "https://f8n-production.s3.amazonaws.com/creators/profile/3gkw29ql9-69f3e6b0-e342-4c70-9a44-e84dc73f5992-jpg-sexn8j.jpg", "name": "Dave Goldblatt", "bio": "Live, laugh, love", "isApprovedCreator": false, "moderationStatus": "ACTIVE", "joinedWaitlistAt": null, "createdAt": "2021-02-15T18:59:17.107156", "migratedToUser": null, "isApprovedForMigrationAt": null, "firstName": null, "lastName": null, "isAdmin": false, "links": {"tiktok": {"handle": "", "platform": "tiktok"}, "twitch": {"handle": "", "platform": "twitch"}, "discord": {"handle": "", "platform": "discord"}, "twitter": {"handle": "davegoldblatt", "platform": "twitter"}, "website": {"handle": "", "platform": "website"}, "youtube": {"handle": "", "platform": "youtube"}, "facebook": {"handle": "dgb", "platform": "facebook"}, "snapchat": {"handle": "", "platform": "snapchat"}, "instagram": {"handle": "", "platform": "instagram"}}, "acceptedInvite": null, "twitSocialVerifs": [], "instaSocialVerifs": []}, "profileExists": true, "collectors": [], "createdCount": 0}, "__N_SSG": true}, "page": "/[username]", "query": {"username": "0xe0b376e6282c327cbb7c2b2841d0b7b0595cad60"}, "buildId": "fPHzAE9c9nph2AUK0K_6u", "isFallback": false, "dynamicIds": [33196, 55458, 54746], "gsp": true, "scriptLoader": []}