{"props": {"pageProps": {"username": "0xaba69675ef6d1287a5c1e4d656591d739e41df92", "user": {"userIndex": null, "publicKey": "0xABa69675EF6D1287a5c1e4d656591d739e41DF92", "username": null, "profileImageUrl": null, "coverImageUrl": null, "name": null, "bio": null, "isApprovedCreator": false, "moderationStatus": "ACTIVE", "joinedWaitlistAt": null, "createdAt": "2021-06-04T14:02:55.356871", "migratedToUser": null, "isApprovedForMigrationAt": null, "firstName": null, "lastName": null, "isAdmin": false, "links": {}, "acceptedInvite": null, "twitSocialVerifs": [{"id": "d898e9ef-0db9-4d2e-89ec-b44f36c88d83", "user": "0xABa69675EF6D1287a5c1e4d656591d739e41DF92", "createdAt": "2021-06-05T09:21:18.259261", "updatedAt": "2021-06-05T09:21:20.178745", "lastCheckedAt": "2021-06-05T09:21:20.165", "socialVerificationURL": "https://twitter.com/nftcoll77705694/status/1401106781821079553?s=20", "verificationText": "I\u2019m on @withFND \ud83c\udf10\n\n0xABa69675EF6D1287a5c1e4d656591d739e41DF92\n\nhttps://t.co/eyELYRaLmn", "userId": "1401106302852599812", "username": "nftcoll77705694", "isValid": true, "service": "TWITTER", "failedReason": null, "status": null}], "instaSocialVerifs": []}, "profileExists": true, "collectors": [], "createdCount": 0}, "__N_SSG": true}, "page": "/[username]", "query": {"username": "0xaba69675ef6d1287a5c1e4d656591d739e41df92"}, "buildId": "fPHzAE9c9nph2AUK0K_6u", "isFallback": false, "dynamicIds": [33196, 55458, 54746], "gsp": true, "scriptLoader": []}