{"props": {"pageProps": {"username": "0x410ecb3d05aacc45903e79a61115bdffb438988a", "user": {"userIndex": 6877, "publicKey": "0x410eCB3d05AaCc45903E79A61115BdFFb438988a", "username": "anatolikbelikov", "profileImageUrl": "https://f8n-production.s3.amazonaws.com/creators/profile/1knva072s-21199660-1533498183360795-5503752452298025216-o-jpg-ry06fi.jpg", "coverImageUrl": "https://f8n-production.s3.amazonaws.com/creators/profile/6uhuk94cq-cover-rarible-jpg-d87fxd.jpg", "name": "Anatolik Belikov", "bio": "3D artist and Designer.\nI explore ugliness, disfigurement and obscured things.", "isApprovedCreator": true, "moderationStatus": "ACTIVE", "joinedWaitlistAt": null, "createdAt": "2021-03-04T08:25:51.958784", "migratedToUser": null, "isApprovedForMigrationAt": null, "firstName": null, "lastName": null, "isAdmin": false, "links": {"tiktok": {"handle": "", "platform": "tiktok"}, "twitch": {"handle": "", "platform": "twitch"}, "discord": {"handle": "", "platform": "discord"}, "twitter": {"handle": "anatolikbelikov", "platform": "twitter"}, "website": {"handle": "anatolik.lol/", "platform": "website"}, "youtube": {"handle": "https://www.youtube.com/channel/UCVJ1kxYoI-JeoUpRv0O1vIA", "platform": "youtube"}, "facebook": {"handle": "", "platform": "facebook"}, "snapchat": {"handle": "", "platform": "snapchat"}, "instagram": {"handle": "anatolikbelikov", "platform": "instagram"}}, "acceptedInvite": {"senderPublicKey": "0xef86D04a11321438CaddEC1079CDC268C3D5C4b7", "redeemerPublicKey": "0x410eCB3d05AaCc45903E79A61115BdFFb438988a", "redeemedAt": "2021-03-04T11:34:33.142"}, "twitSocialVerifs": [], "instaSocialVerifs": []}, "profileExists": true, "collectors": [], "createdCount": 0}, "__N_SSG": true}, "page": "/[username]", "query": {"username": "0x410ecb3d05aacc45903e79a61115bdffb438988a"}, "buildId": "fPHzAE9c9nph2AUK0K_6u", "isFallback": false, "dynamicIds": [33196, 55458, 54746], "gsp": true, "scriptLoader": []}