{"props": {"pageProps": {"username": "0x36a5d0ce4a6d768660ac76bec2ffbeca7c11b5e3", "user": {"userIndex": null, "publicKey": "0x36a5d0ce4a6d768660ac76bec2FfbECa7c11B5e3", "username": null, "profileImageUrl": null, "coverImageUrl": null, "name": null, "bio": null, "isApprovedCreator": false, "moderationStatus": "ACTIVE", "joinedWaitlistAt": null, "createdAt": "2021-07-04T02:48:25.707145", "migratedToUser": null, "isApprovedForMigrationAt": null, "firstName": null, "lastName": null, "isAdmin": false, "links": {}, "acceptedInvite": null, "twitSocialVerifs": [], "instaSocialVerifs": []}, "profileExists": true, "collectors": [], "createdCount": 0}, "__N_SSG": true}, "page": "/[username]", "query": {"username": "0x36a5d0ce4a6d768660ac76bec2ffbeca7c11b5e3"}, "buildId": "fPHzAE9c9nph2AUK0K_6u", "isFallback": false, "dynamicIds": [33196, 55458, 54746], "gsp": true, "scriptLoader": []}