{"props": {"pageProps": {"username": "0xae2b13437f6ea1d2661197652247a41f10a6ef87", "user": {"userIndex": 48316, "publicKey": "0xae2b13437f6eA1D2661197652247A41F10A6Ef87", "username": "codes", "profileImageUrl": "https://f8n-production.s3.amazonaws.com/creators/profile/wpayeoxf1-giphy-gif-34j6vl.gif", "coverImageUrl": "https://f8n-production.s3.amazonaws.com/creators/profile/xba0h3ftg-barcode-png-png-lok4lw.png", "name": "llllll.codes", "bio": "The Quick Response you were searching for", "isApprovedCreator": true, "moderationStatus": "ACTIVE", "joinedWaitlistAt": null, "createdAt": "2021-04-16T20:06:02.864908", "migratedToUser": null, "isApprovedForMigrationAt": null, "firstName": null, "lastName": null, "isAdmin": false, "links": {"tiktok": {"handle": "", "platform": "tiktok"}, "twitch": {"handle": "", "platform": "twitch"}, "discord": {"handle": "", "platform": "discord"}, "twitter": {"handle": "", "platform": "twitter"}, "website": {"handle": "llllll.codes", "platform": "website"}, "youtube": {"handle": "", "platform": "youtube"}, "facebook": {"handle": "", "platform": "facebook"}, "snapchat": {"handle": "", "platform": "snapchat"}, "instagram": {"handle": "", "platform": "instagram"}}, "acceptedInvite": {"senderPublicKey": "0x198870352108Ee6843CD4B807B565fB5F0262649", "redeemerPublicKey": "0xae2b13437f6eA1D2661197652247A41F10A6Ef87", "redeemedAt": "2021-04-16T21:14:33.812"}, "twitSocialVerifs": [{"id": "8ceb59dd-de66-4adf-aebb-4136e8bb9a00", "user": "0xae2b13437f6eA1D2661197652247A41F10A6Ef87", "createdAt": "2021-04-20T22:00:53.920833", "updatedAt": "2021-04-20T22:00:56.545757", "lastCheckedAt": "2021-04-20T22:00:56.52", "socialVerificationURL": "https://twitter.com/llllllcodes/status/1384628041893171207?s=20", "verificationText": "I\u2019m on @withFND \ud83c\udf10\n\n0xae2b13437f6eA1D2661197652247A41F10A6Ef87\n\nhttps://t.co/x7mQYOMhuW", "userId": "1383170250984800257", "username": "llllllcodes", "isValid": true, "service": "TWITTER", "failedReason": null, "status": null}], "instaSocialVerifs": []}, "profileExists": true, "collectors": [{"userIndex": 35767, "publicKey": "0x16e5D9f12b6f4ccFF3158eC697d90199454d98FD", "username": "creativegeo", "profileImageUrl": "https://f8n-production.s3.amazonaws.com/creators/profile/nrga0dy1s-photo-1511367461989-f85a21fda167-jpeg-qkbtfz.jpeg", "coverImageUrl": "https://f8n-production.s3.amazonaws.com/creators/profile/ymic6gjhk-416zltwnifl-ac-sl1000-jpg-wgss72.jpg", "name": "CreativeGeologist", "bio": "New Art Hunter", "isApprovedCreator": false, "moderationStatus": "ACTIVE", "joinedWaitlistAt": null, "createdAt": "2021-04-02T18:17:49.823373", "migratedToUser": null, "isApprovedForMigrationAt": null, "follows": [], "highestBidAuctions": [{"endsAt": "2021-04-23T20:49:05"}], "highestBidAuctions_aggregate": {"aggregate": {"count": 1}}}], "createdCount": 0}, "__N_SSG": true}, "page": "/[username]", "query": {"username": "0xae2b13437f6ea1d2661197652247a41f10a6ef87"}, "buildId": "fPHzAE9c9nph2AUK0K_6u", "isFallback": false, "dynamicIds": [33196, 55458, 54746], "gsp": true, "scriptLoader": []}