{"props": {"pageProps": {"username": "0x6818041973e32a56705b84632a7889f9a7faebee", "user": {"userIndex": 4422, "publicKey": "0x6818041973e32A56705B84632A7889f9a7fAeBeE", "username": "habitualtruant", "profileImageUrl": "https://f8n-production.s3.amazonaws.com/creators/profile/fol8s8xdf-tfer-logo-zoom-jpg-en069g.JPG", "coverImageUrl": "https://f8n-production.s3.amazonaws.com/creators/profile/fwo7ikm7l-the-download-gif-low-res-gif-7xipwe.gif", "name": "Wade Wallerstein", "bio": "Digital Anthropologist, Strategist, & Curator // Co-Director @transfergallery // Founder @silicon.valet ", "isApprovedCreator": false, "moderationStatus": "ACTIVE", "joinedWaitlistAt": null, "createdAt": "2021-02-27T08:53:07.760242", "migratedToUser": null, "isApprovedForMigrationAt": null, "firstName": null, "lastName": null, "isAdmin": false, "links": {"tiktok": {"handle": "", "platform": "tiktok"}, "twitch": {"handle": "", "platform": "twitch"}, "discord": {"handle": "", "platform": "discord"}, "twitter": {"handle": "transfergallery", "platform": "twitter"}, "website": {"handle": "www.transfergallery.com", "platform": "website"}, "youtube": {"handle": "", "platform": "youtube"}, "facebook": {"handle": "transfergallery", "platform": "facebook"}, "snapchat": {"handle": "", "platform": "snapchat"}, "instagram": {"handle": "transfergallery", "platform": "instagram"}}, "acceptedInvite": null, "twitSocialVerifs": [], "instaSocialVerifs": []}, "profileExists": true, "collectors": [], "createdCount": 0}, "__N_SSG": true}, "page": "/[username]", "query": {"username": "0x6818041973e32a56705b84632a7889f9a7faebee"}, "buildId": "fPHzAE9c9nph2AUK0K_6u", "isFallback": false, "dynamicIds": [33196, 55458, 54746], "gsp": true, "scriptLoader": []}