{"props": {"pageProps": {"username": "0x6a6c4cdead8f86f9a3b118e0c8c823939cc6217b", "user": {"userIndex": 18136, "publicKey": "0x6A6C4cdEAd8F86F9A3B118E0c8C823939cc6217b", "username": "davidjeffery", "profileImageUrl": "https://f8n-production.s3.amazonaws.com/creators/profile/7oxjczfin-unnamed-1-jpg-t4uepj.jpg", "coverImageUrl": "https://f8n-production.s3.amazonaws.com/creators/profile/5c4q0xsyu-unnamed-jpg-391704.jpg", "name": "David Jeffery", "bio": "Too much of a photographer to be an artist.\nToo much of an artist to be a photographer.\n\nTwo additional drops coming in the Winter Waterfront series.\n\nBritish photographer/artist based in Sweden.", "isApprovedCreator": true, "moderationStatus": "ACTIVE", "joinedWaitlistAt": null, "createdAt": "2021-03-17T15:39:35.971448", "migratedToUser": null, "isApprovedForMigrationAt": null, "firstName": null, "lastName": null, "isAdmin": false, "links": {"tiktok": {"handle": "", "platform": "tiktok"}, "twitch": {"handle": "", "platform": "twitch"}, "discord": {"handle": "", "platform": "discord"}, "twitter": {"handle": "", "platform": "twitter"}, "website": {"handle": "www.davidjeffery.se", "platform": "website"}, "youtube": {"handle": "", "platform": "youtube"}, "facebook": {"handle": "", "platform": "facebook"}, "snapchat": {"handle": "", "platform": "snapchat"}, "instagram": {"handle": "", "platform": "instagram"}}, "acceptedInvite": {"senderPublicKey": "0xe4F091560461b441ae8dc1c2dE961E002fAcD59c", "redeemerPublicKey": "0x6A6C4cdEAd8F86F9A3B118E0c8C823939cc6217b", "redeemedAt": "2021-03-17T15:39:47.348"}, "twitSocialVerifs": [], "instaSocialVerifs": []}, "profileExists": true, "collectors": [], "createdCount": 0}, "__N_SSG": true}, "page": "/[username]", "query": {"username": "0x6a6c4cdead8f86f9a3b118e0c8c823939cc6217b"}, "buildId": "fPHzAE9c9nph2AUK0K_6u", "isFallback": false, "dynamicIds": [33196, 55458, 54746], "gsp": true, "scriptLoader": []}