{"props": {"pageProps": {"username": "0xe3cc99e759c15d9b26c89eb81a26ee79f6bb955b", "user": {"userIndex": 32820, "publicKey": "0xE3cc99E759c15d9b26c89EB81a26ee79f6bB955B", "username": "rickylinn", "profileImageUrl": "https://f8n-production.s3.amazonaws.com/creators/profile/etx1x43xl-logo-png-oqb90f.png", "coverImageUrl": "https://f8n-production.s3.amazonaws.com/creators/profile/tge4tranh-collage138d-jpg-o47hvg.jpg", "name": "Ricky Linn", "bio": "Visual designer aka disappointing my parents", "isApprovedCreator": true, "moderationStatus": "ACTIVE", "joinedWaitlistAt": "2021-03-31T07:35:12.112", "createdAt": "2021-03-31T07:29:50.127484", "migratedToUser": null, "isApprovedForMigrationAt": null, "firstName": null, "lastName": null, "isAdmin": false, "links": {"tiktok": {"handle": "", "platform": "tiktok"}, "twitch": {"handle": "", "platform": "twitch"}, "discord": {"handle": "Rikipedia#8143", "platform": "discord"}, "twitter": {"handle": "", "platform": "twitter"}, "website": {"handle": "rickylinn.com", "platform": "website"}, "youtube": {"handle": "", "platform": "youtube"}, "facebook": {"handle": "", "platform": "facebook"}, "snapchat": {"handle": "", "platform": "snapchat"}, "instagram": {"handle": "rickylinn", "platform": "instagram"}}, "acceptedInvite": {"senderPublicKey": "0x1Ca48BBcC4F66ED53B442F68124bF76CFF912bdC", "redeemerPublicKey": "0xE3cc99E759c15d9b26c89EB81a26ee79f6bB955B", "redeemedAt": "2021-03-31T08:28:10.24"}, "twitSocialVerifs": [{"id": "bf5d6e7e-1416-4c94-b0ea-ae5aab559124", "user": "0xE3cc99E759c15d9b26c89EB81a26ee79f6bB955B", "createdAt": "2021-03-31T07:34:55.963046", "updatedAt": "2021-03-31T07:35:02.003959", "lastCheckedAt": "2021-03-31T07:35:01.977", "socialVerificationURL": "https://twitter.com/RickyLinn5/status/1377162439200923649", "verificationText": "0xE3cc99E759c15d9b26c89EB81a26ee79f6bB955B", "userId": "1377161800962109449", "username": "RickyLinn5", "isValid": true, "service": "TWITTER", "failedReason": null, "status": null}], "instaSocialVerifs": []}, "profileExists": true, "collectors": [{"userIndex": 6534, "publicKey": "0x1f08CbFCa1f63a23bB6255a76e1DDeEb8D24d0Fa", "username": "lucrafund", "profileImageUrl": "https://f8n-production.s3.amazonaws.com/creators/profile/1jr8vm7fb-superman-ape-laser-eyes-jpg-mq2ff5.jpg", "coverImageUrl": "https://f8n-production.s3.amazonaws.com/creators/profile/rly0fjzx1-nft-3971x2984-jpg-267gh8.jpg", "name": "Lucrafund", "bio": "genesis hunter", "isApprovedCreator": true, "moderationStatus": "ACTIVE", "joinedWaitlistAt": "2021-03-23T15:42:51.841", "createdAt": "2021-03-03T21:08:37.825964", "migratedToUser": null, "isApprovedForMigrationAt": null, "follows": [], "highestBidAuctions": [{"endsAt": "2021-04-11T16:35:05"}], "highestBidAuctions_aggregate": {"aggregate": {"count": 1}}}, {"userIndex": 2676, "publicKey": "0xACf0820183f5C10FbB0Fd87B25D0661549084686", "username": "frickltd", "profileImageUrl": "https://f8n-production.s3.amazonaws.com/creators/profile/sugrazfo9-procreate-expl-jpg-ew14h3.jpg", "coverImageUrl": "https://f8n-production.s3.amazonaws.com/creators/profile/uipni9csn-logo-black-png-bx7czj.png", "name": "frick.ltd", "bio": "Depicting life one frame at a time.\nI dabble in 3D.", "isApprovedCreator": true, "moderationStatus": "ACTIVE", "joinedWaitlistAt": null, "createdAt": "2021-02-14T15:12:46.216722", "migratedToUser": null, "isApprovedForMigrationAt": null, "follows": [], "highestBidAuctions": [{"endsAt": "2021-04-11T18:35:11"}], "highestBidAuctions_aggregate": {"aggregate": {"count": 1}}}, {"userIndex": 36435, "publicKey": "0xd852B0B56e48A86fb3390CF6E942C4f73e810844", "username": "JeffStevensArt", "profileImageUrl": "https://f8n-production.s3.amazonaws.com/creators/profile/xco3t4inh-23000051-10213889234051184-7278498292937947404-o-jpg-qfet1x.jpg", "coverImageUrl": "https://f8n-production.s3.amazonaws.com/creators/profile/mjpozqr33-endgame1-jpg-b3na23.jpg", "name": "Jeff Stevens", "bio": "Colorado based mixed media and contemporary artist with origins in design and advertising. ", "isApprovedCreator": true, "moderationStatus": "ACTIVE", "joinedWaitlistAt": "2021-04-03T15:49:38.972", "createdAt": "2021-04-03T15:27:09.779891", "migratedToUser": null, "isApprovedForMigrationAt": null, "follows": [], "highestBidAuctions": [{"endsAt": "2021-04-09T02:22:57"}], "highestBidAuctions_aggregate": {"aggregate": {"count": 1}}}], "createdCount": 0}, "__N_SSG": true}, "page": "/[username]", "query": {"username": "0xe3cc99e759c15d9b26c89eb81a26ee79f6bb955b"}, "buildId": "fPHzAE9c9nph2AUK0K_6u", "isFallback": false, "dynamicIds": [33196, 55458, 54746], "gsp": true, "scriptLoader": []}