{"props": {"pageProps": {"username": "0x592814ff14e030b51f6087032db0f88f4214f254", "user": {"userIndex": 4427, "publicKey": "0x592814FF14E030B51F6087032DB0f88F4214F254", "username": "ryder_ripps", "profileImageUrl": "https://f8n-production.s3.amazonaws.com/creators/profile/ekaorefxs-avatar-jpg-wmsojv.jpg", "coverImageUrl": "https://f8n-production.s3.amazonaws.com/creators/profile/60la5mm1v-balloons-gif-fmvtba.gif", "name": "ryder ripps", "bio": "conceptual artist / designer", "isApprovedCreator": true, "moderationStatus": "ACTIVE", "joinedWaitlistAt": null, "createdAt": "2021-02-26T20:52:28.626712", "migratedToUser": null, "isApprovedForMigrationAt": null, "firstName": null, "lastName": null, "isAdmin": false, "links": {"tiktok": {"handle": "", "platform": "tiktok"}, "twitch": {"handle": "", "platform": "twitch"}, "discord": {"handle": "", "platform": "discord"}, "twitter": {"handle": "ryder_ripps", "platform": "twitter"}, "website": {"handle": "instagram.com/ig.portfolio", "platform": "website"}, "youtube": {"handle": "https://www.youtube.com/playlist?list=PLb6E4UfxSyCIJ_fhmw-BSfx1w56x6SrTt", "platform": "youtube"}, "facebook": {"handle": "", "platform": "facebook"}, "snapchat": {"handle": "", "platform": "snapchat"}, "instagram": {"handle": "ryder_ripps", "platform": "instagram"}}, "acceptedInvite": {"senderPublicKey": "0xa60f9b548309Cbe75bF4A9880c69C746cB7073ae", "redeemerPublicKey": "0x592814FF14E030B51F6087032DB0f88F4214F254", "redeemedAt": "2021-02-26T20:52:48.632"}, "twitSocialVerifs": [{"id": "b73e135f-7306-4c70-a546-ae958780e983", "user": "0x592814FF14E030B51F6087032DB0f88F4214F254", "createdAt": "2021-03-22T18:55:15.5068", "updatedAt": "2021-03-22T18:55:18.352002", "lastCheckedAt": "2021-03-22T18:55:18.297", "socialVerificationURL": "https://twitter.com/ryder_ripps/status/1374072172562423808", "verificationText": "I\u2019m on @withFND \ud83c\udf10\n\n0x592814FF14E030B51F6087032DB0f88F4214F254\n\nhttps://t.co/40TMwU73YP", "userId": "1202600014041800707", "username": "ryder_ripps", "isValid": true, "service": "TWITTER", "failedReason": null, "status": null}], "instaSocialVerifs": [{"id": "1dee186e-81e0-4c5e-8111-43ebf10fc8b8", "user": "0x592814FF14E030B51F6087032DB0f88F4214F254", "createdAt": "2021-05-10T02:06:44.001041", "updatedAt": "2021-05-10T02:06:44.001041", "lastCheckedAt": "2021-05-10T02:06:43.973", "socialVerificationURL": null, "verificationText": null, "userId": "17841400731370347", "username": "ryder_ripps", "isValid": true, "service": "INSTAGRAM", "failedReason": null, "status": null}]}, "profileExists": true, "collectors": [{"userIndex": 10476, "publicKey": "0x0F7582941591A055795B4F3fd8f9e7b328793b81", "username": "yungjake", "profileImageUrl": "https://f8n-production.s3.amazonaws.com/creators/profile/jt8nwk9gu-whatsapp-image-2021-03-12-at-2-05-17-am-jpeg-t2katm.jpeg", "coverImageUrl": "https://f8n-production.s3.amazonaws.com/creators/profile/jbb1zn5e8-unnamed-jpg-7x1ynw.jpg", "name": "yung jake", "bio": "", "isApprovedCreator": true, "moderationStatus": "ACTIVE", "joinedWaitlistAt": null, "createdAt": "2021-03-09T02:31:00.657959", "migratedToUser": null, "isApprovedForMigrationAt": null, "follows": [], "highestBidAuctions": [{"endsAt": "2021-04-01T01:33:19"}], "highestBidAuctions_aggregate": {"aggregate": {"count": 1}}}, {"userIndex": null, "publicKey": "0x1BdcdA5A1222B913350992570D5a52EA34344624", "username": null, "profileImageUrl": null, "coverImageUrl": null, "name": null, "bio": null, "isApprovedCreator": false, "moderationStatus": "ACTIVE", "joinedWaitlistAt": null, "createdAt": "2021-04-14T23:26:21.35731", "migratedToUser": null, "isApprovedForMigrationAt": null, "follows": [], "highestBidAuctions": [{"endsAt": "2021-04-15T00:01:13"}], "highestBidAuctions_aggregate": {"aggregate": {"count": 1}}}, {"userIndex": 8942, "publicKey": "0x273b2e27Ff4089B4aE31bF503827E7Cf22277E30", "username": "RultonFyder", "profileImageUrl": "https://f8n-production.s3.amazonaws.com/creators/profile/pmmlj60mk-rulton-fyder-profile-picture-jpg-pgzmn8.jpg", "coverImageUrl": "https://f8n-production.s3.amazonaws.com/creators/profile/ldrd5clxv-rulton-fyder-cover-png-y2h2wh.png", "name": "RultonFyder", "bio": "A wholesome farm owner in Montana.\n\nUpcoming gallery solo show in Germany:\n\nhttps://www.artsy.net/artist/rulton-fyder", "isApprovedCreator": true, "moderationStatus": "ACTIVE", "joinedWaitlistAt": null, "createdAt": "2021-03-07T03:37:41.366707", "migratedToUser": null, "isApprovedForMigrationAt": null, "follows": [], "highestBidAuctions": [{"endsAt": "2021-04-12T21:02:25"}], "highestBidAuctions_aggregate": {"aggregate": {"count": 2}}}, {"userIndex": 35015, "publicKey": "0x52115f1390be0E822f1Df3738Fd7dfd8D02CB3D5", "username": "ABL", "profileImageUrl": "https://f8n-production.s3.amazonaws.com/creators/profile/wfb5o6m1g-10-28-adam-bhala-lough-clean-jpg-pwoqae.jpg", "coverImageUrl": "https://f8n-production.s3.amazonaws.com/creators/profile/bvxdtz5k1-img-1529-jpeg-qfauj1.jpeg", "name": "Adam Bhala Lough", "bio": "3-time Sundance Film Festival alum, Spirit Award nominated indie filmmaker & one of Filmmaker Magazine\u2019s Top 25 Independent Filmmakers to Watch. I fucking love NFT's.", "isApprovedCreator": true, "moderationStatus": "ACTIVE", "joinedWaitlistAt": "2021-04-21T23:44:19.846", "createdAt": "2021-03-26T13:21:17.167699", "migratedToUser": null, "isApprovedForMigrationAt": null, "follows": [], "highestBidAuctions": [{"endsAt": "2021-05-05T12:29:59"}], "highestBidAuctions_aggregate": {"aggregate": {"count": 1}}}, {"userIndex": 23481, "publicKey": "0x5BDdCd826CFccC4a88A2ED5bA98c44d8aD982113", "username": "eiskyers", "profileImageUrl": "https://f8n-production.s3.amazonaws.com/creators/profile/dvncg0ivf-img-0926-jpg-ou3m4r.jpg", "coverImageUrl": "https://f8n-production.s3.amazonaws.com/creators/profile/45630zt9f-tumblr-o123cauice1qdifz7o1-1280-jpeg-z3sg2q.jpeg", "name": "Eileen Isagon Skyers", "bio": "I'm good hbu \ud83d\udc7d \ud83c\udf34\n\nCommunications Director \n@withFND \ud83c\udf10", "isApprovedCreator": true, "moderationStatus": "ACTIVE", "joinedWaitlistAt": null, "createdAt": "2021-03-23T14:11:30.902107", "migratedToUser": null, "isApprovedForMigrationAt": null, "follows": [], "highestBidAuctions": [{"endsAt": "2021-06-05T21:49:30"}], "highestBidAuctions_aggregate": {"aggregate": {"count": 1}}}, {"userIndex": 18466, "publicKey": "0x5fbe0aE423F1767028f150aA92545267507588eF", "username": "jayooo", "profileImageUrl": "https://f8n-production.s3.amazonaws.com/creators/profile/ugusi70q4-img-3406-2-jpg-6va07f.JPG", "coverImageUrl": "", "name": "NFTmuseum.art", "bio": "NOW ON VIEW: \n\nDIGITAL AMERICA \n#New American art from the digital age \n\n@arc\n@clementvalla\n@igotsilver\n@katherine\n@marchorowitz\n@zach.lieberman\n\nhttps://oncyber.io/digital_america\nwww.NFTmuseum.art", "isApprovedCreator": true, "moderationStatus": "ACTIVE", "joinedWaitlistAt": null, "createdAt": "2021-03-14T02:23:02.266963", "migratedToUser": null, "isApprovedForMigrationAt": null, "follows": [], "highestBidAuctions": [{"endsAt": "2021-04-08T04:02:41"}], "highestBidAuctions_aggregate": {"aggregate": {"count": 1}}}, {"userIndex": 57349, "publicKey": "0x7768a6Fa6F9812F3aA91a9f827E5948F7e0b5486", "username": "tomkysar", "profileImageUrl": "https://f8n-production.s3.amazonaws.com/creators/profile/4rjed3hvy-npcgyemz-400x400-jpeg-jfztfm.jpeg", "coverImageUrl": "https://f8n-production.s3.amazonaws.com/creators/profile/3t1e7a3pj-1500x500-1-jpeg-ckwscg.jpeg", "name": "tomkysar", "bio": "", "isApprovedCreator": false, "moderationStatus": "ACTIVE", "joinedWaitlistAt": "2021-07-27T13:51:26.512", "createdAt": "2021-04-28T20:34:07.332627", "migratedToUser": null, "isApprovedForMigrationAt": null, "follows": [], "highestBidAuctions": [{"endsAt": "2021-07-03T23:02:48"}], "highestBidAuctions_aggregate": {"aggregate": {"count": 1}}}, {"userIndex": 4767, "publicKey": "0x86968e48B392f8cA9F08Ef439bbC3E1C69481d4f", "username": "navid", "profileImageUrl": "https://f8n-production.s3.amazonaws.com/creators/profile/h5p2f8da3-unnamed-jpg-fptgn7.jpg", "coverImageUrl": "https://f8n-production.s3.amazonaws.com/creators/profile/92zt0m34i-unnamed-jpg-u2psmz.jpg", "name": "Navid", "bio": "", "isApprovedCreator": false, "moderationStatus": "ACTIVE", "joinedWaitlistAt": null, "createdAt": "2021-02-28T18:11:53.417792", "migratedToUser": null, "isApprovedForMigrationAt": null, "follows": [], "highestBidAuctions": [{"endsAt": "2021-02-28T22:46:46"}], "highestBidAuctions_aggregate": {"aggregate": {"count": 1}}}, {"userIndex": null, "publicKey": "0x9e67D018488aD636B538e4158E9e7577F2ECac12", "username": null, "profileImageUrl": null, "coverImageUrl": null, "name": null, "bio": null, "isApprovedCreator": false, "moderationStatus": "ACTIVE", "joinedWaitlistAt": null, "createdAt": "2021-07-01T00:33:50.29014", "migratedToUser": null, "isApprovedForMigrationAt": null, "follows": [], "highestBidAuctions": [{"endsAt": "2021-07-01T02:34:49"}], "highestBidAuctions_aggregate": {"aggregate": {"count": 1}}}, {"userIndex": 46388, "publicKey": "0xA0D7C5353E86718B394A62F8C7b7E66B72D0c881", "username": "hgw", "profileImageUrl": "https://f8n-production.s3.amazonaws.com/creators/profile/16zzk3dh0-11837397384-738716a991-b-jpg-u5vvpo.jpg", "coverImageUrl": "https://f8n-production.s3.amazonaws.com/creators/profile/6askvpg2p-sea-2925634-1920-jpg-4ijtd6.jpg", "name": "Shunya Hagiwara", "bio": "Internet and web artist/designer. Co-organizer of TransBooks Internet-Yamiichi, a member of IDPW.", "isApprovedCreator": false, "moderationStatus": "ACTIVE", "joinedWaitlistAt": "2021-06-15T03:38:24.794", "createdAt": "2021-04-14T11:07:34.503783", "migratedToUser": null, "isApprovedForMigrationAt": null, "follows": [], "highestBidAuctions": [{"endsAt": "2021-06-13T01:00:06"}], "highestBidAuctions_aggregate": {"aggregate": {"count": 1}}}, {"userIndex": null, "publicKey": "0xb862bC6E6234Ad0fE104055ED904baf04b4187Db", "username": null, "profileImageUrl": null, "coverImageUrl": null, "name": null, "bio": null, "isApprovedCreator": false, "moderationStatus": "ACTIVE", "joinedWaitlistAt": null, "createdAt": "2021-02-28T02:52:27.718979", "migratedToUser": null, "isApprovedForMigrationAt": null, "follows": [], "highestBidAuctions": [{"endsAt": "2021-03-05T01:10:47"}], "highestBidAuctions_aggregate": {"aggregate": {"count": 1}}}, {"userIndex": 82648, "publicKey": "0xbBc8E9763047Dfcc0b5f45b99035f5216d48bde4", "username": "etherscan", "profileImageUrl": "", "coverImageUrl": "", "name": "", "bio": "", "isApprovedCreator": false, "moderationStatus": "ACTIVE", "joinedWaitlistAt": null, "createdAt": "2021-07-05T22:03:04.493888", "migratedToUser": null, "isApprovedForMigrationAt": null, "follows": [], "highestBidAuctions": [{"endsAt": "2021-07-05T23:39:49"}], "highestBidAuctions_aggregate": {"aggregate": {"count": 1}}}, {"userIndex": 26008, "publicKey": "0xc625e77d4b1484B276669Ad72817E50145B9AeBe", "username": "jwalkar", "profileImageUrl": "https://f8n-production.s3.amazonaws.com/creators/profile/2ykk0tp1m-untitled-67-jpg-s2m06k.jpg", "coverImageUrl": "https://f8n-production.s3.amazonaws.com/creators/profile/yyflq2l42-untitled-40-jpg-1xpn6y.jpg", "name": "", "bio": "", "isApprovedCreator": false, "moderationStatus": "ACTIVE", "joinedWaitlistAt": null, "createdAt": "2021-03-25T03:19:48.906846", "migratedToUser": null, "isApprovedForMigrationAt": null, "follows": [], "highestBidAuctions": [{"endsAt": "2021-04-09T22:01:35"}], "highestBidAuctions_aggregate": {"aggregate": {"count": 2}}}, {"userIndex": 8757, "publicKey": "0xc8f8e2F59Dd95fF67c3d39109ecA2e2A017D4c8a", "username": "visualizevalue", "profileImageUrl": "https://f8n-production.s3.amazonaws.com/creators/profile/h8lx5xcdt-vv-icon-png-6k4q7x.png", "coverImageUrl": "https://f8n-production.s3.amazonaws.com/creators/profile/6c95sdqce-1500x500-1-jpeg-fves40.jpeg", "name": "Jack Butcher", "bio": "Visualize Value", "isApprovedCreator": true, "moderationStatus": "ACTIVE", "joinedWaitlistAt": null, "createdAt": "2021-03-02T01:14:35.123453", "migratedToUser": null, "isApprovedForMigrationAt": null, "follows": [], "highestBidAuctions": [{"endsAt": "2021-07-17T17:05:54"}], "highestBidAuctions_aggregate": {"aggregate": {"count": 1}}}, {"userIndex": 12192, "publicKey": "0xf983557eC70fbf1A4B1e247AF7Bf10247E9B69c4", "username": "trilldebeest", "profileImageUrl": "https://f8n-production.s3.amazonaws.com/creators/profile/v2vhn7wkt-zombieeee-jpg-ab8wzo.jpg", "coverImageUrl": "", "name": "trilldebeest", "bio": "", "isApprovedCreator": false, "moderationStatus": "ACTIVE", "joinedWaitlistAt": null, "createdAt": "2021-02-27T19:29:39.192693", "migratedToUser": null, "isApprovedForMigrationAt": null, "follows": [], "highestBidAuctions": [{"endsAt": "2021-07-02T18:29:03"}], "highestBidAuctions_aggregate": {"aggregate": {"count": 1}}}], "createdCount": 0}, "__N_SSG": true}, "page": "/[username]", "query": {"username": "0x592814ff14e030b51f6087032db0f88f4214f254"}, "buildId": "fPHzAE9c9nph2AUK0K_6u", "isFallback": false, "dynamicIds": [33196, 55458, 54746], "gsp": true, "scriptLoader": []}