{"props": {"pageProps": {"username": "0x57e7d99d50fe61056b615f8bb429ba8d85f7179b", "user": {"userIndex": null, "publicKey": "0x57E7d99d50FE61056b615f8BB429BA8D85f7179B", "username": null, "profileImageUrl": null, "coverImageUrl": null, "name": null, "bio": null, "isApprovedCreator": false, "moderationStatus": "ACTIVE", "joinedWaitlistAt": null, "createdAt": "2021-04-09T13:42:24.428324", "migratedToUser": null, "isApprovedForMigrationAt": null, "firstName": null, "lastName": null, "isAdmin": false, "links": {}, "acceptedInvite": null, "twitSocialVerifs": [], "instaSocialVerifs": []}, "profileExists": true, "collectors": [], "createdCount": 0}, "__N_SSG": true}, "page": "/[username]", "query": {"username": "0x57e7d99d50fe61056b615f8bb429ba8d85f7179b"}, "buildId": "fPHzAE9c9nph2AUK0K_6u", "isFallback": false, "dynamicIds": [33196, 55458, 54746], "gsp": true, "scriptLoader": []}