{"props": {"pageProps": {"username": "0xa5d530296ebac774f070f10222f347ca3d302c97", "user": {"userIndex": 55719, "publicKey": "0xa5D530296EbaC774F070F10222f347cA3d302c97", "username": "thedavidcote", "profileImageUrl": "https://f8n-production.s3.amazonaws.com/creators/profile/ulsn4avcx-d-chrome-logo-jpg-0je9sm.jpg", "coverImageUrl": "https://f8n-production.s3.amazonaws.com/creators/profile/7gxoctumq-banner-foundation-jpg-v6fnch.jpg", "name": "David Peyote", "bio": "Multi-disciplinary artist based in Montreal, Canada. \n\nCo-founder of @velours.studio, a hybrid tattoo and creative studio.\n\nClients include: Rossignol, Penguin Books, Mazda, Walk the Moon & more.", "isApprovedCreator": true, "moderationStatus": "ACTIVE", "joinedWaitlistAt": "2021-04-26T17:46:30.832", "createdAt": "2021-04-23T02:06:15.372282", "migratedToUser": null, "isApprovedForMigrationAt": null, "firstName": null, "lastName": null, "isAdmin": false, "links": {"tiktok": {"handle": "", "platform": "tiktok"}, "twitch": {"handle": "", "platform": "twitch"}, "discord": {"handle": "", "platform": "discord"}, "twitter": {"handle": "", "platform": "twitter"}, "website": {"handle": "davidpeyote.com", "platform": "website"}, "youtube": {"handle": "", "platform": "youtube"}, "facebook": {"handle": "", "platform": "facebook"}, "snapchat": {"handle": "", "platform": "snapchat"}, "instagram": {"handle": "", "platform": "instagram"}}, "acceptedInvite": {"senderPublicKey": "0x75641EDc223b9CdF56442Bb265D26949f41d56B6", "redeemerPublicKey": "0xa5D530296EbaC774F070F10222f347cA3d302c97", "redeemedAt": "2021-05-04T15:38:52.386"}, "twitSocialVerifs": [{"id": "e1bf648a-1dd4-40ed-bb72-e59f5f9443fc", "user": "0xa5D530296EbaC774F070F10222f347cA3d302c97", "createdAt": "2021-04-26T17:51:52.883175", "updatedAt": "2021-04-26T17:51:54.425893", "lastCheckedAt": "2021-04-26T17:51:54.193", "socialVerificationURL": "https://twitter.com/TheDavidCote/status/1386739739370340362?ref_src=twsrc%5Etfw%7Ctwcamp%5Etweetembed%7Ctwterm%5E1386739739370340362%7Ctwgr%5E%7Ctwcon%5Es1_c10&ref_url=https%3A%2F%2Fpublish.twitter.com%2F%3Fquery%3Dhttps3A2F2Ftwitter.com2FTheDavidCote2Fstatus2F1386739739370340362widget%3DTweet", "verificationText": "0xa5D530296EbaC774F070F10222f347cA3d302c97", "userId": "2294760871", "username": "TheDavidCote", "isValid": true, "service": "TWITTER", "failedReason": null, "status": null}], "instaSocialVerifs": [{"id": "52fd98f2-bf8b-4d46-9a65-448cb1dfc78b", "user": "0xa5D530296EbaC774F070F10222f347cA3d302c97", "createdAt": "2021-04-23T02:08:03.751903", "updatedAt": "2021-04-23T02:08:03.751903", "lastCheckedAt": "2021-04-23T02:08:03.713", "socialVerificationURL": null, "verificationText": null, "userId": "17841400440070024", "username": "thedavidcote", "isValid": true, "service": "INSTAGRAM", "failedReason": null, "status": null}]}, "profileExists": true, "collectors": [], "createdCount": 0}, "__N_SSG": true}, "page": "/[username]", "query": {"username": "0xa5d530296ebac774f070f10222f347ca3d302c97"}, "buildId": "fPHzAE9c9nph2AUK0K_6u", "isFallback": false, "dynamicIds": [33196, 55458, 54746], "gsp": true, "scriptLoader": []}