{"props": {"pageProps": {"username": "0xcc14b9d432a3c011d199621c875b64958f525fe3", "user": {"userIndex": 50546, "publicKey": "0xCC14b9D432a3c011D199621c875b64958f525Fe3", "username": "sonywicaksana", "profileImageUrl": "https://f8n-production.s3.amazonaws.com/creators/profile/t9eyncnr0-profile-jpg-0dku4q.jpg", "coverImageUrl": "https://f8n-production.s3.amazonaws.com/creators/profile/lt29p97hp-img-2795-copy-jpg-czlsmk.jpg", "name": "SonyWicaksana", "bio": "Hi there, i'm an illustrator.\ncreating darkArt artwork since 2013. I always make small details on every illustration that I make.", "isApprovedCreator": true, "moderationStatus": "ACTIVE", "joinedWaitlistAt": "2021-04-19T18:50:58.16", "createdAt": "2021-04-19T18:46:36.31331", "migratedToUser": null, "isApprovedForMigrationAt": null, "firstName": null, "lastName": null, "isAdmin": false, "links": {"tiktok": {"handle": "", "platform": "tiktok"}, "twitch": {"handle": "", "platform": "twitch"}, "discord": {"handle": "Sony Wicaksana#9627", "platform": "discord"}, "twitter": {"handle": "", "platform": "twitter"}, "website": {"handle": "", "platform": "website"}, "youtube": {"handle": "", "platform": "youtube"}, "facebook": {"handle": "sonywicaksana", "platform": "facebook"}, "snapchat": {"handle": "", "platform": "snapchat"}, "instagram": {"handle": "sonywicaksana", "platform": "instagram"}}, "acceptedInvite": {"senderPublicKey": "0x8bC2fa1172A6a05bAc42757Fdd7C148eb24A09f0", "redeemerPublicKey": "0xCC14b9D432a3c011D199621c875b64958f525Fe3", "redeemedAt": "2021-04-22T04:35:43.777"}, "twitSocialVerifs": [{"id": "c541f723-800e-4503-970c-60585f3a655c", "user": "0xCC14b9D432a3c011D199621c875b64958f525Fe3", "createdAt": "2021-04-19T18:50:33.051412", "updatedAt": "2021-04-19T18:50:36.881777", "lastCheckedAt": "2021-04-19T18:50:36.837", "socialVerificationURL": "https://twitter.com/SonyWicaksana_/status/1384217775263023106", "verificationText": "I\u2019m on @withFND \ud83c\udf10\n\n0xCC14b9D432a3c011D199621c875b64958f525Fe3\n\nhttps://t.co/1H42oLBbUw", "userId": "1307351493708718081", "username": "SonyWicaksana_", "isValid": true, "service": "TWITTER", "failedReason": null, "status": null}], "instaSocialVerifs": [{"id": "cdd6cf46-f7bc-48a2-b119-16b36dd99a1b", "user": "0xCC14b9D432a3c011D199621c875b64958f525Fe3", "createdAt": "2021-04-21T20:20:57.517914", "updatedAt": "2021-04-21T20:20:57.517914", "lastCheckedAt": "2021-04-21T20:20:57.516", "socialVerificationURL": null, "verificationText": null, "userId": "17841401261464409", "username": "sonywicaksana", "isValid": true, "service": "INSTAGRAM", "failedReason": null, "status": null}]}, "profileExists": true, "collectors": [], "createdCount": 0}, "__N_SSG": true}, "page": "/[username]", "query": {"username": "0xcc14b9d432a3c011d199621c875b64958f525fe3"}, "buildId": "fPHzAE9c9nph2AUK0K_6u", "isFallback": false, "dynamicIds": [33196, 55458, 54746], "gsp": true, "scriptLoader": []}