{"props": {"pageProps": {"username": "0x88d9b902bb79fa13f9978bf2cc16373ebf25e733", "user": {"userIndex": 4693, "publicKey": "0x88D9b902Bb79fA13f9978bF2cc16373EbF25E733", "username": "digiyams", "profileImageUrl": "https://f8n-production.s3.amazonaws.com/creators/profile/o42he77d1-voidbert222-jpg-oon9so.jpg", "coverImageUrl": "https://f8n-production.s3.amazonaws.com/creators/profile/p48rmf2g3-untitled-1-jpg-knxjem.jpg", "name": "yams", "bio": "just existing fr, bi-weekly mints", "isApprovedCreator": true, "moderationStatus": "ACTIVE", "joinedWaitlistAt": null, "createdAt": "2021-02-28T15:00:57.689024", "migratedToUser": null, "isApprovedForMigrationAt": null, "firstName": null, "lastName": null, "isAdmin": false, "links": {"tiktok": {"handle": "", "platform": "tiktok"}, "twitch": {"handle": "", "platform": "twitch"}, "discord": {"handle": "Yams#4669", "platform": "discord"}, "twitter": {"handle": "digiyams", "platform": "twitter"}, "website": {"handle": "digiyams.art", "platform": "website"}, "youtube": {"handle": "", "platform": "youtube"}, "facebook": {"handle": "", "platform": "facebook"}, "snapchat": {"handle": "", "platform": "snapchat"}, "instagram": {"handle": "digiyams", "platform": "instagram"}}, "acceptedInvite": {"senderPublicKey": "0x9079a0a7e0eBEe7650C8c9Da2b6946e5a5B07C19", "redeemerPublicKey": "0x88D9b902Bb79fA13f9978bF2cc16373EbF25E733", "redeemedAt": "2021-02-28T23:43:26.812"}, "twitSocialVerifs": [], "instaSocialVerifs": []}, "profileExists": true, "collectors": [{"userIndex": 4091, "publicKey": "0x7e6Ed9f0E21e0Cb2A483E962A59140D55368A68D", "username": "adamzafrian", "profileImageUrl": "https://f8n-production.s3.amazonaws.com/creators/profile/6y91as2zr-emf7pz2wkaaeuoy-jpg-z7zkbo.jpg", "coverImageUrl": "", "name": "Adam Zafrian", "bio": "the print man", "isApprovedCreator": true, "moderationStatus": "ACTIVE", "joinedWaitlistAt": null, "createdAt": "2021-02-26T18:21:36.667984", "migratedToUser": null, "isApprovedForMigrationAt": null, "follows": [], "highestBidAuctions": [{"endsAt": "2021-03-16T17:28:55"}], "highestBidAuctions_aggregate": {"aggregate": {"count": 1}}}], "createdCount": 0}, "__N_SSG": true}, "page": "/[username]", "query": {"username": "0x88d9b902bb79fa13f9978bf2cc16373ebf25e733"}, "buildId": "fPHzAE9c9nph2AUK0K_6u", "isFallback": false, "dynamicIds": [33196, 55458, 54746], "gsp": true, "scriptLoader": []}