{"props": {"pageProps": {"username": "0x58b084bf9e3bc5538311de12ef7ef4aa4e7bfdc4", "user": {"userIndex": 40629, "publicKey": "0x58b084bf9e3bC5538311dE12EF7Ef4aa4e7BFdc4", "username": "Freed_eXplore", "profileImageUrl": "https://f8n-production.s3.amazonaws.com/creators/profile/9efxhvlz9-i-vortex-jpg-6hdrcb.jpg", "coverImageUrl": "https://f8n-production.s3.amazonaws.com/creators/profile/k6weyg75e-ii-the-dome-jpg-tjfmd4.jpg", "name": "Freed eXplore", "bio": "\u21dd Photographer & Urban explorer : camera in the hand, dystopic vibes in the eyes. \ud83c\udf03 A perpetual exploration from the depths of our society to the stars in the sky. \u2728\n\u21dd https://linktr.ee/Freedexplore", "isApprovedCreator": true, "moderationStatus": "ACTIVE", "joinedWaitlistAt": "2021-04-25T19:22:39.008", "createdAt": "2021-04-08T00:21:46.914457", "migratedToUser": null, "isApprovedForMigrationAt": null, "firstName": null, "lastName": null, "isAdmin": false, "links": {"tiktok": {"handle": "@freedexplore", "platform": "tiktok"}, "twitch": {"handle": "", "platform": "twitch"}, "discord": {"handle": "", "platform": "discord"}, "twitter": {"handle": "Freedtwit", "platform": "twitter"}, "website": {"handle": "https://linktr.ee/Freedexplore", "platform": "website"}, "youtube": {"handle": "", "platform": "youtube"}, "facebook": {"handle": "freedexplore", "platform": "facebook"}, "snapchat": {"handle": "", "platform": "snapchat"}, "instagram": {"handle": "freed_o_gram", "platform": "instagram"}}, "acceptedInvite": {"senderPublicKey": "0xDC69faB2dc7b38C7435127747D93D87c983F9cB9", "redeemerPublicKey": "0x58b084bf9e3bC5538311dE12EF7Ef4aa4e7BFdc4", "redeemedAt": "2021-05-13T19:44:27.342"}, "twitSocialVerifs": [{"id": "dc68d5ed-6bb8-4e80-b6a4-b9ade0a79c9d", "user": "0x58b084bf9e3bC5538311dE12EF7Ef4aa4e7BFdc4", "createdAt": "2021-04-08T00:42:42.66161", "updatedAt": "2021-04-08T00:42:49.467252", "lastCheckedAt": "2021-04-08T00:42:48.949", "socialVerificationURL": "https://twitter.com/Freedtwit/status/1379957788177235973", "verificationText": "I\u2019m on @withFND \ud83c\udf10\n\n0x58b084bf9e3bC5538311dE12EF7Ef4aa4e7BFdc4\n\nhttps://t.co/SWsB0qinMj", "userId": "81918677", "username": "Freedtwit", "isValid": true, "service": "TWITTER", "failedReason": null, "status": null}], "instaSocialVerifs": [{"id": "045aef60-9bfe-4e5d-85cf-b53fb7514856", "user": "0x58b084bf9e3bC5538311dE12EF7Ef4aa4e7BFdc4", "createdAt": "2021-04-22T12:18:27.606675", "updatedAt": "2021-04-22T12:18:27.606675", "lastCheckedAt": "2021-04-22T12:18:27.588", "socialVerificationURL": null, "verificationText": null, "userId": "17841400319140295", "username": "freed_o_gram", "isValid": true, "service": "INSTAGRAM", "failedReason": null, "status": null}]}, "profileExists": true, "collectors": [], "createdCount": 0}, "__N_SSG": true}, "page": "/[username]", "query": {"username": "0x58b084bf9e3bc5538311de12ef7ef4aa4e7bfdc4"}, "buildId": "fPHzAE9c9nph2AUK0K_6u", "isFallback": false, "dynamicIds": [33196, 55458, 54746], "gsp": true, "scriptLoader": []}