{"props": {"pageProps": {"username": "0x8743ea95c9e82eca4becd4ed678340a6ecf11f88", "user": {"userIndex": 48008, "publicKey": "0x8743eA95c9e82eCa4Becd4eD678340a6ecF11F88", "username": "zeyneptopalll", "profileImageUrl": "https://f8n-production.s3.amazonaws.com/creators/profile/jr1la5ksr-9e8c4cbc-f943-439d-b567-1bc22d450322-jpg-gdrg6j.JPG", "coverImageUrl": "", "name": "Zeynep Topal", "bio": "Architect , Computational Designer  ", "isApprovedCreator": true, "moderationStatus": "ACTIVE", "joinedWaitlistAt": "2021-04-16T12:56:40.987", "createdAt": "2021-04-16T12:43:44.996025", "migratedToUser": null, "isApprovedForMigrationAt": null, "firstName": null, "lastName": null, "isAdmin": false, "links": {"tiktok": {"handle": "", "platform": "tiktok"}, "twitch": {"handle": "", "platform": "twitch"}, "discord": {"handle": "", "platform": "discord"}, "twitter": {"handle": "", "platform": "twitter"}, "website": {"handle": "", "platform": "website"}, "youtube": {"handle": "", "platform": "youtube"}, "facebook": {"handle": "zeynep.topal.5099", "platform": "facebook"}, "snapchat": {"handle": "", "platform": "snapchat"}, "instagram": {"handle": "zetzdezign", "platform": "instagram"}}, "acceptedInvite": {"senderPublicKey": "0x32e1254CAd225FF9E41BF456577479cd4197Ae2A", "redeemerPublicKey": "0x8743eA95c9e82eCa4Becd4eD678340a6ecF11F88", "redeemedAt": "2021-04-19T10:01:32.941"}, "twitSocialVerifs": [{"id": "d81f31da-c186-498a-b0d8-52f6aa0493fd", "user": "0x8743eA95c9e82eCa4Becd4eD678340a6ecF11F88", "createdAt": "2021-04-16T12:55:09.105316", "updatedAt": "2021-04-16T12:55:10.839571", "lastCheckedAt": "2021-04-16T12:55:10.768", "socialVerificationURL": "https://twitter.com/zetzdezign/status/1383041207761244160", "verificationText": "I\u2019m on @withFND \ud83c\udf10\n\n0x8743eA95c9e82eCa4Becd4eD678340a6ecF11F88\n\nhttps://t.co/mpqubqeqKC", "userId": "1381574541911154690", "username": "zetzdezign", "isValid": true, "service": "TWITTER", "failedReason": null, "status": null}], "instaSocialVerifs": []}, "profileExists": true, "collectors": [], "createdCount": 0}, "__N_SSG": true}, "page": "/[username]", "query": {"username": "0x8743ea95c9e82eca4becd4ed678340a6ecf11f88"}, "buildId": "fPHzAE9c9nph2AUK0K_6u", "isFallback": false, "dynamicIds": [33196, 55458, 54746], "gsp": true, "scriptLoader": []}