{"props": {"pageProps": {"username": "0xd12972669ff638f637df4ed8d357b34a5455c8a2", "user": {"userIndex": 23637, "publicKey": "0xD12972669FF638f637Df4Ed8D357b34a5455C8a2", "username": "leandrospaletta", "profileImageUrl": "https://f8n-production.s3.amazonaws.com/creators/profile/wf5oc2956-eu2-png-qt8p1t.png", "coverImageUrl": "https://f8n-production.s3.amazonaws.com/creators/profile/genes2kty-whatsapp-image-2021-03-23-at-12-27-14-jpeg-9f2mjw.jpeg", "name": "Leandro Spaletta", "bio": "Artist, Motion and Tech Designer / Maker", "isApprovedCreator": true, "moderationStatus": "ACTIVE", "joinedWaitlistAt": null, "createdAt": "2021-03-23T15:17:01.045552", "migratedToUser": null, "isApprovedForMigrationAt": null, "firstName": null, "lastName": null, "isAdmin": false, "links": {"tiktok": {"handle": "", "platform": "tiktok"}, "twitch": {"handle": "", "platform": "twitch"}, "discord": {"handle": "Leandro#5903", "platform": "discord"}, "twitter": {"handle": "leandrospaletta", "platform": "twitter"}, "website": {"handle": "pluma.tv", "platform": "website"}, "youtube": {"handle": "", "platform": "youtube"}, "facebook": {"handle": "leandrospaletta", "platform": "facebook"}, "snapchat": {"handle": "", "platform": "snapchat"}, "instagram": {"handle": "leandrospaletta", "platform": "instagram"}}, "acceptedInvite": {"senderPublicKey": "0x7712bd2ff1000156910B0b630dfC089c30172DFf", "redeemerPublicKey": "0xD12972669FF638f637Df4Ed8D357b34a5455C8a2", "redeemedAt": "2021-03-25T20:59:11.792"}, "twitSocialVerifs": [{"id": "ad8360a3-f1c2-4a60-ae1a-7b47e2390d2e", "user": "0xD12972669FF638f637Df4Ed8D357b34a5455C8a2", "createdAt": "2021-03-23T15:46:23.337817", "updatedAt": "2021-03-23T17:43:29.27756", "lastCheckedAt": "2021-03-23T17:43:28.966", "socialVerificationURL": "https://twitter.com/leandrospaletta/status/1374387018260647949", "verificationText": "I\u2019m on @withFND \ud83c\udf10\n\n0xD12972669FF638f637Df4Ed8D357b34a5455C8a2\n\nhttps://t.co/JsJ5DqsVGh", "userId": "206440562", "username": "leandrospaletta", "isValid": true, "service": "TWITTER", "failedReason": null, "status": null}], "instaSocialVerifs": []}, "profileExists": true, "collectors": [], "createdCount": 0}, "__N_SSG": true}, "page": "/[username]", "query": {"username": "0xd12972669ff638f637df4ed8d357b34a5455c8a2"}, "buildId": "fPHzAE9c9nph2AUK0K_6u", "isFallback": false, "dynamicIds": [33196, 55458, 54746], "gsp": true, "scriptLoader": []}