{"props": {"pageProps": {"username": "0x370ee5c3d6ecfdf7abf27eabd78baeecbb9def21", "user": {"userIndex": 71851, "publicKey": "0x370eE5c3D6eCFDf7Abf27eABd78BAEecBB9dEf21", "username": "lemming", "profileImageUrl": "https://f8n-production.s3.amazonaws.com/creators/profile/dtjufpk9m-p1-jpg-entira.jpg", "coverImageUrl": "https://f8n-production.s3.amazonaws.com/creators/profile/6rhelkl0b-full-wings-tattoo-jpg-hmt3ay.jpg", "name": "Peppe", "bio": "We are depicting our own lives, a lifelong piece that's not finished until our energy is transformed into energy unknown to us on earth.", "isApprovedCreator": true, "moderationStatus": "ACTIVE", "joinedWaitlistAt": null, "createdAt": "2021-05-28T15:16:16.221663", "migratedToUser": null, "isApprovedForMigrationAt": null, "firstName": null, "lastName": null, "isAdmin": false, "links": {"tiktok": {"handle": "", "platform": "tiktok"}, "twitch": {"handle": "", "platform": "twitch"}, "discord": {"handle": "", "platform": "discord"}, "twitter": {"handle": "", "platform": "twitter"}, "website": {"handle": "", "platform": "website"}, "youtube": {"handle": "", "platform": "youtube"}, "facebook": {"handle": "", "platform": "facebook"}, "snapchat": {"handle": "", "platform": "snapchat"}, "instagram": {"handle": "", "platform": "instagram"}}, "acceptedInvite": {"senderPublicKey": "0xE449df0665d01451527D82461078D4a2a5928B30", "redeemerPublicKey": "0x370eE5c3D6eCFDf7Abf27eABd78BAEecBB9dEf21", "redeemedAt": "2021-06-02T11:16:40.008"}, "twitSocialVerifs": [{"id": "945bd540-522a-4bf3-866c-ee9215373387", "user": "0x370eE5c3D6eCFDf7Abf27eABd78BAEecBB9dEf21", "createdAt": "2021-05-28T17:20:52.290992", "updatedAt": "2021-05-28T17:20:52.870317", "lastCheckedAt": "2021-05-28T17:20:52.854", "socialVerificationURL": "https://twitter.com/Peppe65903565/status/1398327303227195398", "verificationText": "I\u2019m on @withFND \ud83c\udf10\n\n0x370eE5c3D6eCFDf7Abf27eABd78BAEecBB9dEf21\n\nhttps://t.co/Y7R7fy3iew", "userId": "1398326300532785153", "username": "Peppe65903565", "isValid": true, "service": "TWITTER", "failedReason": null, "status": null}], "instaSocialVerifs": []}, "profileExists": true, "collectors": [], "createdCount": 0}, "__N_SSG": true}, "page": "/[username]", "query": {"username": "0x370ee5c3d6ecfdf7abf27eabd78baeecbb9def21"}, "buildId": "fPHzAE9c9nph2AUK0K_6u", "isFallback": false, "dynamicIds": [33196, 55458, 54746], "gsp": true, "scriptLoader": []}