{"props": {"pageProps": {"username": "0xbfb8c3045b0a82c89a3e2ff302aa5c04a2a2d359", "user": {"userIndex": 42483, "publicKey": "0xbFB8C3045b0A82c89A3E2fF302AA5C04a2A2d359", "username": "cfinn", "profileImageUrl": "https://f8n-production.s3.amazonaws.com/creators/profile/rdqb7w5s0-facemask-comp-cfinn-v005-gif-2cpqec.gif", "coverImageUrl": "https://f8n-production.s3.amazonaws.com/creators/profile/qd9stiu3n-coverimage-copy-jpg-h9e44u.jpg", "name": "Chris Finn", "bio": "Director / Designer based in LA. \n\nA multi-disciplinary, design-driven storyteller that spans the mediums of live-action, animation, VFX and emerging technologies.", "isApprovedCreator": true, "moderationStatus": "ACTIVE", "joinedWaitlistAt": null, "createdAt": "2021-03-02T17:15:29.539441", "migratedToUser": null, "isApprovedForMigrationAt": null, "firstName": null, "lastName": null, "isAdmin": false, "links": {"tiktok": {"handle": "", "platform": "tiktok"}, "twitch": {"handle": "", "platform": "twitch"}, "discord": {"handle": "cfinn#0298", "platform": "discord"}, "twitter": {"handle": "", "platform": "twitter"}, "website": {"handle": "chrisfinn.tv", "platform": "website"}, "youtube": {"handle": "", "platform": "youtube"}, "facebook": {"handle": "", "platform": "facebook"}, "snapchat": {"handle": "", "platform": "snapchat"}, "instagram": {"handle": "cfinn3", "platform": "instagram"}}, "acceptedInvite": {"senderPublicKey": "0xDFb3a98e3E79D4671f632460594ffC2aa750Deb2", "redeemerPublicKey": "0xbFB8C3045b0A82c89A3E2fF302AA5C04a2A2d359", "redeemedAt": "2021-04-11T01:48:31.509"}, "twitSocialVerifs": [{"id": "a960e34b-fbc8-4367-a526-1454e398b500", "user": "0xbFB8C3045b0A82c89A3E2fF302AA5C04a2A2d359", "createdAt": "2021-05-03T15:58:56.370223", "updatedAt": "2021-05-03T15:59:07.888317", "lastCheckedAt": "2021-05-03T15:59:07.868", "socialVerificationURL": "https://twitter.com/cfinn3/status/1389248079082123272", "verificationText": "I\u2019m on @withFND \ud83c\udf10\n\n0xbFB8C3045b0A82c89A3E2fF302AA5C04a2A2d359\n\nhttps://t.co/nlNCk8yB68", "userId": "63146082", "username": "cfinn3", "isValid": true, "service": "TWITTER", "failedReason": null, "status": null}], "instaSocialVerifs": [{"id": "6d5c6e52-036d-43ee-b5e7-5e92682af062", "user": "0xbFB8C3045b0A82c89A3E2fF302AA5C04a2A2d359", "createdAt": "2021-04-24T23:10:22.089109", "updatedAt": "2021-04-24T23:10:22.089109", "lastCheckedAt": "2021-04-24T23:10:22.085", "socialVerificationURL": null, "verificationText": null, "userId": "17841401485360099", "username": "cfinn3", "isValid": true, "service": "INSTAGRAM", "failedReason": null, "status": null}]}, "profileExists": true, "collectors": [], "createdCount": 0}, "__N_SSG": true}, "page": "/[username]", "query": {"username": "0xbfb8c3045b0a82c89a3e2ff302aa5c04a2a2d359"}, "buildId": "fPHzAE9c9nph2AUK0K_6u", "isFallback": false, "dynamicIds": [33196, 55458, 54746], "gsp": true, "scriptLoader": []}