{"props": {"pageProps": {"username": "0x75671cfcb4d40f53d95833b76ddf5370e7de661a", "user": {"userIndex": 46156, "publicKey": "0x75671CFCB4D40F53D95833B76ddf5370E7de661a", "username": "neondreamscapes", "profileImageUrl": "https://f8n-production.s3.amazonaws.com/creators/profile/7eb1f2f0r-himanshi-shah-jpg-6n4jr8.JPG", "coverImageUrl": "https://f8n-production.s3.amazonaws.com/creators/profile/tmxw8c20l-coverpicture-copy-jpg-fm6ff8.jpg", "name": "Himanshi Shah", "bio": "\nStepping onto the neon-lit alleys of Tokyo for the first time, I found myself teleported to a whole new reality. And that formed the genesis of Neon Dreamscapes.", "isApprovedCreator": true, "moderationStatus": "ACTIVE", "joinedWaitlistAt": null, "createdAt": "2021-04-13T19:52:32.916255", "migratedToUser": null, "isApprovedForMigrationAt": null, "firstName": null, "lastName": null, "isAdmin": false, "links": {"tiktok": {"handle": "", "platform": "tiktok"}, "twitch": {"handle": "", "platform": "twitch"}, "discord": {"handle": "", "platform": "discord"}, "twitter": {"handle": "", "platform": "twitter"}, "website": {"handle": "https://neondreamscapes.com/", "platform": "website"}, "youtube": {"handle": "", "platform": "youtube"}, "facebook": {"handle": "http://facebook.com/neondreamscapes", "platform": "facebook"}, "snapchat": {"handle": "", "platform": "snapchat"}, "instagram": {"handle": "neondreamscapes", "platform": "instagram"}}, "acceptedInvite": {"senderPublicKey": "0x90451243Ad2d7Da2229FCAa263f460DFF2E375cE", "redeemerPublicKey": "0x75671CFCB4D40F53D95833B76ddf5370E7de661a", "redeemedAt": "2021-04-13T22:36:40.897"}, "twitSocialVerifs": [{"id": "485ce40b-5fb0-47eb-8f70-c2ecc1bb1dce", "user": "0x75671CFCB4D40F53D95833B76ddf5370E7de661a", "createdAt": "2021-04-13T22:58:23.235218", "updatedAt": "2021-04-13T22:58:25.925028", "lastCheckedAt": "2021-04-13T22:58:25.908", "socialVerificationURL": "https://twitter.com/neondreamscapes/status/1382105790115368962", "verificationText": "I\u2019m on @withFND \ud83c\udf10\n\n0x75671CFCB4D40F53D95833B76ddf5370E7de661a\n\nhttps://t.co/318B8BAjOI", "userId": "1285932804233035776", "username": "neondreamscapes", "isValid": true, "service": "TWITTER", "failedReason": null, "status": null}], "instaSocialVerifs": [{"id": "0841ba01-3d6b-4675-8615-e8d8cf22ab08", "user": "0x75671CFCB4D40F53D95833B76ddf5370E7de661a", "createdAt": "2021-04-21T01:25:59.932412", "updatedAt": "2021-04-21T01:25:59.932412", "lastCheckedAt": "2021-04-21T01:25:59.913", "socialVerificationURL": null, "verificationText": null, "userId": "17841405849331293", "username": "neondreamscapes", "isValid": true, "service": "INSTAGRAM", "failedReason": null, "status": null}]}, "profileExists": true, "collectors": [{"userIndex": 18660, "publicKey": "0x90451243Ad2d7Da2229FCAa263f460DFF2E375cE", "username": "tokyoluv", "profileImageUrl": "https://f8n-production.s3.amazonaws.com/creators/profile/9zugsavlu-moshed-07-09-17-46-55-gif-8sq9j1.gif", "coverImageUrl": "https://f8n-production.s3.amazonaws.com/creators/profile/udjerhrjn-moshed-07-01-11-55-3-gif-h45ysu.gif", "name": "TOKYOLUV", "bio": "Visual artist and street photographer who crafts lush, cyberpunk-inspired shots of cities.", "isApprovedCreator": true, "moderationStatus": "ACTIVE", "joinedWaitlistAt": null, "createdAt": "2021-03-18T05:12:20.352412", "migratedToUser": null, "isApprovedForMigrationAt": null, "follows": [], "highestBidAuctions": [{"endsAt": "2021-05-28T01:11:16"}], "highestBidAuctions_aggregate": {"aggregate": {"count": 1}}}], "createdCount": 0}, "__N_SSG": true}, "page": "/[username]", "query": {"username": "0x75671cfcb4d40f53d95833b76ddf5370e7de661a"}, "buildId": "fPHzAE9c9nph2AUK0K_6u", "isFallback": false, "dynamicIds": [33196, 55458, 54746], "gsp": true, "scriptLoader": []}