{"props": {"pageProps": {"username": "0x5bce88164707acf98954add77b1c139a374a7468", "user": {"userIndex": 19254, "publicKey": "0x5BcE88164707ACF98954ADD77b1c139a374A7468", "username": "Naits", "profileImageUrl": "https://f8n-production.s3.amazonaws.com/creators/profile/zgca99kzt-image3a9110-glitch3-jpg-g5deue.jpg", "coverImageUrl": "", "name": "Stian", "bio": "", "isApprovedCreator": true, "moderationStatus": "ACTIVE", "joinedWaitlistAt": null, "createdAt": "2021-03-18T22:12:56.187831", "migratedToUser": null, "isApprovedForMigrationAt": null, "firstName": null, "lastName": null, "isAdmin": false, "links": {"tiktok": {"handle": "", "platform": "tiktok"}, "twitch": {"handle": "", "platform": "twitch"}, "discord": {"handle": "", "platform": "discord"}, "twitter": {"handle": "", "platform": "twitter"}, "website": {"handle": "", "platform": "website"}, "youtube": {"handle": "", "platform": "youtube"}, "facebook": {"handle": "", "platform": "facebook"}, "snapchat": {"handle": "", "platform": "snapchat"}, "instagram": {"handle": "", "platform": "instagram"}}, "acceptedInvite": {"senderPublicKey": "0xc7A4C6057469156921DD05C986DEfb47C290c32B", "redeemerPublicKey": "0x5BcE88164707ACF98954ADD77b1c139a374A7468", "redeemedAt": "2021-03-18T22:13:00.269"}, "twitSocialVerifs": [], "instaSocialVerifs": []}, "profileExists": true, "collectors": [], "createdCount": 0}, "__N_SSG": true}, "page": "/[username]", "query": {"username": "0x5bce88164707acf98954add77b1c139a374a7468"}, "buildId": "fPHzAE9c9nph2AUK0K_6u", "isFallback": false, "dynamicIds": [33196, 55458, 54746], "gsp": true, "scriptLoader": []}