{"props": {"pageProps": {"username": "0xeb418e53efcdc351137c9a81c70967b8d7063f4c", "user": {"userIndex": 109, "publicKey": "0xeb418E53EFcDc351137C9A81c70967b8D7063f4C", "username": "peenpoon", "profileImageUrl": "https://f8n-production.s3.amazonaws.com/creators/profile/rn73d164m-peenpoon-profile-picture-round-png-i1vwef.png", "coverImageUrl": "https://f8n-production.s3.amazonaws.com/creators/profile/cy2f5r4dh-reddit-banner-layout-april-jpg-dek4o5.jpg", "name": "peenpoon", "bio": "\ntechnology + expression = freedom.", "isApprovedCreator": true, "moderationStatus": "ACTIVE", "joinedWaitlistAt": null, "createdAt": "2021-01-28T22:59:14.713426", "migratedToUser": null, "isApprovedForMigrationAt": null, "firstName": null, "lastName": null, "isAdmin": false, "links": {"tiktok": {"handle": "", "platform": "tiktok"}, "twitch": {"handle": "notpeenpoon", "platform": "twitch"}, "discord": {"handle": "", "platform": "discord"}, "twitter": {"handle": "peenpoontweets", "platform": "twitter"}, "website": {"handle": "www.peenpoon.com", "platform": "website"}, "youtube": {"handle": "", "platform": "youtube"}, "facebook": {"handle": "peenpoontheartist", "platform": "facebook"}, "snapchat": {"handle": "", "platform": "snapchat"}, "instagram": {"handle": "peenpoon", "platform": "instagram"}}, "acceptedInvite": null, "twitSocialVerifs": [{"id": "0f6f9f74-1357-4b64-a8d0-a4afdc52b30f", "user": "0xeb418E53EFcDc351137C9A81c70967b8D7063f4C", "createdAt": "2021-03-14T16:58:30.056988", "updatedAt": "2021-03-14T16:58:31.779579", "lastCheckedAt": "2021-03-14T16:58:31.761", "socialVerificationURL": "https://twitter.com/peenpoontweets/status/1371143639301292036?s=20", "verificationText": "I\u2019m on @withFND \ud83c\udf10\n\n0xeb418E53EFcDc351137C9A81c70967b8D7063f4C\n\nhttps://t.co/o7il0YHJKa", "userId": "59649294", "username": "peenpoontweets", "isValid": true, "service": "TWITTER", "failedReason": null, "status": null}], "instaSocialVerifs": [{"id": "7793745a-3c7c-4084-8a59-65cc1455c501", "user": "0xeb418E53EFcDc351137C9A81c70967b8D7063f4C", "createdAt": "2021-04-24T20:48:40.620742", "updatedAt": "2021-04-24T20:48:40.620742", "lastCheckedAt": "2021-04-24T20:48:40.619", "socialVerificationURL": null, "verificationText": null, "userId": "17841400263010383", "username": "peenpoon", "isValid": true, "service": "INSTAGRAM", "failedReason": null, "status": null}]}, "profileExists": true, "collectors": [], "createdCount": 0}, "__N_SSG": true}, "page": "/[username]", "query": {"username": "0xeb418e53efcdc351137c9a81c70967b8d7063f4c"}, "buildId": "fPHzAE9c9nph2AUK0K_6u", "isFallback": false, "dynamicIds": [33196, 55458, 54746], "gsp": true, "scriptLoader": []}