{"props": {"pageProps": {"username": "0xff1e8f16a59d77c8c70a13fa183040fb1e2fb2f6", "user": {"userIndex": null, "publicKey": "0xFf1e8f16A59D77c8C70a13fa183040fb1e2Fb2f6", "username": null, "profileImageUrl": null, "coverImageUrl": null, "name": null, "bio": null, "isApprovedCreator": false, "moderationStatus": "ACTIVE", "joinedWaitlistAt": null, "createdAt": "2021-04-24T20:11:25.251536", "migratedToUser": null, "isApprovedForMigrationAt": null, "firstName": null, "lastName": null, "isAdmin": false, "links": {}, "acceptedInvite": null, "twitSocialVerifs": [], "instaSocialVerifs": []}, "profileExists": true, "collectors": [], "createdCount": 0}, "__N_SSG": true}, "page": "/[username]", "query": {"username": "0xff1e8f16a59d77c8c70a13fa183040fb1e2fb2f6"}, "buildId": "fPHzAE9c9nph2AUK0K_6u", "isFallback": false, "dynamicIds": [33196, 55458, 54746], "gsp": true, "scriptLoader": []}