{"props": {"pageProps": {"username": "0x8e565b371f58325c7fce178941bbc79792464deb", "user": {"userIndex": 29919, "publicKey": "0x8e565b371f58325c7fce178941bBc79792464DEb", "username": "astrazero", "profileImageUrl": "https://f8n-production.s3.amazonaws.com/creators/profile/jwkws9xkb-astrazero-jpeg-xc4aqj.jpeg", "coverImageUrl": "https://f8n-production.s3.amazonaws.com/creators/profile/6bgxi8njk-image0-jpeg-ncvtdh.jpeg", "name": "Astra Zero", "bio": "Alternative Artist", "isApprovedCreator": true, "moderationStatus": "ACTIVE", "joinedWaitlistAt": "2021-04-08T05:53:06.592", "createdAt": "2021-03-28T04:04:29.907679", "migratedToUser": null, "isApprovedForMigrationAt": null, "firstName": null, "lastName": null, "isAdmin": false, "links": {"tiktok": {"handle": "astrazerox", "platform": "tiktok"}, "twitch": {"handle": "", "platform": "twitch"}, "discord": {"handle": "", "platform": "discord"}, "twitter": {"handle": "dustinzero", "platform": "twitter"}, "website": {"handle": "astrazero.com", "platform": "website"}, "youtube": {"handle": "", "platform": "youtube"}, "facebook": {"handle": "astrazero", "platform": "facebook"}, "snapchat": {"handle": "", "platform": "snapchat"}, "instagram": {"handle": "astrazero", "platform": "instagram"}}, "acceptedInvite": {"senderPublicKey": "0x72d25360e4652CE208875B73CbA4f88E017A103D", "redeemerPublicKey": "0x8e565b371f58325c7fce178941bBc79792464DEb", "redeemedAt": "2021-04-11T06:30:01.213"}, "twitSocialVerifs": [{"id": "2b45c18a-a6ef-4f10-968d-4147457ba83e", "user": "0x8e565b371f58325c7fce178941bBc79792464DEb", "createdAt": "2021-04-08T05:51:10.655888", "updatedAt": "2021-04-08T05:51:15.512618", "lastCheckedAt": "2021-04-08T05:51:15.505", "socialVerificationURL": "https://twitter.com/dustinzero/status/1380035298407501825?s=20", "verificationText": "I\u2019m on @withFND \ud83c\udf10\n\n0x8e565b371f58325c7fce178941bBc79792464DEb\n\nhttps://t.co/sgo9Jw5CFR", "userId": "31053508", "username": "dustinzero", "isValid": true, "service": "TWITTER", "failedReason": null, "status": null}], "instaSocialVerifs": []}, "profileExists": true, "collectors": [], "createdCount": 0}, "__N_SSG": true}, "page": "/[username]", "query": {"username": "0x8e565b371f58325c7fce178941bbc79792464deb"}, "buildId": "fPHzAE9c9nph2AUK0K_6u", "isFallback": false, "dynamicIds": [33196, 55458, 54746], "gsp": true, "scriptLoader": []}