{"props": {"pageProps": {"username": "0xd6de4506eb4e02eda3f2ac2978110f351f42a7ce", "user": {"userIndex": null, "publicKey": "0xd6dE4506eB4E02Eda3f2Ac2978110f351F42A7cE", "username": null, "profileImageUrl": null, "coverImageUrl": null, "name": null, "bio": null, "isApprovedCreator": false, "moderationStatus": "ACTIVE", "joinedWaitlistAt": null, "createdAt": "2021-05-17T04:12:49.485777", "migratedToUser": null, "isApprovedForMigrationAt": null, "firstName": null, "lastName": null, "isAdmin": false, "links": {}, "acceptedInvite": null, "twitSocialVerifs": [], "instaSocialVerifs": []}, "profileExists": true, "collectors": [], "createdCount": 0}, "__N_SSG": true}, "page": "/[username]", "query": {"username": "0xd6de4506eb4e02eda3f2ac2978110f351f42a7ce"}, "buildId": "fPHzAE9c9nph2AUK0K_6u", "isFallback": false, "dynamicIds": [33196, 55458, 54746], "gsp": true, "scriptLoader": []}