{"props": {"pageProps": {"username": "0x13c4d22a8dbb2559b516e10fe0de47ba4b4a03eb", "user": {"userIndex": 2486, "publicKey": "0x13c4d22a8dbB2559B516E10FE0DE47ba4b4A03EB", "username": "Spancs", "profileImageUrl": "https://f8n-production.s3.amazonaws.com/creators/profile/c9ximzdef-spancscomm-22-png-v5rjc2.png", "coverImageUrl": "https://f8n-production.s3.amazonaws.com/creators/profile/eit0b2av3-lostemotions-gif-u0tek7.gif", "name": "Spancs", "bio": "Spancs is a digital and visual effects artist based in Germany. His art reflects his appreciation for nature, abstract art and colors. He loves to tell stories through art.\n\nCredits: Netflix, HBO", "isApprovedCreator": true, "moderationStatus": "ACTIVE", "joinedWaitlistAt": null, "createdAt": "2021-02-21T12:18:36.028225", "migratedToUser": null, "isApprovedForMigrationAt": null, "firstName": null, "lastName": null, "isAdmin": false, "links": {"tiktok": {"handle": "", "platform": "tiktok"}, "twitch": {"handle": "", "platform": "twitch"}, "discord": {"handle": "Spancs#2281", "platform": "discord"}, "twitter": {"handle": "ItsSpancs", "platform": "twitter"}, "website": {"handle": "www.behance.net/janhammer", "platform": "website"}, "youtube": {"handle": "", "platform": "youtube"}, "facebook": {"handle": "", "platform": "facebook"}, "snapchat": {"handle": "", "platform": "snapchat"}, "instagram": {"handle": "", "platform": "instagram"}}, "acceptedInvite": {"senderPublicKey": "0x0DDA698d2Fe2Fc1Fb8F5b54ee9cD77FBd5a1d08b", "redeemerPublicKey": "0x13c4d22a8dbB2559B516E10FE0DE47ba4b4A03EB", "redeemedAt": "2021-02-21T12:18:43.452"}, "twitSocialVerifs": [{"id": "3ae0d8bc-b0f9-4d85-abb1-9c033083beac", "user": "0x13c4d22a8dbB2559B516E10FE0DE47ba4b4A03EB", "createdAt": "2021-03-20T19:09:34.458479", "updatedAt": "2021-03-20T19:09:37.728374", "lastCheckedAt": "2021-03-20T19:09:37.633", "socialVerificationURL": "https://twitter.com/ItsSpancs/status/1373350990771015681?s=20", "verificationText": "I\u2019m on @withFND \ud83c\udf10\n\n0x13c4d22a8dbB2559B516E10FE0DE47ba4b4A03EB\n\nhttps://t.co/lSikoYlkeE", "userId": "1088155907723325440", "username": "ItsSpancs", "isValid": true, "service": "TWITTER", "failedReason": null, "status": null}], "instaSocialVerifs": [{"id": "03d1953d-b8ec-478a-923b-0df599bc526b", "user": "0x13c4d22a8dbB2559B516E10FE0DE47ba4b4A03EB", "createdAt": "2021-04-24T17:13:52.853894", "updatedAt": "2021-04-24T17:13:52.853894", "lastCheckedAt": "2021-04-24T17:13:52.845", "socialVerificationURL": null, "verificationText": null, "userId": "17841401124129754", "username": "itsspancs2", "isValid": true, "service": "INSTAGRAM", "failedReason": null, "status": null}]}, "profileExists": true, "collectors": [{"userIndex": 3725, "publicKey": "0x0150B0ec3c7b72879FbfdbDD79c18a8368B194E0", "username": "Aito", "profileImageUrl": "https://f8n-production.s3.amazonaws.com/creators/profile/6rfsu1wgr-te-le-chargement-jpeg-ou9rte.jpeg", "coverImageUrl": "", "name": "Aito", "bio": "a r t ", "isApprovedCreator": false, "moderationStatus": "ACTIVE", "joinedWaitlistAt": null, "createdAt": "2021-02-25T15:46:03.219345", "migratedToUser": null, "isApprovedForMigrationAt": null, "follows": [], "highestBidAuctions": [{"endsAt": "2021-04-04T21:49:50"}], "highestBidAuctions_aggregate": {"aggregate": {"count": 1}}}, {"userIndex": 27532, "publicKey": "0x2525f1a08a2d5f037DDa969f2Fa1B56E4b4B47f3", "username": "Partner", "profileImageUrl": "", "coverImageUrl": "", "name": "", "bio": "", "isApprovedCreator": true, "moderationStatus": "ACTIVE", "joinedWaitlistAt": null, "createdAt": "2021-03-17T04:28:09.675344", "migratedToUser": null, "isApprovedForMigrationAt": null, "follows": [], "highestBidAuctions": [{"endsAt": "2021-05-17T00:00:23"}], "highestBidAuctions_aggregate": {"aggregate": {"count": 1}}}, {"userIndex": 2608, "publicKey": "0x76C72ef6A5CCb6D5792235c231424c2c70D502b8", "username": "jamlex", "profileImageUrl": "https://f8n-production.s3.amazonaws.com/creators/profile/gfzkrqid0-pfp-png-qjmuyh.png", "coverImageUrl": "https://f8n-production.s3.amazonaws.com/creators/profile/40kdpky3f-header-png-lkf4ey.png", "name": "Jamlex", "bio": "My name is James, I'm an 18-year-old self-taught 3D Artist based in Ireland. I've always had a deep passion for Art and Digital design and I look forward to creating for decades to come. ", "isApprovedCreator": true, "moderationStatus": "ACTIVE", "joinedWaitlistAt": null, "createdAt": "2021-02-21T22:50:16.725184", "migratedToUser": null, "isApprovedForMigrationAt": null, "follows": [], "highestBidAuctions": [{"endsAt": "2021-03-08T10:33:26"}], "highestBidAuctions_aggregate": {"aggregate": {"count": 1}}}, {"userIndex": 79293, "publicKey": "0xc7502c148b7cf1f9fE9e7a255a77F9C1fd7DCCaF", "username": "NFTMillionaire", "profileImageUrl": "https://f8n-production.s3.amazonaws.com/creators/profile/r7ocp0maq-20cf1710-a630-4921-8897-4ff7bae60988-jpeg-c7c792.jpeg", "coverImageUrl": "https://f8n-production.s3.amazonaws.com/creators/profile/sya5k3v0g-nft-collection-sign-png-yq1dml.png", "name": "NFT Millionaire ", "bio": "NFT Collector \n", "isApprovedCreator": true, "moderationStatus": "ACTIVE", "joinedWaitlistAt": null, "createdAt": "2021-06-19T02:53:56.341387", "migratedToUser": null, "isApprovedForMigrationAt": null, "follows": [], "highestBidAuctions": [{"endsAt": "2021-07-23T02:02:15"}], "highestBidAuctions_aggregate": {"aggregate": {"count": 2}}}, {"userIndex": 3830, "publicKey": "0xF6C31D68D5ea02258b83E90508f330f05780346d", "username": "HEXA", "profileImageUrl": "https://f8n-production.s3.amazonaws.com/creators/profile/4kw7kgc8j-we-png-6awngt.png", "coverImageUrl": "https://f8n-production.s3.amazonaws.com/creators/profile/rkdftik06-space-png-3u5fwv.png", "name": "HEXA", "bio": "20 y/o 3D Artist from UK", "isApprovedCreator": true, "moderationStatus": "ACTIVE", "joinedWaitlistAt": null, "createdAt": "2021-02-25T21:35:24.499652", "migratedToUser": null, "isApprovedForMigrationAt": null, "follows": [], "highestBidAuctions": [{"endsAt": "2021-03-18T16:02:31"}], "highestBidAuctions_aggregate": {"aggregate": {"count": 1}}}], "createdCount": 0}, "__N_SSG": true}, "page": "/[username]", "query": {"username": "0x13c4d22a8dbb2559b516e10fe0de47ba4b4a03eb"}, "buildId": "fPHzAE9c9nph2AUK0K_6u", "isFallback": false, "dynamicIds": [33196, 55458, 54746], "gsp": true, "scriptLoader": []}