{"props": {"pageProps": {"username": "0xf19150346166531862d0351715a6167f26a94296", "user": {"userIndex": 22814, "publicKey": "0xf19150346166531862D0351715A6167F26A94296", "username": "yuliababanova", "profileImageUrl": "https://f8n-production.s3.amazonaws.com/creators/profile/v3665tgq4-profile-pic3-jpg-wagppc.jpg", "coverImageUrl": "https://f8n-production.s3.amazonaws.com/creators/profile/auody3908-background-jpg-cyj9g6.jpg", "name": "Yulia Babanova", "bio": "Mixing classical figurative oil painting with experimental techniques, mystical symbols and animation, Yulia makes otherworldly works that are reminiscent of the relics of ancient magical ritual.", "isApprovedCreator": true, "moderationStatus": "ACTIVE", "joinedWaitlistAt": "2021-03-23T06:04:52.201", "createdAt": "2021-03-23T05:51:58.600573", "migratedToUser": null, "isApprovedForMigrationAt": null, "firstName": null, "lastName": null, "isAdmin": false, "links": {"tiktok": {"handle": "", "platform": "tiktok"}, "twitch": {"handle": "", "platform": "twitch"}, "discord": {"handle": "yuliababanova#9141", "platform": "discord"}, "twitter": {"handle": "", "platform": "twitter"}, "website": {"handle": "", "platform": "website"}, "youtube": {"handle": "", "platform": "youtube"}, "facebook": {"handle": "", "platform": "facebook"}, "snapchat": {"handle": "", "platform": "snapchat"}, "instagram": {"handle": "yulia.babanova", "platform": "instagram"}}, "acceptedInvite": {"senderPublicKey": "0x592ea4C19Efc965f303F29eE3d5943319C92BA44", "redeemerPublicKey": "0xf19150346166531862D0351715A6167F26A94296", "redeemedAt": "2021-03-23T06:54:51.073"}, "twitSocialVerifs": [{"id": "0f5df5cb-1c93-4f38-8970-dc5452d69705", "user": "0xf19150346166531862D0351715A6167F26A94296", "createdAt": "2021-03-23T05:53:28.461106", "updatedAt": "2021-03-23T05:53:33.146623", "lastCheckedAt": "2021-03-23T05:53:33.134", "socialVerificationURL": "https://twitter.com/yuliababanova1/status/1374237780465704965", "verificationText": "I\u2019m on @withFND \ud83c\udf10\n\n0xf19150346166531862D0351715A6167F26A94296\n\nhttps://t.co/y1iFiyLq9m", "userId": "1370291428165750785", "username": "yuliababanova1", "isValid": true, "service": "TWITTER", "failedReason": null, "status": null}], "instaSocialVerifs": [{"id": "b4175f2b-9a29-4900-9b28-f1b4331b728e", "user": "0xf19150346166531862D0351715A6167F26A94296", "createdAt": "2021-04-20T06:51:27.475805", "updatedAt": "2021-04-20T06:51:27.475805", "lastCheckedAt": "2021-04-20T06:51:27.474", "socialVerificationURL": null, "verificationText": null, "userId": "17841416846991452", "username": "yulia.babanova", "isValid": true, "service": "INSTAGRAM", "failedReason": null, "status": null}]}, "profileExists": true, "collectors": [], "createdCount": 0}, "__N_SSG": true}, "page": "/[username]", "query": {"username": "0xf19150346166531862d0351715a6167f26a94296"}, "buildId": "fPHzAE9c9nph2AUK0K_6u", "isFallback": false, "dynamicIds": [33196, 55458, 54746], "gsp": true, "scriptLoader": []}