{"props": {"pageProps": {"username": "0x26f0fce14b0d0fed2a5b114024fa86abaa042020", "user": {"userIndex": 39299, "publicKey": "0x26F0FCe14b0d0fed2a5b114024Fa86aBAa042020", "username": "Hennet", "profileImageUrl": "https://f8n-production.s3.amazonaws.com/creators/profile/ae0ozsvpi-img-20210406-wa0015-jpg-g503g4.jpg", "coverImageUrl": "https://f8n-production.s3.amazonaws.com/creators/profile/axk1mvif0-profile-jpg-b5qgg8.jpg", "name": "Hennet", "bio": "Marcelo Hennet is an international Art Director & Motion Designer from Tenerife (Canary Islands). \n\nSpecialized in Abstract Art & Animation. ", "isApprovedCreator": true, "moderationStatus": "ACTIVE", "joinedWaitlistAt": null, "createdAt": "2021-04-06T15:44:50.081533", "migratedToUser": null, "isApprovedForMigrationAt": null, "firstName": null, "lastName": null, "isAdmin": false, "links": {"tiktok": {"handle": "", "platform": "tiktok"}, "twitch": {"handle": "", "platform": "twitch"}, "discord": {"handle": "", "platform": "discord"}, "twitter": {"handle": "", "platform": "twitter"}, "website": {"handle": "marcelohennet.de", "platform": "website"}, "youtube": {"handle": "", "platform": "youtube"}, "facebook": {"handle": "", "platform": "facebook"}, "snapchat": {"handle": "", "platform": "snapchat"}, "instagram": {"handle": "hennetstudio", "platform": "instagram"}}, "acceptedInvite": {"senderPublicKey": "0x05F5505a8C9A9Bb3eecbE9b2B234Fa826FeE5692", "redeemerPublicKey": "0x26F0FCe14b0d0fed2a5b114024Fa86aBAa042020", "redeemedAt": "2021-04-06T15:44:59.002"}, "twitSocialVerifs": [{"id": "274cb476-7983-4494-ab18-0f811a0f4d94", "user": "0x26F0FCe14b0d0fed2a5b114024Fa86aBAa042020", "createdAt": "2021-04-06T16:20:45.69241", "updatedAt": "2021-04-06T16:20:50.16005", "lastCheckedAt": "2021-04-06T16:20:50.119", "socialVerificationURL": "https://twitter.com/mhennet/status/1379468988070133762?s=20", "verificationText": "I\u2019m on @withFND \ud83c\udf10\n\n0x26F0FCe14b0d0fed2a5b114024Fa86aBAa042020\n\nhttps://t.co/NgLtw8LtIG", "userId": "399955123", "username": "mhennet", "isValid": true, "service": "TWITTER", "failedReason": null, "status": null}], "instaSocialVerifs": []}, "profileExists": true, "collectors": [], "createdCount": 0}, "__N_SSG": true}, "page": "/[username]", "query": {"username": "0x26f0fce14b0d0fed2a5b114024fa86abaa042020"}, "buildId": "fPHzAE9c9nph2AUK0K_6u", "isFallback": false, "dynamicIds": [33196, 55458, 54746], "gsp": true, "scriptLoader": []}