{"props": {"pageProps": {"username": "0x67f8a0269a8cb8b90c0dddc2e486beb6185e26c7", "user": {"userIndex": 22305, "publicKey": "0x67F8a0269a8cb8b90c0ddDC2e486bEB6185e26c7", "username": "luisdalvan", "profileImageUrl": "https://f8n-production.s3.amazonaws.com/creators/profile/axii1k8am-synapses-2-jpg-z2ruhl.jpg", "coverImageUrl": "https://f8n-production.s3.amazonaws.com/creators/profile/6fxpcrg24-capa-foundation-jpg-gr6587.jpg", "name": "Luis Dalvan", "bio": "Photographer and DoP", "isApprovedCreator": true, "moderationStatus": "ACTIVE", "joinedWaitlistAt": null, "createdAt": "2021-03-22T21:13:39.658887", "migratedToUser": null, "isApprovedForMigrationAt": null, "firstName": null, "lastName": null, "isAdmin": false, "links": {"tiktok": {"handle": "", "platform": "tiktok"}, "twitch": {"handle": "", "platform": "twitch"}, "discord": {"handle": "", "platform": "discord"}, "twitter": {"handle": "LuisDalvan", "platform": "twitter"}, "website": {"handle": "www.luisdalvan.com", "platform": "website"}, "youtube": {"handle": "", "platform": "youtube"}, "facebook": {"handle": "", "platform": "facebook"}, "snapchat": {"handle": "", "platform": "snapchat"}, "instagram": {"handle": "luisdalvan", "platform": "instagram"}}, "acceptedInvite": {"senderPublicKey": "0x6fE042644Bdc0fb116595A96AaB27fa12d0fc7c0", "redeemerPublicKey": "0x67F8a0269a8cb8b90c0ddDC2e486bEB6185e26c7", "redeemedAt": "2021-03-22T21:13:45.007"}, "twitSocialVerifs": [{"id": "fa625a62-7d5b-45ac-ae14-959fb56605a0", "user": "0x67F8a0269a8cb8b90c0ddDC2e486bEB6185e26c7", "createdAt": "2021-03-22T21:20:04.391278", "updatedAt": "2021-03-22T21:20:06.493185", "lastCheckedAt": "2021-03-22T21:20:06.451", "socialVerificationURL": "https://twitter.com/LuisDalvan/status/1374108229639241733?s=20", "verificationText": "I\u2019m on @withFND \ud83c\udf10\n\n0x67F8a0269a8cb8b90c0ddDC2e486bEB6185e26c7\n\nhttps://t.co/sFFqUpqtY7", "userId": "36740991", "username": "LuisDalvan", "isValid": true, "service": "TWITTER", "failedReason": null, "status": null}], "instaSocialVerifs": [{"id": "0500da2c-48da-49de-b36f-c5fde9a16266", "user": "0x67F8a0269a8cb8b90c0ddDC2e486bEB6185e26c7", "createdAt": "2021-04-20T13:47:34.646813", "updatedAt": "2021-04-20T13:47:34.646813", "lastCheckedAt": "2021-04-20T13:47:34.646", "socialVerificationURL": null, "verificationText": null, "userId": "17841400621095537", "username": "luisdalvan", "isValid": true, "service": "INSTAGRAM", "failedReason": null, "status": null}]}, "profileExists": true, "collectors": [], "createdCount": 0}, "__N_SSG": true}, "page": "/[username]", "query": {"username": "0x67f8a0269a8cb8b90c0dddc2e486beb6185e26c7"}, "buildId": "fPHzAE9c9nph2AUK0K_6u", "isFallback": false, "dynamicIds": [33196, 55458, 54746], "gsp": true, "scriptLoader": []}