{"props": {"pageProps": {"username": "0xaf376856963f2f93bc96f0435f911e52690b50e5", "user": {"userIndex": 78714, "publicKey": "0xAF376856963F2F93bc96F0435f911E52690B50E5", "username": "KingKaiju", "profileImageUrl": "https://f8n-production.s3.amazonaws.com/creators/profile/766i3pmr9-68728845-10212183785029629-8074890514819710976-n-jpg-pwzc2r.jpg", "coverImageUrl": "", "name": "David Ashotyan", "bio": "", "isApprovedCreator": true, "moderationStatus": "ACTIVE", "joinedWaitlistAt": null, "createdAt": "2021-06-16T15:29:56.991964", "migratedToUser": null, "isApprovedForMigrationAt": null, "firstName": null, "lastName": null, "isAdmin": false, "links": {"tiktok": {"handle": "", "platform": "tiktok"}, "twitch": {"handle": "", "platform": "twitch"}, "discord": {"handle": "", "platform": "discord"}, "twitter": {"handle": "", "platform": "twitter"}, "website": {"handle": "", "platform": "website"}, "youtube": {"handle": "", "platform": "youtube"}, "facebook": {"handle": "", "platform": "facebook"}, "snapchat": {"handle": "", "platform": "snapchat"}, "instagram": {"handle": "", "platform": "instagram"}}, "acceptedInvite": {"senderPublicKey": "0xe0404BB00907ae3eA30Fb9567316EA09125b79E3", "redeemerPublicKey": "0xAF376856963F2F93bc96F0435f911E52690B50E5", "redeemedAt": "2021-06-18T13:23:28.099"}, "twitSocialVerifs": [{"id": "5b28c600-cafe-489a-8af8-fb69b5bbddff", "user": "0xAF376856963F2F93bc96F0435f911E52690B50E5", "createdAt": "2021-06-16T15:31:53.543646", "updatedAt": "2021-06-16T15:31:55.690492", "lastCheckedAt": "2021-06-16T15:31:55.675", "socialVerificationURL": "https://twitter.com/DAshotyan/status/1405186303864365063", "verificationText": "I\u2019m on @withFND \ud83c\udf10\n\n0xAF376856963F2F93bc96F0435f911E52690B50E5\n\nhttps://t.co/ykYPNU1pvD", "userId": "1405154337337212932", "username": "DAshotyan", "isValid": true, "service": "TWITTER", "failedReason": null, "status": null}], "instaSocialVerifs": []}, "profileExists": true, "collectors": [], "createdCount": 0}, "__N_SSG": true}, "page": "/[username]", "query": {"username": "0xaf376856963f2f93bc96f0435f911e52690b50e5"}, "buildId": "fPHzAE9c9nph2AUK0K_6u", "isFallback": false, "dynamicIds": [33196, 55458, 54746], "gsp": true, "scriptLoader": []}