{"props": {"pageProps": {"username": "0x35b5814bcc85306b82fff77521302a5b50bf02e9", "user": {"userIndex": 41877, "publicKey": "0x35b5814BCc85306b82FFF77521302a5b50BF02E9", "username": "Sillvi_Studios", "profileImageUrl": "https://f8n-production.s3.amazonaws.com/creators/profile/dyd921gbr-sillviproperrred-png-o32p3v.png", "coverImageUrl": "https://f8n-production.s3.amazonaws.com/creators/profile/j6oly0qav-cover2-jpg-ruvi5l.jpg", "name": "Sillvi", "bio": "I am an illustrator that goes by the alias Sillvi.", "isApprovedCreator": true, "moderationStatus": "ACTIVE", "joinedWaitlistAt": null, "createdAt": "2021-04-09T09:49:08.319016", "migratedToUser": null, "isApprovedForMigrationAt": null, "firstName": null, "lastName": null, "isAdmin": false, "links": {"tiktok": {"handle": "", "platform": "tiktok"}, "twitch": {"handle": "", "platform": "twitch"}, "discord": {"handle": "", "platform": "discord"}, "twitter": {"handle": "", "platform": "twitter"}, "website": {"handle": "", "platform": "website"}, "youtube": {"handle": "", "platform": "youtube"}, "facebook": {"handle": "", "platform": "facebook"}, "snapchat": {"handle": "", "platform": "snapchat"}, "instagram": {"handle": "sillvi_illustrations", "platform": "instagram"}}, "acceptedInvite": {"senderPublicKey": "0xa6d514EE0B457ff4c2af51fADe6FC96b0b59E303", "redeemerPublicKey": "0x35b5814BCc85306b82FFF77521302a5b50BF02E9", "redeemedAt": "2021-04-09T09:49:11.886"}, "twitSocialVerifs": [{"id": "d839df5d-822a-4059-b908-c99573664242", "user": "0x35b5814BCc85306b82FFF77521302a5b50BF02E9", "createdAt": "2021-04-09T10:05:47.746201", "updatedAt": "2021-04-09T10:05:53.415845", "lastCheckedAt": "2021-04-09T10:05:53.369", "socialVerificationURL": "https://twitter.com/Sillvi_Studios/status/1380461900366929920", "verificationText": "I\u2019m on @withFND \ud83c\udf10\n\n0x35b5814BCc85306b82FFF77521302a5b50BF02E9\n\nhttps://t.co/ENehpuewZK", "userId": "1012951552456179712", "username": "Sillvi_Studios", "isValid": true, "service": "TWITTER", "failedReason": null, "status": null}], "instaSocialVerifs": []}, "profileExists": true, "collectors": [], "createdCount": 0}, "__N_SSG": true}, "page": "/[username]", "query": {"username": "0x35b5814bcc85306b82fff77521302a5b50bf02e9"}, "buildId": "fPHzAE9c9nph2AUK0K_6u", "isFallback": false, "dynamicIds": [33196, 55458, 54746], "gsp": true, "scriptLoader": []}