{"props": {"pageProps": {"username": "0xb4529f6d8e354de6c039b5a2c9244ecb8f739a1f", "user": {"userIndex": 68798, "publicKey": "0xB4529F6D8E354De6C039b5a2C9244Ecb8F739A1f", "username": "the_unfiltered_art", "profileImageUrl": "https://f8n-production.s3.amazonaws.com/creators/profile/awxllb973-copy-of-u-a-png-m5fals.png", "coverImageUrl": "https://f8n-production.s3.amazonaws.com/creators/profile/u4rcs2ayy-junglepunkfinal-jpg-zze4h7.jpg", "name": "Amandeep Singh", "bio": "An Artist, \nWho loves to create Sci-Fi and Cyberpunk Atmospheric Scenes. \n            \n#cyberpunk \n#scifi\n", "isApprovedCreator": true, "moderationStatus": "ACTIVE", "joinedWaitlistAt": "2021-05-19T10:49:26.783", "createdAt": "2021-05-19T10:44:28.342796", "migratedToUser": null, "isApprovedForMigrationAt": null, "firstName": null, "lastName": null, "isAdmin": false, "links": {"tiktok": {"handle": "", "platform": "tiktok"}, "twitch": {"handle": "", "platform": "twitch"}, "discord": {"handle": "", "platform": "discord"}, "twitter": {"handle": "", "platform": "twitter"}, "website": {"handle": "https://www.theunfilteredart.com/", "platform": "website"}, "youtube": {"handle": "", "platform": "youtube"}, "facebook": {"handle": "", "platform": "facebook"}, "snapchat": {"handle": "", "platform": "snapchat"}, "instagram": {"handle": "", "platform": "instagram"}}, "acceptedInvite": {"senderPublicKey": "0x4fE91B32cfbbA12f31Ea73331f932a3f031Ddb9F", "redeemerPublicKey": "0xB4529F6D8E354De6C039b5a2C9244Ecb8F739A1f", "redeemedAt": "2021-06-13T17:14:00.937"}, "twitSocialVerifs": [{"id": "c85d42c9-593c-4bef-bf32-dcc942348be7", "user": "0xB4529F6D8E354De6C039b5a2C9244Ecb8F739A1f", "createdAt": "2021-05-19T11:05:40.74795", "updatedAt": "2021-05-19T11:05:41.269882", "lastCheckedAt": "2021-05-19T11:05:41.251", "socialVerificationURL": "https://twitter.com/art_unfiltered/status/1394972429030772738", "verificationText": "I\u2019m on @withFND \ud83c\udf10\n\n0xB4529F6D8E354De6C039b5a2C9244Ecb8F739A1f\n\nhttps://t.co/vVlOhGEc0i", "userId": "1388328768561836032", "username": "art_unfiltered", "isValid": true, "service": "TWITTER", "failedReason": null, "status": null}], "instaSocialVerifs": [{"id": "b0a047d6-514e-4562-b611-cd45365ade24", "user": "0xB4529F6D8E354De6C039b5a2C9244Ecb8F739A1f", "createdAt": "2021-05-19T10:49:15.841312", "updatedAt": "2021-05-19T10:49:15.841312", "lastCheckedAt": "2021-05-19T10:49:15.801", "socialVerificationURL": null, "verificationText": null, "userId": "17841402940825820", "username": "the_unfiltered_art", "isValid": true, "service": "INSTAGRAM", "failedReason": null, "status": null}]}, "profileExists": true, "collectors": [{"userIndex": 2554, "publicKey": "0x88092b00147aF02A69fE764bbcD7Be4c78a97710", "username": "Beryl", "profileImageUrl": "https://f8n-production.s3.amazonaws.com/creators/profile/5rrbprwa5-img-0392-jpg-lf4bbb.JPG", "coverImageUrl": "https://f8n-production.s3.amazonaws.com/creators/profile/56skjr40v-serpent-still-png-n39qhe.png", "name": "Beryl Bilici", "bio": "Hi there, this is Beryl, self-taught 3D artist mostly focused on Character Design & Animation", "isApprovedCreator": true, "moderationStatus": "ACTIVE", "joinedWaitlistAt": null, "createdAt": "2021-02-21T19:37:49.337844", "migratedToUser": null, "isApprovedForMigrationAt": null, "follows": [], "highestBidAuctions": [{"endsAt": "2021-06-24T17:05:45"}], "highestBidAuctions_aggregate": {"aggregate": {"count": 1}}}], "createdCount": 0}, "__N_SSG": true}, "page": "/[username]", "query": {"username": "0xb4529f6d8e354de6c039b5a2c9244ecb8f739a1f"}, "buildId": "fPHzAE9c9nph2AUK0K_6u", "isFallback": false, "dynamicIds": [33196, 55458, 54746], "gsp": true, "scriptLoader": []}