{"props": {"pageProps": {"username": "0x81d7b1d1481c8e3650b2f267699c71b807f566ac", "user": {"userIndex": 81350, "publicKey": "0x81d7b1d1481C8e3650b2F267699C71B807f566Ac", "username": "beverleyhood", "profileImageUrl": "https://f8n-production.s3.amazonaws.com/creators/profile/0wtceptxq-img-1186-png-fc032s.PNG", "coverImageUrl": "https://f8n-production.s3.amazonaws.com/creators/profile/zxz4rqj2i-fox-007-bev-hood1548-web-jpg-fdj116.jpg", "name": "Beverley Hood", "bio": "Beverley Hood is an Edinburgh based artist. Her work scrutinises the impact of science and technology on the body, relationships and human experience, through digital media and performance projects. ", "isApprovedCreator": true, "moderationStatus": "ACTIVE", "joinedWaitlistAt": null, "createdAt": "2021-06-29T14:46:25.311184", "migratedToUser": null, "isApprovedForMigrationAt": null, "firstName": null, "lastName": null, "isAdmin": false, "links": {"tiktok": {"handle": "", "platform": "tiktok"}, "twitch": {"handle": "", "platform": "twitch"}, "discord": {"handle": "", "platform": "discord"}, "twitter": {"handle": "", "platform": "twitter"}, "website": {"handle": "www.bhood.co.uk", "platform": "website"}, "youtube": {"handle": "", "platform": "youtube"}, "facebook": {"handle": "", "platform": "facebook"}, "snapchat": {"handle": "", "platform": "snapchat"}, "instagram": {"handle": "", "platform": "instagram"}}, "acceptedInvite": {"senderPublicKey": "0x6852BBfB8394f53437A48b41dEEFAc1bD434c193", "redeemerPublicKey": "0x81d7b1d1481C8e3650b2F267699C71B807f566Ac", "redeemedAt": "2021-06-29T14:46:32.361"}, "twitSocialVerifs": [{"id": "5dcc008f-49f7-4ea4-86a9-ba20daf7a531", "user": "0x81d7b1d1481C8e3650b2F267699C71B807f566Ac", "createdAt": "2021-07-03T17:49:19.094346", "updatedAt": "2021-07-03T17:49:22.269583", "lastCheckedAt": "2021-07-03T17:49:22.25", "socialVerificationURL": "https://twitter.com/beverley_hood/status/1411381482594127874", "verificationText": "AI bot Watercolour NFTs (oxymoron?) now available to purchase on @withFND! \ud83c\udf10\n\n0x81d7b1d1481C8e3650b2F267699C71B807f566Ac\n\nhttps://t.co/KSHMeiRf4m", "userId": "121227692", "username": "beverley_hood", "isValid": true, "service": "TWITTER", "failedReason": null, "status": null}], "instaSocialVerifs": [{"id": "461895ca-a911-49c0-a924-064741b62539", "user": "0x81d7b1d1481C8e3650b2F267699C71B807f566Ac", "createdAt": "2021-06-29T15:45:54.963872", "updatedAt": "2021-06-29T15:45:54.963872", "lastCheckedAt": "2021-06-29T15:45:54.957", "socialVerificationURL": null, "verificationText": null, "userId": "17841408170667650", "username": "beverley.hood.studio", "isValid": true, "service": "INSTAGRAM", "failedReason": null, "status": null}]}, "profileExists": true, "collectors": [], "createdCount": 0}, "__N_SSG": true}, "page": "/[username]", "query": {"username": "0x81d7b1d1481c8e3650b2f267699c71b807f566ac"}, "buildId": "fPHzAE9c9nph2AUK0K_6u", "isFallback": false, "dynamicIds": [33196, 55458, 54746], "gsp": true, "scriptLoader": []}