{"props": {"pageProps": {"username": "0x44a8652424a374dd8795a6c2a151d0b8fcdc93d7", "user": {"userIndex": 71328, "publicKey": "0x44A8652424A374Dd8795a6C2a151d0b8FCdc93D7", "username": "mayleetodd", "profileImageUrl": "https://f8n-production.s3.amazonaws.com/creators/profile/4q5plwoy6-lo-rez2-png-wdlf3c.png", "coverImageUrl": "https://f8n-production.s3.amazonaws.com/creators/profile/ii3hhfy5i-maloo-pppp-gif-r05u39.gif", "name": "Maylee Todd", "bio": "3D Artist and Music Artist signed with Stones Throw Records.\n", "isApprovedCreator": true, "moderationStatus": "ACTIVE", "joinedWaitlistAt": "2021-05-28T01:04:51.193", "createdAt": "2021-05-26T22:35:49.247664", "migratedToUser": null, "isApprovedForMigrationAt": null, "firstName": null, "lastName": null, "isAdmin": false, "links": {"tiktok": {"handle": "@maylee_todd", "platform": "tiktok"}, "twitch": {"handle": "", "platform": "twitch"}, "discord": {"handle": "maylee#0861", "platform": "discord"}, "twitter": {"handle": "", "platform": "twitter"}, "website": {"handle": "www.mayleetodd.com", "platform": "website"}, "youtube": {"handle": "https://www.youtube.com/mayleetodd", "platform": "youtube"}, "facebook": {"handle": "", "platform": "facebook"}, "snapchat": {"handle": "", "platform": "snapchat"}, "instagram": {"handle": "", "platform": "instagram"}}, "acceptedInvite": {"senderPublicKey": "0xE3309Dd02F1f7254b8CbE478ac7b5519802E151c", "redeemerPublicKey": "0x44A8652424A374Dd8795a6C2a151d0b8FCdc93D7", "redeemedAt": "2021-05-28T20:03:27.148"}, "twitSocialVerifs": [], "instaSocialVerifs": [{"id": "219a2e4e-76c9-4a83-a2cf-b129d0a3d798", "user": "0x44A8652424A374Dd8795a6C2a151d0b8FCdc93D7", "createdAt": "2021-05-26T22:45:45.527886", "updatedAt": "2021-05-26T22:45:45.527886", "lastCheckedAt": "2021-05-26T22:45:45.502", "socialVerificationURL": null, "verificationText": null, "userId": "17841400805533781", "username": "mayleetodd", "isValid": true, "service": "INSTAGRAM", "failedReason": null, "status": null}]}, "profileExists": true, "collectors": [], "createdCount": 0}, "__N_SSG": true}, "page": "/[username]", "query": {"username": "0x44a8652424a374dd8795a6c2a151d0b8fcdc93d7"}, "buildId": "fPHzAE9c9nph2AUK0K_6u", "isFallback": false, "dynamicIds": [33196, 55458, 54746], "gsp": true, "scriptLoader": []}