{"props": {"pageProps": {"username": "0x2089e015c2cacf6d844cb32d0311ae35be916993", "user": {"userIndex": 1829, "publicKey": "0x2089e015c2CAcf6d844Cb32d0311ae35BE916993", "username": "danisonchik", "profileImageUrl": "https://f8n-production.s3.amazonaws.com/creators/profile/3fzbkke8w-danisonchik-logo-01-jpg-qf0dwj.jpg", "coverImageUrl": "https://f8n-production.s3.amazonaws.com/creators/profile/2lsdk4ijv-a-world-of-words-png-zszvt4.png", "name": "danisonchik", "bio": "Motion designer / Art director\nCollection \"A world of words\"", "isApprovedCreator": true, "moderationStatus": "ACTIVE", "joinedWaitlistAt": null, "createdAt": "2021-02-18T10:41:49.750033", "migratedToUser": null, "isApprovedForMigrationAt": null, "firstName": null, "lastName": null, "isAdmin": false, "links": {"tiktok": {"handle": "", "platform": "tiktok"}, "twitch": {"handle": "", "platform": "twitch"}, "discord": {"handle": "Danisonchik#5599", "platform": "discord"}, "twitter": {"handle": "", "platform": "twitter"}, "website": {"handle": "", "platform": "website"}, "youtube": {"handle": "", "platform": "youtube"}, "facebook": {"handle": "", "platform": "facebook"}, "snapchat": {"handle": "", "platform": "snapchat"}, "instagram": {"handle": "https://www.instagram.com/danisonchik", "platform": "instagram"}}, "acceptedInvite": {"senderPublicKey": "0x9C6F209600723cECB23993aF0D613459389d446c", "redeemerPublicKey": "0x2089e015c2CAcf6d844Cb32d0311ae35BE916993", "redeemedAt": "2021-04-10T18:46:07.816"}, "twitSocialVerifs": [{"id": "8dd193c7-efaf-4fa4-8823-d0a00745c049", "user": "0x2089e015c2CAcf6d844Cb32d0311ae35BE916993", "createdAt": "2021-04-24T21:54:46.749907", "updatedAt": "2021-04-24T21:54:51.722929", "lastCheckedAt": "2021-04-24T21:54:51.705", "socialVerificationURL": "https://twitter.com/danisonchik/status/1386076037935771652?s=20", "verificationText": "I\u2019m on @withFND \ud83c\udf10\n\n0x2089e015c2CAcf6d844Cb32d0311ae35BE916993\n\nhttps://t.co/ZMgcMfa3X6", "userId": "1362334548378402816", "username": "danisonchik", "isValid": true, "service": "TWITTER", "failedReason": null, "status": null}], "instaSocialVerifs": [{"id": "e43164cd-f768-41b0-8d01-15fc0c629018", "user": "0x2089e015c2CAcf6d844Cb32d0311ae35BE916993", "createdAt": "2021-05-02T17:50:06.757718", "updatedAt": "2021-05-02T17:50:06.757718", "lastCheckedAt": "2021-05-02T17:50:06.761", "socialVerificationURL": null, "verificationText": null, "userId": "17841401632216465", "username": "danisonchik", "isValid": true, "service": "INSTAGRAM", "failedReason": null, "status": null}]}, "profileExists": true, "collectors": [{"userIndex": 53563, "publicKey": "0x8be77f3DcC29e6A3efdbEbBa80D81257312525C4", "username": "itorstens", "profileImageUrl": "https://f8n-production.s3.amazonaws.com/creators/profile/o58elfxt4-tcsc-jpg-djp7ri.jpg", "coverImageUrl": "https://f8n-production.s3.amazonaws.com/creators/profile/dcfuo02sk-photo-1451187580459-43490279c0fa-jpeg-5kpnc7.jpeg", "name": "torstens", "bio": "NFT - Creative | Collector | Creator | CryptoCurrencies |  Photographer  | \n\nRESPECT ALL - LOVE ALL ... \n\n\u0183u\u0131\u0265\u0287\u028e\u0279\u01dd\u028c\u01dd s\u01ddln\u0279 \u01dd\u028col\n", "isApprovedCreator": true, "moderationStatus": "ACTIVE", "joinedWaitlistAt": null, "createdAt": "2021-04-23T09:10:40.035915", "migratedToUser": null, "isApprovedForMigrationAt": null, "follows": [], "highestBidAuctions": [{"endsAt": "2021-05-08T20:02:34"}], "highestBidAuctions_aggregate": {"aggregate": {"count": 1}}}, {"userIndex": 58173, "publicKey": "0xE68705Ee4f07365C31fB7927F7dA89Dfe710Ec5B", "username": "vesnex", "profileImageUrl": "https://f8n-production.s3.amazonaws.com/creators/profile/i6gybxnqj-century-906-png-fe1woj.png", "coverImageUrl": "", "name": "", "bio": "", "isApprovedCreator": false, "moderationStatus": "ACTIVE", "joinedWaitlistAt": null, "createdAt": "2021-04-10T00:56:48.811509", "migratedToUser": null, "isApprovedForMigrationAt": null, "follows": [], "highestBidAuctions": [{"endsAt": "2021-04-27T15:12:53"}], "highestBidAuctions_aggregate": {"aggregate": {"count": 1}}}], "createdCount": 0}, "__N_SSG": true}, "page": "/[username]", "query": {"username": "0x2089e015c2cacf6d844cb32d0311ae35be916993"}, "buildId": "fPHzAE9c9nph2AUK0K_6u", "isFallback": false, "dynamicIds": [33196, 55458, 54746], "gsp": true, "scriptLoader": []}