{"props": {"pageProps": {"username": "0x868a5b5b1bd58fc1bd68fa65f5e7b63d74e41107", "user": {"userIndex": 20067, "publicKey": "0x868a5b5b1BD58FC1Bd68FA65F5E7b63D74E41107", "username": "plouzzaa", "profileImageUrl": "https://f8n-production.s3.amazonaws.com/creators/profile/1fjafw91i-esq5ibcxeaesmua-jfif-u9boc0.jfif", "coverImageUrl": "", "name": "Plouzzaa", "bio": "", "isApprovedCreator": true, "moderationStatus": "ACTIVE", "joinedWaitlistAt": null, "createdAt": "2021-02-11T13:35:36.597447", "migratedToUser": null, "isApprovedForMigrationAt": null, "firstName": null, "lastName": null, "isAdmin": false, "links": {"tiktok": {"handle": "", "platform": "tiktok"}, "twitch": {"handle": "", "platform": "twitch"}, "discord": {"handle": "", "platform": "discord"}, "twitter": {"handle": "", "platform": "twitter"}, "website": {"handle": "plouzzaa.com", "platform": "website"}, "youtube": {"handle": "", "platform": "youtube"}, "facebook": {"handle": "", "platform": "facebook"}, "snapchat": {"handle": "", "platform": "snapchat"}, "instagram": {"handle": "", "platform": "instagram"}}, "acceptedInvite": {"senderPublicKey": "0x2EE92C196D63F2313A52C4Bb48F427361460636b", "redeemerPublicKey": "0x868a5b5b1BD58FC1Bd68FA65F5E7b63D74E41107", "redeemedAt": "2021-03-19T22:49:55.232"}, "twitSocialVerifs": [{"id": "78c37aba-df2d-44d8-a6d8-dd49ed7fadd3", "user": "0x868a5b5b1BD58FC1Bd68FA65F5E7b63D74E41107", "createdAt": "2021-03-19T22:52:23.706643", "updatedAt": "2021-03-19T22:52:24.015965", "lastCheckedAt": "2021-03-19T22:52:24.003", "socialVerificationURL": "https://twitter.com/plouzzaa/status/1373044512977739777?s=20", "verificationText": "I\u2019m on @withFND \ud83c\udf10\n\n0x868a5b5b1BD58FC1Bd68FA65F5E7b63D74E41107\n\nhttps://t.co/2ge1pXSL1G", "userId": "1207015977709395968", "username": "plouzzaa", "isValid": true, "service": "TWITTER", "failedReason": null, "status": null}], "instaSocialVerifs": []}, "profileExists": true, "collectors": [], "createdCount": 0}, "__N_SSG": true}, "page": "/[username]", "query": {"username": "0x868a5b5b1bd58fc1bd68fa65f5e7b63d74e41107"}, "buildId": "fPHzAE9c9nph2AUK0K_6u", "isFallback": false, "dynamicIds": [33196, 55458, 54746], "gsp": true, "scriptLoader": []}