{"props": {"pageProps": {"username": "0x5e470e0c9865a6207642161d55403b64c44844a3", "user": {"userIndex": 1369, "publicKey": "0x5e470E0c9865a6207642161D55403b64c44844A3", "username": "emmavauloup", "profileImageUrl": "https://f8n-production.s3.amazonaws.com/creators/profile/p9s9x1jpv-img-0559-jpg-j0nqtw.JPG", "coverImageUrl": "https://f8n-production.s3.amazonaws.com/creators/profile/wk96fa6w6-lookavenus-psd-jpg-uegz2z.jpg", "name": "Emma Vauloup", "bio": "Emma Vauloup is a digital illustrator from France. She's inspired by what comes around her as a young person in this world. She loves to play with colors, differents gradiants and textures.", "isApprovedCreator": true, "moderationStatus": "ACTIVE", "joinedWaitlistAt": null, "createdAt": "2021-02-13T14:34:12.198392", "migratedToUser": null, "isApprovedForMigrationAt": null, "firstName": null, "lastName": null, "isAdmin": false, "links": {"tiktok": {"handle": "", "platform": "tiktok"}, "twitch": {"handle": "", "platform": "twitch"}, "discord": {"handle": "", "platform": "discord"}, "twitter": {"handle": "emmavolou_", "platform": "twitter"}, "website": {"handle": "", "platform": "website"}, "youtube": {"handle": "", "platform": "youtube"}, "facebook": {"handle": "", "platform": "facebook"}, "snapchat": {"handle": "", "platform": "snapchat"}, "instagram": {"handle": "emmavauloup_", "platform": "instagram"}}, "acceptedInvite": {"senderPublicKey": "0x876d4aA80Fd4AF365B03df32df12c7CCdB146301", "redeemerPublicKey": "0x5e470E0c9865a6207642161D55403b64c44844A3", "redeemedAt": "2021-02-24T09:49:10.224"}, "twitSocialVerifs": [{"id": "53aac457-99b7-448f-8e08-d37266541b44", "user": "0x5e470E0c9865a6207642161D55403b64c44844A3", "createdAt": "2021-03-20T11:49:00.663043", "updatedAt": "2021-03-20T11:49:04.304351", "lastCheckedAt": "2021-03-20T11:49:04.296", "socialVerificationURL": "https://twitter.com/emmavolou_/status/1373240089418039296", "verificationText": "I\u2019m on @withFND \ud83c\udf10\n\n0x5e470E0c9865a6207642161D55403b64c44844A3\n\nhttps://t.co/cnDb6Jg3Jh", "userId": "611831155", "username": "emmavolou_", "isValid": true, "service": "TWITTER", "failedReason": null, "status": null}], "instaSocialVerifs": [{"id": "32261b08-a90a-4e15-8967-875f63ba1d0b", "user": "0x5e470E0c9865a6207642161D55403b64c44844A3", "createdAt": "2021-04-23T12:33:11.181652", "updatedAt": "2021-04-23T12:33:11.181652", "lastCheckedAt": "2021-04-23T12:33:11.154", "socialVerificationURL": null, "verificationText": null, "userId": "17841401546500674", "username": "emmavauloup_", "isValid": true, "service": "INSTAGRAM", "failedReason": null, "status": null}]}, "profileExists": true, "collectors": [{"userIndex": 36008, "publicKey": "0xB618aaCb9DcDc21Ca69D310A6fC04674D293A193", "username": "rwx", "profileImageUrl": "https://f8n-production.s3.amazonaws.com/creators/profile/cny6rni0f-nft-3-png-qmj045.png", "coverImageUrl": "https://f8n-production.s3.amazonaws.com/creators/profile/9cjydk2uw-nft-4-png-o1vgb5.png", "name": "robekworld", "bio": "cool dude. well liked. well, mostly. i mean well.\nhttps://oncyber.io/@rwx\n\npfp: /tonakai\ncover: /0010", "isApprovedCreator": true, "moderationStatus": "ACTIVE", "joinedWaitlistAt": "2021-04-06T17:58:02.216", "createdAt": "2021-04-02T16:00:46.502284", "migratedToUser": null, "isApprovedForMigrationAt": null, "follows": [], "highestBidAuctions": [{"endsAt": "2021-07-27T03:51:52"}], "highestBidAuctions_aggregate": {"aggregate": {"count": 1}}}], "createdCount": 0}, "__N_SSG": true}, "page": "/[username]", "query": {"username": "0x5e470e0c9865a6207642161d55403b64c44844a3"}, "buildId": "fPHzAE9c9nph2AUK0K_6u", "isFallback": false, "dynamicIds": [33196, 55458, 54746], "gsp": true, "scriptLoader": []}