{"props": {"pageProps": {"username": "0xb5994bc9e158720ed2f6990942e66da3c74526ca", "user": {"userIndex": 79233, "publicKey": "0xb5994bc9e158720Ed2F6990942e66Da3C74526cA", "username": "saharazadmehr", "profileImageUrl": "https://f8n-production.s3.amazonaws.com/creators/profile/9h2vxacdi-img-01466-jpg-j5kpzs.jpg", "coverImageUrl": "https://f8n-production.s3.amazonaws.com/creators/profile/il2txpx9n-656-jpg-y9b035.jpg", "name": "Saharazadmehr", "bio": " Illustrator/ painter. ", "isApprovedCreator": true, "moderationStatus": "ACTIVE", "joinedWaitlistAt": null, "createdAt": "2021-06-18T18:18:48.856865", "migratedToUser": null, "isApprovedForMigrationAt": null, "firstName": null, "lastName": null, "isAdmin": false, "links": {"tiktok": {"handle": "", "platform": "tiktok"}, "twitch": {"handle": "", "platform": "twitch"}, "discord": {"handle": "", "platform": "discord"}, "twitter": {"handle": "", "platform": "twitter"}, "website": {"handle": "", "platform": "website"}, "youtube": {"handle": "", "platform": "youtube"}, "facebook": {"handle": "", "platform": "facebook"}, "snapchat": {"handle": "", "platform": "snapchat"}, "instagram": {"handle": "", "platform": "instagram"}}, "acceptedInvite": {"senderPublicKey": "0xf10D53437ea2838eF6f25efe8Bb329806b9c3Faf", "redeemerPublicKey": "0xb5994bc9e158720Ed2F6990942e66Da3C74526cA", "redeemedAt": "2021-06-18T18:18:52.355"}, "twitSocialVerifs": [{"id": "8f72df79-452c-421f-9b84-dbe8977a9d9b", "user": "0xb5994bc9e158720Ed2F6990942e66Da3C74526cA", "createdAt": "2021-06-24T10:58:16.439257", "updatedAt": "2021-06-24T10:58:18.166423", "lastCheckedAt": "2021-06-24T10:58:18.141", "socialVerificationURL": "https://twitter.com/saharazadmehr1/status/1408016477870084101", "verificationText": "I\u2019m on @withFND \ud83c\udf10\n\n0xb5994bc9e158720Ed2F6990942e66Da3C74526cA\n\nhttps://t.co/OMBvUirzTX", "userId": "1407382414477901832", "username": "saharazadmehr1", "isValid": true, "service": "TWITTER", "failedReason": null, "status": null}], "instaSocialVerifs": [{"id": "63d2c513-8e84-4c21-92b8-1fa20a96d0ea", "user": "0xb5994bc9e158720Ed2F6990942e66Da3C74526cA", "createdAt": "2021-06-18T19:25:27.170861", "updatedAt": "2021-06-18T19:25:27.170861", "lastCheckedAt": "2021-06-18T19:25:27.168", "socialVerificationURL": null, "verificationText": null, "userId": "17841401591459098", "username": "saharazadmehr", "isValid": true, "service": "INSTAGRAM", "failedReason": null, "status": null}]}, "profileExists": true, "collectors": [], "createdCount": 0}, "__N_SSG": true}, "page": "/[username]", "query": {"username": "0xb5994bc9e158720ed2f6990942e66da3c74526ca"}, "buildId": "fPHzAE9c9nph2AUK0K_6u", "isFallback": false, "dynamicIds": [33196, 55458, 54746], "gsp": true, "scriptLoader": []}