{"props": {"pageProps": {"username": "0x2310452eb98b7dd698f2225607af4e6ae26e3d1e", "user": {"userIndex": 42235, "publicKey": "0x2310452EB98B7dD698F2225607aF4E6Ae26e3d1e", "username": "crowdstrength", "profileImageUrl": "https://f8n-production.s3.amazonaws.com/creators/profile/39mmhrdg8-cs-jpg-dvqujs.jpg", "coverImageUrl": "https://f8n-production.s3.amazonaws.com/creators/profile/gfba40i7z-cover-png-q7qqd2.png", "name": "CrowdStrength", "bio": "A unique collaborative art project that brings artists together to create an exclusive collection.\n\nGame of Brushes: 27x\nHouse of Arts: 9x\nColor your Dreams: 3x\nThe Crowd: 1x \n\nOnly 1/1 editions \ud83d\udc8e", "isApprovedCreator": true, "moderationStatus": "ACTIVE", "joinedWaitlistAt": null, "createdAt": "2021-04-09T18:56:09.523112", "migratedToUser": null, "isApprovedForMigrationAt": null, "firstName": null, "lastName": null, "isAdmin": false, "links": {"tiktok": {"handle": "", "platform": "tiktok"}, "twitch": {"handle": "", "platform": "twitch"}, "discord": {"handle": "", "platform": "discord"}, "twitter": {"handle": "", "platform": "twitter"}, "website": {"handle": "crowdstrength.io", "platform": "website"}, "youtube": {"handle": "", "platform": "youtube"}, "facebook": {"handle": "", "platform": "facebook"}, "snapchat": {"handle": "", "platform": "snapchat"}, "instagram": {"handle": "crowdstrength", "platform": "instagram"}}, "acceptedInvite": {"senderPublicKey": "0x12AB01607F64F7318152597FED738EF9ACEe266a", "redeemerPublicKey": "0x2310452EB98B7dD698F2225607aF4E6Ae26e3d1e", "redeemedAt": "2021-04-15T20:48:16.034"}, "twitSocialVerifs": [{"id": "318562be-1c97-41f2-b5e0-a3108ff3b204", "user": "0x2310452EB98B7dD698F2225607aF4E6Ae26e3d1e", "createdAt": "2021-04-15T20:57:11.60433", "updatedAt": "2021-04-15T20:57:16.344454", "lastCheckedAt": "2021-04-15T20:57:16.32", "socialVerificationURL": "https://twitter.com/CrowdStrength/status/1382800107301711872", "verificationText": "I\u2019m on @withFND \ud83c\udf10\n\n0x2310452EB98B7dD698F2225607aF4E6Ae26e3d1e\n\nhttps://t.co/igsDgOwShY", "userId": "1382799346551422976", "username": "CrowdStrength", "isValid": true, "service": "TWITTER", "failedReason": null, "status": null}], "instaSocialVerifs": [{"id": "ff002665-cac5-4cf5-9205-bf32300b196c", "user": "0x2310452EB98B7dD698F2225607aF4E6Ae26e3d1e", "createdAt": "2021-04-20T21:13:32.36012", "updatedAt": "2021-04-20T21:13:32.36012", "lastCheckedAt": "2021-04-20T21:13:32.342", "socialVerificationURL": null, "verificationText": null, "userId": "17841446825406098", "username": "crowdstrength", "isValid": true, "service": "INSTAGRAM", "failedReason": null, "status": null}]}, "profileExists": true, "collectors": [], "createdCount": 0}, "__N_SSG": true}, "page": "/[username]", "query": {"username": "0x2310452eb98b7dd698f2225607af4e6ae26e3d1e"}, "buildId": "fPHzAE9c9nph2AUK0K_6u", "isFallback": false, "dynamicIds": [33196, 55458, 54746], "gsp": true, "scriptLoader": []}