{"props": {"pageProps": {"username": "0x61f28939d4c58114b78446e55acc75dc2cf05283", "user": {"userIndex": 79038, "publicKey": "0x61F28939d4C58114B78446E55AcC75dC2Cf05283", "username": "NollegeTies", "profileImageUrl": "https://f8n-production.s3.amazonaws.com/creators/profile/9lvf3n41w-img-9994-jpg-tahwjp.jpg", "coverImageUrl": "", "name": "NollegeTies ", "bio": "A NollegeableBoul", "isApprovedCreator": false, "moderationStatus": "ACTIVE", "joinedWaitlistAt": null, "createdAt": "2021-05-28T03:28:12.277379", "migratedToUser": null, "isApprovedForMigrationAt": null, "firstName": null, "lastName": null, "isAdmin": false, "links": {"tiktok": {"handle": "", "platform": "tiktok"}, "twitch": {"handle": "", "platform": "twitch"}, "discord": {"handle": "", "platform": "discord"}, "twitter": {"handle": "", "platform": "twitter"}, "website": {"handle": "", "platform": "website"}, "youtube": {"handle": "", "platform": "youtube"}, "facebook": {"handle": "", "platform": "facebook"}, "snapchat": {"handle": "", "platform": "snapchat"}, "instagram": {"handle": "", "platform": "instagram"}}, "acceptedInvite": null, "twitSocialVerifs": [], "instaSocialVerifs": []}, "profileExists": true, "collectors": [], "createdCount": 0}, "__N_SSG": true}, "page": "/[username]", "query": {"username": "0x61f28939d4c58114b78446e55acc75dc2cf05283"}, "buildId": "fPHzAE9c9nph2AUK0K_6u", "isFallback": false, "dynamicIds": [33196, 55458, 54746], "gsp": true, "scriptLoader": []}