{"props": {"pageProps": {"username": "0xf0f684c19ae16d24ed371869ebc2fcf590e12394", "user": {"userIndex": 19928, "publicKey": "0xf0F684C19Ae16d24ED371869eBc2FCf590e12394", "username": "berkpolat", "profileImageUrl": "https://f8n-production.s3.amazonaws.com/creators/profile/nzsjo5jh9-pp-jpg-uvio3f.jpg", "coverImageUrl": "https://f8n-production.s3.amazonaws.com/creators/profile/kxz6s3jb0-single-devekusu-v2-00101-png-18xpbl.png", "name": "Berk Polat", "bio": "Hi!\n\u200bI'm Visual Artist & Motion Designer based in London.I learned to design at a young age.I am someone who likes to research and development.\n", "isApprovedCreator": true, "moderationStatus": "ACTIVE", "joinedWaitlistAt": null, "createdAt": "2021-03-16T23:08:22.671513", "migratedToUser": null, "isApprovedForMigrationAt": null, "firstName": null, "lastName": null, "isAdmin": false, "links": {"tiktok": {"handle": "", "platform": "tiktok"}, "twitch": {"handle": "", "platform": "twitch"}, "discord": {"handle": "", "platform": "discord"}, "twitter": {"handle": "", "platform": "twitter"}, "website": {"handle": "www.berkpolat.com", "platform": "website"}, "youtube": {"handle": "", "platform": "youtube"}, "facebook": {"handle": "", "platform": "facebook"}, "snapchat": {"handle": "", "platform": "snapchat"}, "instagram": {"handle": "berkpolat", "platform": "instagram"}}, "acceptedInvite": {"senderPublicKey": "0xd4586bb3ab8C9Ad47A355028318A42f1844f7d73", "redeemerPublicKey": "0xf0F684C19Ae16d24ED371869eBc2FCf590e12394", "redeemedAt": "2021-03-16T23:08:37.287"}, "twitSocialVerifs": [{"id": "d1c45482-5b99-4dc9-84df-88e463204116", "user": "0xf0F684C19Ae16d24ED371869eBc2FCf590e12394", "createdAt": "2021-03-20T02:44:44.649143", "updatedAt": "2021-03-20T02:44:47.450548", "lastCheckedAt": "2021-03-20T02:44:47.435", "socialVerificationURL": "https://twitter.com/digitalheadd/status/1373103148554977280", "verificationText": "I\u2019m on @withFND \ud83c\udf10\n\n0xf0F684C19Ae16d24ED371869eBc2FCf590e12394\n\nhttps://t.co/aDcEFSMXCi", "userId": "1373004027844304899", "username": "digitalheadd", "isValid": true, "service": "TWITTER", "failedReason": null, "status": null}], "instaSocialVerifs": [{"id": "4e6b8d70-b102-4cde-9081-7713fd8124e3", "user": "0xf0F684C19Ae16d24ED371869eBc2FCf590e12394", "createdAt": "2021-05-01T00:43:14.381764", "updatedAt": "2021-05-01T00:43:14.381764", "lastCheckedAt": "2021-05-01T00:43:14.363", "socialVerificationURL": null, "verificationText": null, "userId": "17841400431824580", "username": "berkpolat", "isValid": true, "service": "INSTAGRAM", "failedReason": null, "status": null}]}, "profileExists": true, "collectors": [{"userIndex": 9784, "publicKey": "0x91737796B4085f183C6d67C5FE631BFE2a1706f3", "username": "fuatd", "profileImageUrl": "https://f8n-production.s3.amazonaws.com/creators/profile/h6cdzgrey-fuatd-jpg-6irz1y.jpg", "coverImageUrl": "https://f8n-production.s3.amazonaws.com/creators/profile/uw48dkjze-13891934-10154480464889571-2241284403894987188-n-jpg-imh4hb.jpg", "name": "Fuat DEGIRMENCI", "bio": "I am an impact-focused Visual & Motion Designer in the professional field. My prior roles have involved both local and global functions, with an emphasis on creative direction. I live in London, UK,", "isApprovedCreator": true, "moderationStatus": "ACTIVE", "joinedWaitlistAt": null, "createdAt": "2021-03-07T15:16:28.785896", "migratedToUser": null, "isApprovedForMigrationAt": null, "follows": [], "highestBidAuctions": [{"endsAt": "2021-03-28T20:15:08"}], "highestBidAuctions_aggregate": {"aggregate": {"count": 1}}}], "createdCount": 0}, "__N_SSG": true}, "page": "/[username]", "query": {"username": "0xf0f684c19ae16d24ed371869ebc2fcf590e12394"}, "buildId": "fPHzAE9c9nph2AUK0K_6u", "isFallback": false, "dynamicIds": [33196, 55458, 54746], "gsp": true, "scriptLoader": []}