{"props": {"pageProps": {"username": "0x0ba5e19784375ff9fc2b73dc528c7f4b6d46e32b", "user": {"userIndex": 79471, "publicKey": "0x0bA5E19784375ff9Fc2B73Dc528C7f4B6d46e32b", "username": "Lifeinframe", "profileImageUrl": "https://f8n-production.s3.amazonaws.com/creators/profile/ndt3yjzt7-arm5743d-jpg-vs615c.jpg", "coverImageUrl": "https://f8n-production.s3.amazonaws.com/creators/profile/a49wilnm2-10336290-orig-jpg-mu1o5c.jpg", "name": "Amir", "bio": "Photographer & Video maker", "isApprovedCreator": true, "moderationStatus": "ACTIVE", "joinedWaitlistAt": null, "createdAt": "2021-06-20T05:36:57.066792", "migratedToUser": null, "isApprovedForMigrationAt": null, "firstName": null, "lastName": null, "isAdmin": false, "links": {"tiktok": {"handle": "", "platform": "tiktok"}, "twitch": {"handle": "", "platform": "twitch"}, "discord": {"handle": "", "platform": "discord"}, "twitter": {"handle": "", "platform": "twitter"}, "website": {"handle": "", "platform": "website"}, "youtube": {"handle": "", "platform": "youtube"}, "facebook": {"handle": "", "platform": "facebook"}, "snapchat": {"handle": "", "platform": "snapchat"}, "instagram": {"handle": "", "platform": "instagram"}}, "acceptedInvite": {"senderPublicKey": "0x0Df803a179867498cd557d064Ac8E4c7963a570b", "redeemerPublicKey": "0x0bA5E19784375ff9Fc2B73Dc528C7f4B6d46e32b", "redeemedAt": "2021-06-20T06:11:54.259"}, "twitSocialVerifs": [], "instaSocialVerifs": []}, "profileExists": true, "collectors": [], "createdCount": 0}, "__N_SSG": true}, "page": "/[username]", "query": {"username": "0x0ba5e19784375ff9fc2b73dc528c7f4b6d46e32b"}, "buildId": "fPHzAE9c9nph2AUK0K_6u", "isFallback": false, "dynamicIds": [33196, 55458, 54746], "gsp": true, "scriptLoader": []}