{"props": {"pageProps": {"username": "0x7208fdc3fe27b2a7e24b6d243c0f8c73fab06902", "user": {"userIndex": 61401, "publicKey": "0x7208fDC3Fe27b2A7e24b6d243c0f8c73Fab06902", "username": "gael", "profileImageUrl": "https://f8n-production.s3.amazonaws.com/creators/profile/kn7ar9c2g-screen-shot-2021-05-14-at-01-03-50-png-atlbga.png", "coverImageUrl": "https://f8n-production.s3.amazonaws.com/creators/profile/ms5wmo306-36819127-dc9e33ea-1c9c-11e8-9a93-0d3c0a674f02-png-7ujz4n.png", "name": "Gael", "bio": "I'm a digital artist based in Barcelona, dreaming of endless summer nights\n\nThis collection is all about those good memories\n\nDo you remember the feeling?", "isApprovedCreator": true, "moderationStatus": "ACTIVE", "joinedWaitlistAt": null, "createdAt": "2021-05-04T22:08:31.242136", "migratedToUser": null, "isApprovedForMigrationAt": null, "firstName": null, "lastName": null, "isAdmin": false, "links": {"tiktok": {"handle": "", "platform": "tiktok"}, "twitch": {"handle": "", "platform": "twitch"}, "discord": {"handle": "", "platform": "discord"}, "twitter": {"handle": "", "platform": "twitter"}, "website": {"handle": "", "platform": "website"}, "youtube": {"handle": "", "platform": "youtube"}, "facebook": {"handle": "", "platform": "facebook"}, "snapchat": {"handle": "", "platform": "snapchat"}, "instagram": {"handle": "", "platform": "instagram"}}, "acceptedInvite": {"senderPublicKey": "0x99d57de496D83Baa6203f1Fa78cd07cbf37b9b8C", "redeemerPublicKey": "0x7208fDC3Fe27b2A7e24b6d243c0f8c73Fab06902", "redeemedAt": "2021-05-05T09:24:29.754"}, "twitSocialVerifs": [], "instaSocialVerifs": [{"id": "832b86a0-8ffd-44fc-b331-7454f485ec6b", "user": "0x7208fDC3Fe27b2A7e24b6d243c0f8c73Fab06902", "createdAt": "2021-05-04T22:25:44.885718", "updatedAt": "2021-05-04T22:25:44.885718", "lastCheckedAt": "2021-05-04T22:25:44.867", "socialVerificationURL": null, "verificationText": null, "userId": "17841401907680937", "username": "gael.bilotta", "isValid": true, "service": "INSTAGRAM", "failedReason": null, "status": null}]}, "profileExists": true, "collectors": [], "createdCount": 0}, "__N_SSG": true}, "page": "/[username]", "query": {"username": "0x7208fdc3fe27b2a7e24b6d243c0f8c73fab06902"}, "buildId": "fPHzAE9c9nph2AUK0K_6u", "isFallback": false, "dynamicIds": [33196, 55458, 54746], "gsp": true, "scriptLoader": []}