{"props": {"pageProps": {"username": "0x194a3bac1b0ca57405be04838d5c9311f5e088ad", "user": {"userIndex": 15209, "publicKey": "0x194a3BAc1b0CA57405BE04838D5C9311f5E088Ad", "username": "rajanandepu", "profileImageUrl": "https://f8n-production.s3.amazonaws.com/creators/profile/1xek2hy7u-rrr-jpg-xcpd7j.jpg", "coverImageUrl": "", "name": "Raja Nanadepu", "bio": "Im a freelance concept artist and illustrator \nsome of my clients including \nNetflix , Wizards ifthe coast , Onepixelbrush ,parallax studios , the line animation studios ,Netease games etc", "isApprovedCreator": true, "moderationStatus": "ACTIVE", "joinedWaitlistAt": null, "createdAt": "2021-03-14T10:43:16.284116", "migratedToUser": null, "isApprovedForMigrationAt": null, "firstName": null, "lastName": null, "isAdmin": false, "links": {"tiktok": {"handle": "", "platform": "tiktok"}, "twitch": {"handle": "", "platform": "twitch"}, "discord": {"handle": "", "platform": "discord"}, "twitter": {"handle": "Rajanandepu", "platform": "twitter"}, "website": {"handle": "artstation.com/raja", "platform": "website"}, "youtube": {"handle": "", "platform": "youtube"}, "facebook": {"handle": "", "platform": "facebook"}, "snapchat": {"handle": "", "platform": "snapchat"}, "instagram": {"handle": "raja.nandepu", "platform": "instagram"}}, "acceptedInvite": {"senderPublicKey": "0x414E9E96245A6B196419C1c2264f611b5305ff5b", "redeemerPublicKey": "0x194a3BAc1b0CA57405BE04838D5C9311f5E088Ad", "redeemedAt": "2021-03-14T10:56:49.579"}, "twitSocialVerifs": [], "instaSocialVerifs": [{"id": "ac2407b0-3299-4963-90f0-0e330b76d03f", "user": "0x194a3BAc1b0CA57405BE04838D5C9311f5E088Ad", "createdAt": "2021-05-10T06:25:07.111677", "updatedAt": "2021-05-10T06:25:07.111677", "lastCheckedAt": "2021-05-10T06:25:07.103", "socialVerificationURL": null, "verificationText": null, "userId": "17841402535630057", "username": "raja.nandepu", "isValid": true, "service": "INSTAGRAM", "failedReason": null, "status": null}]}, "profileExists": true, "collectors": [], "createdCount": 0}, "__N_SSG": true}, "page": "/[username]", "query": {"username": "0x194a3bac1b0ca57405be04838d5c9311f5e088ad"}, "buildId": "fPHzAE9c9nph2AUK0K_6u", "isFallback": false, "dynamicIds": [33196, 55458, 54746], "gsp": true, "scriptLoader": []}