{"props": {"pageProps": {"username": "0xd85c0e12ae3ddc392163faaf78751dbdafe01704", "user": {"userIndex": 85089, "publicKey": "0xD85c0E12aE3dDC392163faaF78751DbdAfe01704", "username": "Billing", "profileImageUrl": "https://f8n-production.s3.amazonaws.com/creators/profile/p4wobjb6k-polyhedra-swirls-imgur-gif-940bhc.gif", "coverImageUrl": "", "name": "Bil", "bio": "\u6570\u5b57\u52a0\u5bc6\u8d27\u5e01\u4fe1\u4ef0\u8005\u548c\u6295\u8d44\u4eba\u3001NFT\u827a\u672f\u54c1\u6536\u85cf\u5bb6", "isApprovedCreator": false, "moderationStatus": "ACTIVE", "joinedWaitlistAt": null, "createdAt": "2021-07-15T23:44:00.225919", "migratedToUser": null, "isApprovedForMigrationAt": null, "firstName": null, "lastName": null, "isAdmin": false, "links": {"tiktok": {"handle": "", "platform": "tiktok"}, "twitch": {"handle": "", "platform": "twitch"}, "discord": {"handle": "", "platform": "discord"}, "twitter": {"handle": "", "platform": "twitter"}, "website": {"handle": "", "platform": "website"}, "youtube": {"handle": "", "platform": "youtube"}, "facebook": {"handle": "", "platform": "facebook"}, "snapchat": {"handle": "", "platform": "snapchat"}, "instagram": {"handle": "", "platform": "instagram"}}, "acceptedInvite": null, "twitSocialVerifs": [], "instaSocialVerifs": []}, "profileExists": true, "collectors": [], "createdCount": 0}, "__N_SSG": true}, "page": "/[username]", "query": {"username": "0xd85c0e12ae3ddc392163faaf78751dbdafe01704"}, "buildId": "fPHzAE9c9nph2AUK0K_6u", "isFallback": false, "dynamicIds": [33196, 55458, 54746], "gsp": true, "scriptLoader": []}