{"props": {"pageProps": {"username": "0xe651134366112c3bb24204a06074506cea5e4d57", "user": {"userIndex": 3594, "publicKey": "0xe651134366112c3Bb24204A06074506cEA5e4d57", "username": "ariel", "profileImageUrl": "https://f8n-production.s3.amazonaws.com/creators/profile/9vr5z9zkk-foundationprofile-jpg-a0znp2.jpg", "coverImageUrl": "https://f8n-production.s3.amazonaws.com/creators/profile/rcqn9pz3q-foundationprofilebg2-jpg-nh4lgr.jpg", "name": "Ariel", "bio": "art and other somethings", "isApprovedCreator": true, "moderationStatus": "ACTIVE", "joinedWaitlistAt": null, "createdAt": "2021-02-25T01:14:48.329481", "migratedToUser": null, "isApprovedForMigrationAt": null, "firstName": null, "lastName": null, "isAdmin": false, "links": {"tiktok": {"handle": "", "platform": "tiktok"}, "twitch": {"handle": "", "platform": "twitch"}, "discord": {"handle": "", "platform": "discord"}, "twitter": {"handle": "ariel_nft", "platform": "twitter"}, "website": {"handle": "", "platform": "website"}, "youtube": {"handle": "", "platform": "youtube"}, "facebook": {"handle": "", "platform": "facebook"}, "snapchat": {"handle": "", "platform": "snapchat"}, "instagram": {"handle": "", "platform": "instagram"}}, "acceptedInvite": {"senderPublicKey": "0x73d97C30603b73CF4cCdE4934C6027A9599D861D", "redeemerPublicKey": "0xe651134366112c3Bb24204A06074506cEA5e4d57", "redeemedAt": "2021-02-25T01:14:53.48"}, "twitSocialVerifs": [], "instaSocialVerifs": []}, "profileExists": true, "collectors": [{"userIndex": 1964, "publicKey": "0x73d97C30603b73CF4cCdE4934C6027A9599D861D", "username": "Weesh", "profileImageUrl": "https://f8n-production.s3.amazonaws.com/creators/profile/dquv6bgdx-91bb33f29c6ef068c73834af571aa01bhabibi-gold-png-44otod.png", "coverImageUrl": "https://f8n-production.s3.amazonaws.com/creators/profile/ozuwqabuv-nicki-crying-png-afesl7.png", "name": "Weesh", "bio": "Writer, Filmmaker, Collector. Exercise Your Mind.", "isApprovedCreator": true, "moderationStatus": "ACTIVE", "joinedWaitlistAt": null, "createdAt": "2021-02-19T02:20:34.711262", "migratedToUser": null, "isApprovedForMigrationAt": null, "follows": [], "highestBidAuctions": [{"endsAt": "2021-04-03T03:35:45"}], "highestBidAuctions_aggregate": {"aggregate": {"count": 1}}}], "createdCount": 0}, "__N_SSG": true}, "page": "/[username]", "query": {"username": "0xe651134366112c3bb24204a06074506cea5e4d57"}, "buildId": "fPHzAE9c9nph2AUK0K_6u", "isFallback": false, "dynamicIds": [33196, 55458, 54746], "gsp": true, "scriptLoader": []}