{"props": {"pageProps": {"username": "0xa33b3676886414cdb4fcf81609b315d57e3aa2ba", "user": {"userIndex": 11470, "publicKey": "0xA33b3676886414cdb4fCF81609b315d57e3AA2BA", "username": "squilex", "profileImageUrl": "https://f8n-production.s3.amazonaws.com/creators/profile/dlb9ae60c-squilex-new-jpg-5ve9rb.jpg", "coverImageUrl": "https://f8n-production.s3.amazonaws.com/creators/profile/tiht3uxzg-untitled-1-png-as6hzp.png", "name": "SquileX", "bio": "Self taught digital artist & graphic designer living in the digital world of art.", "isApprovedCreator": true, "moderationStatus": "ACTIVE", "joinedWaitlistAt": null, "createdAt": "2021-03-10T06:48:08.849633", "migratedToUser": null, "isApprovedForMigrationAt": null, "firstName": null, "lastName": null, "isAdmin": false, "links": {"tiktok": {"handle": "", "platform": "tiktok"}, "twitch": {"handle": "", "platform": "twitch"}, "discord": {"handle": "SquileX#7758", "platform": "discord"}, "twitter": {"handle": "squilexdesigns", "platform": "twitter"}, "website": {"handle": "", "platform": "website"}, "youtube": {"handle": "", "platform": "youtube"}, "facebook": {"handle": "", "platform": "facebook"}, "snapchat": {"handle": "", "platform": "snapchat"}, "instagram": {"handle": "norbi_nmth", "platform": "instagram"}}, "acceptedInvite": {"senderPublicKey": "0x2CBE854150232Ee095817A40A066F5B7dFB2C232", "redeemerPublicKey": "0xA33b3676886414cdb4fCF81609b315d57e3AA2BA", "redeemedAt": "2021-03-10T06:48:13.807"}, "twitSocialVerifs": [{"id": "975f1812-153e-48bf-86e7-5aedffc55ba3", "user": "0xA33b3676886414cdb4fCF81609b315d57e3AA2BA", "createdAt": "2021-03-20T06:53:16.007248", "updatedAt": "2021-03-20T06:53:18.039841", "lastCheckedAt": "2021-03-20T06:53:18.009", "socialVerificationURL": "https://twitter.com/squilexdesigns/status/1373165677624897539", "verificationText": "I\u2019m on @withFND \ud83c\udf10\n\n0xA33b3676886414cdb4fCF81609b315d57e3AA2BA\n\nhttps://t.co/ugMn9sKVu8", "userId": "2800278426", "username": "squilexdesigns", "isValid": true, "service": "TWITTER", "failedReason": null, "status": null}], "instaSocialVerifs": [{"id": "35c301e4-2094-468e-a3f4-8f43c3b627fc", "user": "0xA33b3676886414cdb4fCF81609b315d57e3AA2BA", "createdAt": "2021-04-22T19:37:21.743768", "updatedAt": "2021-04-22T19:37:21.743768", "lastCheckedAt": "2021-04-22T19:37:21.742", "socialVerificationURL": null, "verificationText": null, "userId": "17841406002407631", "username": "norbi_nmth", "isValid": true, "service": "INSTAGRAM", "failedReason": null, "status": null}]}, "profileExists": true, "collectors": [{"userIndex": 35330, "publicKey": "0x4B90f32b6A928E1f0d9E261f141B1eA90e1E9256", "username": "rob44", "profileImageUrl": "", "coverImageUrl": "", "name": "ravi", "bio": "", "isApprovedCreator": false, "moderationStatus": "ACTIVE", "joinedWaitlistAt": null, "createdAt": "2021-03-27T03:22:12.982202", "migratedToUser": null, "isApprovedForMigrationAt": null, "follows": [], "highestBidAuctions": [{"endsAt": "2021-03-30T06:25:40"}], "highestBidAuctions_aggregate": {"aggregate": {"count": 1}}}, {"userIndex": 84740, "publicKey": "0xbE4ef428c17C361973A77cea7589F5873F5BdeB0", "username": "mevishnusagar", "profileImageUrl": "https://f8n-production.s3.amazonaws.com/creators/profile/wgcr7v66f-14753458-1218057631578728-3489247919321073383-o-jpg-8ib97c.jpg", "coverImageUrl": "https://f8n-production.s3.amazonaws.com/creators/profile/wjyv7i903-screen-shot-2021-07-15-at-9-45-33-pm-copy-jpg-0j9lbc.jpg", "name": "Vishnusagar Vijayan", "bio": "Friendly neighborhood photographer", "isApprovedCreator": true, "moderationStatus": "ACTIVE", "joinedWaitlistAt": "2021-07-14T17:54:48.079", "createdAt": "2021-07-14T17:41:21.951541", "migratedToUser": null, "isApprovedForMigrationAt": null, "follows": [], "highestBidAuctions": [{"endsAt": "2021-07-18T11:18:11"}], "highestBidAuctions_aggregate": {"aggregate": {"count": 1}}}, {"userIndex": 15996, "publicKey": "0xcdd507E453942D1E3E661E1F8B763cA6de092727", "username": "covertagent", "profileImageUrl": "", "coverImageUrl": "", "name": "Covert Agent", "bio": "", "isApprovedCreator": false, "moderationStatus": "ACTIVE", "joinedWaitlistAt": null, "createdAt": "2021-03-14T02:45:30.611459", "migratedToUser": null, "isApprovedForMigrationAt": null, "follows": [], "highestBidAuctions": [{"endsAt": "2021-03-14T17:05:10"}], "highestBidAuctions_aggregate": {"aggregate": {"count": 1}}}], "createdCount": 0}, "__N_SSG": true}, "page": "/[username]", "query": {"username": "0xa33b3676886414cdb4fcf81609b315d57e3aa2ba"}, "buildId": "fPHzAE9c9nph2AUK0K_6u", "isFallback": false, "dynamicIds": [33196, 55458, 54746], "gsp": true, "scriptLoader": []}