{"props": {"pageProps": {"username": "0x4de921237198b305d6d46a9f8c41a87625dfa6dc", "user": {"userIndex": 44201, "publicKey": "0x4de921237198b305D6d46A9F8c41a87625dFa6dc", "username": "sercanaltintas", "profileImageUrl": "https://f8n-production.s3.amazonaws.com/creators/profile/cicuemh0e-sex-png-ofpckx.png", "coverImageUrl": "", "name": "Sercan Altintas", "bio": "I am motion graphic designer.", "isApprovedCreator": true, "moderationStatus": "ACTIVE", "joinedWaitlistAt": null, "createdAt": "2021-04-11T20:55:33.133689", "migratedToUser": null, "isApprovedForMigrationAt": null, "firstName": null, "lastName": null, "isAdmin": false, "links": {"tiktok": {"handle": "", "platform": "tiktok"}, "twitch": {"handle": "", "platform": "twitch"}, "discord": {"handle": "", "platform": "discord"}, "twitter": {"handle": "", "platform": "twitter"}, "website": {"handle": "www.sercanaltintas.com", "platform": "website"}, "youtube": {"handle": "", "platform": "youtube"}, "facebook": {"handle": "", "platform": "facebook"}, "snapchat": {"handle": "", "platform": "snapchat"}, "instagram": {"handle": "motiongraphicsdesign", "platform": "instagram"}}, "acceptedInvite": {"senderPublicKey": "0x2220051CA9f7Bb9B32D7f09BcE9b0fD11B6F1d53", "redeemerPublicKey": "0x4de921237198b305D6d46A9F8c41a87625dFa6dc", "redeemedAt": "2021-04-11T20:55:42.774"}, "twitSocialVerifs": [{"id": "cafc3d1f-c8c0-441f-98c3-a0f0edeb6570", "user": "0x4de921237198b305D6d46A9F8c41a87625dFa6dc", "createdAt": "2021-04-11T21:31:35.251727", "updatedAt": "2021-04-11T21:31:42.076502", "lastCheckedAt": "2021-04-11T21:31:42.009", "socialVerificationURL": "https://twitter.com/fuelofhell/status/1381359128405282821", "verificationText": "I\u2019m on @withFND \ud83c\udf10\n\n0x4de921237198b305D6d46A9F8c41a87625dFa6dc\n\nhttps://t.co/vgC3ZnSYMS", "userId": "437502745", "username": "fuelofhell", "isValid": true, "service": "TWITTER", "failedReason": null, "status": null}], "instaSocialVerifs": [{"id": "14aa38b6-4f0e-4ed8-8fb6-4fff27cd5cbb", "user": "0x4de921237198b305D6d46A9F8c41a87625dFa6dc", "createdAt": "2021-04-20T09:08:23.118271", "updatedAt": "2021-04-20T09:08:23.118271", "lastCheckedAt": "2021-04-20T09:08:23.116", "socialVerificationURL": null, "verificationText": null, "userId": "17841402388434770", "username": "motiongraphicsdesign", "isValid": true, "service": "INSTAGRAM", "failedReason": null, "status": null}]}, "profileExists": true, "collectors": [{"userIndex": 48737, "publicKey": "0xdB10075912b3748216959EC11e4C7A9158813366", "username": "artsinmah", "profileImageUrl": "https://f8n-production.s3.amazonaws.com/creators/profile/6ui0mcr22-red-png-v3ni1p.png", "coverImageUrl": "https://f8n-production.s3.amazonaws.com/creators/profile/jdie322uj-s1c-00276-png-1gc0j2.png", "name": "Mahambah", "bio": "Produced in Deutschland.\nBreathing in Asia.\n\nArt is Life", "isApprovedCreator": true, "moderationStatus": "ACTIVE", "joinedWaitlistAt": null, "createdAt": "2021-04-17T10:43:07.786369", "migratedToUser": null, "isApprovedForMigrationAt": null, "follows": [], "highestBidAuctions": [{"endsAt": "2021-04-18T13:36:06"}], "highestBidAuctions_aggregate": {"aggregate": {"count": 1}}}], "createdCount": 0}, "__N_SSG": true}, "page": "/[username]", "query": {"username": "0x4de921237198b305d6d46a9f8c41a87625dfa6dc"}, "buildId": "fPHzAE9c9nph2AUK0K_6u", "isFallback": false, "dynamicIds": [33196, 55458, 54746], "gsp": true, "scriptLoader": []}