{"props": {"pageProps": {"username": "0x2ddf1f982e1bdde70c7ede254a52686aeb35c9f2", "user": {"userIndex": 80801, "publicKey": "0x2DdF1f982e1BDde70c7eDe254A52686aEb35C9f2", "username": "Kal_inspace", "profileImageUrl": "https://f8n-production.s3.amazonaws.com/creators/profile/9a4p2u99s-dp1-jpg-z2am5v.jpg", "coverImageUrl": "https://f8n-production.s3.amazonaws.com/creators/profile/ymjlxeeg6-dsc-1344-jpg-5ye0g6.JPG", "name": "Kal in spac\u039e", "bio": "Visual Artist | NFT Artist |Architect\nlost in time and space \ud83d\udef8\ud83d\udc7d", "isApprovedCreator": true, "moderationStatus": "ACTIVE", "joinedWaitlistAt": "2021-06-26T22:25:09.253", "createdAt": "2021-06-26T22:16:06.41007", "migratedToUser": null, "isApprovedForMigrationAt": null, "firstName": null, "lastName": null, "isAdmin": false, "links": {"tiktok": {"handle": "", "platform": "tiktok"}, "twitch": {"handle": "", "platform": "twitch"}, "discord": {"handle": "", "platform": "discord"}, "twitter": {"handle": "", "platform": "twitter"}, "website": {"handle": "", "platform": "website"}, "youtube": {"handle": "", "platform": "youtube"}, "facebook": {"handle": "", "platform": "facebook"}, "snapchat": {"handle": "", "platform": "snapchat"}, "instagram": {"handle": "", "platform": "instagram"}}, "acceptedInvite": {"senderPublicKey": "0x8be77f3DcC29e6A3efdbEbBa80D81257312525C4", "redeemerPublicKey": "0x2DdF1f982e1BDde70c7eDe254A52686aEb35C9f2", "redeemedAt": "2021-06-30T18:48:54.925"}, "twitSocialVerifs": [{"id": "1254a41f-8ba7-4768-b61a-edc2fc8a7058", "user": "0x2DdF1f982e1BDde70c7eDe254A52686aEb35C9f2", "createdAt": "2021-06-26T22:24:36.668642", "updatedAt": "2021-06-26T22:24:50.477853", "lastCheckedAt": "2021-06-26T22:24:50.368", "socialVerificationURL": "https://twitter.com/Kal_inspace/status/1408914056925302785", "verificationText": "I\u2019m on @withFND \ud83c\udf10\n\n0x2DdF1f982e1BDde70c7eDe254A52686aEb35C9f2\n\nhttps://t.co/MUoXDGPiJD", "userId": "1394729391922503684", "username": "Kal_inspace", "isValid": true, "service": "TWITTER", "failedReason": null, "status": null}], "instaSocialVerifs": [{"id": "5d5b5bdb-0b05-452e-a314-94e16dc3cbdb", "user": "0x2DdF1f982e1BDde70c7eDe254A52686aEb35C9f2", "createdAt": "2021-06-26T22:29:43.260135", "updatedAt": "2021-06-26T22:29:43.260135", "lastCheckedAt": "2021-06-26T22:29:43.228", "socialVerificationURL": null, "verificationText": null, "userId": "17841448071881639", "username": "kal_inspace", "isValid": true, "service": "INSTAGRAM", "failedReason": null, "status": null}]}, "profileExists": true, "collectors": [], "createdCount": 0}, "__N_SSG": true}, "page": "/[username]", "query": {"username": "0x2ddf1f982e1bdde70c7ede254a52686aeb35c9f2"}, "buildId": "fPHzAE9c9nph2AUK0K_6u", "isFallback": false, "dynamicIds": [33196, 55458, 54746], "gsp": true, "scriptLoader": []}