{"props": {"pageProps": {"username": "0xe7bd51dc30d4bdc9fddd42ea7c0a283590c9d416", "user": {"userIndex": 43, "publicKey": "0xE7bd51Dc30d4bDc9FDdD42eA7c0a283590C9D416", "username": "jstn", "profileImageUrl": "https://f8n-production.s3.amazonaws.com/creators/profile/d0wzupp10-o6cb-flw-400x400-jpg-1ad32r.jpg", "coverImageUrl": "https://f8n-production.s3.amazonaws.com/creators/profile/q1fcpl9cr-prism-spin-nft-edition-avi-2021-02-02-23-58-11-gif-dhcw5b.gif", "name": "justin ouellette", "bio": "justin ouellette is a designer from portland, oregon.\n\nhis work can be found on album art (kanye west jesus is king) in fake ui for movies (robot & frank) and on various web sites (vimeo, tumblr, nyt)", "isApprovedCreator": true, "moderationStatus": "ACTIVE", "joinedWaitlistAt": null, "createdAt": "2021-01-26T19:00:48.313185", "migratedToUser": null, "isApprovedForMigrationAt": null, "firstName": null, "lastName": null, "isAdmin": false, "links": {"tiktok": {"handle": "", "platform": "tiktok"}, "twitch": {"handle": "", "platform": "twitch"}, "discord": {"handle": "", "platform": "discord"}, "twitter": {"handle": "jstn", "platform": "twitter"}, "website": {"handle": "jstn.net", "platform": "website"}, "youtube": {"handle": "", "platform": "youtube"}, "facebook": {"handle": "", "platform": "facebook"}, "snapchat": {"handle": "", "platform": "snapchat"}, "instagram": {"handle": "", "platform": "instagram"}}, "acceptedInvite": null, "twitSocialVerifs": [{"id": "45fb739c-9e0f-45b6-bd7b-d972e8541bef", "user": "0xE7bd51Dc30d4bDc9FDdD42eA7c0a283590C9D416", "createdAt": "2021-03-09T23:16:54.457711", "updatedAt": "2021-03-09T23:16:57.273197", "lastCheckedAt": "2021-03-09T23:16:57.057", "socialVerificationURL": "https://twitter.com/jstn/status/1369426970547781635", "verificationText": "I\u2019m on @withFND \ud83c\udf10\n\n0xE7bd51Dc30d4bDc9FDdD42eA7c0a283590C9D416\n\nhttps://t.co/uUXY86q0Ke", "userId": "14220621", "username": "jstn", "isValid": true, "service": "TWITTER", "failedReason": null, "status": null}], "instaSocialVerifs": []}, "profileExists": true, "collectors": [{"userIndex": null, "publicKey": "0x0d4DDeA3849C54E16C85cB4354943dC876e05552", "username": null, "profileImageUrl": null, "coverImageUrl": null, "name": null, "bio": null, "isApprovedCreator": false, "moderationStatus": "ACTIVE", "joinedWaitlistAt": null, "createdAt": "2021-02-17T13:46:12.694363", "migratedToUser": null, "isApprovedForMigrationAt": null, "follows": [], "highestBidAuctions": [{"endsAt": "2021-02-24T04:05:22"}], "highestBidAuctions_aggregate": {"aggregate": {"count": 2}}}, {"userIndex": 442, "publicKey": "0x34aA3F359A9D614239015126635CE7732c18fDF3", "username": "AustinGriffith", "profileImageUrl": "https://f8n-production.s3.amazonaws.com/creators/profile/lb8dme9tr-austingriffith-jpg-44bklh.jpg", "coverImageUrl": "https://f8n-production.s3.amazonaws.com/creators/profile/2ipl8tnso-pasted-graphic-png-3aa5wi.png", "name": "Austin Griffith", "bio": "\ud83d\udee0  Builder on Ethereum", "isApprovedCreator": true, "moderationStatus": "ACTIVE", "joinedWaitlistAt": null, "createdAt": "2021-02-03T20:02:43.811438", "migratedToUser": null, "isApprovedForMigrationAt": null, "follows": [], "highestBidAuctions": [{"endsAt": "2021-02-04T21:58:27"}], "highestBidAuctions_aggregate": {"aggregate": {"count": 1}}}, {"userIndex": 1182, "publicKey": "0x3612b2e93b49F6c797066cA8c38b7f522b32c7cb", "username": "rudy", "profileImageUrl": "https://f8n-production.s3.amazonaws.com/creators/profile/b2jt52m9e-13000492-png-5nrxui.png", "coverImageUrl": "", "name": "", "bio": "", "isApprovedCreator": false, "moderationStatus": "ACTIVE", "joinedWaitlistAt": null, "createdAt": "2021-02-04T13:33:44.084488", "migratedToUser": null, "isApprovedForMigrationAt": null, "follows": [], "highestBidAuctions": [{"endsAt": "2021-02-05T17:08:34"}], "highestBidAuctions_aggregate": {"aggregate": {"count": 1}}}, {"userIndex": 925, "publicKey": "0x3b0AA499Cc6acDE1d4a7433dA6968d7bb8BD8509", "username": "the_alchemist", "profileImageUrl": "https://f8n-production.s3.amazonaws.com/creators/profile/mutwg5xhb-the-alchemist-png-zyqq0e.png", "coverImageUrl": "", "name": "", "bio": "https://twitter.com/AnestiDhima", "isApprovedCreator": false, "moderationStatus": "ACTIVE", "joinedWaitlistAt": null, "createdAt": "2021-02-08T02:42:30.936563", "migratedToUser": null, "isApprovedForMigrationAt": null, "follows": [], "highestBidAuctions": [{"endsAt": "2021-02-09T06:45:45"}], "highestBidAuctions_aggregate": {"aggregate": {"count": 1}}}, {"userIndex": 18, "publicKey": "0x88D01d4354DA0D65C38b0196c4400525A5eebe17", "username": "gold", "profileImageUrl": "https://f8n-production.s3.amazonaws.com/creators/profile/v3euwaos5-c12a5017-jpg-dql8mb.jpg", "coverImageUrl": "https://f8n-production.s3.amazonaws.com/creators/profile/9xz73dcdv-c12a4927-jpg-4ee9rs.jpg", "name": "J.H. Gold", "bio": "independent artist, musician & technologist; forever seeking interdisciplinary altars to worship Source Consciousness\n\nproceeds from my art sales help me finish my first solo psychedelic folk rock album!", "isApprovedCreator": true, "moderationStatus": "ACTIVE", "joinedWaitlistAt": null, "createdAt": "2021-01-20T19:31:36.311819", "migratedToUser": null, "isApprovedForMigrationAt": null, "follows": [], "highestBidAuctions": [{"endsAt": "2021-02-05T19:15:21"}], "highestBidAuctions_aggregate": {"aggregate": {"count": 1}}}, {"userIndex": 52, "publicKey": "0xB630AbD9a5367763B7CBa316e870c4A54064CC9F", "username": "mikegee", "profileImageUrl": "https://f8n-production.s3.amazonaws.com/creators/profile/pgwhucwae-4892-mono-png-ptsxja.png", "coverImageUrl": "https://f8n-production.s3.amazonaws.com/creators/profile/v7cq1bar8-242424-png-uptd36.png", "name": "mikegee", "bio": "", "isApprovedCreator": true, "moderationStatus": "ACTIVE", "joinedWaitlistAt": null, "createdAt": "2021-01-27T05:05:47.319241", "migratedToUser": null, "isApprovedForMigrationAt": null, "follows": [], "highestBidAuctions": [{"endsAt": "2021-02-04T21:17:56"}], "highestBidAuctions_aggregate": {"aggregate": {"count": 1}}}, {"userIndex": 130, "publicKey": "0xF4b0498e71485717f6f9b6117672C19A0dbA5100", "username": "zach", "profileImageUrl": "https://f8n-production.s3.amazonaws.com/creators/profile/4sicmj84q-mdeealzi-400x400-jpg-17wanb.jpg", "coverImageUrl": "https://f8n-production.s3.amazonaws.com/creators/profile/kenfk0294-51978444-10101117263646563-8742806080226066432-n-jpeg-olrw06.jpeg", "name": "Zach", "bio": "", "isApprovedCreator": true, "moderationStatus": "ACTIVE", "joinedWaitlistAt": null, "createdAt": "2021-01-31T05:46:33.965997", "migratedToUser": null, "isApprovedForMigrationAt": null, "follows": [], "highestBidAuctions": [{"endsAt": "2021-02-04T18:49:20"}], "highestBidAuctions_aggregate": {"aggregate": {"count": 1}}}], "createdCount": 0}, "__N_SSG": true}, "page": "/[username]", "query": {"username": "0xe7bd51dc30d4bdc9fddd42ea7c0a283590c9d416"}, "buildId": "fPHzAE9c9nph2AUK0K_6u", "isFallback": false, "dynamicIds": [33196, 55458, 54746], "gsp": true, "scriptLoader": []}