{"props": {"pageProps": {"username": "0xccb3b4e89181ef6cfa4378a608aab9d25c06e841", "user": {"userIndex": 36560, "publicKey": "0xcCB3b4e89181EF6CFA4378A608aAB9d25C06E841", "username": "acidtime", "profileImageUrl": "https://f8n-production.s3.amazonaws.com/creators/profile/8bfslf54p-avatar-acidtime-foundation-jpg-a1bxra.jpg", "coverImageUrl": "https://f8n-production.s3.amazonaws.com/creators/profile/6l9trvurd-ban-acid-found-jpg-1j1p6u.jpg", "name": "Acid Time", "bio": "Visual Artist - Music Maker & Time Traveler\n\nWorking with Blender - Photoshop - After Effect and Ableton Live", "isApprovedCreator": true, "moderationStatus": "ACTIVE", "joinedWaitlistAt": null, "createdAt": "2021-04-03T18:19:24.749798", "migratedToUser": null, "isApprovedForMigrationAt": null, "firstName": null, "lastName": null, "isAdmin": false, "links": {"tiktok": {"handle": "", "platform": "tiktok"}, "twitch": {"handle": "", "platform": "twitch"}, "discord": {"handle": "", "platform": "discord"}, "twitter": {"handle": "", "platform": "twitter"}, "website": {"handle": "", "platform": "website"}, "youtube": {"handle": "", "platform": "youtube"}, "facebook": {"handle": "", "platform": "facebook"}, "snapchat": {"handle": "", "platform": "snapchat"}, "instagram": {"handle": "acid.time", "platform": "instagram"}}, "acceptedInvite": {"senderPublicKey": "0xF18EC5ecAa2bfD2F78C2a2345EA6A578B806E3ad", "redeemerPublicKey": "0xcCB3b4e89181EF6CFA4378A608aAB9d25C06E841", "redeemedAt": "2021-04-03T18:19:28.258"}, "twitSocialVerifs": [{"id": "dd2a91a5-210f-423c-8ccc-2b56bf2252d0", "user": "0xcCB3b4e89181EF6CFA4378A608aAB9d25C06E841", "createdAt": "2021-04-03T18:29:01.954399", "updatedAt": "2021-04-03T18:29:05.98456", "lastCheckedAt": "2021-04-03T18:29:05.978", "socialVerificationURL": "https://twitter.com/iamacidtime/status/1378414115518042121", "verificationText": "0xcCB3b4e89181EF6CFA4378A608aAB9d25C06E841", "userId": "78150815", "username": "iamacidtime", "isValid": true, "service": "TWITTER", "failedReason": null, "status": null}], "instaSocialVerifs": [{"id": "61b1460c-30d0-439b-86dc-d81656fadf82", "user": "0xcCB3b4e89181EF6CFA4378A608aAB9d25C06E841", "createdAt": "2021-04-22T20:27:19.362859", "updatedAt": "2021-04-22T20:27:19.362859", "lastCheckedAt": "2021-04-22T20:27:19.335", "socialVerificationURL": null, "verificationText": null, "userId": "17841419251137199", "username": "acid.time", "isValid": true, "service": "INSTAGRAM", "failedReason": null, "status": null}]}, "profileExists": true, "collectors": [], "createdCount": 0}, "__N_SSG": true}, "page": "/[username]", "query": {"username": "0xccb3b4e89181ef6cfa4378a608aab9d25c06e841"}, "buildId": "fPHzAE9c9nph2AUK0K_6u", "isFallback": false, "dynamicIds": [33196, 55458, 54746], "gsp": true, "scriptLoader": []}