{"props": {"pageProps": {"username": "0xe863039f2ff6db878af9ad86e11e4f8d710ae9f9", "user": {"userIndex": 29373, "publicKey": "0xe863039F2Ff6Db878Af9Ad86E11e4f8D710ae9F9", "username": "marcusmatossian", "profileImageUrl": "https://f8n-production.s3.amazonaws.com/creators/profile/0beo8ee65-scream-close-up-with-god-rays-jpg-v1dq78.jpg", "coverImageUrl": "https://f8n-production.s3.amazonaws.com/creators/profile/74mk3tldp-fnd-cover-jpg-5di9wj.jpg", "name": "Marcus Matossian", "bio": "", "isApprovedCreator": true, "moderationStatus": "ACTIVE", "joinedWaitlistAt": null, "createdAt": "2021-03-27T16:08:34.746556", "migratedToUser": null, "isApprovedForMigrationAt": null, "firstName": null, "lastName": null, "isAdmin": false, "links": {"tiktok": {"handle": "", "platform": "tiktok"}, "twitch": {"handle": "", "platform": "twitch"}, "discord": {"handle": "", "platform": "discord"}, "twitter": {"handle": "", "platform": "twitter"}, "website": {"handle": "www.behance.net/marcusmatossian", "platform": "website"}, "youtube": {"handle": "youtube.com/marcusmatossian", "platform": "youtube"}, "facebook": {"handle": "", "platform": "facebook"}, "snapchat": {"handle": "", "platform": "snapchat"}, "instagram": {"handle": "www.instagram.com/marcusmatossian", "platform": "instagram"}}, "acceptedInvite": {"senderPublicKey": "0xe6BB1b250Aa7a2Ca34e5e5D3A267201D195b4438", "redeemerPublicKey": "0xe863039F2Ff6Db878Af9Ad86E11e4f8D710ae9F9", "redeemedAt": "2021-03-27T16:08:47.358"}, "twitSocialVerifs": [{"id": "f604d792-c0b8-4331-ab30-60f02ee7f9ff", "user": "0xe863039F2Ff6Db878Af9Ad86E11e4f8D710ae9F9", "createdAt": "2021-03-27T16:14:59.106276", "updatedAt": "2021-03-27T16:15:01.109539", "lastCheckedAt": "2021-03-27T16:15:01.09", "socialVerificationURL": "https://twitter.com/MarcusMatossian/status/1375843647002976265?s=20", "verificationText": "I\u2019m on @withFND \ud83c\udf10\n\n0xe863039F2Ff6Db878Af9Ad86E11e4f8D710ae9F9\n\nhttps://t.co/0YUaOXq4oG", "userId": "448021810", "username": "MarcusMatossian", "isValid": true, "service": "TWITTER", "failedReason": null, "status": null}], "instaSocialVerifs": [{"id": "e60ad455-3778-4a14-8ebf-c7df812f75de", "user": "0xe863039F2Ff6Db878Af9Ad86E11e4f8D710ae9F9", "createdAt": "2021-06-07T20:45:08.289248", "updatedAt": "2021-06-07T20:45:08.289248", "lastCheckedAt": "2021-06-07T20:45:08.266", "socialVerificationURL": null, "verificationText": null, "userId": "17841400330000266", "username": "marcusmatossian", "isValid": true, "service": "INSTAGRAM", "failedReason": null, "status": null}]}, "profileExists": true, "collectors": [], "createdCount": 0}, "__N_SSG": true}, "page": "/[username]", "query": {"username": "0xe863039f2ff6db878af9ad86e11e4f8d710ae9f9"}, "buildId": "fPHzAE9c9nph2AUK0K_6u", "isFallback": false, "dynamicIds": [33196, 55458, 54746], "gsp": true, "scriptLoader": []}