{"props": {"pageProps": {"username": "0xfe13bb89187589946f33473e60c54642ff447292", "user": {"userIndex": 32544, "publicKey": "0xfe13Bb89187589946F33473e60c54642ff447292", "username": "ncart", "profileImageUrl": "https://f8n-production.s3.amazonaws.com/creators/profile/3dfxt0ts6-frame-1-png-hb1ac3.png", "coverImageUrl": "https://f8n-production.s3.amazonaws.com/creators/profile/vf19ujnbh-frame-16-png-ldo1rb.png", "name": "Natalia Cebotari", "bio": "A product designer, illustrator and animator based in Milan. Creating meaningful design experiences for international companies and startups.\nIndie Game Creator (Unity).", "isApprovedCreator": true, "moderationStatus": "ACTIVE", "joinedWaitlistAt": null, "createdAt": "2021-03-30T22:43:01.926639", "migratedToUser": null, "isApprovedForMigrationAt": null, "firstName": null, "lastName": null, "isAdmin": false, "links": {"tiktok": {"handle": "", "platform": "tiktok"}, "twitch": {"handle": "", "platform": "twitch"}, "discord": {"handle": "", "platform": "discord"}, "twitter": {"handle": "", "platform": "twitter"}, "website": {"handle": "https://ncart.eu/", "platform": "website"}, "youtube": {"handle": "", "platform": "youtube"}, "facebook": {"handle": "", "platform": "facebook"}, "snapchat": {"handle": "", "platform": "snapchat"}, "instagram": {"handle": "", "platform": "instagram"}}, "acceptedInvite": {"senderPublicKey": "0xCFD9f6e9f3f58d1EEeE14C8f563C8E84FC9FA227", "redeemerPublicKey": "0xfe13Bb89187589946F33473e60c54642ff447292", "redeemedAt": "2021-03-30T22:43:05.318"}, "twitSocialVerifs": [{"id": "04e450e5-bcd7-49c2-b74d-4b43a96fcd52", "user": "0xfe13Bb89187589946F33473e60c54642ff447292", "createdAt": "2021-03-30T22:57:01.350881", "updatedAt": "2021-03-30T22:57:07.065588", "lastCheckedAt": "2021-03-30T22:57:07.03", "socialVerificationURL": "https://twitter.com/NataliaCebotar2/status/1377032064101400577?s=20", "verificationText": "I\u2019m on @withFND \ud83c\udf10\n\n0xfe13Bb89187589946F33473e60c54642ff447292\n\nhttps://t.co/s760XjG1F0", "userId": "1216698779123974146", "username": "NataliaCebotar2", "isValid": true, "service": "TWITTER", "failedReason": null, "status": null}], "instaSocialVerifs": [{"id": "ecba3d47-bc4b-4b1d-82b9-637d69179fb8", "user": "0xfe13Bb89187589946F33473e60c54642ff447292", "createdAt": "2021-07-16T15:38:25.600105", "updatedAt": "2021-07-16T15:38:25.600105", "lastCheckedAt": "2021-07-16T15:38:25.583", "socialVerificationURL": null, "verificationText": null, "userId": "17841400309873224", "username": "natalia_cebotari", "isValid": true, "service": "INSTAGRAM", "failedReason": null, "status": null}]}, "profileExists": true, "collectors": [], "createdCount": 0}, "__N_SSG": true}, "page": "/[username]", "query": {"username": "0xfe13bb89187589946f33473e60c54642ff447292"}, "buildId": "fPHzAE9c9nph2AUK0K_6u", "isFallback": false, "dynamicIds": [33196, 55458, 54746], "gsp": true, "scriptLoader": []}