{"props": {"pageProps": {"username": "0xe00712086490734ef8b4d72839a7237e505767f5", "user": {"userIndex": 87, "publicKey": "0xe00712086490734eF8B4D72839a7237e505767f5", "username": "zach.lieberman", "profileImageUrl": "https://f8n-production.s3.amazonaws.com/creators/profile/de20iebck-screen-shot-2021-02-03-at-1-50-30-am-png-9fzsam.png", "coverImageUrl": "https://f8n-production.s3.amazonaws.com/creators/profile/ght2dj60y-screen-shot-2021-02-03-at-1-48-02-am-png-sbnzn1.png", "name": "zach lieberman", "bio": "Zach Lieberman is an NYC based artist.  He helped start the School for Poetic Computation and is a professor at MIT Media Lab where he runs the future sketches group ", "isApprovedCreator": true, "moderationStatus": "ACTIVE", "joinedWaitlistAt": null, "createdAt": "2021-01-27T19:57:46.154287", "migratedToUser": null, "isApprovedForMigrationAt": null, "firstName": null, "lastName": null, "isAdmin": false, "links": {"tiktok": {"handle": "", "platform": "tiktok"}, "twitch": {"handle": "", "platform": "twitch"}, "twitter": {"handle": "zachlieberman", "platform": "twitter"}, "website": {"handle": "", "platform": "website"}, "youtube": {"handle": "", "platform": "youtube"}, "facebook": {"handle": "", "platform": "facebook"}, "instagram": {"handle": "zach.lieberman", "platform": "instagram"}}, "acceptedInvite": null, "twitSocialVerifs": [{"id": "71388c55-92f6-4d1a-8c4a-2e08f74f9283", "user": "0xe00712086490734eF8B4D72839a7237e505767f5", "createdAt": "2021-04-04T18:27:20.088512", "updatedAt": "2021-04-04T18:27:22.516089", "lastCheckedAt": "2021-04-04T18:27:22.509", "socialVerificationURL": "https://twitter.com/zachlieberman/status/1378776124352790529?s=20", "verificationText": "I\u2019m on @withFND \ud83c\udf10\n\n0xe00712086490734eF8B4D72839a7237e505767f5", "userId": "52789379", "username": "zachlieberman", "isValid": true, "service": "TWITTER", "failedReason": null, "status": null}], "instaSocialVerifs": [{"id": "dba4bf5c-fe24-4008-868c-a220bdd4850c", "user": "0xe00712086490734eF8B4D72839a7237e505767f5", "createdAt": "2021-06-16T01:27:37.619924", "updatedAt": "2021-06-16T01:27:37.619924", "lastCheckedAt": "2021-06-16T01:27:37.6", "socialVerificationURL": null, "verificationText": null, "userId": "17841402320736394", "username": "zach.lieberman", "isValid": true, "service": "INSTAGRAM", "failedReason": null, "status": null}]}, "profileExists": true, "collectors": [{"userIndex": 1910, "publicKey": "0x05467eCEa464e1704c3Fd142ef9ba816BA7a7088", "username": "minidoka", "profileImageUrl": "", "coverImageUrl": "", "name": "", "bio": "", "isApprovedCreator": false, "moderationStatus": "ACTIVE", "joinedWaitlistAt": null, "createdAt": "2021-02-10T22:22:57.782356", "migratedToUser": null, "isApprovedForMigrationAt": null, "follows": [], "highestBidAuctions": [{"endsAt": "2021-03-12T20:00:20"}], "highestBidAuctions_aggregate": {"aggregate": {"count": 1}}}, {"userIndex": null, "publicKey": "0x2291aCaF4Fe6DA4509bc4E9c6684Ae0568791bd6", "username": null, "profileImageUrl": null, "coverImageUrl": null, "name": null, "bio": null, "isApprovedCreator": false, "moderationStatus": "ACTIVE", "joinedWaitlistAt": null, "createdAt": "2021-02-22T15:56:29.035879", "migratedToUser": null, "isApprovedForMigrationAt": null, "follows": [], "highestBidAuctions": [{"endsAt": "2021-02-27T06:59:39"}], "highestBidAuctions_aggregate": {"aggregate": {"count": 1}}}, {"userIndex": 1182, "publicKey": "0x3612b2e93b49F6c797066cA8c38b7f522b32c7cb", "username": "rudy", "profileImageUrl": "https://f8n-production.s3.amazonaws.com/creators/profile/b2jt52m9e-13000492-png-5nrxui.png", "coverImageUrl": "", "name": "", "bio": "", "isApprovedCreator": false, "moderationStatus": "ACTIVE", "joinedWaitlistAt": null, "createdAt": "2021-02-04T13:33:44.084488", "migratedToUser": null, "isApprovedForMigrationAt": null, "follows": [], "highestBidAuctions": [{"endsAt": "2021-02-16T14:00:51"}], "highestBidAuctions_aggregate": {"aggregate": {"count": 1}}}, {"userIndex": 925, "publicKey": "0x3b0AA499Cc6acDE1d4a7433dA6968d7bb8BD8509", "username": "the_alchemist", "profileImageUrl": "https://f8n-production.s3.amazonaws.com/creators/profile/mutwg5xhb-the-alchemist-png-zyqq0e.png", "coverImageUrl": "", "name": "", "bio": "https://twitter.com/AnestiDhima", "isApprovedCreator": false, "moderationStatus": "ACTIVE", "joinedWaitlistAt": null, "createdAt": "2021-02-08T02:42:30.936563", "migratedToUser": null, "isApprovedForMigrationAt": null, "follows": [], "highestBidAuctions": [{"endsAt": "2021-02-08T03:41:00"}], "highestBidAuctions_aggregate": {"aggregate": {"count": 1}}}, {"userIndex": 81536, "publicKey": "0x49c092864735B4De6e8906a10Ce18E95e2b1cB4a", "username": "karmalarma", "profileImageUrl": "", "coverImageUrl": "", "name": "Karma A. Larma", "bio": "Give me the bold. The original. The unexpected. The definite. The honest. The essential. Show me what I haven't seen before 1000 times. Or ever. Blow my mind. ", "isApprovedCreator": false, "moderationStatus": "ACTIVE", "joinedWaitlistAt": null, "createdAt": "2021-06-27T22:56:54.180692", "migratedToUser": null, "isApprovedForMigrationAt": null, "follows": [], "highestBidAuctions": [{"endsAt": "2021-07-09T13:52:13"}], "highestBidAuctions_aggregate": {"aggregate": {"count": 2}}}, {"userIndex": 48390, "publicKey": "0x4d5B87f19804B631a383b165D8eC5b5e1117dA47", "username": "evening_sale", "profileImageUrl": "https://f8n-production.s3.amazonaws.com/creators/profile/ljavy9cod-img-4320-jpg-9rmvup.jpg", "coverImageUrl": "", "name": "evening_sale", "bio": "ARTISTS FIRST. PRIVATE COLLECTION.", "isApprovedCreator": false, "moderationStatus": "ACTIVE", "joinedWaitlistAt": null, "createdAt": "2021-04-16T21:36:24.104158", "migratedToUser": null, "isApprovedForMigrationAt": null, "follows": [], "highestBidAuctions": [{"endsAt": "2021-06-15T01:07:52"}], "highestBidAuctions_aggregate": {"aggregate": {"count": 1}}}, {"userIndex": 18466, "publicKey": "0x5fbe0aE423F1767028f150aA92545267507588eF", "username": "jayooo", "profileImageUrl": "https://f8n-production.s3.amazonaws.com/creators/profile/ugusi70q4-img-3406-2-jpg-6va07f.JPG", "coverImageUrl": "", "name": "NFTmuseum.art", "bio": "NOW ON VIEW: \n\nDIGITAL AMERICA \n#New American art from the digital age \n\n@arc\n@clementvalla\n@igotsilver\n@katherine\n@marchorowitz\n@zach.lieberman\n\nhttps://oncyber.io/digital_america\nwww.NFTmuseum.art", "isApprovedCreator": true, "moderationStatus": "ACTIVE", "joinedWaitlistAt": null, "createdAt": "2021-03-14T02:23:02.266963", "migratedToUser": null, "isApprovedForMigrationAt": null, "follows": [], "highestBidAuctions": [{"endsAt": "2021-06-04T16:47:10"}], "highestBidAuctions_aggregate": {"aggregate": {"count": 1}}}, {"userIndex": 88216, "publicKey": "0x65c8C8B156a1D1a9488bd2be3798dFC417EcEE45", "username": "FamousCollector", "profileImageUrl": "", "coverImageUrl": "", "name": "FamousCollector", "bio": "", "isApprovedCreator": false, "moderationStatus": "ACTIVE", "joinedWaitlistAt": null, "createdAt": "2021-02-04T11:02:33.727813", "migratedToUser": null, "isApprovedForMigrationAt": null, "follows": [], "highestBidAuctions": [{"endsAt": "2021-02-05T20:15:51"}], "highestBidAuctions_aggregate": {"aggregate": {"count": 1}}}, {"userIndex": 53100, "publicKey": "0xAe48F64abeaA92618b8180c0FD33CAEBfEd42f2b", "username": "Antagonist4ever", "profileImageUrl": "https://f8n-production.s3.amazonaws.com/creators/profile/pogqmmp5i-5779-jpg-ngdtoy.JPG", "coverImageUrl": "https://f8n-production.s3.amazonaws.com/creators/profile/50a2h6wfr-screenshot-jen-stark-jpg-bpjz5x.JPG", "name": "Antagonist4ever", "bio": "", "isApprovedCreator": false, "moderationStatus": "ACTIVE", "joinedWaitlistAt": null, "createdAt": "2021-04-02T17:57:38.537847", "migratedToUser": null, "isApprovedForMigrationAt": null, "follows": [], "highestBidAuctions": [{"endsAt": "2021-07-23T06:14:35"}], "highestBidAuctions_aggregate": {"aggregate": {"count": 1}}}, {"userIndex": 3, "publicKey": "0xb188Ee1daca51cE6b58CcF8a81Ce4025a714BC73", "username": "elpizo", "profileImageUrl": "https://f8n-production.s3.amazonaws.com/creators/profile/qsvzp49hv-headphones-cropped-jpeg-is7bj7.jpeg", "coverImageUrl": "https://f8n-production.s3.amazonaws.com/creators/profile/qznttev8v-1155017-jpg-yg1age.jpg", "name": "Elpizo Choi", "bio": "Head of Eng at Foundation. Aspiring NFT hoarder.\n\nPlease report all bugs to @matt.", "isApprovedCreator": true, "moderationStatus": "ACTIVE", "joinedWaitlistAt": null, "createdAt": "2020-07-22T19:18:21.803448", "migratedToUser": null, "isApprovedForMigrationAt": null, "follows": [], "highestBidAuctions": [{"endsAt": "2021-05-13T06:45:16"}], "highestBidAuctions_aggregate": {"aggregate": {"count": 1}}}, {"userIndex": 169, "publicKey": "0xD9C4475E2dd89a9a0aD0C1E9a1e1bb28Df7BA298", "username": "jamiedubs", "profileImageUrl": "https://f8n-production.s3.amazonaws.com/creators/profile/8ttaifs3l-jamie-kickstarter-2018-11-crop-jpg-uwofhx.jpg", "coverImageUrl": "https://f8n-production.s3.amazonaws.com/creators/profile/8cvzigdjg-awesome-smiley-by-zeaqual-jpg-s3hwjj.jpg", "name": "Jamie Wilkinson", "bio": "https://jamiedubs.com", "isApprovedCreator": false, "moderationStatus": "ACTIVE", "joinedWaitlistAt": null, "createdAt": "2020-12-07T22:08:59.658718", "migratedToUser": null, "isApprovedForMigrationAt": null, "follows": [], "highestBidAuctions": [{"endsAt": "2021-03-20T02:42:34"}], "highestBidAuctions_aggregate": {"aggregate": {"count": 1}}}, {"userIndex": 673, "publicKey": "0xf598AaDF12a2FC4709b5Db0C4c169715EFAf2038", "username": "fastackl", "profileImageUrl": "https://f8n-production.s3.amazonaws.com/creators/profile/jai14jrqk-fastackl-jpg-it99z9.jpg", "coverImageUrl": "https://f8n-production.s3.amazonaws.com/creators/profile/cy2nv9zmz-fastacklprofile-jpeg-o5cv7w.jpeg", "name": "Fastackl", "bio": "yarn global add", "isApprovedCreator": false, "moderationStatus": "ACTIVE", "joinedWaitlistAt": null, "createdAt": "2021-02-05T06:19:47.759658", "migratedToUser": null, "isApprovedForMigrationAt": null, "follows": [], "highestBidAuctions": [{"endsAt": "2021-02-06T12:14:34"}], "highestBidAuctions_aggregate": {"aggregate": {"count": 1}}}, {"userIndex": 40601, "publicKey": "0xF9C298545dA80df7767C4e5a9296a071F13702B8", "username": "DaveCorp", "profileImageUrl": "https://f8n-production.s3.amazonaws.com/creators/profile/ynj9v77ln-punk6217-2-png-qp73zt.png", "coverImageUrl": "https://f8n-production.s3.amazonaws.com/creators/profile/liszmoutk-nocountry3-jpg-09gfir.jpg", "name": "D\u039bV\u039e", "bio": "LIV\u039e L\u039bUGH LOV\u039e", "isApprovedCreator": true, "moderationStatus": "ACTIVE", "joinedWaitlistAt": "2021-07-13T04:00:12.811", "createdAt": "2021-04-07T23:54:56.446491", "migratedToUser": null, "isApprovedForMigrationAt": null, "follows": [], "highestBidAuctions": [{"endsAt": "2021-06-24T11:15:01"}], "highestBidAuctions_aggregate": {"aggregate": {"count": 1}}}], "createdCount": 0}, "__N_SSG": true}, "page": "/[username]", "query": {"username": "0xe00712086490734ef8b4d72839a7237e505767f5"}, "buildId": "fPHzAE9c9nph2AUK0K_6u", "isFallback": false, "dynamicIds": [33196, 55458, 54746], "gsp": true, "scriptLoader": []}