{"props": {"pageProps": {"username": "0xae1fbc5f4d05ec987f733aac10e7b2898a7b14d4", "user": {"userIndex": 71390, "publicKey": "0xAE1FBc5f4D05Ec987f733Aac10e7B2898A7b14D4", "username": "jonvaldoz", "profileImageUrl": "https://f8n-production.s3.amazonaws.com/creators/profile/7hsnco784-jon-portrait-seattle-jpg-mbjoyr.jpg", "coverImageUrl": "https://f8n-production.s3.amazonaws.com/creators/profile/e5iqm8lal-sand-dune-flower-full-jpg-sgnwtj.jpg", "name": "Jon Valdoz", "bio": "Jon is a landscape photographer based in Utah, USA. His style evokes polarized feelings of warmth and coldness often associated with times of day and seasons. ", "isApprovedCreator": true, "moderationStatus": "ACTIVE", "joinedWaitlistAt": "2021-05-27T06:10:57.135", "createdAt": "2021-05-27T06:10:03.397135", "migratedToUser": null, "isApprovedForMigrationAt": null, "firstName": null, "lastName": null, "isAdmin": false, "links": {"tiktok": {"handle": "", "platform": "tiktok"}, "twitch": {"handle": "", "platform": "twitch"}, "discord": {"handle": "microcosmos#6102", "platform": "discord"}, "twitter": {"handle": "", "platform": "twitter"}, "website": {"handle": "https://valdozstudio.mypixieset.com/", "platform": "website"}, "youtube": {"handle": "", "platform": "youtube"}, "facebook": {"handle": "", "platform": "facebook"}, "snapchat": {"handle": "", "platform": "snapchat"}, "instagram": {"handle": "", "platform": "instagram"}}, "acceptedInvite": {"senderPublicKey": "0xcbdF47d77D7682655c7a69406655Ea0F52123f7A", "redeemerPublicKey": "0xAE1FBc5f4D05Ec987f733Aac10e7B2898A7b14D4", "redeemedAt": "2021-06-23T22:33:12.918"}, "twitSocialVerifs": [{"id": "5391830c-1241-4df7-ae3a-599fbad51ab5", "user": "0xAE1FBc5f4D05Ec987f733Aac10e7B2898A7b14D4", "createdAt": "2021-05-27T06:21:38.684116", "updatedAt": "2021-05-27T06:21:41.770223", "lastCheckedAt": "2021-05-27T06:21:41.754", "socialVerificationURL": "https://twitter.com/Jonvaldoz/status/1397798857845530625?s=20", "verificationText": "I\u2019m on @withFND \ud83c\udf10\n\n0xAE1FBc5f4D05Ec987f733Aac10e7B2898A7b14D4\n\nhttps://t.co/chmvarsx38", "userId": "374876400", "username": "Jonvaldoz", "isValid": true, "service": "TWITTER", "failedReason": null, "status": null}], "instaSocialVerifs": [{"id": "815b035d-7afb-4840-9739-c5c1996af699", "user": "0xAE1FBc5f4D05Ec987f733Aac10e7B2898A7b14D4", "createdAt": "2021-05-27T06:10:37.526044", "updatedAt": "2021-05-27T06:10:37.526044", "lastCheckedAt": "2021-05-27T06:10:37.507", "socialVerificationURL": null, "verificationText": null, "userId": "17841402892174410", "username": "jonvaldoz", "isValid": true, "service": "INSTAGRAM", "failedReason": null, "status": null}]}, "profileExists": true, "collectors": [{"userIndex": 16339, "publicKey": "0xEEE5BcCE0acE416728C73a562Ec06e97B0ACE96A", "username": "bernacreates0017", "profileImageUrl": "https://f8n-production.s3.amazonaws.com/creators/profile/xtcmifemb-img-0972-jpg-bvwrsu.JPG", "coverImageUrl": "https://f8n-production.s3.amazonaws.com/creators/profile/vl2cs7adq-1500x500-jfif-f3pr8e.jfif", "name": "bernacreates0017", "bio": "\ud83c\udf31 loving iterations of ideation, creation and curation \ud83c\udf40\n\ud83d\udc8e connecting the dots \ud83c\udf08\n\ud83c\udfae creative technologist \ud83c\udfa8\n\ud83e\udd16 AI \ud83c\udfad arts \ud83d\udd2d science \ud83c\udfb6 music", "isApprovedCreator": true, "moderationStatus": "ACTIVE", "joinedWaitlistAt": null, "createdAt": "2021-03-15T14:54:01.675384", "migratedToUser": null, "isApprovedForMigrationAt": null, "follows": [], "highestBidAuctions": [{"endsAt": "2021-07-05T03:27:47"}], "highestBidAuctions_aggregate": {"aggregate": {"count": 1}}}], "createdCount": 0}, "__N_SSG": true}, "page": "/[username]", "query": {"username": "0xae1fbc5f4d05ec987f733aac10e7b2898a7b14d4"}, "buildId": "fPHzAE9c9nph2AUK0K_6u", "isFallback": false, "dynamicIds": [33196, 55458, 54746], "gsp": true, "scriptLoader": []}