{"props": {"pageProps": {"username": "0x6d9dd885406c576c6713823f0a721648a901106c", "user": {"userIndex": 86146, "publicKey": "0x6D9dd885406c576C6713823F0A721648A901106C", "username": "xxnayakaxx", "profileImageUrl": "https://f8n-production.s3.amazonaws.com/creators/profile/2h7udxu0t-img-20200625-015404-327-2-jpg-bqc0gu.jpg", "coverImageUrl": "https://f8n-production.s3.amazonaws.com/creators/profile/kfdzvtsmp-20210725-142220-jpg-5vyq1q.jpg", "name": "nayaka", "bio": "Hi ! I'm a self-taught 3D CGI artist who love making art based in Indonesia. I hope that the message behind my arts can be conveyed to y'all who see it.", "isApprovedCreator": true, "moderationStatus": "ACTIVE", "joinedWaitlistAt": null, "createdAt": "2021-07-20T06:23:11.098475", "migratedToUser": null, "isApprovedForMigrationAt": null, "firstName": null, "lastName": null, "isAdmin": false, "links": {"tiktok": {"handle": "", "platform": "tiktok"}, "twitch": {"handle": "", "platform": "twitch"}, "discord": {"handle": "", "platform": "discord"}, "twitter": {"handle": "", "platform": "twitter"}, "website": {"handle": "lynkfire.com/xxnayakaxx", "platform": "website"}, "youtube": {"handle": "", "platform": "youtube"}, "facebook": {"handle": "", "platform": "facebook"}, "snapchat": {"handle": "", "platform": "snapchat"}, "instagram": {"handle": "", "platform": "instagram"}}, "acceptedInvite": {"senderPublicKey": "0x43839e956fa83C45F3FAf881ab8D0264de3657ae", "redeemerPublicKey": "0x6D9dd885406c576C6713823F0A721648A901106C", "redeemedAt": "2021-07-20T06:23:15.448"}, "twitSocialVerifs": [{"id": "611bbf0e-5847-4c79-9ef4-baf4f92f6652", "user": "0x6D9dd885406c576C6713823F0A721648A901106C", "createdAt": "2021-07-20T06:27:26.440287", "updatedAt": "2021-07-20T06:27:26.841808", "lastCheckedAt": "2021-07-20T06:27:26.828", "socialVerificationURL": "https://twitter.com/xxnayakaxx/status/1417370477245308929", "verificationText": "I\u2019m on @withFND \ud83c\udf10\n\n0x6D9dd885406c576C6713823F0A721648A901106C\n\nhttps://t.co/Fi1E0tKlIv", "userId": "1109418295835262982", "username": "xxnayakaxx", "isValid": true, "service": "TWITTER", "failedReason": null, "status": null}], "instaSocialVerifs": [{"id": "27be5e1c-a852-4287-a88b-dd76913f0ae2", "user": "0x6D9dd885406c576C6713823F0A721648A901106C", "createdAt": "2021-07-20T06:25:56.036958", "updatedAt": "2021-07-20T06:25:56.036958", "lastCheckedAt": "2021-07-20T06:25:56.033", "socialVerificationURL": null, "verificationText": null, "userId": "17841406607229388", "username": "xxnayakaxx", "isValid": true, "service": "INSTAGRAM", "failedReason": null, "status": null}]}, "profileExists": true, "collectors": [], "createdCount": 0}, "__N_SSG": true}, "page": "/[username]", "query": {"username": "0x6d9dd885406c576c6713823f0a721648a901106c"}, "buildId": "fPHzAE9c9nph2AUK0K_6u", "isFallback": false, "dynamicIds": [33196, 55458, 54746], "gsp": true, "scriptLoader": []}