{"props": {"pageProps": {"username": "0x0b8f4c4e7626a91460dac057eb43e0de59d5b44f", "user": {"userIndex": 4448, "publicKey": "0x0b8F4C4E7626A91460dac057eB43e0de59d5b44F", "username": "artchick", "profileImageUrl": "https://f8n-production.s3.amazonaws.com/creators/profile/hgioke8he-crypnk-png-hlzyi8.png", "coverImageUrl": "", "name": "Digital Art Chick", "bio": "I write articles everyday about cryptoart.", "isApprovedCreator": true, "moderationStatus": "ACTIVE", "joinedWaitlistAt": null, "createdAt": "2021-02-21T22:55:58.314345", "migratedToUser": null, "isApprovedForMigrationAt": null, "firstName": null, "lastName": null, "isAdmin": false, "links": {"tiktok": {"handle": "", "platform": "tiktok"}, "twitch": {"handle": "", "platform": "twitch"}, "discord": {"handle": "", "platform": "discord"}, "twitter": {"handle": "digitalartchick", "platform": "twitter"}, "website": {"handle": "digitalartcollector.com", "platform": "website"}, "youtube": {"handle": "", "platform": "youtube"}, "facebook": {"handle": "", "platform": "facebook"}, "snapchat": {"handle": "", "platform": "snapchat"}, "instagram": {"handle": "", "platform": "instagram"}}, "acceptedInvite": {"senderPublicKey": "0x0b8F4C4E7626A91460dac057eB43e0de59d5b44F", "redeemerPublicKey": "0x0b8F4C4E7626A91460dac057eB43e0de59d5b44F", "redeemedAt": "2021-02-28T04:37:34.293"}, "twitSocialVerifs": [{"id": "41ac60f3-0f16-4c86-9efa-6bbe7dc0d0b5", "user": "0x0b8F4C4E7626A91460dac057eB43e0de59d5b44F", "createdAt": "2021-03-20T19:28:44.330333", "updatedAt": "2021-03-20T19:28:46.536399", "lastCheckedAt": "2021-03-20T19:28:46.501", "socialVerificationURL": "https://twitter.com/digitalartchick/status/1373355811464962051", "verificationText": "I\u2019m on @withFND \ud83c\udf10\n\n0x0b8F4C4E7626A91460dac057eB43e0de59d5b44F\n\nhttps://t.co/iX3vRenaq1", "userId": "986900699366604800", "username": "digitalartchick", "isValid": true, "service": "TWITTER", "failedReason": null, "status": null}], "instaSocialVerifs": []}, "profileExists": true, "collectors": [{"userIndex": 3725, "publicKey": "0x0150B0ec3c7b72879FbfdbDD79c18a8368B194E0", "username": "Aito", "profileImageUrl": "https://f8n-production.s3.amazonaws.com/creators/profile/6rfsu1wgr-te-le-chargement-jpeg-ou9rte.jpeg", "coverImageUrl": "", "name": "Aito", "bio": "a r t ", "isApprovedCreator": false, "moderationStatus": "ACTIVE", "joinedWaitlistAt": null, "createdAt": "2021-02-25T15:46:03.219345", "migratedToUser": null, "isApprovedForMigrationAt": null, "follows": [], "highestBidAuctions": [{"endsAt": "2021-03-04T12:01:46"}], "highestBidAuctions_aggregate": {"aggregate": {"count": 2}}}], "createdCount": 0}, "__N_SSG": true}, "page": "/[username]", "query": {"username": "0x0b8f4c4e7626a91460dac057eb43e0de59d5b44f"}, "buildId": "fPHzAE9c9nph2AUK0K_6u", "isFallback": false, "dynamicIds": [33196, 55458, 54746], "gsp": true, "scriptLoader": []}