{"props": {"pageProps": {"username": "0x06074ff83c4240c554de83160e611007d66125d5", "user": {"userIndex": 724, "publicKey": "0x06074Ff83C4240c554dE83160E611007D66125d5", "username": "neue", "profileImageUrl": "https://f8n-production.s3.amazonaws.com/creators/profile/j7ovmjhk0-avatar2-gif-ya666o.gif", "coverImageUrl": "https://f8n-production.s3.amazonaws.com/creators/profile/pvsypth90-tumblr-pdhglxxmja1s8xbfbo1-1280-jpg-8a78cp.jpg", "name": "neue", "bio": "London based artist creating visual ASMR and imagined spaces.", "isApprovedCreator": true, "moderationStatus": "ACTIVE", "joinedWaitlistAt": null, "createdAt": "2021-02-04T19:18:51.348183", "migratedToUser": null, "isApprovedForMigrationAt": null, "firstName": null, "lastName": null, "isAdmin": false, "links": {"tiktok": {"handle": "", "platform": "tiktok"}, "twitch": {"handle": "", "platform": "twitch"}, "discord": {"handle": "neue#0947", "platform": "discord"}, "twitter": {"handle": "neuemodern", "platform": "twitter"}, "website": {"handle": "neuemodern.com", "platform": "website"}, "youtube": {"handle": "", "platform": "youtube"}, "facebook": {"handle": "", "platform": "facebook"}, "snapchat": {"handle": "", "platform": "snapchat"}, "instagram": {"handle": "neue", "platform": "instagram"}}, "acceptedInvite": {"senderPublicKey": "0xDC0753F6B3Cc6034317b73C10413c19958d36ED1", "redeemerPublicKey": "0x06074Ff83C4240c554dE83160E611007D66125d5", "redeemedAt": "2021-02-18T10:37:01.445"}, "twitSocialVerifs": [{"id": "65e50921-f286-4950-867d-2ab9d659817f", "user": "0x06074Ff83C4240c554dE83160E611007D66125d5", "createdAt": "2021-03-21T02:02:37.820603", "updatedAt": "2021-03-21T02:02:38.898875", "lastCheckedAt": "2021-03-21T02:02:38.878", "socialVerificationURL": "https://twitter.com/neuemodern/status/1373454925091463170", "verificationText": "I\u2019m on @withFND \ud83c\udf10\n\n0x06074Ff83C4240c554dE83160E611007D66125d5\n\nhttps://t.co/EnalJX0ndg", "userId": "235172196", "username": "neuemodern", "isValid": true, "service": "TWITTER", "failedReason": null, "status": null}], "instaSocialVerifs": [{"id": "1956749f-27fc-42a5-943b-789740b51885", "user": "0x06074Ff83C4240c554dE83160E611007D66125d5", "createdAt": "2021-07-19T22:16:08.360699", "updatedAt": "2021-07-19T22:16:08.360699", "lastCheckedAt": "2021-07-19T22:16:08.346", "socialVerificationURL": null, "verificationText": null, "userId": "17841401425960002", "username": "neue", "isValid": true, "service": "INSTAGRAM", "failedReason": null, "status": null}]}, "profileExists": true, "collectors": [{"userIndex": 6684, "publicKey": "0x2Ab1735Ab09F57DB6436aa70676B158ed70a70BB", "username": "FerchDaddy", "profileImageUrl": "", "coverImageUrl": "", "name": "Chris", "bio": "", "isApprovedCreator": false, "moderationStatus": "ACTIVE", "joinedWaitlistAt": null, "createdAt": "2021-03-03T20:16:32.658944", "migratedToUser": null, "isApprovedForMigrationAt": null, "follows": [], "highestBidAuctions": [{"endsAt": "2021-03-05T07:04:32"}], "highestBidAuctions_aggregate": {"aggregate": {"count": 1}}}, {"userIndex": 10153, "publicKey": "0xB6e69C51b46703Eb68E05097bc27Fb270Bb8C1d5", "username": "wriskybidness", "profileImageUrl": "https://f8n-production.s3.amazonaws.com/creators/profile/qh1w98l3b-hisoka-jpg-2fjxzk.jpg", "coverImageUrl": "https://f8n-production.s3.amazonaws.com/creators/profile/4qafgu7e3-1614582275140-jpg-arxlzx.jpg", "name": "", "bio": "treasures are worth the wrisks :3", "isApprovedCreator": false, "moderationStatus": "ACTIVE", "joinedWaitlistAt": null, "createdAt": "2021-03-06T18:08:16.447442", "migratedToUser": null, "isApprovedForMigrationAt": null, "follows": [], "highestBidAuctions": [{"endsAt": "2021-03-11T03:01:19"}], "highestBidAuctions_aggregate": {"aggregate": {"count": 1}}}], "createdCount": 0}, "__N_SSG": true}, "page": "/[username]", "query": {"username": "0x06074ff83c4240c554de83160e611007d66125d5"}, "buildId": "fPHzAE9c9nph2AUK0K_6u", "isFallback": false, "dynamicIds": [33196, 55458, 54746], "gsp": true, "scriptLoader": []}