{"props": {"pageProps": {"username": "0xe43b9d09dbde7cabb37ea29e78024dc380de4a60", "user": {"userIndex": 23700, "publicKey": "0xe43B9D09dBDE7Cabb37Ea29E78024Dc380de4A60", "username": "michaelondre", "profileImageUrl": "https://f8n-production.s3.amazonaws.com/creators/profile/j78i1cy0s-gella-jpg-8epwsc.jpg", "coverImageUrl": "https://f8n-production.s3.amazonaws.com/creators/profile/ra3bnb6wi-worst-2-of-6-jpg-s4i7fu.jpg", "name": "Michael ", "bio": "!", "isApprovedCreator": true, "moderationStatus": "ACTIVE", "joinedWaitlistAt": "2021-03-23T17:09:12.166", "createdAt": "2021-03-03T21:30:29.88424", "migratedToUser": null, "isApprovedForMigrationAt": null, "firstName": null, "lastName": null, "isAdmin": false, "links": {"tiktok": {"handle": "", "platform": "tiktok"}, "twitch": {"handle": "", "platform": "twitch"}, "discord": {"handle": "michaelondre#4324", "platform": "discord"}, "twitter": {"handle": "", "platform": "twitter"}, "website": {"handle": "https://zora.co/michaelondre", "platform": "website"}, "youtube": {"handle": "", "platform": "youtube"}, "facebook": {"handle": "", "platform": "facebook"}, "snapchat": {"handle": "", "platform": "snapchat"}, "instagram": {"handle": "michaelondre", "platform": "instagram"}}, "acceptedInvite": {"senderPublicKey": "0x80AbC842A50FaEaA81c22e6EF78ec852E312051A", "redeemerPublicKey": "0xe43B9D09dBDE7Cabb37Ea29E78024Dc380de4A60", "redeemedAt": "2021-03-27T21:56:55.584"}, "twitSocialVerifs": [{"id": "c1d9d41b-d6e6-4e11-b3e6-d9c25a6fb17b", "user": "0xe43B9D09dBDE7Cabb37Ea29E78024Dc380de4A60", "createdAt": "2021-03-23T17:08:12.866951", "updatedAt": "2021-03-23T17:08:15.250722", "lastCheckedAt": "2021-03-23T17:08:15.216", "socialVerificationURL": "https://twitter.com/michaelondre/status/1374407601367097345", "verificationText": "I\u2019m on @withFND \ud83c\udf10\n\n0xe43B9D09dBDE7Cabb37Ea29E78024Dc380de4A60\n\nhttps://t.co/QJzcsptnPz", "userId": "64984279", "username": "michaelondre", "isValid": true, "service": "TWITTER", "failedReason": null, "status": null}], "instaSocialVerifs": []}, "profileExists": true, "collectors": [], "createdCount": 0}, "__N_SSG": true}, "page": "/[username]", "query": {"username": "0xe43b9d09dbde7cabb37ea29e78024dc380de4a60"}, "buildId": "fPHzAE9c9nph2AUK0K_6u", "isFallback": false, "dynamicIds": [33196, 55458, 54746], "gsp": true, "scriptLoader": []}