{"props": {"pageProps": {"username": "0x3a15351fae820b11ad930e5db1c8b02ff28db819", "user": {"userIndex": 37506, "publicKey": "0x3a15351FAE820B11ad930E5DB1C8b02ff28db819", "username": "grbnkv", "profileImageUrl": "https://f8n-production.s3.amazonaws.com/creators/profile/mx8sajsdt-7uqhwapi-400x400-1-jpg-qzx02n.jpg", "coverImageUrl": "https://f8n-production.s3.amazonaws.com/creators/profile/mq9libtxu-pole-new-jpg-g262e8.jpg", "name": "Vadim Grebennikov", "bio": "", "isApprovedCreator": true, "moderationStatus": "ACTIVE", "joinedWaitlistAt": null, "createdAt": "2021-04-04T19:41:41.023257", "migratedToUser": null, "isApprovedForMigrationAt": null, "firstName": null, "lastName": null, "isAdmin": false, "links": {"tiktok": {"handle": "vadimgrebennikov", "platform": "tiktok"}, "twitch": {"handle": "", "platform": "twitch"}, "discord": {"handle": "grbnkv#2910", "platform": "discord"}, "twitter": {"handle": "grbnkv_v", "platform": "twitter"}, "website": {"handle": "", "platform": "website"}, "youtube": {"handle": "", "platform": "youtube"}, "facebook": {"handle": "", "platform": "facebook"}, "snapchat": {"handle": "", "platform": "snapchat"}, "instagram": {"handle": "grbnkv", "platform": "instagram"}}, "acceptedInvite": {"senderPublicKey": "0x38b66c508abf9F10d35Caffc91e4754E9AFDa36d", "redeemerPublicKey": "0x3a15351FAE820B11ad930E5DB1C8b02ff28db819", "redeemedAt": "2021-04-04T19:42:31.145"}, "twitSocialVerifs": [{"id": "fefe3371-fa80-4726-9f92-90b5b91280fa", "user": "0x3a15351FAE820B11ad930E5DB1C8b02ff28db819", "createdAt": "2021-04-04T20:06:07.266965", "updatedAt": "2021-04-04T20:06:10.610193", "lastCheckedAt": "2021-04-04T20:06:10.604", "socialVerificationURL": "https://twitter.com/grbnkv_v/status/1378800920725704710?s=20", "verificationText": "I\u2019m on @withFND \ud83c\udf10\n\n0x3a15351FAE820B11ad930E5DB1C8b02ff28db819\n\nhttps://t.co/Yv1L9rErgj", "userId": "1371611662294323208", "username": "grbnkv_v", "isValid": true, "service": "TWITTER", "failedReason": null, "status": null}], "instaSocialVerifs": [{"id": "9db08e8b-02dc-48e2-97a8-a44c021794e2", "user": "0x3a15351FAE820B11ad930E5DB1C8b02ff28db819", "createdAt": "2021-05-27T18:22:01.793063", "updatedAt": "2021-05-27T18:22:01.793063", "lastCheckedAt": "2021-05-27T18:22:01.765", "socialVerificationURL": null, "verificationText": null, "userId": "17841400802200854", "username": "grbnkv", "isValid": true, "service": "INSTAGRAM", "failedReason": null, "status": null}]}, "profileExists": true, "collectors": [{"userIndex": null, "publicKey": "0x0C178aDb0f94Dcd5f59e1eE49AaffAb4f0Da1E2B", "username": null, "profileImageUrl": null, "coverImageUrl": null, "name": null, "bio": null, "isApprovedCreator": false, "moderationStatus": "ACTIVE", "joinedWaitlistAt": null, "createdAt": "2021-04-27T03:23:24.461915", "migratedToUser": null, "isApprovedForMigrationAt": null, "follows": [], "highestBidAuctions": [{"endsAt": "2021-06-17T15:27:01"}], "highestBidAuctions_aggregate": {"aggregate": {"count": 1}}}, {"userIndex": 28061, "publicKey": "0x694E64D4AD77e0C234b7b1c55AC40302aD86ce3F", "username": "C34", "profileImageUrl": "https://f8n-production.s3.amazonaws.com/creators/profile/l585s73aa-67-bw-ups-x-superrare-profile-alt-jpg-vx81e6.jpg", "coverImageUrl": "https://f8n-production.s3.amazonaws.com/creators/profile/atc9ieowx-easy-apocalypse-icon-v2-jpg-u9pe4n.jpg", "name": "C34", "bio": "Collector", "isApprovedCreator": true, "moderationStatus": "ACTIVE", "joinedWaitlistAt": null, "createdAt": "2021-03-26T13:27:41.474414", "migratedToUser": null, "isApprovedForMigrationAt": null, "follows": [], "highestBidAuctions": [{"endsAt": "2021-07-05T01:19:50"}], "highestBidAuctions_aggregate": {"aggregate": {"count": 1}}}], "createdCount": 0}, "__N_SSG": true}, "page": "/[username]", "query": {"username": "0x3a15351fae820b11ad930e5db1c8b02ff28db819"}, "buildId": "fPHzAE9c9nph2AUK0K_6u", "isFallback": false, "dynamicIds": [33196, 55458, 54746], "gsp": true, "scriptLoader": []}