{"props": {"pageProps": {"username": "0x810c0f1c3bbcd895eeb1f6f397dbb176a4d8d908", "user": {"userIndex": 30279, "publicKey": "0x810C0F1C3bbcD895Eeb1f6f397DBB176A4D8d908", "username": "bebe", "profileImageUrl": "https://f8n-production.s3.amazonaws.com/creators/profile/ef18nkjyx-d28684899-994812537336304-7748206781846556067-n-1-jpeg-lpprur.jpeg", "coverImageUrl": "https://f8n-production.s3.amazonaws.com/creators/profile/4yuturt35-54343-png-019ska.png", "name": "Bebe", "bio": "There is nothing harder than patience. The right patience.\nI have got the gift to change a few things, completely\n\nI stand for Self-Love and I teach it in a form that you.. can feel. ", "isApprovedCreator": true, "moderationStatus": "ACTIVE", "joinedWaitlistAt": null, "createdAt": "2021-03-28T13:56:58.843339", "migratedToUser": null, "isApprovedForMigrationAt": null, "firstName": null, "lastName": null, "isAdmin": false, "links": {"tiktok": {"handle": "", "platform": "tiktok"}, "twitch": {"handle": "", "platform": "twitch"}, "discord": {"handle": "", "platform": "discord"}, "twitter": {"handle": "", "platform": "twitter"}, "website": {"handle": "", "platform": "website"}, "youtube": {"handle": "", "platform": "youtube"}, "facebook": {"handle": "", "platform": "facebook"}, "snapchat": {"handle": "", "platform": "snapchat"}, "instagram": {"handle": "", "platform": "instagram"}}, "acceptedInvite": {"senderPublicKey": "0xB652316fdC1681ab014fd2716158493beb530568", "redeemerPublicKey": "0x810C0F1C3bbcD895Eeb1f6f397DBB176A4D8d908", "redeemedAt": "2021-04-22T12:57:49.242"}, "twitSocialVerifs": [{"id": "450dedcc-6406-42a2-ab16-531409134d98", "user": "0x810C0F1C3bbcD895Eeb1f6f397DBB176A4D8d908", "createdAt": "2021-04-22T21:17:49.93566", "updatedAt": "2021-04-22T21:17:53.852918", "lastCheckedAt": "2021-04-22T21:17:53.807", "socialVerificationURL": "https://twitter.com/FSelove/status/1385342042042142721", "verificationText": "I\u2019m on @withFND \ud83c\udf10\n\n0x810C0F1C3bbcD895Eeb1f6f397DBB176A4D8d908\n\nhttps://t.co/p6Ice9LwyA", "userId": "1376171899194064896", "username": "FSelove", "isValid": true, "service": "TWITTER", "failedReason": null, "status": null}], "instaSocialVerifs": []}, "profileExists": true, "collectors": [], "createdCount": 0}, "__N_SSG": true}, "page": "/[username]", "query": {"username": "0x810c0f1c3bbcd895eeb1f6f397dbb176a4d8d908"}, "buildId": "fPHzAE9c9nph2AUK0K_6u", "isFallback": false, "dynamicIds": [33196, 55458, 54746], "gsp": true, "scriptLoader": []}