{"props": {"pageProps": {"username": "0x6e2fb7780c81f1c70e834db1ad926275b0749f8d", "user": {"userIndex": 23022, "publicKey": "0x6e2FB7780c81f1C70e834DB1ad926275b0749F8D", "username": "zhion", "profileImageUrl": "https://f8n-production.s3.amazonaws.com/creators/profile/4mcuvt08g-andre-levy-illustration-vektor-portrait-pop-regenbogen-bart-sommer-gif-wrjsi1.gif", "coverImageUrl": "https://f8n-production.s3.amazonaws.com/creators/profile/fo74xtb2s-foundation-background-png-92p47c.png", "name": "Andre Levy a.k.a. Zhion", "bio": "Multidisciplinary creative mutant with a metaphysically queer soul. Using storytelling, analog techniques and vector graphics to translate meaningful concepts into splashy colorful pop visuals.", "isApprovedCreator": true, "moderationStatus": "ACTIVE", "joinedWaitlistAt": "2021-03-23T10:49:35.284", "createdAt": "2021-03-22T18:20:32.620673", "migratedToUser": null, "isApprovedForMigrationAt": null, "firstName": null, "lastName": null, "isAdmin": false, "links": {"tiktok": {"handle": "", "platform": "tiktok"}, "twitch": {"handle": "", "platform": "twitch"}, "discord": {"handle": "zhion#5046", "platform": "discord"}, "twitter": {"handle": "", "platform": "twitter"}, "website": {"handle": "zhion.com.br", "platform": "website"}, "youtube": {"handle": "", "platform": "youtube"}, "facebook": {"handle": "zhion.art", "platform": "facebook"}, "snapchat": {"handle": "", "platform": "snapchat"}, "instagram": {"handle": "zhion", "platform": "instagram"}}, "acceptedInvite": {"senderPublicKey": "0xbB0C7cBCBF715C4a944D687f4F714F625Ab40771", "redeemerPublicKey": "0x6e2FB7780c81f1C70e834DB1ad926275b0749F8D", "redeemedAt": "2021-03-27T00:00:02.161"}, "twitSocialVerifs": [{"id": "26d0bf44-3521-4215-b814-69156a0e8cf5", "user": "0x6e2FB7780c81f1C70e834DB1ad926275b0749F8D", "createdAt": "2021-03-23T09:37:11.908439", "updatedAt": "2021-03-23T09:37:15.78755", "lastCheckedAt": "2021-03-23T09:37:15.779", "socialVerificationURL": "https://twitter.com/zhion/status/1374294055455178754", "verificationText": "I\u2019m on @withFND \ud83c\udf10\n\n0x6e2FB7780c81f1C70e834DB1ad926275b0749F8D\n\nhttps://t.co/Slvj3DnjAb", "userId": "8405442", "username": "zhion", "isValid": true, "service": "TWITTER", "failedReason": null, "status": null}], "instaSocialVerifs": [{"id": "efd84a68-e574-4c9c-9043-602a4cbb826a", "user": "0x6e2FB7780c81f1C70e834DB1ad926275b0749F8D", "createdAt": "2021-04-23T07:00:16.085037", "updatedAt": "2021-04-23T07:00:16.085037", "lastCheckedAt": "2021-04-23T07:00:16.069", "socialVerificationURL": null, "verificationText": null, "userId": "17841400481200010", "username": "zhion", "isValid": true, "service": "INSTAGRAM", "failedReason": null, "status": null}]}, "profileExists": true, "collectors": [{"userIndex": 33712, "publicKey": "0x17b947811336764c0F0AE77011772a2ACD5bBa6B", "username": "tooncarpentier", "profileImageUrl": "", "coverImageUrl": "", "name": "Toon Carpentier", "bio": "", "isApprovedCreator": false, "moderationStatus": "ACTIVE", "joinedWaitlistAt": null, "createdAt": "2021-03-31T22:07:33.20119", "migratedToUser": null, "isApprovedForMigrationAt": null, "follows": [], "highestBidAuctions": [{"endsAt": "2021-04-01T22:21:20"}], "highestBidAuctions_aggregate": {"aggregate": {"count": 1}}}], "createdCount": 0}, "__N_SSG": true}, "page": "/[username]", "query": {"username": "0x6e2fb7780c81f1c70e834db1ad926275b0749f8d"}, "buildId": "fPHzAE9c9nph2AUK0K_6u", "isFallback": false, "dynamicIds": [33196, 55458, 54746], "gsp": true, "scriptLoader": []}