{"props": {"pageProps": {"username": "0x6cb10880d1f0dd400651ef10e850ef29599c406a", "user": {"userIndex": 12145, "publicKey": "0x6Cb10880d1f0Dd400651ef10E850Ef29599C406A", "username": "mathe", "profileImageUrl": "https://f8n-production.s3.amazonaws.com/creators/profile/7t0uy83i5-demisesnippet-png-5zg8bb.png", "coverImageUrl": "https://f8n-production.s3.amazonaws.com/creators/profile/8dx899hh9-demise3-png-h3tigv.png", "name": "mathe", "bio": "Graphic Artist and Designer.", "isApprovedCreator": true, "moderationStatus": "ACTIVE", "joinedWaitlistAt": null, "createdAt": "2021-03-11T06:01:55.990495", "migratedToUser": null, "isApprovedForMigrationAt": null, "firstName": null, "lastName": null, "isAdmin": false, "links": {"tiktok": {"handle": "", "platform": "tiktok"}, "twitch": {"handle": "", "platform": "twitch"}, "discord": {"handle": "", "platform": "discord"}, "twitter": {"handle": "mathe662", "platform": "twitter"}, "website": {"handle": "", "platform": "website"}, "youtube": {"handle": "", "platform": "youtube"}, "facebook": {"handle": "", "platform": "facebook"}, "snapchat": {"handle": "", "platform": "snapchat"}, "instagram": {"handle": "killmathe", "platform": "instagram"}}, "acceptedInvite": {"senderPublicKey": "0x1d23d61567f3F2eE0be9A91Dd167Ca2BCc89cEE5", "redeemerPublicKey": "0x6Cb10880d1f0Dd400651ef10E850Ef29599C406A", "redeemedAt": "2021-03-11T06:02:04.615"}, "twitSocialVerifs": [{"id": "22008c14-9e1c-4eee-ac2a-11bf20bea51b", "user": "0x6Cb10880d1f0Dd400651ef10E850Ef29599C406A", "createdAt": "2021-04-02T03:31:16.535615", "updatedAt": "2021-04-02T03:31:17.34586", "lastCheckedAt": "2021-04-02T03:31:17.335", "socialVerificationURL": "https://twitter.com/killmathe/status/1377825906409013255?s=20", "verificationText": "I\u2019m on @withFND \ud83c\udf10\n\n0x6Cb10880d1f0Dd400651ef10E850Ef29599C406A\n\nhttps://t.co/XNoEr1iZNT", "userId": "757386584668921860", "username": "killmathe", "isValid": true, "service": "TWITTER", "failedReason": null, "status": null}], "instaSocialVerifs": []}, "profileExists": true, "collectors": [{"userIndex": 4576, "publicKey": "0xDa2e31B3519909c3E3DEE09ECe75066BE599539F", "username": "etienecrauss", "profileImageUrl": "https://f8n-production.s3.amazonaws.com/creators/profile/ghuhrqpnv-yy5yxlbv-400x400-1-jpg-orie0m.jpg", "coverImageUrl": "https://f8n-production.s3.amazonaws.com/creators/profile/aqkgnfy8d-ermumr9uyaaxhqk-1-jpg-edp0v5.jpg", "name": "Etiene Crauss", "bio": "20-year old artist from Brazil.", "isApprovedCreator": true, "moderationStatus": "ACTIVE", "joinedWaitlistAt": null, "createdAt": "2021-02-28T04:03:37.328711", "migratedToUser": null, "isApprovedForMigrationAt": null, "follows": [], "highestBidAuctions": [{"endsAt": "2021-03-16T17:20:07"}], "highestBidAuctions_aggregate": {"aggregate": {"count": 1}}}], "createdCount": 0}, "__N_SSG": true}, "page": "/[username]", "query": {"username": "0x6cb10880d1f0dd400651ef10e850ef29599c406a"}, "buildId": "fPHzAE9c9nph2AUK0K_6u", "isFallback": false, "dynamicIds": [33196, 55458, 54746], "gsp": true, "scriptLoader": []}