{"props": {"pageProps": {"username": "0x99b7c9b3cc9b48cf945137b3de85bb7de7dcfb24", "user": {"userIndex": 5719, "publicKey": "0x99B7C9B3CC9b48CF945137b3DE85BB7de7DcFB24", "username": "ArtByRioticon", "profileImageUrl": "https://f8n-production.s3.amazonaws.com/creators/profile/tro5r37od-6d3017e0-4f18-4221-8f42-1139ad451aa4-jpeg-psqps4.JPEG", "coverImageUrl": "https://f8n-production.s3.amazonaws.com/creators/profile/bmt6qv3q9-digital-artwork-clocks-prints-for-sale-syd-perkinson-art-by-rioticonfinal-clock-digital-jpg-15nlih.jpg", "name": "Art By Rioticon", "bio": "Rioticon is a multimedia surrealist painter and digital artist based in Houston, Texas that uses art to bring their hallucinations to life.", "isApprovedCreator": true, "moderationStatus": "ACTIVE", "joinedWaitlistAt": null, "createdAt": "2021-03-02T14:56:58.077409", "migratedToUser": null, "isApprovedForMigrationAt": null, "firstName": null, "lastName": null, "isAdmin": false, "links": {"tiktok": {"handle": "", "platform": "tiktok"}, "twitch": {"handle": "", "platform": "twitch"}, "discord": {"handle": "", "platform": "discord"}, "twitter": {"handle": "rioticon", "platform": "twitter"}, "website": {"handle": "art-by-rioticon.square.site", "platform": "website"}, "youtube": {"handle": "", "platform": "youtube"}, "facebook": {"handle": "", "platform": "facebook"}, "snapchat": {"handle": "", "platform": "snapchat"}, "instagram": {"handle": "artbyrioticon", "platform": "instagram"}}, "acceptedInvite": {"senderPublicKey": "0x7e6Ed9f0E21e0Cb2A483E962A59140D55368A68D", "redeemerPublicKey": "0x99B7C9B3CC9b48CF945137b3DE85BB7de7DcFB24", "redeemedAt": "2021-03-02T14:57:01.493"}, "twitSocialVerifs": [], "instaSocialVerifs": []}, "profileExists": true, "collectors": [], "createdCount": 0}, "__N_SSG": true}, "page": "/[username]", "query": {"username": "0x99b7c9b3cc9b48cf945137b3de85bb7de7dcfb24"}, "buildId": "fPHzAE9c9nph2AUK0K_6u", "isFallback": false, "dynamicIds": [33196, 55458, 54746], "gsp": true, "scriptLoader": []}