{"props": {"pageProps": {"username": "0x55ee43daaceb8914fbaae284813e787c697e93be", "user": {"userIndex": 20435, "publicKey": "0x55ee43DaAcEb8914fbaae284813E787C697E93Be", "username": "theinternetoffice", "profileImageUrl": "https://f8n-production.s3.amazonaws.com/creators/profile/xwh3ubjjs-bofnl-jpg-fw3qe2.jpg", "coverImageUrl": "https://f8n-production.s3.amazonaws.com/creators/profile/scd1uz2fu-naresw4-png-vglwmm.png", "name": "TheInternetOffice", "bio": "The Internet Office is a project solely based on digital art that aims to portray modern concerns using technology as a mean for resignifying archaic concepts and traditional landscapes.", "isApprovedCreator": true, "moderationStatus": "ACTIVE", "joinedWaitlistAt": null, "createdAt": "2021-03-20T14:47:29.829255", "migratedToUser": null, "isApprovedForMigrationAt": null, "firstName": null, "lastName": null, "isAdmin": false, "links": {"tiktok": {"handle": "", "platform": "tiktok"}, "twitch": {"handle": "", "platform": "twitch"}, "discord": {"handle": "", "platform": "discord"}, "twitter": {"handle": "InternetOffice_", "platform": "twitter"}, "website": {"handle": "", "platform": "website"}, "youtube": {"handle": "", "platform": "youtube"}, "facebook": {"handle": "", "platform": "facebook"}, "snapchat": {"handle": "", "platform": "snapchat"}, "instagram": {"handle": "theinternetoffice/", "platform": "instagram"}}, "acceptedInvite": {"senderPublicKey": "0xf56d8FF85Cb428a039A69c28450f79bc4140fdD7", "redeemerPublicKey": "0x55ee43DaAcEb8914fbaae284813E787C697E93Be", "redeemedAt": "2021-03-20T14:47:48.637"}, "twitSocialVerifs": [{"id": "37dc513f-95e3-4790-8916-8bb92e749ee7", "user": "0x55ee43DaAcEb8914fbaae284813E787C697E93Be", "createdAt": "2021-03-22T17:36:20.715413", "updatedAt": "2021-03-22T17:36:22.575813", "lastCheckedAt": "2021-03-22T17:36:22.567", "socialVerificationURL": "https://twitter.com/InternetOffice_/status/1374052057611636736", "verificationText": "I\u2019m on @withFND \ud83c\udf10\n\n0x55ee43DaAcEb8914fbaae284813E787C697E93Be\n\nhttps://t.co/jpeWljEYUu", "userId": "1277980042790703104", "username": "InternetOffice_", "isValid": true, "service": "TWITTER", "failedReason": null, "status": null}], "instaSocialVerifs": []}, "profileExists": true, "collectors": [], "createdCount": 0}, "__N_SSG": true}, "page": "/[username]", "query": {"username": "0x55ee43daaceb8914fbaae284813e787c697e93be"}, "buildId": "fPHzAE9c9nph2AUK0K_6u", "isFallback": false, "dynamicIds": [33196, 55458, 54746], "gsp": true, "scriptLoader": []}