{"props": {"pageProps": {"username": "0xa90357bc5d438e8994e653de4245542e384f5240", "user": {"userIndex": 13907, "publicKey": "0xa90357BC5d438e8994E653de4245542E384f5240", "username": "grafikmarka", "profileImageUrl": "https://f8n-production.s3.amazonaws.com/creators/profile/ebo6q4nc8-smile-grafikmarka-02-svg-1nepg4.svg", "coverImageUrl": "https://f8n-production.s3.amazonaws.com/creators/profile/jtm96kbhr-linkedin-banner-2-png-7euoyn.png", "name": "Mark Fuller", "bio": "grafikmarka is the studio of UK-based multidisciplinary designer and director, Mark Fuller.", "isApprovedCreator": true, "moderationStatus": "ACTIVE", "joinedWaitlistAt": null, "createdAt": "2021-03-12T21:51:39.925014", "migratedToUser": null, "isApprovedForMigrationAt": null, "firstName": null, "lastName": null, "isAdmin": false, "links": {"tiktok": {"handle": "", "platform": "tiktok"}, "twitch": {"handle": "", "platform": "twitch"}, "discord": {"handle": "", "platform": "discord"}, "twitter": {"handle": "", "platform": "twitter"}, "website": {"handle": "grafikmarka.co.uk", "platform": "website"}, "youtube": {"handle": "", "platform": "youtube"}, "facebook": {"handle": "", "platform": "facebook"}, "snapchat": {"handle": "", "platform": "snapchat"}, "instagram": {"handle": "grafikmarka", "platform": "instagram"}}, "acceptedInvite": {"senderPublicKey": "0xD914CcAd03FBb2EC5B824e434Cc7f8E80bF3c29B", "redeemerPublicKey": "0xa90357BC5d438e8994E653de4245542E384f5240", "redeemedAt": "2021-03-12T21:51:46.065"}, "twitSocialVerifs": [], "instaSocialVerifs": []}, "profileExists": true, "collectors": [], "createdCount": 0}, "__N_SSG": true}, "page": "/[username]", "query": {"username": "0xa90357bc5d438e8994e653de4245542e384f5240"}, "buildId": "fPHzAE9c9nph2AUK0K_6u", "isFallback": false, "dynamicIds": [33196, 55458, 54746], "gsp": true, "scriptLoader": []}