{"props": {"pageProps": {"username": "0xc2843a5aac40c5e9c59d2cacdcbb90517263ac32", "user": {"userIndex": 21072, "publicKey": "0xc2843A5aAC40C5E9c59d2caCdCbB90517263ac32", "username": "nativillie", "profileImageUrl": "https://f8n-production.s3.amazonaws.com/creators/profile/kyowdbrq9-foundat-jpg-c1xgvy.jpg", "coverImageUrl": "https://f8n-production.s3.amazonaws.com/creators/profile/o0dfpriqc-foundatiopn-png-tab09u.png", "name": "Natia Zarandia", "bio": "Fantasy artist.\nCover art illustrator for the Georgian editions of bestseller fantasy books by Stephen King,Andy Weir,Jeff VanderMeer,Mark Lawrence,Ray Bradbury.Indie video game/boardgame illustrator.", "isApprovedCreator": true, "moderationStatus": "ACTIVE", "joinedWaitlistAt": null, "createdAt": "2021-03-21T12:54:31.841903", "migratedToUser": null, "isApprovedForMigrationAt": null, "firstName": null, "lastName": null, "isAdmin": false, "links": {"tiktok": {"handle": "", "platform": "tiktok"}, "twitch": {"handle": "", "platform": "twitch"}, "discord": {"handle": "", "platform": "discord"}, "twitter": {"handle": "nativillie", "platform": "twitter"}, "website": {"handle": "behance.net/Nativilliez", "platform": "website"}, "youtube": {"handle": "", "platform": "youtube"}, "facebook": {"handle": "Nativillie", "platform": "facebook"}, "snapchat": {"handle": "", "platform": "snapchat"}, "instagram": {"handle": "crowsforvillia", "platform": "instagram"}}, "acceptedInvite": {"senderPublicKey": "0x8a9FB1E0210C270D372e6ec12840eebB35da09ec", "redeemerPublicKey": "0xc2843A5aAC40C5E9c59d2caCdCbB90517263ac32", "redeemedAt": "2021-03-21T12:54:41.138"}, "twitSocialVerifs": [{"id": "b62d789d-0f5b-44bd-8064-2ab7671e1fba", "user": "0xc2843A5aAC40C5E9c59d2caCdCbB90517263ac32", "createdAt": "2021-03-21T13:08:29.930009", "updatedAt": "2021-03-21T13:08:30.628793", "lastCheckedAt": "2021-03-21T13:08:30.581", "socialVerificationURL": "https://twitter.com/nativillie/status/1373622310729551874", "verificationText": "I\u2019m on @withFND \ud83c\udf10\n\nMy Illustrations coming soon:3\nso exited!\n0xc2843A5aAC40C5E9c59d2caCdCbB90517263ac32\n\nhttps://t.co/2qVnUgNafk", "userId": "1019174132154617862", "username": "nativillie", "isValid": true, "service": "TWITTER", "failedReason": null, "status": null}], "instaSocialVerifs": []}, "profileExists": true, "collectors": [], "createdCount": 0}, "__N_SSG": true}, "page": "/[username]", "query": {"username": "0xc2843a5aac40c5e9c59d2cacdcbb90517263ac32"}, "buildId": "fPHzAE9c9nph2AUK0K_6u", "isFallback": false, "dynamicIds": [33196, 55458, 54746], "gsp": true, "scriptLoader": []}