{"props": {"pageProps": {"username": "0xbb8224a02bf762105bc1e9f2ea55905b3b3f1acf", "user": {"userIndex": 26516, "publicKey": "0xBb8224a02bF762105bC1e9F2EA55905B3B3F1AcF", "username": "VJLoops", "profileImageUrl": "https://f8n-production.s3.amazonaws.com/creators/profile/2k1olibty-11866283-10153562001381670-1465780066801768892-n-jpg-lkb8rb.jpg", "coverImageUrl": "https://f8n-production.s3.amazonaws.com/creators/profile/24odgcvjj-banner-spiral-gif-h56zas.gif", "name": "VJLoops.com", "bio": "Since 2005 VJLoops has provided a marketplace for creators to sell their artwork.", "isApprovedCreator": true, "moderationStatus": "ACTIVE", "joinedWaitlistAt": null, "createdAt": "2021-03-25T13:10:27.245131", "migratedToUser": null, "isApprovedForMigrationAt": null, "firstName": null, "lastName": null, "isAdmin": false, "links": {"tiktok": {"handle": "@vjloops.com", "platform": "tiktok"}, "twitch": {"handle": "vjloopsofficial", "platform": "twitch"}, "discord": {"handle": "VJLoops.com#7211", "platform": "discord"}, "twitter": {"handle": "", "platform": "twitter"}, "website": {"handle": "www.vjloops.com", "platform": "website"}, "youtube": {"handle": "https://www.youtube.com/channel/UCo-cAdBNbXbWF5e_efkof7Q", "platform": "youtube"}, "facebook": {"handle": "vjloops", "platform": "facebook"}, "snapchat": {"handle": "vjloops", "platform": "snapchat"}, "instagram": {"handle": "vj_loops", "platform": "instagram"}}, "acceptedInvite": {"senderPublicKey": "0xaA74c7c43Cfa1C2a82C428D3b0df606a3223f0Ab", "redeemerPublicKey": "0xBb8224a02bF762105bC1e9F2EA55905B3B3F1AcF", "redeemedAt": "2021-03-25T13:10:30.223"}, "twitSocialVerifs": [{"id": "501e3478-1f68-4279-9c15-5e6d50382bad", "user": "0xBb8224a02bF762105bC1e9F2EA55905B3B3F1AcF", "createdAt": "2021-03-25T13:32:25.369897", "updatedAt": "2021-03-25T13:32:29.430232", "lastCheckedAt": "2021-03-25T13:32:29.408", "socialVerificationURL": "https://twitter.com/VJLoops/status/1375078037448925194", "verificationText": "Getting #NFT with it, I\u2019m on @withFND \ud83c\udf10\n\n0xBb8224a02bF762105bC1e9F2EA55905B3B3F1AcF\n\nhttps://t.co/DkFSzcZEmM", "userId": "19413382", "username": "VJLoops", "isValid": true, "service": "TWITTER", "failedReason": null, "status": null}], "instaSocialVerifs": [{"id": "78cf9814-20fc-4de9-9951-57f0369d2c58", "user": "0xBb8224a02bF762105bC1e9F2EA55905B3B3F1AcF", "createdAt": "2021-04-27T13:45:08.219931", "updatedAt": "2021-04-27T13:45:08.219931", "lastCheckedAt": "2021-04-27T13:45:08.155", "socialVerificationURL": null, "verificationText": null, "userId": "17841402307066460", "username": "vj_loops", "isValid": true, "service": "INSTAGRAM", "failedReason": null, "status": null}]}, "profileExists": true, "collectors": [], "createdCount": 0}, "__N_SSG": true}, "page": "/[username]", "query": {"username": "0xbb8224a02bf762105bc1e9f2ea55905b3b3f1acf"}, "buildId": "fPHzAE9c9nph2AUK0K_6u", "isFallback": false, "dynamicIds": [33196, 55458, 54746], "gsp": true, "scriptLoader": []}