{"props": {"pageProps": {"username": "0xd2c2c54e03733b1c73652931de4c04b6b056abd2", "user": {"userIndex": 42321, "publicKey": "0xd2c2C54E03733B1c73652931De4c04B6b056Abd2", "username": "Nogr4ph", "profileImageUrl": "https://f8n-production.s3.amazonaws.com/creators/profile/wr0k5eh7n-img-2982-jpeg-26fs1k.jpeg", "coverImageUrl": "", "name": "Joshua Novak", "bio": "25 year motion graphics veteran, designer, animator, Emmy winner and all around swell guy.", "isApprovedCreator": true, "moderationStatus": "ACTIVE", "joinedWaitlistAt": null, "createdAt": "2021-04-09T21:15:23.366014", "migratedToUser": null, "isApprovedForMigrationAt": null, "firstName": null, "lastName": null, "isAdmin": false, "links": {"tiktok": {"handle": "", "platform": "tiktok"}, "twitch": {"handle": "", "platform": "twitch"}, "discord": {"handle": "", "platform": "discord"}, "twitter": {"handle": "", "platform": "twitter"}, "website": {"handle": "www.joshnovak.com", "platform": "website"}, "youtube": {"handle": "", "platform": "youtube"}, "facebook": {"handle": "", "platform": "facebook"}, "snapchat": {"handle": "", "platform": "snapchat"}, "instagram": {"handle": "NographMograph", "platform": "instagram"}}, "acceptedInvite": {"senderPublicKey": "0xdFbbA4624E6d8a5dAcE7169CE6739E8c347fD0f4", "redeemerPublicKey": "0xd2c2C54E03733B1c73652931De4c04B6b056Abd2", "redeemedAt": "2021-04-09T21:15:26.515"}, "twitSocialVerifs": [{"id": "67d4aaaf-9f1e-4cac-9aab-8ffe4ddeced6", "user": "0xd2c2C54E03733B1c73652931De4c04B6b056Abd2", "createdAt": "2021-04-09T21:29:38.241176", "updatedAt": "2021-04-09T21:29:45.361817", "lastCheckedAt": "2021-04-09T21:29:45.356", "socialVerificationURL": "https://twitter.com/jnovak45/status/1380633932446715910?s=20", "verificationText": "I\u2019m on @withFND \ud83c\udf10\n\n0xd2c2C54E03733B1c73652931De4c04B6b056Abd2\n\nhttps://t.co/zbzhvj0io7 \n\nLets see where this takes us.", "userId": "162468125", "username": "jnovak45", "isValid": true, "service": "TWITTER", "failedReason": null, "status": null}], "instaSocialVerifs": []}, "profileExists": true, "collectors": [], "createdCount": 0}, "__N_SSG": true}, "page": "/[username]", "query": {"username": "0xd2c2c54e03733b1c73652931de4c04b6b056abd2"}, "buildId": "fPHzAE9c9nph2AUK0K_6u", "isFallback": false, "dynamicIds": [33196, 55458, 54746], "gsp": true, "scriptLoader": []}