{"props": {"pageProps": {"username": "0xba19108d5537a409d0979bc6f5cceddfab9ca451", "user": {"userIndex": 21116, "publicKey": "0xba19108D5537a409d0979BC6F5CCEDDfaB9Ca451", "username": "legendis", "profileImageUrl": "https://f8n-production.s3.amazonaws.com/creators/profile/iovysy041-fnd-jpg-x8gjle.jpg", "coverImageUrl": "https://f8n-production.s3.amazonaws.com/creators/profile/8jzhwmd7t-legendis-jpg-u97nlm.jpg", "name": "Legendis Duo", "bio": "Two very different artists under the name Legendis Duo", "isApprovedCreator": true, "moderationStatus": "ACTIVE", "joinedWaitlistAt": null, "createdAt": "2021-03-06T14:56:10.368554", "migratedToUser": null, "isApprovedForMigrationAt": null, "firstName": null, "lastName": null, "isAdmin": false, "links": {"tiktok": {"handle": "", "platform": "tiktok"}, "twitch": {"handle": "", "platform": "twitch"}, "discord": {"handle": "LEGENDIS#0877", "platform": "discord"}, "twitter": {"handle": "legendis6", "platform": "twitter"}, "website": {"handle": "legendis.store", "platform": "website"}, "youtube": {"handle": "", "platform": "youtube"}, "facebook": {"handle": "", "platform": "facebook"}, "snapchat": {"handle": "", "platform": "snapchat"}, "instagram": {"handle": "legendisduo", "platform": "instagram"}}, "acceptedInvite": {"senderPublicKey": "0xD89DBB0959eA22e87ca3449580e947c6aAafA0dD", "redeemerPublicKey": "0xba19108D5537a409d0979BC6F5CCEDDfaB9Ca451", "redeemedAt": "2021-03-21T13:59:19.959"}, "twitSocialVerifs": [{"id": "9e9daedc-d737-4b30-87a7-75a31ebfda46", "user": "0xba19108D5537a409d0979BC6F5CCEDDfaB9Ca451", "createdAt": "2021-03-21T14:20:36.334377", "updatedAt": "2021-03-21T14:20:41.339036", "lastCheckedAt": "2021-03-21T14:20:41.32", "socialVerificationURL": "https://twitter.com/legendis6/status/1373640626017800192?s=20", "verificationText": "I\u2019m on @withFND \ud83c\udf10\n\n0xba19108D5537a409d0979BC6F5CCEDDfaB9Ca451\n\nhttps://t.co/Ell4tLaDpU", "userId": "1364610097071222784", "username": "legendis6", "isValid": true, "service": "TWITTER", "failedReason": null, "status": null}], "instaSocialVerifs": []}, "profileExists": true, "collectors": [], "createdCount": 0}, "__N_SSG": true}, "page": "/[username]", "query": {"username": "0xba19108d5537a409d0979bc6f5cceddfab9ca451"}, "buildId": "fPHzAE9c9nph2AUK0K_6u", "isFallback": false, "dynamicIds": [33196, 55458, 54746], "gsp": true, "scriptLoader": []}