{"props": {"pageProps": {"username": "0x56e6d67c98129ffa739f17088173e027c0e9379e", "user": {"userIndex": 7496, "publicKey": "0x56e6D67c98129fFA739f17088173e027C0e9379E", "username": "dannypbloom", "profileImageUrl": "https://f8n-production.s3.amazonaws.com/creators/profile/2orra6ucs-screen-shot-2021-03-04-at-8-57-51-pm-png-6fizd6.png", "coverImageUrl": "https://f8n-production.s3.amazonaws.com/creators/profile/1csc2cu8h-backrund-jpg-m9w7fo.JPG", "name": "Danny Bloom", "bio": "Photographer who specializes in working with dated 35mm films, merging manipulations from both analog and digital mediums.", "isApprovedCreator": true, "moderationStatus": "ACTIVE", "joinedWaitlistAt": null, "createdAt": "2021-03-05T01:43:38.076215", "migratedToUser": null, "isApprovedForMigrationAt": null, "firstName": null, "lastName": null, "isAdmin": false, "links": {"tiktok": {"handle": "", "platform": "tiktok"}, "twitch": {"handle": "", "platform": "twitch"}, "discord": {"handle": "", "platform": "discord"}, "twitter": {"handle": "", "platform": "twitter"}, "website": {"handle": "dannypbloom.com", "platform": "website"}, "youtube": {"handle": "", "platform": "youtube"}, "facebook": {"handle": "", "platform": "facebook"}, "snapchat": {"handle": "", "platform": "snapchat"}, "instagram": {"handle": "dannypbloom", "platform": "instagram"}}, "acceptedInvite": {"senderPublicKey": "0x6f1BC0CA611a05FD45952e6a42c6d21A62Af9403", "redeemerPublicKey": "0x56e6D67c98129fFA739f17088173e027C0e9379E", "redeemedAt": "2021-03-05T01:43:43.022"}, "twitSocialVerifs": [{"id": "42e622aa-3c74-4196-b350-489b9007ea21", "user": "0x56e6D67c98129fFA739f17088173e027C0e9379E", "createdAt": "2021-04-20T00:40:46.724861", "updatedAt": "2021-04-20T00:40:50.362254", "lastCheckedAt": "2021-04-20T00:40:50.343", "socialVerificationURL": "https://twitter.com/dannypbloom/status/1384305847598080001", "verificationText": "I\u2019m on @withFND \ud83c\udf10\n\n0x56e6D67c98129fFA739f17088173e027C0e9379E\n\nhttps://t.co/uMjF7fiCCL \n\nPosting new work soon! Stay tuned \ud83d\ude0e", "userId": "215524394", "username": "dannypbloom", "isValid": true, "service": "TWITTER", "failedReason": null, "status": null}], "instaSocialVerifs": [{"id": "e743b441-6453-43ec-b9da-6ebb2d1c8c0f", "user": "0x56e6D67c98129fFA739f17088173e027C0e9379E", "createdAt": "2021-04-20T04:03:20.885997", "updatedAt": "2021-04-20T04:03:20.885997", "lastCheckedAt": "2021-04-20T04:03:20.865", "socialVerificationURL": null, "verificationText": null, "userId": "17841400661802758", "username": "dannypbloom", "isValid": true, "service": "INSTAGRAM", "failedReason": null, "status": null}]}, "profileExists": true, "collectors": [], "createdCount": 0}, "__N_SSG": true}, "page": "/[username]", "query": {"username": "0x56e6d67c98129ffa739f17088173e027c0e9379e"}, "buildId": "fPHzAE9c9nph2AUK0K_6u", "isFallback": false, "dynamicIds": [33196, 55458, 54746], "gsp": true, "scriptLoader": []}