{"props": {"pageProps": {"username": "0x18b96dca7b7989263d6b5d66ef9311fdc7485ca4", "user": {"userIndex": 46884, "publicKey": "0x18b96DCA7B7989263d6B5D66eF9311FdC7485CA4", "username": "andereh", "profileImageUrl": "https://f8n-production.s3.amazonaws.com/creators/profile/ssz0cmsik-andre-caricatura-leonel-v2-png-6h9qkk.png", "coverImageUrl": "https://f8n-production.s3.amazonaws.com/creators/profile/hy4hsfd97-cover-png-8hvl3n.png", "name": "Andr\u00e9 Abrantes", "bio": "I am a professional 3D animator, proficient in Maya. I am specialised in Game Engines and Virtual and Augmented Realities.", "isApprovedCreator": true, "moderationStatus": "ACTIVE", "joinedWaitlistAt": null, "createdAt": "2021-02-25T11:50:33.93355", "migratedToUser": null, "isApprovedForMigrationAt": null, "firstName": null, "lastName": null, "isAdmin": false, "links": {"tiktok": {"handle": "", "platform": "tiktok"}, "twitch": {"handle": "", "platform": "twitch"}, "discord": {"handle": "", "platform": "discord"}, "twitter": {"handle": "", "platform": "twitter"}, "website": {"handle": "www.linkedin.com/in/andreabrantes3d", "platform": "website"}, "youtube": {"handle": "youtube.com/parabenspelatuacultura", "platform": "youtube"}, "facebook": {"handle": "andre.abrantes.5", "platform": "facebook"}, "snapchat": {"handle": "", "platform": "snapchat"}, "instagram": {"handle": "andreabrantes", "platform": "instagram"}}, "acceptedInvite": {"senderPublicKey": "0x963A1eE63B244263962A62403f8af8088F960A0C", "redeemerPublicKey": "0x18b96DCA7B7989263d6B5D66eF9311FdC7485CA4", "redeemedAt": "2021-04-14T22:23:50.719"}, "twitSocialVerifs": [{"id": "b715a08d-16e3-4361-a122-ddab2425b08e", "user": "0x18b96DCA7B7989263d6B5D66eF9311FdC7485CA4", "createdAt": "2021-04-14T22:27:59.781448", "updatedAt": "2021-04-14T22:28:05.895236", "lastCheckedAt": "2021-04-14T22:28:05.885", "socialVerificationURL": "https://twitter.com/AndrAbrantes5/status/1382460596055121922?s=20", "verificationText": "I\u2019m on @withFND \ud83c\udf10\n\n0x18b96DCA7B7989263d6B5D66eF9311FdC7485CA4\n\nhttps://t.co/GUymNAfV3P", "userId": "1231346274902867971", "username": "AndrAbrantes5", "isValid": true, "service": "TWITTER", "failedReason": null, "status": null}], "instaSocialVerifs": [{"id": "28c2d978-1b92-4527-a592-cb55ad278970", "user": "0x18b96DCA7B7989263d6B5D66eF9311FdC7485CA4", "createdAt": "2021-04-21T08:02:28.896844", "updatedAt": "2021-04-21T08:02:28.896844", "lastCheckedAt": "2021-04-21T08:02:28.895", "socialVerificationURL": null, "verificationText": null, "userId": "17841421646298386", "username": "deepar.filters", "isValid": true, "service": "INSTAGRAM", "failedReason": null, "status": null}]}, "profileExists": true, "collectors": [], "createdCount": 0}, "__N_SSG": true}, "page": "/[username]", "query": {"username": "0x18b96dca7b7989263d6b5d66ef9311fdc7485ca4"}, "buildId": "fPHzAE9c9nph2AUK0K_6u", "isFallback": false, "dynamicIds": [33196, 55458, 54746], "gsp": true, "scriptLoader": []}