{"props": {"pageProps": {"username": "0xe5d604be1f9a39be7cbea510645b87df3558b442", "user": {"userIndex": 12826, "publicKey": "0xE5d604be1F9a39BE7cBeA510645b87df3558b442", "username": "edXius", "profileImageUrl": "https://f8n-production.s3.amazonaws.com/creators/profile/exzm62aue-screen-shot-2021-04-04-at-23-50-32-png-0pf0lb.png", "coverImageUrl": "https://f8n-production.s3.amazonaws.com/creators/profile/meqah786a-7-jpg-l7s7nt.jpg", "name": "Rizky D. Onto", "bio": "All-around wizard and your lovely indie creator. I find happiness through making art.", "isApprovedCreator": true, "moderationStatus": "ACTIVE", "joinedWaitlistAt": null, "createdAt": "2021-03-11T22:05:08.595763", "migratedToUser": null, "isApprovedForMigrationAt": null, "firstName": null, "lastName": null, "isAdmin": false, "links": {"tiktok": {"handle": "", "platform": "tiktok"}, "twitch": {"handle": "", "platform": "twitch"}, "discord": {"handle": "edXius#6357", "platform": "discord"}, "twitter": {"handle": "edXius", "platform": "twitter"}, "website": {"handle": "", "platform": "website"}, "youtube": {"handle": "", "platform": "youtube"}, "facebook": {"handle": "", "platform": "facebook"}, "snapchat": {"handle": "", "platform": "snapchat"}, "instagram": {"handle": "", "platform": "instagram"}}, "acceptedInvite": {"senderPublicKey": "0x60e74f22084e28071Bd9bBc72208932Ed80E4C9e", "redeemerPublicKey": "0xE5d604be1F9a39BE7cBeA510645b87df3558b442", "redeemedAt": "2021-03-11T22:05:13.883"}, "twitSocialVerifs": [{"id": "a6e32d87-adef-490f-8e32-f0cbbb76c044", "user": "0xE5d604be1F9a39BE7cBeA510645b87df3558b442", "createdAt": "2021-05-15T03:33:06.841237", "updatedAt": "2021-05-15T03:33:17.500112", "lastCheckedAt": "2021-05-15T03:33:17.488", "socialVerificationURL": "https://twitter.com/cryptopaow/status/1393409017855184896?s=20", "verificationText": "I\u2019m on @withFND \ud83c\udf10\n\n0xE5d604be1F9a39BE7cBeA510645b87df3558b442\n\nhttps://t.co/PbZuTm5dgB", "userId": "1273505661247041536", "username": "cryptopaow", "isValid": true, "service": "TWITTER", "failedReason": null, "status": null}], "instaSocialVerifs": []}, "profileExists": true, "collectors": [{"userIndex": 16051, "publicKey": "0x45184C6cdE198F031538b60Eb7E8f38a82f7B013", "username": "dogecoinhodlr", "profileImageUrl": "https://f8n-production.s3.amazonaws.com/creators/profile/kfmx9ngee-dogecoin-hodlr-logo-02-png-rjvyrl.png", "coverImageUrl": "https://f8n-production.s3.amazonaws.com/creators/profile/jsfvzpgv0-dogecoin-hodlr-cover-nft-jpg-epxlkr.jpg", "name": "Dogecoin Hodlr", "bio": "The largest and most original collection of Doge NFTs.", "isApprovedCreator": true, "moderationStatus": "ACTIVE", "joinedWaitlistAt": null, "createdAt": "2021-03-04T16:43:51.167684", "migratedToUser": null, "isApprovedForMigrationAt": null, "follows": [], "highestBidAuctions": [{"endsAt": "2021-03-15T11:40:11"}], "highestBidAuctions_aggregate": {"aggregate": {"count": 1}}}, {"userIndex": 15961, "publicKey": "0xcfE7321fd5aCA6912694ecF85d41617e0D884fdC", "username": "kaio", "profileImageUrl": "https://f8n-production.s3.amazonaws.com/creators/profile/cf1r6xwrt-screen-shot-2021-03-20-at-6-24-58-pm-jpeg-evhues.jpeg", "coverImageUrl": "https://f8n-production.s3.amazonaws.com/creators/profile/yai17si6u-screen-shot-2021-03-20-at-6-24-58-pm-jpeg-d63uc9.jpeg", "name": "kaio", "bio": "100% community-supported, I take photos around the world.\n\nNamed a Top Global Contributor to Unsplash & Photo of the Year Finalist\n\nBuild awesome things & support others doing the same. ", "isApprovedCreator": true, "moderationStatus": "ACTIVE", "joinedWaitlistAt": null, "createdAt": "2021-03-03T15:17:49.003117", "migratedToUser": null, "isApprovedForMigrationAt": null, "follows": [], "highestBidAuctions": [{"endsAt": "2021-03-29T20:15:57"}], "highestBidAuctions_aggregate": {"aggregate": {"count": 1}}}], "createdCount": 0}, "__N_SSG": true}, "page": "/[username]", "query": {"username": "0xe5d604be1f9a39be7cbea510645b87df3558b442"}, "buildId": "fPHzAE9c9nph2AUK0K_6u", "isFallback": false, "dynamicIds": [33196, 55458, 54746], "gsp": true, "scriptLoader": []}