{"props": {"pageProps": {"username": "0x692d3038c5be2e3bd6dc49d7be010d8b8d5c69fe", "user": {"userIndex": 20463, "publicKey": "0x692D3038c5bE2e3Bd6dC49D7BE010d8B8d5c69fE", "username": "PunyPu", "profileImageUrl": "https://f8n-production.s3.amazonaws.com/creators/profile/wnpe4k8t2-photo-2021-04-10-00-00-47-jpg-1yuskk.jpg", "coverImageUrl": "https://f8n-production.s3.amazonaws.com/creators/profile/lkoylffll-b-ly-chamkam7-jpg-ynllyq.jpg", "name": "PunyPu", "bio": "Artist. Wibu. Cat lover.", "isApprovedCreator": true, "moderationStatus": "ACTIVE", "joinedWaitlistAt": null, "createdAt": "2021-03-20T15:42:07.157056", "migratedToUser": null, "isApprovedForMigrationAt": null, "firstName": null, "lastName": null, "isAdmin": false, "links": {"tiktok": {"handle": "", "platform": "tiktok"}, "twitch": {"handle": "", "platform": "twitch"}, "discord": {"handle": "", "platform": "discord"}, "twitter": {"handle": "https://twitter.com/PuckPD", "platform": "twitter"}, "website": {"handle": "https://www.artstation.com/buttercup", "platform": "website"}, "youtube": {"handle": "", "platform": "youtube"}, "facebook": {"handle": "https://www.facebook.com/puny411", "platform": "facebook"}, "snapchat": {"handle": "", "platform": "snapchat"}, "instagram": {"handle": "https://www.instagram.com/bo_ly", "platform": "instagram"}}, "acceptedInvite": {"senderPublicKey": "0x604B061c36F732E4995395540Fb1212f69159851", "redeemerPublicKey": "0x692D3038c5bE2e3Bd6dC49D7BE010d8B8d5c69fE", "redeemedAt": "2021-04-09T15:58:21.633"}, "twitSocialVerifs": [{"id": "34308077-3f16-400a-b11c-fcc7e21c88e2", "user": "0x692D3038c5bE2e3Bd6dC49D7BE010d8B8d5c69fE", "createdAt": "2021-04-13T10:56:09.726622", "updatedAt": "2021-04-13T10:56:14.337881", "lastCheckedAt": "2021-04-13T10:56:14.254", "socialVerificationURL": "https://twitter.com/PunyPu411/status/1381923999270064132", "verificationText": "I\u2019m on @withFND \ud83c\udf10\n\n0x692D3038c5bE2e3Bd6dC49D7BE010d8B8d5c69fE\n\nhttps://t.co/dF0hcmMep5", "userId": "807178740308512768", "username": "PunyPu411", "isValid": true, "service": "TWITTER", "failedReason": null, "status": null}], "instaSocialVerifs": []}, "profileExists": true, "collectors": [{"userIndex": null, "publicKey": "0x03981A2Dc3F5e17B5e98174b6bf6623cf9652788", "username": null, "profileImageUrl": null, "coverImageUrl": null, "name": null, "bio": null, "isApprovedCreator": false, "moderationStatus": "ACTIVE", "joinedWaitlistAt": null, "createdAt": "2021-04-12T05:44:19.269857", "migratedToUser": null, "isApprovedForMigrationAt": null, "follows": [], "highestBidAuctions": [{"endsAt": "2021-04-13T05:45:33"}], "highestBidAuctions_aggregate": {"aggregate": {"count": 1}}}], "createdCount": 0}, "__N_SSG": true}, "page": "/[username]", "query": {"username": "0x692d3038c5be2e3bd6dc49d7be010d8b8d5c69fe"}, "buildId": "fPHzAE9c9nph2AUK0K_6u", "isFallback": false, "dynamicIds": [33196, 55458, 54746], "gsp": true, "scriptLoader": []}