{"props": {"pageProps": {"username": "0x9408a12f1d254554378e26049357794384f2e953", "user": {"userIndex": 11151, "publicKey": "0x9408a12f1d254554378e26049357794384f2e953", "username": "Aurorae", "profileImageUrl": "https://f8n-production.s3.amazonaws.com/creators/profile/x0q8opw12-immfoundation-jpg-9t9wkk.jpg", "coverImageUrl": "https://f8n-production.s3.amazonaws.com/creators/profile/wel61zu72-solecover-jpg-dxtjnk.jpg", "name": "Aurorae", "bio": "I'm Aurora, a 23 yo 3D digital artist based in Italy and strongly fascinated by the power of digital creations. \nCurrently working to express my interpretation of the Greek myths and tales.", "isApprovedCreator": true, "moderationStatus": "ACTIVE", "joinedWaitlistAt": null, "createdAt": "2021-03-09T19:29:52.378366", "migratedToUser": null, "isApprovedForMigrationAt": null, "firstName": null, "lastName": null, "isAdmin": false, "links": {"tiktok": {"handle": "", "platform": "tiktok"}, "twitch": {"handle": "", "platform": "twitch"}, "discord": {"handle": "", "platform": "discord"}, "twitter": {"handle": "twitter.com/Aurorae20682724", "platform": "twitter"}, "website": {"handle": "", "platform": "website"}, "youtube": {"handle": "", "platform": "youtube"}, "facebook": {"handle": "", "platform": "facebook"}, "snapchat": {"handle": "", "platform": "snapchat"}, "instagram": {"handle": "www.instagram.com/aurorae.___/", "platform": "instagram"}}, "acceptedInvite": {"senderPublicKey": "0x2dC35293ef640Db00AA4639c851893971F08B72C", "redeemerPublicKey": "0x9408a12f1d254554378e26049357794384f2e953", "redeemedAt": "2021-03-09T19:29:55.816"}, "twitSocialVerifs": [{"id": "a746827b-9b9b-4b00-9e5c-0f50bec86925", "user": "0x9408a12f1d254554378e26049357794384f2e953", "createdAt": "2021-04-19T22:35:13.149465", "updatedAt": "2021-04-19T22:35:16.904002", "lastCheckedAt": "2021-04-19T22:35:16.873", "socialVerificationURL": "https://twitter.com/aurorae_art/status/1384274352502317061", "verificationText": "I\u2019m on @withFND \ud83c\udf10\n\n0x9408a12f1d254554378e26049357794384f2e953\n\nhttps://t.co/xYUgcKFL82", "userId": "1364936988361711618", "username": "aurorae_art", "isValid": true, "service": "TWITTER", "failedReason": null, "status": null}], "instaSocialVerifs": [{"id": "b30e1d08-2728-4e11-a5cb-69e485726474", "user": "0x9408a12f1d254554378e26049357794384f2e953", "createdAt": "2021-04-20T17:17:41.754023", "updatedAt": "2021-04-20T17:17:41.754023", "lastCheckedAt": "2021-04-20T17:17:41.724", "socialVerificationURL": null, "verificationText": null, "userId": "17841446156002930", "username": "aurorae.___", "isValid": true, "service": "INSTAGRAM", "failedReason": null, "status": null}]}, "profileExists": true, "collectors": [{"userIndex": 21683, "publicKey": "0x1ac438966656f31831C86D69f1EBEd3d51F1F3ce", "username": "SYP", "profileImageUrl": "https://f8n-production.s3.amazonaws.com/creators/profile/xp163dkgt-nft-profile-jpg-gpm33e.jpg", "coverImageUrl": "", "name": "SYP", "bio": "", "isApprovedCreator": true, "moderationStatus": "ACTIVE", "joinedWaitlistAt": null, "createdAt": "2021-03-22T07:58:11.979797", "migratedToUser": null, "isApprovedForMigrationAt": null, "follows": [], "highestBidAuctions": [{"endsAt": "2021-04-19T22:32:18"}], "highestBidAuctions_aggregate": {"aggregate": {"count": 1}}}, {"userIndex": 4670, "publicKey": "0x2E21f5d32841cf8C7da805185A041400bF15f21A", "username": "stani", "profileImageUrl": "https://f8n-production.s3.amazonaws.com/creators/profile/mzdoef5qc-cosmicboi-png-23bnsz.png", "coverImageUrl": "https://f8n-production.s3.amazonaws.com/creators/profile/ag66kdjgi-aurora-borealis-1-jpeg-luvuc4.jpeg", "name": "Stani", "bio": "Ghosts are friends.", "isApprovedCreator": true, "moderationStatus": "ACTIVE", "joinedWaitlistAt": "2021-05-03T22:02:52.273", "createdAt": "2021-02-28T13:35:00.974396", "migratedToUser": null, "isApprovedForMigrationAt": null, "follows": [], "highestBidAuctions": [{"endsAt": "2021-03-29T23:07:18"}], "highestBidAuctions_aggregate": {"aggregate": {"count": 1}}}, {"userIndex": 1626, "publicKey": "0x881475210E75b814D5b711090a064942b6f30605", "username": "traf", "profileImageUrl": "https://f8n-production.s3.amazonaws.com/creators/profile/rynxba2fz-black-jpg-86yw45.jpg", "coverImageUrl": "https://f8n-production.s3.amazonaws.com/creators/profile/kd8ndsaqy-black-jpg-3j5oql.jpg", "name": "Traf", "bio": "", "isApprovedCreator": true, "moderationStatus": "ACTIVE", "joinedWaitlistAt": null, "createdAt": "2021-02-17T01:21:23.793168", "migratedToUser": null, "isApprovedForMigrationAt": null, "follows": [], "highestBidAuctions": [{"endsAt": "2021-03-29T23:14:17"}], "highestBidAuctions_aggregate": {"aggregate": {"count": 1}}}], "createdCount": 5}, "__N_SSG": true}, "page": "/[username]", "query": {"username": "0x9408a12f1d254554378e26049357794384f2e953"}, "buildId": "fPHzAE9c9nph2AUK0K_6u", "isFallback": false, "dynamicIds": [33196, 55458, 54746], "gsp": true, "scriptLoader": []}