{"props": {"pageProps": {"username": "0x2f23d966b18182f6bd9271284091675b876616a9", "user": {"userIndex": 42958, "publicKey": "0x2f23d966b18182f6bD9271284091675B876616A9", "username": "AnupamArts", "profileImageUrl": "https://f8n-production.s3.amazonaws.com/creators/profile/tt6rmjl50-insta-dp-jpg-d4ihqj.jpg", "coverImageUrl": "https://f8n-production.s3.amazonaws.com/creators/profile/xo0nwv9of-headerr-jpg-ae8lh6.jpg", "name": "AnupamArts", "bio": "I am a Photoshop graphic artist.", "isApprovedCreator": true, "moderationStatus": "ACTIVE", "joinedWaitlistAt": "2021-04-10T16:49:01.15", "createdAt": "2021-04-10T16:46:29.133101", "migratedToUser": null, "isApprovedForMigrationAt": null, "firstName": null, "lastName": null, "isAdmin": false, "links": {"tiktok": {"handle": "", "platform": "tiktok"}, "twitch": {"handle": "", "platform": "twitch"}, "discord": {"handle": "", "platform": "discord"}, "twitter": {"handle": "", "platform": "twitter"}, "website": {"handle": "https://realanupam.artstation.com/", "platform": "website"}, "youtube": {"handle": "", "platform": "youtube"}, "facebook": {"handle": "https://www.facebook.com/anupamyakuza1/about", "platform": "facebook"}, "snapchat": {"handle": "", "platform": "snapchat"}, "instagram": {"handle": "real_anupam", "platform": "instagram"}}, "acceptedInvite": {"senderPublicKey": "0xce84e93D86b77942E742858F98D76b51625aeFf4", "redeemerPublicKey": "0x2f23d966b18182f6bD9271284091675B876616A9", "redeemedAt": "2021-04-27T17:19:06.497"}, "twitSocialVerifs": [{"id": "b79614e8-fa0f-437d-b596-64e26a05ea5d", "user": "0x2f23d966b18182f6bD9271284091675B876616A9", "createdAt": "2021-04-10T16:47:40.110091", "updatedAt": "2021-04-10T16:47:43.250772", "lastCheckedAt": "2021-04-10T16:47:43.218", "socialVerificationURL": "https://twitter.com/RealAnupamArts/status/1380925342748180486?s=20", "verificationText": "I\u2019m on @withFND \ud83c\udf10\n\n0x2f23d966b18182f6bD9271284091675B876616A9\n\nhttps://t.co/Am7v5Eqdro", "userId": "381425899", "username": "RealAnupamArts", "isValid": true, "service": "TWITTER", "failedReason": null, "status": null}], "instaSocialVerifs": [{"id": "b1ac366d-ef6d-4c84-a53c-c8a9fa3c9238", "user": "0x2f23d966b18182f6bD9271284091675B876616A9", "createdAt": "2021-04-24T17:01:42.867758", "updatedAt": "2021-04-24T17:01:42.867758", "lastCheckedAt": "2021-04-24T17:01:42.779", "socialVerificationURL": null, "verificationText": null, "userId": "17841400890059752", "username": "real_anupam", "isValid": true, "service": "INSTAGRAM", "failedReason": null, "status": null}]}, "profileExists": true, "collectors": [], "createdCount": 0}, "__N_SSG": true}, "page": "/[username]", "query": {"username": "0x2f23d966b18182f6bd9271284091675b876616a9"}, "buildId": "fPHzAE9c9nph2AUK0K_6u", "isFallback": false, "dynamicIds": [33196, 55458, 54746], "gsp": true, "scriptLoader": []}